#{"t_start": 1790504531.443844, "env_id": "None"}
r,l,t,completed,terminal_region_active,illegal_terminal_entry_count,hybrid_waypoint_radius_m,hybrid_qp_zero_fallbacks,hybrid_v2_episode_changed_fraction,hybrid_v2_episode_mean_reference_step_m,hybrid_v2_episode_accepted_fraction,hybrid_v3_episode_reference_jump_target_max_m,hybrid_v3_episode_reference_jump_target_p95_m,hybrid_v3_episode_reference_jump_inertial_max_m,hybrid_v3_episode_reference_jump_inertial_p95_m,hybrid_v3_episode_direction_lag_max_rad,hybrid_v3_episode_direction_lag_p99_rad,hybrid_v3_episode_reference_jump_violations,hybrid_v3_episode_qp_zero_fallbacks,hybrid_v3_episode_control_steps,hybrid_branch_switches
4.454486,150,388.428467,False,False,0,23.77114906564069,0,1.0,0.331374022187707,1.0,0.9124426823538475,0.8239540959168443,1.6617623285531293,1.4870249193984122,1.4901161193847656e-08,0.0,0,0,3000,0
7.125036,150,760.501092,False,False,1,25.0,0,1.0,0.2846386979797439,1.0,2.3096433599315964,2.1601594715579657,1.6545742687234257,1.5279261405505837,0.0,0.0,0,0,3000,0
5.888988,150,1135.251733,False,False,2,23.887907410076007,0,1.0,0.34401170820404325,1.0,1.6278426045929686,1.5376322337629356,0.7551067697788209,0.7092656096886418,1.4901161193847656e-08,0.0,0,0,3000,0
4.513336,150,1515.121292,False,False,1,15.13038392986224,0,1.0,0.3100305384915214,1.0,1.5401515845352867,1.4262227276568282,0.5367887848623243,0.5107499971541256,1.4901161193847656e-08,0.0,0,2,3000,0
4.682025,150,1895.842623,False,False,0,15.626367079093066,0,1.0,0.32896854639541045,1.0,1.6353067420287122,1.4696867284961195,0.5194974402972578,0.498514767732441,1.4901161193847656e-08,0.0,0,0,3000,0
-25.3931,119,2197.513031,False,False,2,25.000000000000004,0,1.0,0.2639913506884646,1.0,2.8720688934947027,2.8719763228311033,2.1911310523097627,1.309555435423854,0.7162077443331537,0.6858451954207108,0,0,2371,0
5.626116,150,2583.080691,False,False,2,23.508174274129694,0,1.0,0.3386543286020283,1.0,1.0949491048130109,1.0299935944840222,0.7286860158669388,0.6967244491972897,1.4901161193847656e-08,1.4901161193847656e-08,0,0,3000,0
5.039404,150,2960.643246,False,False,2,22.346416027685756,0,1.0,0.35683168291240785,1.0,2.001481432384154,1.9316545319626048,0.5858218966402539,0.5238394621346284,0.0,0.0,0,0,3000,0
3.881203,150,3338.396034,False,False,2,15.418683460314753,0,1.0,0.33819307849832164,1.0,1.8882443159342317,1.6819474980341584,1.7425855745361585,1.3891127991631198,0.11156145876172027,0.1014170198606886,0,0,3000,0
-3.551146,150,3718.522192,False,False,2,14.213910401347176,0,1.0,0.32741247036560445,1.0,1.8761918519507632,1.6492006317955346,1.0291919567463055,0.8876695373888718,0.3443115494357044,0.33219528680404153,0,0,3000,0
3.749641,150,4103.674033,False,False,0,11.953233876808303,0,1.0,0.330430914932981,1.0,1.0689252095398094,0.8299683707452779,0.811992031632032,0.7372233888064218,0.0,0.0,0,0,3000,0
7.479832,150,4482.361761,False,False,2,24.077113827863144,0,1.0,0.35430541204377963,1.0,2.6333947112600167,2.428969174455475,0.8262722279679557,0.725273003946828,1.4901161193847656e-08,7.599592208862169e-09,0,0,3000,0
-14.21066,150,4865.111506,False,False,2,25.000000000000004,0,1.0,0.2051682843600723,1.0,2.8722243102866494,2.8721719039809264,2.2000288863319977,0.9905526679911478,1.301321897012995,1.2414753446848659,0,0,3000,0
6.704692,150,5271.95413,False,False,2,23.60266347574168,0,1.0,0.34665201015562164,1.0,1.2663546838233646,1.2175843372624835,0.5569379719580776,0.5175837290973723,0.0,0.0,0,0,3000,0
27.991143,126,5595.494493,True,True,0,3.0,0,0.9682539682539683,0.3288553555104342,1.0,1.8609309561019944,1.6225401007755476,0.5837008728600048,0.5338521019807487,0.0,0.0,0,0,2513,0
18.720259,71,5778.844917,True,True,0,3.0,0,0.9295774647887324,0.3093307180392017,1.0,1.5262207218344654,1.3851826972628154,0.8924940055410462,0.8757748068523892,0.0,0.0,0,0,1406,0
18.979749,85,5999.260232,True,True,0,3.0,0,0.9411764705882353,0.33797782452991215,1.0,1.631121089733483,1.4230775696843743,1.3223650513482048,1.3078190362917919,0.0,0.0,0,0,1692,0
18.138208,84,6213.661638,True,True,1,3.0,0,0.8214285714285714,0.32474771394191715,1.0,1.5419895666126475,1.4322179885687598,0.6098479515172474,0.5679078465510433,0.004184432561331804,0.003771583381377434,0,0,1661,0
15.983268,85,6430.322246,True,True,1,3.0,0,0.8235294117647058,0.319954081457365,1.0,1.8580239902986453,1.7072985407913164,1.6095737404982366,1.227015549314928,0.6688016002060502,0.6637699618546937,0,0,1690,0
15.261236,88,6653.122089,True,True,1,3.0,0,0.8409090909090909,0.32447764868233775,1.0,1.5913485181589533,1.5254234568353187,0.950783103338025,0.9129577561644828,1.4901161193847656e-08,1.9371509552001275e-09,0,0,1755,0
16.902396,89,6881.342846,True,True,0,3.0,0,0.8764044943820225,0.35210405678025164,1.0,2.2794869543593026,2.1068433471404053,1.6025600693201711,1.5945508244910127,0.0,0.0,0,0,1779,0
15.682135,105,7152.461862,True,True,1,3.0,0,0.8952380952380953,0.28806118948690806,1.0,1.336467933673025,1.271065325113137,0.5216438338602378,0.5035059844564621,0.0,0.0,0,0,2091,0
9.301001,150,7543.213834,False,False,1,4.306326653298296,0,1.0,0.36703396101284946,1.0,2.873165104149554,2.8730963430118672,1.9233950444440815,1.8780857623823246,0.11572407840220574,0.11160354516052519,0,0,3000,0
17.435484,133,7891.905795,True,True,1,3.0,0,0.924812030075188,0.3603161934016522,1.0,2.4032814113186123,2.2449139586461495,2.7761469083585717,2.572494330413605,0.154788485863031,0.14983753215495674,0,0,2644,0
16.110419,92,8130.854959,True,True,0,3.0,0,0.8586956521739131,0.3381974344704143,1.0,1.6137848370754413,1.4476540185315867,0.8199099747432306,0.7942575958544715,0.0,0.0,0,0,1823,0
4.407613,150,8522.292257,False,True,0,7.919338031462562,0,1.0,0.3487949475336503,1.0,1.714314266781462,1.325762413730726,1.0383318904299481,0.9527812148158291,0.0,0.0,0,0,3000,0
-18.401356,103,8792.04622,False,False,1,10.127394632992463,0,1.0,0.32229438672213584,1.0,2.7186912202561784,2.7096438478442186,1.9052835683903462,1.5629943263434638,0.8003315378713909,0.7988823131595346,0,0,2059,0
19.402689,68,8970.371299,True,True,0,3.0,0,0.8970588235294118,0.35592671936806086,1.0,1.076802904292536,1.0492759027179546,0.5048600909662362,0.4957876646849018,0.0,0.0,0,0,1350,0
15.062083,98,9223.404855,True,True,0,3.0,0,0.8673469387755102,0.27088618275194,1.0,1.1922917024622168,1.168730647507745,0.484792479447269,0.45726320247729957,0.0,0.0,0,0,1942,0
16.929356,86,9448.497562,True,True,0,3.0,0,0.813953488372093,0.31106514852521344,1.0,1.2654163017889692,1.2384253203616236,0.8661428068178767,0.7494061868826607,0.0,0.0,0,0,1708,0
4.679729,150,9835.943387,False,False,2,8.500282031483948,0,1.0,0.3450623686458793,1.0,2.87234053318215,2.8722867497761926,2.3761115593719753,2.058860584750488,1.0032350309668927,0.9814922557505861,0,0,3000,0
17.454284,100,10093.152406,True,True,0,3.0,0,0.86,0.3202811673350905,1.0,2.2114938392116166,2.011821189612864,1.3818466300083696,1.3722007506750706,0.0,0.0,0,0,1982,0
5.88369,150,10528.275271,False,False,0,23.97058397208284,0,1.0,0.3723247444174576,1.0,2.1067694239614054,2.0304153878831936,1.0583362071074756,0.9687295098235935,0.0,0.0,0,0,3000,0
18.51293,136,10899.511072,True,True,1,3.0,0,0.9411764705882353,0.3469567938343443,1.0,2.2520015779152547,1.9171008735275694,1.6477698461582642,1.2867732528706335,0.5836644584594084,0.5716364919472517,0,0,2713,0
-19.39428,67,11082.606399,False,False,1,21.969467926869612,0,1.0,0.3544415554200767,1.0,2.8733561521285473,2.873264628391934,3.0451798262017853,2.9508073499132634,2.2600553896035733,2.2427099834262623,0,0,1321,0
-17.778246,85,11295.12473,False,False,1,25.0,0,1.0,0.3810864490730292,1.0,2.872662036932953,2.872638648089132,2.1661873267841334,2.0137539946809744,0.7011862157544959,0.6791582721121915,0,0,1682,0
6.704771,150,11636.81458,False,False,0,15.64166807401483,0,1.0,0.31780395089557556,1.0,1.597542903150951,1.489867703342415,0.46913457880537873,0.45274632144208266,0.0,0.0,0,0,3000,0
7.449217,150,11952.253286,False,True,1,3.595068252838885,0,1.0,0.36689021798001487,1.0,1.3628260148101834,1.2816918691822943,1.5294800544476688,1.4983637845426152,1.4901161193847656e-08,0.0,0,0,3000,0
5.183624,150,12274.707727,False,False,1,6.500000000000001,0,1.0,0.16041934906018496,1.0,0.5115248872250907,0.4371544313791013,0.41073912724941586,0.401011836371376,1.4901161193847656e-08,7.599592208862169e-09,0,0,3000,0
28.384577,149,12590.780443,True,True,1,3.0,0,0.9731543624161074,0.30680470963072004,1.0,1.2086486904205331,1.1937892817287474,1.233584754955642,1.0879384101064742,0.0,0.0,0,0,2962,0
-15.791996,145,12899.717238,False,True,3,6.5,0,1.0,0.33531185339337155,1.0,2.022059434453243,1.7878033797651658,1.619863823537034,1.4405633434497231,0.6461314000562929,0.6223619577580337,0,0,2881,0
6.121172,150,13216.110037,False,False,2,12.358478521607667,0,1.0,0.30497237493712437,1.0,1.710453920976269,1.6417816262428382,0.5077407628952583,0.44489648601869786,1.4901161193847656e-08,0.0,0,0,3000,0
8.497329,150,13531.468787,False,False,1,6.500000000000001,0,1.0,0.3479572194259321,1.0,1.7507178584248329,1.7335311020869324,1.148804078061913,0.9815261553109486,0.0,0.0,0,0,3000,0
7.285922,150,13846.290592,False,False,2,18.41332316020017,0,1.0,0.3690215043542516,1.0,2.6054850373964036,2.504829207869352,1.7378896468534266,1.6529040474697656,0.6702613134036416,0.6613227637068378,0,0,3000,0
8.616682,150,14163.406403,False,False,1,6.5,0,1.0,0.363145078378214,1.0,2.285369435402956,2.04041257433867,1.268834238523284,1.1935187925404436,2.1073424255447017e-08,7.599592208862169e-09,0,0,3000,0
5.211849,150,14480.122277,False,True,0,5.992748816113345,0,1.0,0.2941994898682313,1.0,1.5833916316938395,1.398974542775483,0.497841821103601,0.47980531941752674,1.4901161193847656e-08,0.0,0,0,3000,0
6.936756,150,14798.158948,False,False,1,9.74296427516846,0,1.0,0.3236266550396612,1.0,1.9762593209064718,1.9341808770978663,0.7896803253544225,0.7280154208106384,0.0,0.0,0,0,3000,0
-21.040877,73,14952.461446,False,False,1,11.19440956620614,0,1.0,0.3789110645438058,1.0,2.0074251739543127,1.9328073446870397,2.2075873437532514,1.9840572386765853,2.223236794998126,2.2079051163693326,0,0,1449,0
-22.612244,71,15100.254472,False,False,1,16.081340030566114,0,1.0,0.3741544922019302,1.0,2.2173700842691004,2.1469615345176765,1.4044817020822646,1.296157053254567,0.9364030384055145,0.9326810084066018,0,0,1416,0
-20.694664,74,15255.575153,False,False,1,21.501278883737722,0,1.0,0.3890981541037645,1.0,2.520651584189576,2.49607206551491,1.7422030301129443,1.57112112383473,1.3368613185462277,1.3333693018081225,0,0,1480,0
20.328246,119,15505.019681,True,True,1,3.0,0,0.9411764705882353,0.34501673926931276,1.0,1.6201477046844643,1.4181732883482172,2.0586424826659324,1.6501955260686574,1.6156082148526942,1.599187418069757,0,0,2361,0
-18.249271,102,15717.677927,False,False,2,16.880407153830667,0,1.0,0.3267816653028552,1.0,2.470621265685999,2.3316450148046126,1.1119661083001056,1.0298587544030195,1.4901161193847656e-08,0.0,0,0,2027,0
4.384414,150,16029.688463,False,False,1,17.583055644569303,0,1.0,0.3777643843320266,1.0,1.8424148408151333,1.4702279594567111,1.4733507696443697,1.3220145870100153,1.4901161193847656e-08,0.0,0,0,3000,0
2.96959,150,16344.502585,False,False,1,17.184227648376623,0,1.0,0.3467399278704753,1.0,1.38308116996903,1.313270954090711,1.6291576230415357,1.447398775769636,0.0,0.0,0,0,3000,0
-0.839413,150,16660.87259,False,False,1,23.51186337505045,0,1.0,0.3733838679261013,1.0,2.7642564037565003,2.5221000927369195,1.946102805989129,1.7607359559350997,0.05172598787982421,0.04539664943428357,0,0,3000,0
7.620684,150,16973.501745,False,False,1,12.733833946644658,0,1.0,0.35997855254067895,1.0,1.9619933802738234,1.8289965607574687,1.5953466688905713,1.542407886147789,1.4901161193847656e-08,0.0,0,0,3000,0
5.478567,150,17288.011404,False,False,1,8.729529947813727,0,1.0,0.34081820259554135,1.0,2.369064732987329,2.2708846864406023,2.140159697037523,1.281411388949776,1.6011120749116678,1.4936835957666383,0,0,3000,0
25.045094,131,17571.76819,True,True,0,3.0,0,0.9694656488549618,0.3065034823913728,1.0,1.1388728697386519,1.0712309196406873,0.7890602974644796,0.7283008193238999,0.0,0.0,0,0,2618,0
18.618174,75,17728.751662,True,True,0,3.0,0,0.9066666666666666,0.3329795751401102,1.0,1.5527234063478625,1.4028368684741495,0.9926638228925195,0.9461333591916633,0.0,0.0,0,0,1484,0
6.25883,150,18043.912111,False,False,1,13.609799251005331,0,1.0,0.3243964195510337,1.0,1.382155053498221,1.2786961931987004,1.3639342539576613,1.1532339203840176,1.4901161193847656e-08,0.0,0,0,3000,0
-17.351324,88,18228.123418,False,False,0,6.450546021470053,0,1.0,0.3950354370652826,1.0,2.4238525147031624,2.279663310951408,2.7209198484835615,1.8101612492249786,0.0,0.0,0,0,1747,0
-6.179475,150,18541.920215,False,True,1,16.144532963275385,0,1.0,0.33136174346778613,1.0,1.9501764283470209,1.8562645112292098,1.0529709177095377,1.0064411700679032,0.17897685805220626,0.17572904720456609,0,0,3000,0
8.443752,150,18882.335959,False,True,0,8.105793268419802,0,1.0,0.34966654736645253,1.0,2.121959327409142,1.7813526668275328,1.73006039353946,1.681076056200342,0.0,0.0,0,0,3000,0
-16.573243,64,19023.369561,False,False,1,15.69064629133714,0,1.0,0.3922113093262169,1.0,1.878336517236178,1.7290403840666186,0.8862750309310744,0.7461291543878583,0.11589896193006081,0.11581281122105212,0,0,1262,0
23.260945,134,19304.477726,True,True,1,3.0,0,0.9477611940298507,0.3307431792370624,1.0,2.6939870451961907,2.4153460496282007,2.5924648404799986,2.132469782502691,0.6682428211717113,0.6633703632996829,0,0,2670,0
3.707582,150,19621.868833,False,False,0,19.26952462659388,0,1.0,0.21390716425746722,1.0,1.230063585552366,1.1092998568081618,1.2885727974649672,1.1074861173923336,0.0,0.0,0,0,3000,0
7.59361,150,19936.279581,False,False,2,18.8065192986072,0,1.0,0.3319194208608175,1.0,2.6329002763771334,2.3855899226405413,2.272885638723734,1.8737866839600443,0.8767980696171281,0.8608315787908551,0,0,3000,0
-22.315117,58,20057.243171,False,False,1,12.661588377514686,0,1.0,0.3827862585581591,1.0,1.883295614172685,1.8239946859677927,2.68195040777113,2.620088285323355,1.9446683955542037,1.943049218137606,0,0,1144,0
8.383615,150,20369.280826,False,False,2,20.60067942577443,0,1.0,0.3776620350321729,1.0,2.8717135960391347,2.5514687538482956,2.754628056321392,2.4719744498115572,0.40527206671771754,0.3977921238093616,0,0,3000,0
7.621941,150,20681.748859,False,True,2,7.450373619531977,0,1.0,0.3256924265887477,1.0,1.625285519381429,1.3511040573356214,0.6736229083246723,0.5219987840741835,1.4901161193847656e-08,1.4901161193847656e-08,0,0,3000,0
6.929797,150,20992.619194,False,False,2,16.149018962274535,0,1.0,0.35633221366134726,1.0,1.5730658561177326,1.4496226765827458,1.4792377098961356,1.231441096414002,1.4901161193847656e-08,1.4901161193847656e-08,0,0,3000,0
6.630681,150,21301.830286,False,False,2,15.226214718153537,0,1.0,0.38342273878637734,1.0,2.0125481909443264,1.8482758955323733,2.403068388853783,2.231444911797881,0.8326877650045159,0.8117251674350536,0,0,3000,0
5.139252,150,21618.001145,False,True,0,10.042953645183811,0,1.0,0.2846854213105318,1.0,2.0941213742424885,1.6327079681610488,1.6505743428933053,1.5871113967729833,0.0,0.0,0,0,3000,0
-25.214918,64,21751.262443,False,False,1,13.152863616249325,0,1.0,0.36742673347177746,1.0,2.088459749404426,1.9362263337414236,1.755500016969626,1.5381666975591861,1.1256492959500095,1.1154209740615515,0,0,1270,0
-20.703088,50,21856.122086,False,False,1,14.225360419303467,0,1.0,0.34085439626199604,1.0,1.8938776982748702,1.8118784758373727,1.1403686905043247,0.9570556918238969,1.2285593224017664,1.2134953126072985,0,0,994,0
3.314676,150,22171.127811,False,False,0,17.569311524328292,0,1.0,0.22446214282919386,1.0,0.9481153645177661,0.8892863509385268,1.066539173432017,0.9804664898851482,0.0,0.0,0,0,3000,0
5.016701,150,22490.346644,False,False,1,11.462074494792308,0,1.0,0.3258502314155672,1.0,2.6645633275205896,2.4855193577071417,1.7796712324641242,1.6111882132301134,0.17681828133229552,0.15805705877359416,0,0,3000,0
4.256328,150,22799.233557,False,False,2,13.252059602754109,0,1.0,0.35370961386077876,1.0,2.2249495864611504,2.146081221133987,1.901914377963072,1.7059626548386202,1.040532457112528,1.027801791868338,0,0,3000,0
-18.09846,85,22940.726779,False,False,1,13.440577360117477,0,1.0,0.39536826864324676,1.0,2.8722027024942367,2.8594011272641318,2.101043719034359,2.0573076482751205,0.009963156897156395,0.008690880780183532,0,0,1687,0
4.245986,150,23194.095105,False,True,1,10.888516686158255,0,1.0,0.30272172090398924,1.0,1.654722815608968,1.5638408108209598,0.8863841726163959,0.7862281116568811,0.0,0.0,0,0,3000,0
8.184787,150,23449.624587,False,False,0,8.145521790714415,0,1.0,0.29799637282120234,1.0,1.9741431853771971,1.9346676536429317,0.7766385614021463,0.7637642010308496,1.4901161193847656e-08,0.0,0,0,3000,0
6.967406,150,23705.955573,False,False,0,6.271466292384744,0,1.0,0.3106529146970638,1.0,1.820337697093442,1.7141831041226308,0.6119663806374567,0.5669895781254581,1.4901161193847656e-08,0.0,0,0,3000,0
-26.35321,55,23797.457559,False,False,0,18.523211252575628,0,1.0,0.39764348190202065,1.0,2.258360621794892,2.184808570202043,3.6696762757694765,3.5372430463121636,0.19422189306551502,0.18954164457011852,0,0,1084,0
5.385424,150,24050.505897,False,True,1,9.96167603910764,0,1.0,0.325948594423888,1.0,1.4987170278096849,1.4252239388087322,0.7586279714132194,0.742422685252536,1.4901161193847656e-08,0.0,0,0,3000,0
-24.00099,51,24136.302095,False,False,1,6.315504906620401,0,1.0,0.39813852307262027,1.0,1.2905059077253735,1.190247768770364,2.1722376978161644,2.0224641328994304,2.331563051573858,2.3089266540389457,0,0,1017,0
7.504858,150,24389.70749,False,False,1,9.180434176528696,0,1.0,0.31815498695131483,1.0,2.385364713702489,2.1998964767670937,1.9451128536413507,1.74014810706448,0.13240303474032966,0.1251181963718897,0,0,3000,0
-21.342933,51,24476.120859,False,False,1,16.885840848680193,0,1.0,0.39501426366379444,1.0,2.3409238633602403,2.1779070951853337,2.286658397637028,2.263546330195104,1.0762364647529163,1.0669442186860434,0,0,1010,0
6.205883,150,24731.674133,False,False,1,7.628872220742803,0,1.0,0.3184737527727023,1.0,2.4697533989482676,2.2070964034880625,1.7901622593254158,1.347405441172957,0.4748393628623208,0.4567798091831599,0,0,3000,0
8.459446,150,24985.219182,False,True,1,4.995320925142632,0,1.0,0.32700401774070886,1.0,2.675921937458481,2.4449165296008712,1.4062428661667865,1.283647383936954,0.10986017282946549,0.10644197072352905,0,0,3000,0
-1.464911,150,25242.09857,False,True,1,6.500000000000001,0,1.0,0.2146323115705379,1.0,0.9707135712588634,0.9451872750223803,0.47751737527619026,0.47007570866547554,2.1073424255447017e-08,1.4901161193847656e-08,0,0,3000,0
-17.590119,108,25423.786035,False,False,1,18.129334494323498,0,1.0,0.37279026751098787,1.0,2.780668403690723,2.6528710270138203,3.034378756752594,2.8205474051913892,0.3103437908426666,0.30911287913535596,0,0,2147,0
19.370474,139,25659.246893,True,True,1,3.0,0,0.9568345323741008,0.27471546889448073,1.0,1.518031323104004,1.2607660646115098,1.5617725543536587,1.3551003660378291,0.10486687770929169,0.09822646435085851,0,0,2764,0
5.030965,150,25913.597194,False,False,0,7.284068421557539,0,1.0,0.24631137745248055,1.0,1.1065768922753318,1.03890017063874,1.0963074337440868,0.9405341594178603,0.0,0.0,0,0,3000,0
-22.790588,56,26009.641037,False,False,1,5.933495507373788,0,1.0,0.38413363692790503,1.0,1.3575505423822414,1.1897820008062463,2.030038877894781,1.8601763195694256,0.5450073509236738,0.5370192611751726,0,0,1119,0
4.187249,150,26264.831206,False,False,0,9.198600292119547,0,1.0,0.30105861304577514,1.0,0.9187046826028253,0.6719912650967204,1.1716205798803754,1.1200283798557291,0.0,0.0,0,0,3000,0
3.379561,150,26518.464961,False,True,0,19.277848059065704,0,1.0,0.29104845605999313,1.0,0.8672260679302201,0.8248437624984788,0.8839754662663917,0.7753558375498383,0.0,0.0,0,0,3000,0
22.836088,140,26755.356963,True,True,1,3.0,0,0.9571428571428572,0.32344549906494474,1.0,1.2447866202112838,1.1516943425382755,1.539653961672134,1.439973237210958,0.0,0.0,0,0,2792,0
-18.796457,38,26818.796765,False,False,1,7.088211213238537,0,1.0,0.35852384180675356,1.0,1.1389846532416399,1.0896902881319943,0.4649222821642492,0.43706495669432727,0.0,0.0,0,0,751,0
-35.707327,144,27061.726221,False,False,2,11.226210113381967,0,1.0,0.37209802188518204,1.0,1.9364167183566787,1.7980741146129606,0.7120592406765289,0.5520115553004696,0.46137646999269716,0.45947749861513376,0,0,2873,0
19.059472,81,27198.776812,True,True,1,3.0,0,0.9135802469135802,0.2849524202609877,1.0,0.9065737102293253,0.9040999298937452,0.4873972723034101,0.4714020181174809,1.4901161193847656e-08,1.4901161193847656e-08,0,0,1613,0
3.543989,150,27451.753148,False,False,0,18.787321407139128,0,1.0,0.29003799516541107,1.0,1.324885157287155,1.1438332456367375,2.282091129885242,2.083711253484248,0.0,0.0,0,0,3000,0
6.271627,150,27706.802631,False,False,0,15.124726830844603,0,1.0,0.29953463443059564,1.0,1.4647752907066276,1.1127853209674585,1.2578083283649828,1.031950381459198,1.4901161193847656e-08,0.0,0,0,3000,0
17.83746,73,27828.465389,True,True,0,3.0,0,0.8904109589041096,0.278687747421991,1.0,1.625928665830358,1.3595064222113382,1.0973181999903634,1.0756242186111615,0.0,0.0,0,0,1442,0
19.352072,104,28004.03684,True,True,0,3.0,0,0.9230769230769231,0.3404357042458217,1.0,0.4834592057469209,0.44540040702504774,1.0105270499542474,0.9991461341643016,1.4901161193847656e-08,0.0,0,0,2072,0
19.649732,81,28138.969322,True,True,0,3.0,0,0.9012345679012346,0.3132939240878365,1.0,1.8548191441064596,1.7750312435285296,1.318575977637965,1.2977588437121392,0.0,0.0,0,0,1604,0
7.793406,150,28393.339906,False,False,1,7.266961438817624,0,1.0,0.3008950891611869,1.0,1.822705471858325,1.546706283346031,1.524573241488638,1.3210867287153583,1.4901161193847656e-08,0.0,0,0,3000,0
15.928205,138,28624.373855,True,True,1,3.0,0,0.9637681159420289,0.33565693266794006,1.0,1.7336608732542633,1.5263692626168506,1.3093558092826865,1.1043356273152916,0.13603276840120082,0.1332643162404088,0,0,2752,0
8.632506,150,28877.273249,False,False,1,7.172879628710117,0,1.0,0.29908224287324214,1.0,2.5880310827825888,2.42076895363313,1.6636251480765345,1.5382280427391235,0.4676836533691912,0.4506061352539866,0,0,3000,0
4.50323,150,29133.168491,False,False,0,11.08738794147298,0,1.0,0.27006677202008916,1.0,1.0283336993802858,1.005299302342125,1.230964153707312,1.198786116856967,0.0,0.0,0,0,3000,0
3.704856,150,29385.488338,False,True,1,10.26533130905591,0,1.0,0.23719300113308084,1.0,0.7612377980878718,0.5752649580968902,0.8216813558041421,0.7695041456314095,0.0,0.0,0,0,3000,0
9.177885,150,29639.061389,False,False,1,13.11483247939896,0,1.0,0.2773536128150586,1.0,2.183442742830191,2.120465634026087,0.8931372421124509,0.7524707652491947,0.0,0.0,0,0,3000,0
5.32034,150,29894.416139,False,False,2,6.733536536510416,0,1.0,0.3122601304774966,1.0,1.8947109557559996,1.8141079245987588,0.7232249131696458,0.6729553693667192,0.0,0.0,0,0,3000,0
20.134233,100,30063.824915,True,True,1,3.0,0,0.93,0.31783054430293045,1.0,1.1288681174370878,0.9304689848606309,0.691471915752603,0.6082790967673974,0.0,0.0,0,0,1982,0
20.187753,104,30241.204292,True,True,1,3.0,0,0.9326923076923077,0.3045972920902495,1.0,0.8738051320271549,0.7778127325132844,0.6522495912734788,0.6260573380719807,1.4901161193847656e-08,1.4901161193847656e-08,0,0,2077,0
-17.110409,78,30371.056146,False,True,1,6.5,0,1.0,0.32434099038816766,1.0,1.4383453146857332,1.4310103563193304,0.5834045784810991,0.5279680668645077,0.0,0.0,0,0,1546,0
5.680956,150,30624.665398,False,False,2,6.500000000000001,0,1.0,0.2388104545506648,1.0,1.7450063705089425,1.6441465151501615,0.41348078162535096,0.4058414179537428,0.0,0.0,0,0,3000,0
-14.580474,119,30823.43589,False,False,2,6.500000000000001,0,1.0,0.20677239028103586,1.0,1.5766871185891185,1.4638270712454176,0.4410950948764733,0.40030035437196204,1.4901161193847656e-08,0.0,0,0,2368,0
-20.796192,59,30923.280691,False,False,0,24.133981669512416,0,1.0,0.3573524230033899,1.0,2.8722397868631044,2.8721745921165986,4.193593192166214,4.017797548064724,0.4923777863752548,0.48233165239337383,0,0,1167,0
6.228584,150,31184.162607,False,False,0,11.76007117935061,0,1.0,0.2552696998089021,1.0,1.5924729433590499,1.534816915454506,0.4793240607982081,0.4717096602699999,1.4901161193847656e-08,0.0,0,0,3000,0
27.38225,140,31419.890285,True,True,1,3.0,0,0.9642857142857143,0.3389828144005764,1.0,2.257816440151618,1.9093495959127897,1.4130646068605959,1.1563132139403633,0.010395921598961444,0.008378053281345145,0,0,2781,0
17.897635,82,31558.062989,True,True,0,3.0,0,0.8902439024390244,0.24110393131531516,1.0,1.0276880541207989,0.9326672859823598,0.6631062955383911,0.6101445163049839,0.0,0.0,0,0,1629,0
18.04992,89,31708.57374,True,True,1,3.0,0,0.9213483146067416,0.33936777507602295,1.0,1.1766276619407707,1.1254504894422699,1.4849098976885025,1.1117423834107028,1.478436009326147,1.4638080770949882,0,0,1765,0
5.445074,150,31969.743929,False,False,2,7.541350564570167,0,1.0,0.22680300823059155,1.0,1.2618617304631436,0.9833454423873317,0.43861658878214665,0.40641071930955086,1.4901161193847656e-08,7.599592208862169e-09,0,0,3000,0
19.545472,96,32131.428533,True,True,1,3.0,0,0.9479166666666666,0.33635299156214665,1.0,1.506140290655996,1.4502800142619185,1.0364094045423697,0.941855974980981,0.5794683719807202,0.577581089057989,0,0,1911,0
20.382327,102,32303.970556,True,True,0,3.0,0,0.9411764705882353,0.25590943467152955,1.0,1.2500093185089545,1.1472580330013278,0.5437899990732601,0.4819036889566323,1.4901161193847656e-08,0.0,0,0,2040,0
21.036777,108,32486.910648,True,True,2,3.0,0,0.9444444444444444,0.319516756297174,1.0,1.2183258310064609,1.1188079364207388,1.7269048114117873,1.571035034219063,0.0,0.0,0,0,2150,0
5.254468,150,32741.09127,False,True,0,5.5697444065120685,0,1.0,0.20430748414153505,1.0,1.1010212874645973,0.9092860826354,1.0403100382098773,0.9148525427588737,1.4901161193847656e-08,0.0,0,0,3000,0
7.392988,150,32993.490977,False,False,2,6.500000000000001,0,1.0,0.3130462618793757,1.0,2.63852226100202,2.3238204515819345,1.94324222565956,1.744902220126176,1.0321682485871704,0.9972600216112446,0,0,3000,0
23.239781,114,33184.529837,True,True,1,3.0,0,0.9473684210526315,0.288322876643865,1.0,1.8743045986294948,1.8260916896344177,0.45601386281633366,0.4367357268634377,0.0,0.0,0,0,2272,0
-26.546966,60,33285.303254,False,False,1,19.807871991637597,0,1.0,0.39697869442075145,1.0,2.624178472588335,2.5799941747779873,1.1648103699164387,1.1192656233173868,0.06127660559786088,0.06087253611977998,0,0,1197,0
4.575926,150,33546.321614,False,False,1,6.600152075290681,0,1.0,0.13842959545051992,1.0,0.6800505411304157,0.6479884164547427,0.40643755301305484,0.39973103705865526,1.4901161193847656e-08,7.599592208862169e-09,0,0,3000,0
-16.170964,54,33637.306881,False,False,1,8.435869091342056,0,1.0,0.36363951865595373,1.0,2.1816740000124994,1.9418738894036967,0.43326355257460836,0.42301996196021946,0.0,0.0,0,0,1080,0
7.442118,150,33890.469684,False,False,1,6.5,0,1.0,0.35666888377091427,1.0,2.472995808731448,2.379364407780067,1.378065956388791,1.2895015567958281,0.020609092374441428,0.02013274489762723,0,0,3000,0
-21.224813,112,34073.759828,False,False,1,10.862999384402315,0,1.0,0.3758669148822609,1.0,1.8555650067906424,1.7261026050048391,1.1121498963014098,1.0778820753313385,1.4901161193847656e-08,1.3262033462524423e-08,0,1,2223,0
20.295927,120,34274.342978,True,True,1,3.0,0,0.925,0.3203931496425847,1.0,2.064317275883599,1.9556636151567695,0.8326933273486697,0.7980903727725908,0.0,0.0,0,0,2391,0
8.817553,150,34527.313617,False,False,1,13.272500247316367,0,1.0,0.368902545463307,1.0,2.8717108003283585,2.833603669389485,2.3177239607642823,2.2521901957363606,0.3202118451878339,0.3099995076189749,0,0,3000,0
21.362715,138,34759.558054,True,True,1,3.0,0,0.9420289855072463,0.3178785846561513,1.0,1.9728668599755503,1.9189291318260124,0.5702364586516632,0.5585235890975487,1.4901161193847656e-08,0.0,0,0,2758,0
14.195981,79,34892.31406,True,True,1,3.0,0,0.8860759493670886,0.28550132404963646,1.0,1.4095012054075187,1.3577934520171475,1.192594049783509,1.1775108264623717,1.6042608798126596,1.5998654076824352,0,0,1570,0
4.292147,150,35145.624921,False,True,1,3.0,0,0.98,0.34771035789373445,1.0,2.2543141602206416,1.9125385941772843,1.646054539582609,1.5256756686502297,1.4901161193847656e-08,0.0,0,0,3000,0
5.569989,150,35400.412433,False,False,2,7.709724292973988,0,1.0,0.2663445387129538,1.0,1.6911904280366998,1.3457373128620636,0.9154970930342857,0.8169627111838721,0.0,0.0,0,0,3000,0
8.461316,150,35652.611806,False,False,1,10.016957132937012,0,1.0,0.35098382221954355,1.0,1.6182996428525014,1.5106324173923502,1.3183678003763626,1.212355464058429,1.4901161193847656e-08,0.0,0,0,3000,0
-4.330065,150,35904.478257,False,True,1,8.251977656385861,0,1.0,0.21688415753741233,1.0,1.4964870761358446,1.3278698814868222,0.6898898482784267,0.6292105812012442,1.4901161193847656e-08,0.0,0,0,3000,0
4.950172,150,36159.199046,False,True,0,3.0,0,0.9866666666666667,0.19661020813120575,1.0,0.7182138668378136,0.6551607442357811,0.51258150479914,0.48450756082228374,1.4901161193847656e-08,7.599592208862169e-09,0,0,3000,0
6.499683,150,36416.214781,False,False,1,9.142514113163681,0,1.0,0.22597073521456143,1.0,1.625136290306957,1.455267466784493,0.7951319501243133,0.6179491339796498,1.4901161193847656e-08,0.0,0,0,3000,0
8.429424,150,36669.201217,False,True,0,4.054588296802862,0,1.0,0.3083633236810495,1.0,2.291630203956676,1.9497535195244948,1.457026043405004,1.362902343630049,1.4901161193847656e-08,0.0,0,0,3000,0
24.152386,123,36874.223583,True,True,1,3.0,0,0.9349593495934959,0.31809371745917886,1.0,1.9391819910092458,1.866645773510419,1.0275695465827595,1.0051214709425114,0.0,0.0,0,0,2450,0
-1.377204,150,37127.242905,False,False,1,5.4870602038790715,0,1.0,0.3317185792761142,1.0,2.6558003839010396,2.497188243642903,2.207163079499224,1.833176439999454,0.7938148065652844,0.7830053112296163,0,0,3000,0
6.97751,150,37383.478235,False,False,1,8.5235795847321,0,1.0,0.30548564221463603,1.0,2.312339688500484,2.1081336258319268,2.0461225320696137,1.808404547655153,0.011356174948888654,0.009643223551130347,0,0,3000,0
23.189599,127,37597.547748,True,True,1,3.0,0,0.968503937007874,0.3301713632229172,1.0,2.2081763023507923,1.9807960945668068,1.0060767554218408,0.8471615841297406,0.05188039056095158,0.04818440492100548,0,0,2526,0
8.525784,150,37849.641421,False,True,1,3.9589715313123115,0,1.0,0.3493944067877123,1.0,2.0695189279138306,1.9967717389932964,0.5553062031671065,0.5431001169878142,0.0,0.0,0,0,3000,0
23.865592,113,38039.046049,True,True,0,3.0,0,0.9469026548672567,0.30888855376879804,1.0,1.158560014163575,1.1128644269316623,0.4606785172120937,0.4009995536274477,1.4901161193847656e-08,0.0,0,0,2242,0
18.19348,124,38249.059714,True,True,2,3.0,0,0.9354838709677419,0.300291569519233,1.0,1.5404147846938898,1.3354470334241486,1.2409611742936688,1.0781075003689262,0.05033225539517939,0.04623040554140147,0,0,2464,0
15.258957,84,38389.641931,True,True,0,3.0,0,0.8809523809523809,0.3004317900390517,1.0,0.8968200948226989,0.8597108529577621,0.5482199665804314,0.54084751658047,1.4901161193847656e-08,2.533197402954127e-09,0,0,1663,0
-17.055972,36,38449.206328,False,False,1,14.036674204312282,0,1.0,0.38099578653369803,1.0,2.148695973987271,2.0684159603055643,0.4230597936976511,0.39982411020901576,0.0,0.0,0,0,712,0
17.464674,109,38632.07168,True,True,1,3.0,0,0.926605504587156,0.2553603947472756,1.0,1.228330811345476,1.1902026424952912,0.8188916841002774,0.7789147095967491,0.0,0.0,0,0,2165,0
7.55808,150,38884.996897,False,False,1,9.502249823996355,0,1.0,0.33104457913119684,1.0,2.0431885629861073,1.873766194268224,1.345750111970754,1.2916288986395748,0.0,0.0,0,0,3000,0
16.815747,58,38982.600366,True,True,0,3.0,0,0.8620689655172413,0.26814849307105826,1.0,0.7238298736591952,0.6386372381899286,0.4363675254376823,0.4230128595610662,0.0,0.0,0,0,1154,0
5.129557,150,39237.621944,False,False,0,6.814758702646942,0,1.0,0.22379397309146357,1.0,0.4357588729770025,0.4175437732081974,0.540636371467279,0.46034704836736245,0.0,0.0,0,0,3000,0
22.742299,122,39442.045391,True,True,0,3.0,0,0.9590163934426229,0.33283044936466855,1.0,2.1932262686733712,1.9203837866925528,1.2003620433985782,0.9172694708736494,0.0,0.0,0,0,2422,0
6.249841,150,39700.507333,False,False,0,21.362415803129174,0,1.0,0.29084053800180876,1.0,1.4605103914808906,1.3690775225145708,0.7384974099795484,0.7072507119793761,0.0,0.0,0,0,3000,0
21.298809,126,39913.071566,True,True,1,3.0,0,0.8809523809523809,0.3410485049893757,1.0,2.1577702008506465,2.103414151677459,0.7248512776866807,0.7015221388518942,0.0,0.0,0,0,2516,0
19.241037,127,40125.233461,True,True,1,3.0,0,0.8818897637795275,0.33333973202337885,1.0,1.6411178258849886,1.603494623228683,1.2454641246834512,1.2150823763943148,1.4901161193847656e-08,0.0,0,0,2537,0
19.609474,86,40270.646773,True,True,1,3.0,0,0.9069767441860465,0.31935047512339554,1.0,1.8298957686299533,1.6977763346585555,0.42766307654409436,0.41332451053277164,2.1073424255447017e-08,3.1610136383171723e-09,0,0,1716,0
20.004473,102,40444.527036,True,True,0,3.0,0,0.9215686274509803,0.26255736273156544,1.0,0.9050640503189732,0.8266861223137931,1.0638607676430905,0.904001521324066,0.0,0.0,0,0,2036,0
27.551915,120,40647.039432,True,True,1,3.0,0,0.9583333333333334,0.35059770374407256,1.0,1.7275532473617086,1.5128320723749638,1.837582514977709,1.6593703159285662,1.4901161193847656e-08,0.0,0,0,2381,0
19.832959,131,40869.369531,True,True,0,3.0,0,0.9312977099236641,0.33197163277446523,1.0,1.513609495691545,1.4596726964329507,1.0935679573133337,0.8992481978306548,0.0,0.0,0,0,2618,0
6.98981,150,41124.489597,False,True,1,3.701602969000117,0,1.0,0.3765670070211672,1.0,2.294268260051355,2.161557882649801,1.7103920482960946,1.5465345346150214,0.23488114327234944,0.2259649566955146,0,0,3000,0
27.229403,139,41359.131695,True,True,0,3.0,0,0.9856115107913669,0.28971624631634485,1.0,2.091160634124968,1.7092550505634674,1.5081471991333435,1.4011435687936264,0.0,0.0,0,0,2771,0
26.73378,138,41591.926684,True,True,0,3.0,0,0.9637681159420289,0.2803065693783869,1.0,1.5884706567931632,1.5244460402449842,0.8592679037302725,0.7832218240908144,0.0,0.0,0,0,2755,0
19.848365,135,41819.796738,True,True,1,3.0,0,0.9037037037037037,0.3479653739783371,1.0,2.5919402521244574,2.4568256045857417,2.1022730916898404,1.9580250211969623,0.2522543217461577,0.24957089621691195,0,0,2685,0
16.843769,88,41966.272668,True,True,1,3.0,0,0.8409090909090909,0.28784371959879285,1.0,1.6257175479147363,1.5996672687048012,0.5883818488018844,0.5653091521563162,0.0,0.0,0,0,1748,0
19.791615,105,42143.73103,True,True,0,3.0,0,0.9047619047619048,0.3171043322047417,1.0,1.5922501245624174,1.560290487874401,0.5984321185568704,0.5879361281332093,1.4901161193847656e-08,0.0,0,0,2089,0
22.721541,117,42339.941444,True,True,1,3.0,0,0.9829059829059829,0.3259972751235522,1.0,1.895256102054446,1.7593827363180359,1.0610210419701775,1.0240883595341759,0.0,0.0,0,0,2326,0
26.54708,141,42579.701011,True,True,0,3.0,0,0.9716312056737588,0.2280667183736938,1.0,1.7690376479882985,1.4573554432859075,1.1997043262766203,1.1688213875682834,0.0,0.0,0,0,2809,0
-26.787046,66,42692.948197,False,False,1,18.1232229058131,0,1.0,0.3827053674279,1.0,2.5203967268414535,2.344455010269934,1.2776025817960897,1.0794330391520792,0.6746691289837125,0.6685050440137045,0,0,1319,0
25.608697,101,42862.800601,True,True,2,3.0,0,0.9207920792079208,0.2988135499666801,1.0,2.0589038447065255,1.9821452580740628,0.6389272474975586,0.5481343505651285,0.0,0.0,0,0,2002,0
16.93466,91,43016.42166,True,True,0,3.0,0,0.9010989010989011,0.31030394565892333,1.0,0.4945827715215481,0.4408693303892212,0.853504727990413,0.8169720459114057,1.4901161193847656e-08,1.490116119384681e-09,0,0,1811,0
25.538169,120,43217.118208,True,True,0,3.0,0,0.9583333333333334,0.2940633266135393,1.0,1.9094707595155125,1.7344863108723902,1.4063602717286094,1.3333862487718964,0.0,0.0,0,0,2389,0
19.362828,114,43411.068412,True,True,1,3.0,0,0.9298245614035088,0.23759691863442203,1.0,1.0716933990080233,1.0233614148644115,0.6877816540377563,0.6302130945087252,1.4901161193847656e-08,0.0,0,0,2273,0
8.362413,150,43664.719434,False,False,1,9.993903110511852,0,1.0,0.33833803044182614,1.0,2.8722936870104134,2.761731938221559,2.5507779157581703,2.3748434051307945,0.3035253985276287,0.30050942383605833,0,0,3000,0
23.779375,104,43841.284015,True,True,0,3.0,0,0.9519230769230769,0.26373934517377823,1.0,0.7323988945466359,0.6906368251631494,0.7424589844158828,0.7338187780631601,0.0,0.0,0,0,2063,0
25.792546,102,44015.302863,True,True,1,3.0,0,0.9705882352941176,0.29487804823593305,1.0,1.5966709355279647,1.295799759593363,0.8732917720131199,0.7789950752665127,0.0,0.0,0,0,2031,0
21.771925,68,44130.50058,True,True,0,3.0,0,0.9264705882352942,0.3173503756772485,1.0,0.4854356930556816,0.46273209926355374,0.6921754178668926,0.6864689363605944,0.0,0.0,0,0,1348,0
23.153194,84,44270.347063,True,True,1,3.0,0,0.9404761904761905,0.3108318168348148,1.0,1.9355985177074448,1.824274007518973,0.5169243798217645,0.4658431043532272,0.0,0.0,0,0,1668,0
27.147099,86,44415.669813,True,True,0,3.0,0,0.9651162790697675,0.2827100895763219,1.0,1.0794131640989713,0.9955078198455829,0.8672651350965392,0.8393225910412354,0.0,0.0,0,0,1704,0
22.503619,136,44645.577551,True,True,1,3.0,0,0.9264705882352942,0.3211739401172438,1.0,2.0481994543900313,1.8716236673133522,0.9216387002321136,0.8657340216615546,0.7069343526424178,0.6999117531203161,0,0,2702,0
13.270387,48,44725.315195,True,True,0,3.0,0,0.7916666666666666,0.3118009536101703,1.0,1.4643544279850467,1.32092091986519,0.7317294827843428,0.7049199314407604,1.4901161193847656e-08,7.897615432739275e-09,0,0,942,0
19.724639,95,44883.561455,True,True,1,3.0,0,0.9052631578947369,0.3365488833666755,1.0,1.5227286472587578,1.4643219793764166,0.9092560064230664,0.8864703538484129,0.0,0.0,0,0,1885,0
-28.434418,65,44991.95464,False,False,1,15.802917144325027,0,1.0,0.33814091558758536,1.0,2.5104429285063414,2.5103981588644726,1.612559247612872,1.2886379965729227,0.8075907432972096,0.8042921059067597,0,0,1281,0
26.926024,116,45188.114136,True,True,1,3.0,0,0.9741379310344828,0.2705210114474052,1.0,1.9672993347753542,1.8690397973694688,0.46027674273936275,0.40087830805727603,1.4901161193847656e-08,1.2665987014770423e-08,0,0,2319,0
22.265987,143,45430.039908,True,True,2,3.0,0,0.972027972027972,0.2888009189021539,1.0,1.6202725432068878,1.351511799921022,1.421310288730282,1.26277869686163,1.6446428033143083,1.6212360186731556,0,0,2857,0
22.557344,116,45624.70335,True,True,1,3.0,0,0.9224137931034483,0.31453737344310345,1.0,2.336026414829523,1.9558765369607403,0.9724312954071432,0.8780086526118316,1.4901161193847656e-08,1.2665987014770423e-08,0,0,2307,0
16.095829,74,45749.474003,True,True,0,3.0,0,0.7837837837837838,0.3168149229050783,1.0,1.352722166226692,1.2515314941835913,1.0115372717747386,0.9869162885135093,0.0,0.0,0,0,1471,0
17.151932,58,45847.34747,True,True,0,3.0,0,0.8448275862068966,0.30557280268489845,1.0,1.285482251819432,1.1655763495305556,0.7989240810967159,0.772239337028255,0.0,0.0,0,0,1160,0
25.928986,121,46054.105272,True,True,0,3.0,0,0.9586776859504132,0.23076630467881884,1.0,1.0535810914532724,0.9796600079083856,0.42628943243986683,0.41383918965716326,1.4901161193847656e-08,1.1920928955078083e-08,0,0,2410,0
22.936674,112,46245.365012,True,True,0,3.0,0,0.9464285714285714,0.2587273410473757,1.0,1.2088807851911103,1.108188932111844,0.6835000104690936,0.6062201363776228,2.1073424255447017e-08,0.0,0,0,2236,0
7.249155,150,46499.540428,False,False,2,7.85792963509448,0,1.0,0.31946818751243716,1.0,1.4769974943718995,1.3717661095328515,0.6718471557179906,0.5743418314468415,1.4901161193847656e-08,1.4901161193847656e-08,0,0,3000,0
15.999335,68,46615.055276,True,True,1,3.0,0,0.9264705882352942,0.30658857123700783,1.0,0.8081563014386679,0.7693855712306584,0.5115654472012757,0.5014266998490925,0.0,0.0,0,0,1352,0
8.278674,150,46872.764868,False,False,2,3.0,0,0.7133333333333334,0.2853004437490595,1.0,2.3056718319799447,2.1204815317877657,2.4533167180648774,1.5632682231609358,1.1398587107570117,1.0917309338720251,0,0,3000,0
21.084884,98,47041.1649,True,True,1,3.0,0,0.9489795918367347,0.20871799022393772,1.0,0.5394119550220529,0.42234892153589737,0.48733948219111795,0.39971397588558527,0.0,0.0,0,0,1953,0
17.811351,117,47240.09709,True,True,1,3.0,0,0.905982905982906,0.29541938876526846,1.0,1.9976188667966717,1.8797011166947346,1.1581170233282725,1.0932156647275069,0.672104130705847,0.6637506341261338,0,0,2339,0
5.265148,150,47495.939017,False,False,2,11.659634503853464,0,1.0,0.35439056965119414,1.0,2.2474918032706452,2.007582531042307,2.436124160454022,1.9518523034299864,1.7763998749354046,1.711038657407653,0,0,3000,0
27.202361,105,47673.070657,True,True,1,3.0,0,0.9523809523809523,0.3131778577198147,1.0,1.6631710808651397,1.571592702348671,0.7029340037581376,0.681331779877715,1.4901161193847656e-08,0.0,0,0,2085,0
-19.687647,32,47726.773962,False,False,1,22.620990533167657,0,1.0,0.22590256694610417,1.0,2.2903479525555457,2.2510837215404815,0.4522097931726798,0.4105551463989939,0.0,0.0,0,0,627,0
-18.96898,76,47853.778522,False,False,0,13.710801143637969,0,1.0,0.3912487272851117,1.0,2.331282067403689,2.0823068448260837,2.845824616063501,2.110869834008434,0.03742480149465908,0.026509060540444516,0,0,1505,0
18.043954,76,47981.589249,True,True,1,3.0,0,0.8947368421052632,0.33001529255289686,1.0,1.2532577426778748,1.0325264810987596,0.5683791823988034,0.5469857790690379,0.0,0.0,0,0,1512,0
-18.757261,63,48088.001666,False,False,1,13.990365865402234,0,1.0,0.3861264954122566,1.0,2.1622011666949246,2.0374474323457648,2.5492212988356475,2.4148708681523634,1.3873451188074206,1.3779836792647036,0,0,1241,0
26.857894,90,48239.094457,True,True,0,3.0,0,0.9555555555555556,0.32407284676033254,1.0,2.1386453186230967,1.9361558270750718,1.3108737387302463,1.299986839276914,0.0,0.0,0,0,1795,0
-18.852342,39,48303.832136,False,False,1,13.571489552518273,0,1.0,0.37753421332088916,1.0,1.5952869644674907,1.571349686043916,0.8740482024817032,0.6212886855063113,0.6438800480611098,0.6299269411886373,0,0,765,0
-15.813692,50,48387.564763,False,False,1,6.5,6,1.0,0.3652723772749225,1.0,1.7537918267527524,1.6971771174324124,0.41056041976420166,0.39994560303166643,1.4901161193847656e-08,7.599592208862275e-09,0,16,988,0
20.428048,94,48544.654136,True,True,1,3.0,0,0.9361702127659575,0.29675117482248187,1.0,1.5425248470987192,1.4801556291628604,0.6666729493115603,0.5488403386200994,0.0,0.0,0,0,1865,0
24.089259,58,48642.00965,True,True,0,3.0,0,0.9137931034482759,0.2811516149487137,1.0,1.2966215711503484,1.2017988077254218,0.7436162238367505,0.7124973703076685,0.0,0.0,0,0,1150,0
25.586422,144,48885.575891,True,True,1,3.0,0,0.9444444444444444,0.3550670797817939,1.0,2.7257983056384307,2.5611173253979755,1.31037211948452,1.1116313708407743,0.4122907079800583,0.40770418993499413,0,0,2867,0
2.679567,150,49144.791142,False,False,1,3.3943498730659485,0,0.7266666666666667,0.18365848399017246,1.0,0.9352894749961479,0.8087239068250387,1.1591058501669864,1.0156792106317858,0.0,0.0,0,0,3000,0
-22.572025,63,49251.387045,False,False,1,16.517363449097,0,1.0,0.37965784400320984,1.0,2.3524140863612675,2.218189268133665,2.8426853371255465,2.771916794613274,2.171748623910537,2.169739794840069,0,0,1247,0
24.214296,71,49371.717469,True,True,0,3.0,0,0.9436619718309859,0.3207579789404137,1.0,1.4260561872739077,1.1935728695665824,0.7231214849945311,0.691885266765729,0.0,0.0,0,0,1414,0
7.801423,150,49626.688875,False,False,2,3.0,0,0.8333333333333334,0.30997193819286867,1.0,2.4142484789907757,2.2246526090756604,1.3865483702645747,1.1326470306918253,0.7000653003141424,0.6950528527728088,0,0,3000,0
5.503378,150,49879.358862,False,False,2,20.22353754548599,0,1.0,0.33632166790830703,1.0,2.544386087897611,2.0813367870102297,2.3256828204480775,2.043034545689835,0.015648367971399332,0.012224117349703398,0,0,3000,0
6.25757,150,50136.468092,False,False,2,3.0,0,0.54,0.19556443872811533,1.0,0.9161926559229334,0.8634110772492292,0.6450613071894041,0.5792394309988828,0.0,0.0,0,0,3000,0
-17.414452,87,50281.69442,False,False,1,16.73302594119109,0,1.0,0.3455808990352682,1.0,2.8728996167182417,2.872805423146135,1.767435503889194,1.699973907117898,0.670022260846015,0.6653113166721291,0,0,1724,0
-19.970622,59,50380.323307,False,False,0,21.77652911790719,0,1.0,0.3608806584826145,1.0,2.608162083771212,2.5021962151069452,3.917283160416758,3.7434099929606073,0.25053683158987483,0.2482368659354486,0,0,1171,0
7.396195,150,50632.80383,False,False,2,11.12823760192375,0,1.0,0.3522974554661471,1.0,2.5522337399752115,2.2207793105609754,2.604943835290523,1.9748281944353758,1.2018143619345256,1.1642090382747448,0,0,3000,0
28.850313,145,50876.864528,True,True,1,3.0,0,0.9655172413793104,0.29994101221279923,1.0,2.4967606281502186,2.2683799741645894,1.4707827464949965,1.4031709252997029,0.0,0.0,0,0,2890,0
25.398334,107,51056.882213,True,True,0,3.0,0,0.9719626168224299,0.3185232826381976,1.0,1.7933890449325167,1.5567463051955284,1.9739368102751733,1.722098409623327,1.4901161193847656e-08,0.0,0,0,2131,0
23.012306,132,51277.859835,True,True,0,3.0,0,0.9545454545454546,0.30110631433433277,1.0,0.6504020840941445,0.47581518419230295,1.2030316900283837,1.1407363354320952,0.0,0.0,0,0,2621,0
1.95228,150,51526.40415,False,False,3,8.854658306692727,0,1.0,0.31560641689644614,1.0,2.0803805099800354,1.779935560289211,0.44858087719746464,0.4192911924047699,1.4901161193847656e-08,7.599592208862169e-09,0,0,3000,0
4.399249,150,51780.767596,False,False,1,6.5,0,1.0,0.1838119614142498,1.0,0.8180694469443132,0.7024972271326904,0.39996961690486016,0.39953614901751405,1.4901161193847656e-08,0.0,0,0,3000,0
23.455757,107,51996.303413,True,True,0,3.0,0,0.9345794392523364,0.3535334851200567,1.0,1.837191800864115,1.723487126823493,2.3718562299922175,2.0734915508949805,0.00845548725094563,0.007762733982896822,0,0,2124,0
17.939674,120,52253.304155,True,True,0,3.0,0,0.975,0.34934339520893815,1.0,2.370601313954627,2.2682865797502787,2.13748455867878,2.010534776137496,0.04034114116430078,0.036751015392610345,0,0,2396,0
25.300516,113,52485.27222,True,True,1,3.0,0,0.9646017699115044,0.320648140713534,1.0,1.6943343401794206,1.6270800394942144,1.4190902148868585,1.2190530780573612,0.9899377592912199,0.9835032294803553,0,0,2251,0
26.10891,98,52691.215131,True,True,0,3.0,0,0.9591836734693877,0.3216287401191695,1.0,1.6965861154643427,1.6169156514938732,0.7498494201679083,0.7409735199545928,0.0,0.0,0,0,1950,0
19.646241,77,52847.907742,True,True,0,3.0,0,0.9090909090909091,0.29216361812164704,1.0,1.5026929533682611,1.3329347202522621,0.7503803854077039,0.7016622796007996,0.0,0.0,0,0,1526,0
6.687968,150,53166.42305,False,False,2,3.0,0,0.64,0.2311005093385153,1.0,1.4227055201297127,1.1779305359371488,0.7422230391016233,0.6651262025456772,0.0,0.0,0,0,3000,0
-23.64878,54,53279.062515,False,False,0,20.698520454163194,0,1.0,0.3890449086319759,1.0,2.5599530048160153,2.404697740894511,3.009025142330602,2.941148401309452,1.568753627050922,1.5574112700250893,0,0,1080,0
23.969229,80,53430.104837,True,True,1,3.0,0,0.975,0.2811607458469514,1.0,0.8710263250766287,0.8139530226325914,0.5637473481187382,0.5091443836972722,1.4901161193847656e-08,3.1292438507079146e-09,0,0,1583,0
24.018245,58,53527.734987,True,True,0,3.0,0,0.9310344827586207,0.3009344250626188,1.0,1.341678315778384,1.2571289562400678,0.8316905340563168,0.8268368097876425,0.0,0.0,0,0,1157,0
24.410343,90,53678.191817,True,True,1,3.0,0,0.9444444444444444,0.304367271620653,1.0,1.6439546155693492,1.535744553403929,1.0648037734343339,0.8573798234206562,0.5439638672329187,0.5406544792664045,0,0,1784,0
26.915806,114,53868.164855,True,True,1,3.0,0,0.956140350877193,0.28895154959138564,1.0,1.0122348446221454,0.9141554994442336,0.6718783298104867,0.6410378559232617,0.0,0.0,0,0,2261,0
7.382322,150,54145.168819,False,True,2,3.7422408308989112,0,1.0,0.3257939621737922,1.0,2.3729552466261468,2.2298362537251775,1.0098312096709714,0.8234432047574063,0.011361265071841573,0.010429546222963817,0,0,3000,0
25.078939,97,54349.20146,True,True,0,3.0,0,0.9587628865979382,0.3633611412144987,1.0,1.5675618309533472,1.4052557864752973,0.49104831609522587,0.48808855445776694,0.0,0.0,0,0,1938,0
25.865119,105,54569.144431,True,True,1,3.0,0,0.9523809523809523,0.30585455936684125,1.0,1.8112725634564513,1.6754791958162307,1.8276661110614845,1.5078019834370062,0.9077258543860302,0.9009282914755584,0,0,2094,0
-31.395256,77,54727.220364,False,False,1,12.590525187366076,0,1.0,0.35078148404243525,1.0,1.9443410335153755,1.9185418920693842,0.7656287983452041,0.6640331734762102,0.49659906358345235,0.48909391012023895,0,0,1538,0
5.086976,150,55039.253708,False,False,2,18.982169464441185,0,1.0,0.3624694826510696,1.0,2.8727587362296907,2.8467884324478256,1.6361036243649112,1.5830860373043032,0.032777226343302136,0.030055604266441268,0,0,3000,0
24.549061,65,55172.13857,True,True,0,3.0,0,0.9692307692307692,0.29873932913272894,1.0,1.451012811130329,1.3737059114976127,0.7346536745988744,0.730727505289103,0.0,0.0,0,0,1289,0
21.649759,87,55355.57748,True,True,1,3.0,0,0.9425287356321839,0.24311736818253388,1.0,1.04309995626657,1.02025157537402,0.8748815647362291,0.8255324195262373,0.3397196332777966,0.3338228802430365,0,0,1740,0
28.800191,150,55663.583815,True,True,0,3.0,0,0.9866666666666667,0.2756791487968211,1.0,1.9640957885200612,1.8749705944592665,0.6216236853689012,0.5517991395472525,1.4901161193847656e-08,0.0,0,0,2996,0
27.230041,134,55950.082284,True,True,0,3.0,0,0.9626865671641791,0.347719445013253,1.0,2.1594368412447675,1.7386282917562297,1.3283033320943491,1.2561173429387245,2.1073424255447017e-08,0.0,0,0,2663,0
19.776769,121,56205.955203,True,True,1,3.0,0,0.9338842975206612,0.18996327492952414,1.0,1.263305144274903,1.1374288037679783,0.45559933001982966,0.4317442162551736,0.0,0.0,0,0,2410,0
25.561084,100,56414.194778,True,True,1,3.0,0,0.96,0.33156403842250454,1.0,1.3856586532428716,1.1674984807937352,0.8585108674372859,0.8327811827824319,0.0,0.0,0,0,1986,0
7.062767,150,56726.554576,False,False,0,11.405736533071451,0,1.0,0.3412634445578281,1.0,1.8746733806101967,1.6523929221691527,1.753838374812204,1.6203334474720503,0.0,0.0,0,0,3000,0
23.371874,65,56865.47944,True,True,0,3.0,0,0.9230769230769231,0.32326600301573594,1.0,1.3953452398198496,1.365370946717499,0.902103854611695,0.8875971176745655,0.0,0.0,0,0,1286,0
14.702463,60,56988.943202,True,True,0,3.0,0,0.7333333333333333,0.29008659757625405,1.0,1.0327246472183067,0.9881386228497957,0.5068459690858639,0.49926317396651826,0.0,0.0,0,0,1197,0
23.626859,70,57136.689629,True,True,0,3.0,0,0.9428571428571428,0.31632921825877075,1.0,0.8940633054767269,0.7898791179973441,0.481668063446793,0.4530918048708057,0.0,0.0,0,0,1386,0
26.0436,116,57382.69913,True,True,1,3.0,0,0.9655172413793104,0.315377953256001,1.0,0.9889323916130788,0.9419440954329462,0.7355606184613513,0.711246027372898,1.4901161193847656e-08,1.2665987014770423e-08,0,0,2303,0
8.637102,150,57693.143137,False,True,1,3.4768205325217636,0,1.0,0.357092816881785,1.0,2.478207441249129,2.335540285594943,0.9957320637150174,0.9393823777578708,0.2305790182287973,0.22929842982405382,0,0,3000,0
-20.574939,102,57907.026317,False,False,1,16.5581480493697,0,1.0,0.3717655581738218,1.0,2.871808478981323,2.8370053191181337,1.6525271632689946,1.6368204446986319,0.9057311382096033,0.9031380066090144,0,0,2025,0
24.619461,145,58215.092089,True,True,0,3.0,0,0.9724137931034482,0.3257495482379687,1.0,1.9299585782807513,1.6795067607287262,0.7062435060192754,0.6764573552354904,0.0,0.0,0,0,2898,0
24.403871,110,58444.375952,True,True,1,3.0,0,0.9545454545454546,0.32159077956453186,1.0,1.6465635785652843,1.4136568097624431,1.1002774043660617,1.028322147938977,0.0,0.0,0,0,2185,0
-23.704345,48,58542.783993,False,False,0,23.979338401663906,0,1.0,0.39528998227727535,1.0,2.777782265802984,2.7497353435772394,3.2487083052615886,3.151414929563581,0.6133352643091515,0.5970645866476081,0,0,959,0
28.366565,121,58794.986901,True,True,0,3.0,0,0.9669421487603306,0.33390876377256845,1.0,1.640123496036896,1.6038306913443474,0.5065177604002763,0.5003935576686241,1.4901161193847656e-08,0.0,0,0,2403,0
26.454713,117,59041.763616,True,True,1,3.0,0,0.9829059829059829,0.2741967137642078,1.0,1.9437291779608048,1.7845482688995813,1.4240619276929134,1.307701385346573,0.02900958536780303,0.02699544130399421,0,0,2337,0
25.166712,93,59237.796303,True,True,1,3.0,0,0.967741935483871,0.30888756698174097,1.0,1.259900886242009,1.1634011562339672,0.7091802085710284,0.6706240252035024,0.0,0.0,0,0,1848,0
7.016685,150,59554.314873,False,False,0,19.715669996764493,0,1.0,0.2553410633802174,1.0,2.0002912985569075,1.7006023602082967,0.7735106533536051,0.7118076034534979,0.0,0.0,0,0,3000,0
15.792879,82,59727.79896,True,True,0,3.0,0,0.9024390243902439,0.3455856641541155,1.0,1.4480718333630709,1.346228364349136,0.7052375347474192,0.6557202288458486,0.0,0.0,0,0,1627,0
20.970851,89,59916.501062,True,True,1,3.0,0,0.9213483146067416,0.272015517364419,1.0,1.4018353676060482,1.3537653179350568,0.4110081594795329,0.4064995185766572,0.0,0.0,0,0,1774,0
21.996051,117,60161.320453,True,True,2,3.0,0,0.9487179487179487,0.2929485537929084,1.0,1.567278193939047,1.4036041235719636,0.4261286634993571,0.41026258408147553,0.0,0.0,0,0,2324,0
22.51286,60,60285.764701,True,True,0,3.0,0,0.9333333333333333,0.2863109265154352,1.0,0.4785905478514656,0.4592049853124521,0.5534557463342142,0.5301214691841241,0.0,0.0,0,0,1185,0
-18.543717,60,60408.347386,False,False,0,22.889767071142057,0,1.0,0.3430395412746067,1.0,2.6479857193095926,2.628920658855926,3.378050776850323,3.3602443369239157,0.057566233287485016,0.05463329024275987,0,0,1192,0
20.734213,78,60575.564427,True,True,0,3.0,0,0.9230769230769231,0.35759078352081874,1.0,1.397499665124944,1.216573865324816,1.210302184702412,1.1832961510843574,0.0,0.0,0,0,1545,0
20.20599,86,60758.849293,True,True,1,3.0,0,0.9302325581395349,0.24679401701948855,1.0,0.9576796548485,0.8862635415538812,0.5823735549992035,0.5631387724399561,0.0,0.0,0,0,1711,0
3.068618,150,61073.126557,False,False,1,8.274905270664023,0,1.0,0.28175010059406214,1.0,2.085606602270339,1.8011359691682114,1.5568517459468028,1.1707222021419756,1.006855214681029,0.9469469942183321,0,0,3000,0
21.380928,86,61250.945865,True,True,1,3.0,0,0.9302325581395349,0.3584437928962144,1.0,1.7158968653022322,1.6879488052228422,0.8194697977557965,0.7283745867708171,0.2673304752876638,0.2643325077634778,0,0,1720,0
24.849782,111,61480.529671,True,True,1,3.0,0,0.9369369369369369,0.32741784793362855,1.0,2.2482417840286075,1.9304112576965116,0.7386961124021777,0.5834887321555227,1.4901161193847656e-08,0.0,0,0,2212,0
23.971694,67,61622.093367,True,True,0,3.0,0,0.9402985074626866,0.2499104934450464,1.0,0.5900996221183387,0.5756486281216268,0.541559310872757,0.5220507812371389,0.0,0.0,0,0,1333,0
1.565994,150,61936.746424,False,False,2,6.500000000000001,0,1.0,0.30852881659258147,1.0,1.479992787599629,1.3386670837447765,0.912919870640104,0.7934186164266006,0.16037397129539813,0.15630340688971725,0,0,3000,0
25.116803,70,62083.301493,True,True,0,3.0,0,0.9428571428571428,0.2999483760790201,1.0,1.8009770506258354,1.6245214666908303,1.108005799552274,1.0624210876397084,0.0,0.0,0,0,1388,0
23.532724,60,62207.417596,True,True,0,3.0,0,0.9166666666666666,0.327233000376422,1.0,1.3739157231129233,1.2897813696567466,0.7219692571839786,0.6655702468641423,0.0,0.0,0,0,1182,0
22.163194,59,62330.146727,True,True,0,3.0,0,0.9152542372881356,0.3376463870420513,1.0,1.655084437356237,1.5047730211389034,0.9381592585706086,0.9263832153858939,0.0,0.0,0,0,1169,0
24.192008,102,62541.712172,True,True,1,3.0,0,0.9509803921568627,0.22156962765974447,1.0,1.3542145763012228,1.0916927320905059,0.7223889678926531,0.6649244763281694,0.0,0.0,0,0,2021,0
29.00228,133,62821.535162,True,True,0,3.0,0,0.9699248120300752,0.33335315190384024,1.0,2.229506010731038,1.9807307359477766,2.192235433509373,2.0916529723144754,2.1073424255447017e-08,0.0,0,0,2653,0
22.231635,95,63017.553973,True,True,1,3.0,0,0.9368421052631579,0.3178532684394405,1.0,1.050848615399388,0.9882697682845426,0.6234251222260879,0.5980504416682726,1.4901161193847656e-08,8.940696716308933e-10,0,0,1890,0
26.957626,131,63289.75492,True,True,0,3.0,0,0.9694656488549618,0.31199676431527645,1.0,2.083582917320463,1.8142271432460106,0.9724959770057177,0.9234845290953189,1.4901161193847656e-08,0.0,0,0,2607,0
19.899054,114,63533.095809,True,True,1,3.0,0,0.956140350877193,0.303324824732355,1.0,1.083144147084483,0.910318692091564,1.0415230280424075,0.9442666244608846,1.4901161193847656e-08,0.0,0,0,2264,0
7.492156,150,63847.207884,False,True,1,3.001333075929278,0,1.0,0.3173205208603641,1.0,2.4323160775222212,2.159655700804625,1.2060305887689755,1.0413546832521772,0.014866421951595285,0.01128515836771524,0,0,3000,0
-26.024011,87,64026.69171,False,False,1,8.16595134534873,0,1.0,0.30907139631488567,1.0,1.814255637314157,1.6748062293314436,1.3429584868899835,1.058211218335159,1.0845847529261183,1.0814323237434225,0,0,1724,0
27.445026,126,64293.52491,True,True,0,3.0,0,0.9682539682539683,0.3133227514946187,1.0,1.1309765775177503,1.120786296293432,1.3994940235712092,1.358054165335429,2.1073424255447017e-08,0.0,0,0,2502,0
26.101545,83,64467.05426,True,True,0,3.0,0,0.9518072289156626,0.3142789003969075,1.0,1.653015983658077,1.3735030932527286,1.0961896999060083,1.0280666263121474,0.0,0.0,0,0,1658,0
20.830804,115,64707.941034,True,True,1,3.0,0,0.9217391304347826,0.19493765131399887,1.0,1.3882496468494931,1.2131093669561266,0.6502661791005888,0.5786436599162962,0.0,0.0,0,0,2281,0
20.179382,96,64908.816797,True,True,1,3.0,0,0.9270833333333334,0.27770771228013175,1.0,1.5556830508435258,1.429101383199089,0.7619532147582252,0.7022790683003257,0.0,0.0,0,0,1915,0
5.838213,150,65225.753246,False,False,1,6.5,0,1.0,0.17708614576875092,1.0,1.2588228806181918,1.177691621747819,0.4234733538910074,0.4035398439608545,1.4901161193847656e-08,0.0,0,0,3000,0
23.906257,133,65505.455216,True,True,0,3.0,0,0.9473684210526315,0.28158190895194485,1.0,2.3263491371381217,1.8434381621523683,2.141100173680332,1.8236220953603566,0.19311698960882281,0.18159303902211263,0,0,2655,0
17.709352,66,65641.710411,True,True,1,3.0,0,0.8787878787878788,0.2952044078685248,1.0,1.2899326373114024,1.2145628322201008,0.4093934016555872,0.4049939823954489,0.0,0.0,0,0,1309,0
5.798006,150,65958.24294,False,False,1,6.5,0,1.0,0.2866024170863262,1.0,1.0656990050929604,0.974019181567347,0.6588363896194168,0.6172510411812161,1.4901161193847656e-08,7.599592208862169e-09,0,0,3000,0
26.508428,99,66167.320426,True,True,1,3.0,0,0.9595959595959596,0.30994102618310376,1.0,0.9906468168619681,0.8933561871609743,0.7209524311567481,0.6478096489752908,1.4901161193847656e-08,2.9802322387689383e-10,0,0,1962,0
22.296025,101,66381.306353,True,True,0,3.0,0,0.9504950495049505,0.22487772828098873,1.0,1.1284547592126133,1.0953728058483883,0.42924797078993454,0.41810160112336686,0.0,0.0,0,0,2012,0
23.06235,119,66636.00856,True,True,1,3.0,0,0.9411764705882353,0.33443980309281196,1.0,2.708314830686955,2.48398934817467,2.259967978857867,1.6915866411286864,0.64832960305522,0.6437617118283604,0,0,2380,0
24.175399,73,66796.282613,True,True,0,3.0,0,0.9452054794520548,0.26706998035810553,1.0,1.1852545635853746,1.0625243906666222,0.7855212613227173,0.7824187142797586,0.0,0.0,0,0,1450,0
5.859846,150,67117.216809,False,False,1,13.507924458905164,0,1.0,0.30841729471087825,1.0,1.1968763589238711,0.9842251675537861,0.8335390637596064,0.6884608134615678,1.4901161193847656e-08,1.4901161193847656e-08,0,0,3000,0
28.108124,119,67361.100203,True,True,1,3.0,0,0.9747899159663865,0.2814048052587694,1.0,1.4877674401250485,1.4622691889559687,0.8021742472602298,0.6390714376881285,0.0,0.0,0,0,2365,0
22.944274,91,67549.99165,True,True,1,3.0,0,0.9560439560439561,0.30930920166977943,1.0,1.2280868097953852,0.8954124865950919,0.6483147859317271,0.597396445451227,0.0,0.0,0,0,1810,0
21.120367,94,67745.216084,True,True,1,3.0,0,0.925531914893617,0.22233527526678928,1.0,1.3439031972303475,1.2111931533220208,0.5820719996764118,0.5639269782951302,1.4901161193847656e-08,1.4901161193847656e-08,0,0,1868,0
23.277107,98,67952.99847,True,True,1,3.0,0,0.9489795918367347,0.3285848981264098,1.0,1.8075284191239416,1.443097005880513,0.8136739604091677,0.7470018731516276,1.4901161193847656e-08,4.4703483581544663e-10,0,0,1950,0
29.083111,122,68208.005494,True,True,1,3.0,0,0.9672131147540983,0.3383911310128465,1.0,2.2783460361115844,2.2108517216119066,1.02346074412405,0.8813788935741076,0.17665179316406834,0.17068992595687493,0,0,2428,0
-19.149256,45,68304.119847,False,False,1,7.071830088738352,0,1.0,0.35286494477701913,1.0,1.2195949997697035,1.153557097848649,0.698647033197971,0.6899004364556894,0.543279009088542,0.5243811445733688,0,0,884,0
20.077987,69,68447.923457,True,True,0,3.0,0,0.9565217391304348,0.31784227007625504,1.0,0.7688839069316113,0.6800058520113919,0.569179427034411,0.5223148875928358,0.0,0.0,0,0,1375,0
21.705664,88,68632.627123,True,True,1,3.0,0,0.9090909090909091,0.3368585574965027,1.0,1.561354581587366,1.4493270387054271,0.45820097666987814,0.448878010296619,0.0,0.0,0,0,1751,0
9.169384,150,68945.382322,False,True,2,4.971586262341589,0,1.0,0.3482299618819999,1.0,2.178170621110523,2.0074953878490205,1.6778043282623814,1.439763663190171,1.4901161193847656e-08,0.0,0,0,3000,0
-17.448371,91,69134.220903,False,False,1,14.606219762850603,0,1.0,0.3691686472187464,1.0,2.5986469005206225,2.4338720646019913,2.104866345666486,1.9780495553422401,1.4901161193847656e-08,1.490116119384681e-09,0,0,1805,0
24.315461,85,69312.618548,True,True,0,3.0,0,0.9647058823529412,0.33448712076535464,1.0,0.804627005316222,0.7994569567705422,0.7631754314877851,0.6959323235059085,0.0,0.0,0,0,1695,0
23.035597,117,69554.859456,True,True,1,3.0,0,0.9572649572649573,0.21707964334080426,1.0,1.0069180520491854,0.9403006912198759,0.43718976001312243,0.3998469989746814,1.4901161193847656e-08,0.0,0,0,2334,0
26.110855,111,69783.707135,True,True,0,3.0,0,0.963963963963964,0.3558293263276527,1.0,1.5768223807564552,1.3806097627512868,0.6736608179722059,0.627470216618806,0.0,0.0,0,0,2215,0
19.607261,87,69966.482227,True,True,0,3.0,0,0.9425287356321839,0.35124393787119307,1.0,1.2441505023578983,1.1607432475272628,0.48429546862015005,0.478228756620043,1.4901161193847656e-08,2.0861625671386803e-09,0,0,1735,0
-18.372069,45,70060.847235,False,False,1,9.609085906062296,0,1.0,0.3872276940647318,1.0,1.4488502598986952,1.391592026093048,0.8850796762891598,0.6650100676991718,0.8743550835915836,0.8662266592058525,0,0,884,0
28.193039,122,70313.160997,True,True,0,3.0,0,0.9672131147540983,0.32133402299473773,1.0,1.995568645006421,1.7988261021616878,1.01165559905745,0.9815303157910544,1.4901161193847656e-08,0.0,0,0,2430,0
25.731899,92,70503.728804,True,True,1,3.0,0,0.9456521739130435,0.3242368944008,1.0,1.918939032833124,1.9077850863811923,0.4106458846516006,0.4009985866326951,2.1073424255447017e-08,1.545666486939162e-08,0,0,1821,0
19.349115,77,70664.643391,True,True,0,3.0,0,0.922077922077922,0.3526998270759105,1.0,0.46915107314413496,0.451149526898738,0.7901374562018418,0.7663077190404586,0.0,0.0,0,0,1530,0
25.074351,108,70887.106364,True,True,1,3.0,0,0.9537037037037037,0.24822671840695953,1.0,1.4451535803856956,1.4331890479784226,0.4679155714579166,0.41003615761564366,1.4901161193847656e-08,0.0,0,0,2145,0
25.363603,76,71042.752852,True,True,0,3.0,0,0.9605263157894737,0.28719482018501663,1.0,1.433184585813592,1.343037529865802,0.481977334344778,0.472869080884344,1.4901161193847656e-08,3.725290298461914e-09,0,0,1502,0
24.075574,73,71191.223169,True,True,0,3.0,0,0.9315068493150684,0.2930171461583108,1.0,1.735063215895138,1.623528543116902,1.2729475695693004,1.2119102635650203,0.0,0.0,0,0,1442,0
16.852391,100,71398.836173,True,True,1,3.0,0,0.95,0.2723337784838454,1.0,0.7094902328856183,0.6513969865772606,0.6460374163070997,0.5716092303068285,0.0,0.0,0,0,1993,0
-12.633664,143,71697.959755,False,True,1,6.500000000000001,0,1.0,0.33387508118420905,1.0,2.018362824713446,1.9796991225379834,0.7364502693959861,0.6882492215852787,0.0,0.0,0,0,2854,0
24.411921,108,71925.629833,True,True,1,3.0,0,0.9537037037037037,0.28576786921083835,1.0,1.554319179634177,1.3985407128108778,0.7659376929646456,0.7205599084618585,1.4901161193847656e-08,0.0,0,0,2153,0
24.731112,63,72057.510345,True,True,0,3.0,0,0.8412698412698413,0.30375246244696125,1.0,1.3238848638695855,1.1247934784541573,0.5517740172759269,0.5483106696772081,2.1073424255447017e-08,8.00790121706992e-09,0,0,1258,0
25.741621,85,72237.55895,True,True,0,3.0,0,0.9647058823529412,0.2896352619197731,1.0,0.6033073579707156,0.5639889318111964,0.512948414189977,0.4498040117485332,0.0,0.0,0,0,1693,0
23.953218,90,72428.70905,True,True,1,3.0,0,0.9444444444444444,0.343623918259995,1.0,1.8664744312798214,1.6665213338526883,1.2136190831784863,1.126824454299902,0.18292680414190768,0.17733302627181616,0,0,1787,0
3.062727,150,72753.045296,False,False,1,3.0,0,0.5133333333333333,0.15556057421231378,1.0,0.9584977651708163,0.8305767787352422,0.7158788436692002,0.6687551414762688,0.0,0.0,0,0,3000,0
7.447051,150,73070.727947,False,False,0,6.357410389948996,0,1.0,0.35736255648000004,1.0,1.7703715812559704,1.666079965033756,0.5257830410710849,0.4977679188937961,1.4901161193847656e-08,1.4901161193847656e-08,0,0,3000,0
22.097421,94,73271.096547,True,True,0,3.0,0,0.9468085106382979,0.3549331808259714,1.0,1.2082186964058965,1.0266103246913778,1.1963419547161276,1.1862201279416287,1.4901161193847656e-08,1.0430812835692343e-09,0,0,1877,0
25.454803,96,73469.628017,True,True,1,3.0,0,0.9479166666666666,0.3158749309936167,1.0,1.2124468066379899,1.1470222621131552,0.781217797150357,0.7623311528479884,0.0,0.0,0,0,1915,0
-22.352531,48,73568.393889,False,False,1,22.8448007394689,0,1.0,0.38482152105861545,1.0,2.745062906041653,2.6496678904881943,3.406675418264086,3.3557251558498065,0.599049609940679,0.5774373951120471,0,0,944,0
-17.9051,117,73807.471339,False,False,1,4.333269658470965,0,1.0,0.39105696187314515,1.0,2.222593739931399,2.0562133899305457,1.760700463365208,1.5412627825045584,0.0,0.0,0,0,2325,0
6.645714,150,74122.656765,False,False,2,8.308924511710405,0,1.0,0.3746584132641193,1.0,1.5166363954254556,1.3971938197883298,1.4190990841856919,1.142350428619474,2.1073424255447017e-08,7.599592208862169e-09,0,0,3000,0
26.549553,107,74342.211913,True,True,1,3.0,0,0.9626168224299065,0.31868481788399505,1.0,1.8628056134172024,1.7239780545808971,1.1531726524666772,0.9749638983446962,0.37034287079538264,0.36834029458555956,0,0,2127,0
6.049604,150,74659.925271,False,True,1,6.117632586974651,0,1.0,0.3578030291691507,1.0,2.27312200006815,2.0444210526559883,2.623339607304193,1.3580713644962483,0.8640758165001651,0.8470815489698924,0,0,3000,0
18.535584,63,74794.24838,True,True,0,3.0,0,0.8571428571428571,0.33307529273384967,1.0,1.7156770907100498,1.4086898091039828,0.7807267696368319,0.7714130501021754,0.0,0.0,0,0,1260,0
24.10487,78,74953.577594,True,True,0,3.0,0,0.9871794871794872,0.35028208077953404,1.0,1.5377362036058266,1.3251382357492978,1.0874886639473669,1.0345989112333571,0.0,0.0,0,0,1541,0
23.158974,56,75072.090729,True,True,0,3.0,0,0.9285714285714286,0.31759232398549503,1.0,0.6143988235358565,0.5939286007808839,0.4246027284360015,0.41879155340101026,0.0,0.0,0,0,1101,0
24.234167,107,75304.764689,True,True,1,3.0,0,0.9626168224299065,0.30936612693315796,1.0,1.1964313521705303,1.1010184717667306,0.7443477717014915,0.6438324075707844,1.4901161193847656e-08,0.0,0,0,2131,0
19.798011,81,75471.113578,True,True,1,3.0,0,0.9629629629629629,0.34808402539594846,1.0,1.0743579709567788,1.0212378968995508,0.56630651831354,0.5405878497419393,0.0,0.0,0,0,1608,0
-16.753991,73,75622.101928,False,False,1,9.071989567019045,0,1.0,0.3520751499566339,1.0,2.033490642691052,1.9265141532745416,0.6024566247198789,0.5684820175378698,0.19493181308040794,0.18389495966680894,0,0,1449,0
-17.085455,130,75893.6027,False,False,2,23.03229777577421,0,1.0,0.3654361534130311,1.0,2.442288162661878,2.327589643320967,1.9069090466107759,1.6333164379082343,0.3058585892262235,0.2951076985264322,0,0,2598,0
24.681657,58,76018.11163,True,True,0,3.0,0,0.9310344827586207,0.31484150717960235,1.0,1.5292144015358835,1.4173721937912374,0.7678742663347083,0.7652243300776366,1.4901161193847656e-08,6.407499313354488e-09,0,0,1157,0
26.379814,89,76202.714998,True,True,0,3.0,0,0.9438202247191011,0.34797040962663767,1.0,1.7359404320062093,1.681922928920598,0.6477184347994086,0.6396366876272639,0.0,0.0,0,0,1766,0
26.441538,140,76496.292524,True,True,1,3.0,0,0.9642857142857143,0.2991333418629916,1.0,1.8009137491101004,1.6705538943420535,0.9768090644375726,0.824308004539147,0.0,0.0,0,0,2791,0
22.601581,115,76738.660806,True,True,1,3.0,0,0.9652173913043478,0.309340747001106,1.0,1.9935117377989187,1.7788067391193934,1.198588994254121,0.9826938740340886,0.5861027916086147,0.5442403905196228,0,0,2297,0
25.100049,92,76930.239089,True,True,0,3.0,0,0.967391304347826,0.3411492507840287,1.0,1.4321570107160542,1.269482938888553,0.586463830935506,0.5800164568456739,0.0,0.0,0,0,1834,0
22.108944,100,77135.715526,True,True,0,3.0,0,0.94,0.32099230548058044,1.0,1.7858732934555603,1.7279172716018705,0.6138673286038847,0.5592774563833315,0.0,0.0,0,0,1997,0
25.65022,124,77390.435057,True,True,1,3.0,0,0.967741935483871,0.24832128970254813,1.0,1.9510850603756846,1.7558034081477307,0.6115443150257761,0.50544265044989,0.0,0.0,0,0,2473,0
27.952661,130,77658.58934,True,True,1,3.0,0,0.9846153846153847,0.34362536845388014,1.0,2.3160583834454296,2.1683877558951665,1.0315824698595037,0.9495681798487837,1.4901161193847656e-08,1.4901161193847656e-08,0,0,2595,0
24.349617,102,77871.757924,True,True,1,3.0,0,0.9509803921568627,0.318631736930746,1.0,1.9914267562599268,1.7625643155135833,0.5787565392845982,0.5524859293630775,0.0,0.0,0,0,2035,0
5.834586,150,78186.500315,False,False,1,6.500000000000001,0,1.0,0.148057209086389,1.0,0.796886893647177,0.7285306533096974,0.4356745588244581,0.41672021261454106,1.4901161193847656e-08,0.0,0,0,3000,0
24.838743,100,78397.852459,True,True,0,3.0,0,0.95,0.3209633436366164,1.0,1.846695563961928,1.7861836225824328,0.5156651596216598,0.4859275422487064,0.0,0.0,0,0,1993,0
27.740228,120,78651.690581,True,True,1,3.0,0,0.9666666666666667,0.32651963042234844,1.0,1.968401181037948,1.6839718177947207,0.5407918533096999,0.49472751522829717,0.0,0.0,0,0,2399,0
6.287046,150,78964.685413,False,False,2,6.623101264238358,0,1.0,0.2522446757565485,1.0,1.6086159815690992,1.5113182765699453,0.9931570440522247,0.8587338912451252,1.4901161193847656e-08,0.0,0,0,3000,0
22.004079,92,79152.777475,True,True,0,3.0,0,0.967391304347826,0.31450619679212244,1.0,0.8365064705687361,0.678161868042104,1.0036632398240661,0.9967743639240065,0.0,0.0,0,0,1821,0
25.785057,77,79315.288705,True,True,1,3.0,0,0.948051948051948,0.3107860054425967,1.0,1.338243794770012,1.2623592684440623,0.5004118960462821,0.47318671605458995,0.0,0.0,0,0,1524,0
-19.114592,106,79542.954676,False,False,1,11.59005970152289,0,1.0,0.379291806419958,1.0,2.872149885685349,2.8720149943234987,1.6906818008040165,1.5871874670018427,0.2898361484779178,0.28259949963576375,0,0,2113,0
24.082625,94,79737.085529,True,True,1,3.0,0,0.9574468085106383,0.2875697408571121,1.0,1.0947555731560055,1.0099249993614605,1.096059978551543,1.0268862403027763,0.0,0.0,0,0,1867,0
28.630996,108,79960.787479,True,True,1,3.0,0,0.9444444444444444,0.3168734460166786,1.0,2.06263654305649,2.050972714305866,0.9968959248177799,0.7899727756180135,0.46641113857459476,0.46239600443999773,0,0,2146,0
21.356416,61,80087.554672,True,True,0,3.0,0,0.9344262295081968,0.32899682176057005,1.0,1.341989222326763,1.244818034872806,0.9552830675348277,0.9450854680543582,0.0,0.0,0,0,1214,0
7.943778,150,80398.779436,False,False,2,14.81675686818305,0,1.0,0.3290072965410394,1.0,2.361405897818708,2.0893260365722894,2.34784831918393,2.0338430222081487,1.4901161193847656e-08,7.599592208862169e-09,0,0,3000,0
24.122864,62,80532.026748,True,True,0,3.0,0,0.9193548387096774,0.33446170722154733,1.0,1.558115679366257,1.4942305271570206,0.7908495378117758,0.7846397527161864,0.0,0.0,0,0,1233,0
25.518932,88,80718.530445,True,True,1,3.0,0,0.9772727272727273,0.29877528058035185,1.0,1.5458163560106117,1.171868692184643,0.5355528901393131,0.5191617271687244,1.4901161193847656e-08,1.9371509552001275e-09,0,0,1757,0
27.510393,94,80910.718391,True,True,1,3.0,0,0.9680851063829787,0.31654697085418,1.0,1.90528784680611,1.8515437076580459,0.5767321924701667,0.530416835473131,0.0,0.0,0,0,1875,0
27.777852,144,81210.109816,True,True,0,3.0,0,0.9652777777777778,0.30221331287350256,1.0,2.0918303496491935,1.7010327997580124,0.7713373199807334,0.6806905798759929,0.0,0.0,0,0,2865,0
25.000805,103,81429.528562,True,True,1,3.0,0,0.9514563106796117,0.337071818217575,1.0,1.51812645606694,1.2980407244248504,0.9215729402529448,0.8967599608885083,0.0,0.0,0,0,2053,0
17.222802,122,81685.409764,True,True,1,3.0,0,0.9508196721311475,0.2810535171380661,1.0,1.4537527910724541,1.266638156880962,0.6930577337116014,0.6699057678936464,0.0,0.0,0,6,2422,0
23.401303,86,81867.530491,True,True,1,3.0,0,0.9534883720930233,0.2707850555205464,1.0,0.8834652932008079,0.8249085486694261,0.5772593050722983,0.5185445710455135,1.4901161193847656e-08,2.235174179077233e-09,0,0,1720,0
-21.528198,60,81988.047248,False,False,0,25.000000000000004,0,1.0,0.3487106948225932,1.0,2.204428369380579,2.010351728170794,2.478862615493328,2.4511716886389276,1.4901161193847656e-08,6.109476089477488e-09,0,0,1191,0
27.35359,102,82171.971472,True,True,1,3.0,0,0.9705882352941176,0.3107833034772105,1.0,1.7273125092409953,1.6771995927607393,0.4925884880314886,0.4807310070005397,0.0,0.0,0,0,2034,0
23.981744,60,82273.025376,True,True,0,3.0,0,0.9333333333333333,0.2860466390469788,1.0,1.281975897914488,1.1392990237286789,0.8182236184386936,0.7712232539534187,0.0,0.0,0,0,1194,0
8.661369,150,82523.513253,False,False,2,8.928308667409134,0,1.0,0.3715518689179252,1.0,2.184051665424262,2.037878636664679,0.5188144619239125,0.4798893410229772,1.4901161193847656e-08,7.599592208862169e-09,0,0,3000,0
24.769841,85,82665.662257,True,True,0,3.0,0,0.9411764705882353,0.3267706631369847,1.0,0.8136810595818734,0.7034851269037943,1.017583634730307,1.0001082669547874,0.0,0.0,0,0,1685,0
-18.879366,43,82736.801068,False,False,1,15.45432426564989,0,1.0,0.3723188492805439,1.0,2.0486727731700363,1.9742962282332333,1.2767839409787494,1.0371852212484005,0.31145839937815917,0.30411626623293414,0,0,841,0
23.524447,66,82847.132843,True,True,0,3.0,0,0.9545454545454546,0.23222269295211978,1.0,1.2861699993109186,1.2242505141145106,0.7875174470735465,0.7283181725585035,0.0,0.0,0,0,1318,0
7.393246,150,83101.680625,False,False,0,11.140883405385196,0,1.0,0.36245208567303394,1.0,1.5159143546467964,1.1903324467489027,1.755336166283569,1.731302554874401,0.0,0.0,0,0,3000,0
-26.417547,100,83268.592795,False,False,1,11.742097284454738,0,1.0,0.3782283324151535,1.0,2.054625442785316,1.8300098504634026,1.2355394536030004,1.1956488761335182,0.9782895180649105,0.9741961973309566,0,0,1984,0
25.851017,144,83548.722877,True,True,1,3.0,0,0.9722222222222222,0.2727520419904199,1.0,1.1133617628260513,0.9701593949463494,0.8561537407695563,0.7518791721283121,0.0,0.0,0,0,2864,0
21.753431,88,83697.125908,True,True,0,3.0,0,0.9431818181818182,0.3339840647291427,1.0,0.8388321576002309,0.8265003334182266,0.7120981383531817,0.6515603186230176,0.0,0.0,0,0,1755,0
22.11583,89,83846.192703,True,True,1,3.0,0,0.9213483146067416,0.3505134645634371,1.0,0.8388675873718778,0.7808380437296601,0.6372832100451014,0.6289076658113857,1.4901161193847656e-08,1.7881393432617865e-09,0,0,1761,0
20.67904,61,83949.276962,True,True,0,3.0,0,0.9180327868852459,0.3531330654427526,1.0,1.5504693477408706,1.341235335323307,0.8372235115040627,0.8338523818540481,0.0,0.0,0,0,1211,0
8.270983,150,84201.407303,False,False,2,25.000000000000004,0,1.0,0.35346055340769605,1.0,2.5938357244912797,2.1665735183953063,3.2337586544065156,2.8571411128712607,0.01994762329199718,0.017427242976587976,0,0,3000,0
27.236754,116,84396.282975,True,True,1,3.0,0,0.9655172413793104,0.2891396553500147,1.0,1.7002251121214653,1.5782854976874843,0.783493071799712,0.7055319984150111,1.4901161193847656e-08,1.2665987014770423e-08,0,0,2310,0
21.137349,87,84543.346173,True,True,1,3.0,0,0.9425287356321839,0.3317942703324895,1.0,1.5796121634939522,1.459742376789203,1.438404715966943,1.3770348844266764,0.8999620218415696,0.8712134457147952,0,0,1734,0
24.543818,79,84676.521825,True,True,0,3.0,0,0.9367088607594937,0.3405544064882163,1.0,1.6130908073308154,1.4446648208293442,0.7876796741841446,0.7817908718118601,0.0,0.0,0,0,1572,0
27.631012,95,84834.825525,True,True,0,3.0,0,0.9368421052631579,0.3340058249681414,1.0,1.8008057324461326,1.7580204419046512,0.5410993024465427,0.5138704583527455,0.0,0.0,0,0,1888,0
26.264714,95,84995.538959,True,True,0,3.0,0,0.9578947368421052,0.30994007797278583,1.0,1.4829790604332878,1.3285047601515316,1.2364112524279642,1.2313793595721196,0.0,0.0,0,0,1889,0
22.572777,100,85163.694073,True,True,1,3.0,0,0.95,0.3074936343725803,1.0,1.8766983608283536,1.7278605073935591,1.2590581240470717,0.9961758311717266,0.13705352865402295,0.13552264882569598,0,0,1996,0
27.682277,130,85380.405069,True,True,1,3.0,0,0.9692307692307692,0.2833762533723764,1.0,2.0298081404442057,1.6233443661263616,0.8196121603896976,0.6510015213311505,0.0,0.0,0,0,2583,0
23.215919,89,85529.085821,True,True,0,3.0,0,0.9101123595505618,0.32067986872494486,1.0,1.8220262482038758,1.5574231560142722,1.1228269162230713,1.0869346813972263,0.0,0.0,0,0,1768,0
27.524824,100,85697.220375,True,True,0,3.0,0,0.96,0.3168746750022578,1.0,1.7596872409256832,1.659863900380405,0.592345656631704,0.5729587746616301,0.0,0.0,0,0,1996,0
27.381432,99,85864.154196,True,True,0,3.0,0,1.0,0.31133408149926434,1.0,1.757706475895585,1.6137804622436984,0.468126273281179,0.4510097450135359,1.4901161193847656e-08,2.9802322387689383e-10,0,0,1973,0
25.664667,109,86046.672298,True,True,1,3.0,0,0.9541284403669725,0.3451855507499036,1.0,2.2127225150455505,2.104590674663645,1.042167025788969,0.9632381659501871,2.1073424255447017e-08,1.3709068298339869e-08,0,0,2171,0
25.435187,103,86219.652374,True,True,1,3.0,0,0.9514563106796117,0.32760005434539347,1.0,1.3133014489993575,1.288550452007515,0.8148925144397323,0.7884233895206221,1.4901161193847656e-08,0.0,0,0,2045,0
27.901081,132,86440.283406,True,True,2,3.0,0,0.9621212121212122,0.35643399193306174,1.0,2.464708749042105,2.292276776256045,1.3782731984177015,1.3091856030495803,0.06848261141625842,0.06467305632527932,0,0,2631,0
23.451469,123,86647.154529,True,True,0,3.0,0,0.959349593495935,0.26007562774640286,1.0,0.918082982745718,0.9050547069208803,0.6307290665370031,0.5947191800553034,0.0,0.0,0,0,2454,0
27.426023,146,86893.418856,True,True,0,3.0,0,0.9657534246575342,0.2916749485489129,1.0,1.8779212596869115,1.5844047404665065,0.5915482684063038,0.583295619798998,0.0,0.0,0,0,2912,0
25.114254,118,87092.427117,True,True,1,3.0,0,0.9576271186440678,0.34456098055958795,1.0,2.4156209473522607,2.228387873655019,0.9994853072889592,0.8860381647815098,0.01337517813643977,0.01226209481227074,0,0,2359,0
25.9954,102,87263.96188,True,True,1,3.0,0,0.9607843137254902,0.3525033070946712,1.0,1.4622793815900905,1.3918263941650497,1.3146150908296645,1.2489373569264297,0.0,0.0,0,0,2022,0
24.11802,116,87457.674374,True,True,0,3.0,0,0.9482758620689655,0.3397116242835474,1.0,1.8085631972896514,1.568292029601492,0.7400141682851349,0.7209842559288301,0.0,0.0,0,0,2315,0
-23.557239,56,87551.363625,False,False,0,24.30642005690208,0,1.0,0.3612768697223541,1.0,2.8723055439256058,2.8722844730052217,3.633290599480852,3.5294477892060088,0.7411437562237277,0.7385315574522919,0,0,1111,0
23.828188,68,87668.658791,True,True,0,3.0,0,0.9411764705882353,0.3350852822676308,1.0,1.0457250625769015,0.9961261599323893,0.9076286098261684,0.8997917623979197,0.0,0.0,0,0,1346,0
24.013335,110,87853.508214,True,True,1,3.0,0,0.9454545454545454,0.3538780876815729,1.0,1.871275322362275,1.7286587607202972,0.8387166237371149,0.824461332917609,0.0,0.0,0,0,2190,0
6.905124,150,88108.055104,False,False,2,7.212499185216868,0,1.0,0.36361656504516565,1.0,2.2793999678664,2.081473905318473,1.488932836055554,1.387329649149443,0.6313049716792212,0.6266685468299399,0,0,3000,0
22.85521,91,88261.124642,True,True,1,3.0,0,0.945054945054945,0.3469895453223193,1.0,1.7934980038720698,1.757530426203266,0.6081283009015918,0.5744594722299927,1.4901161193847656e-08,1.490116119384681e-09,0,0,1819,0
-31.844065,70,88379.322783,False,False,1,24.426709776957516,0,1.0,0.27492843733864714,1.0,2.8155494014684206,2.8155284496029513,1.7182509834250246,1.6626767071841022,1.4432200690212569,1.4393623880913404,0,0,1397,0
23.846327,89,88527.550828,True,True,1,3.0,0,0.9438202247191011,0.3005547582346239,1.0,1.2183018577959783,1.200606883935168,0.5505009726622717,0.5184054648146618,0.0,0.0,0,0,1761,0
22.869747,124,88735.361861,True,True,1,3.0,0,0.9435483870967742,0.3307844691525328,1.0,1.6605143280961323,1.5023935234667631,0.7432696461991255,0.7289990464806464,2.1073424255447017e-08,1.1473894119262636e-08,0,0,2463,0
25.907646,120,88936.709713,True,True,1,3.0,0,0.975,0.2563105783190773,1.0,1.2966870689512524,1.1586657515363161,0.8408375112098747,0.7691251255637506,0.0,0.0,0,0,2395,0
21.049449,111,89123.376121,True,True,1,3.0,0,0.9459459459459459,0.2818503656060621,1.0,1.912046253196631,1.5863449937126801,1.6217684932159473,1.4141992157652354,0.5730045382250407,0.5645140190942123,0,0,2214,0
5.862216,150,89375.614781,False,False,2,5.833341591318246,0,1.0,0.3868628327822699,1.0,2.8728852254434867,2.1613624263943105,1.6637687662765388,1.0340718688245936,0.0059178956904711085,0.002060640906306409,0,0,3000,0
28.14403,132,89596.205389,True,True,1,3.0,0,0.9848484848484849,0.33258490053020895,1.0,2.5180496830584116,2.1887009073611803,2.0013571835197346,1.3613902615507198,0.48990505292928854,0.48761922995586215,0,0,2624,0
8.589391,150,89848.555673,False,False,2,8.530056196789566,0,1.0,0.38350277613313516,1.0,2.4480278979549657,2.0845790784605303,2.210098390049145,1.8956174627178568,1.4901161193847656e-08,7.599592208862169e-09,0,0,3000,0
27.61617,118,90045.622366,True,True,1,3.0,0,0.9576271186440678,0.30027904806772115,1.0,2.0074286716137704,1.9124416535204214,0.7233046405420146,0.5735484437676974,0.0,0.0,0,0,2349,0
26.222224,106,90221.280857,True,True,0,3.0,0,0.9245283018867925,0.32475552263171437,1.0,1.820619920233822,1.757736028374567,0.609668118706815,0.6026869425486244,0.0,0.0,0,0,2106,0
-18.093238,55,90313.133143,False,False,1,14.161660650742077,0,1.0,0.3573050231826914,1.0,1.8898277705686073,1.8616630421126648,0.9490530423772092,0.8350567108227119,0.1410605061955374,0.12708845589250783,0,0,1089,0
24.842501,77,90442.313947,True,True,0,3.0,0,0.961038961038961,0.2902821340043837,1.0,1.0241906489289834,0.9516262019623049,0.43173472933460294,0.42530791264095313,0.0,0.0,0,0,1535,0
23.22597,56,90536.69283,True,True,0,3.0,0,0.9285714285714286,0.2746838548548736,1.0,1.2556643582512657,1.1661373554522467,0.7245504209160377,0.702821071843371,0.0,0.0,0,0,1120,0
25.807413,132,90758.934385,True,True,0,3.0,0,0.9621212121212122,0.2781273289103083,1.0,2.0009976839762693,1.682689075256758,0.5472875180370959,0.5227766411242641,0.0,0.0,0,0,2631,0
-21.297655,67,90873.307731,False,False,1,20.752213579972825,0,1.0,0.32507724050567366,1.0,2.872616886315391,2.8723156768744453,1.9954582392190874,1.6564137306239726,0.9155310551288933,0.9019870583968229,0,0,1335,0
-22.642766,117,91070.63109,False,False,1,25.0,0,1.0,0.3493613544753568,1.0,2.872336098708554,2.2774293832900057,4.124443365334288,3.265398466596815,0.007774571556686998,0.006359448483791745,0,0,2333,0
21.202761,64,91196.986668,True,True,0,3.0,0,0.921875,0.3102038402512647,1.0,0.7622833068896394,0.7317960653971184,0.5365956081187466,0.5202111931484217,0.0,0.0,0,0,1278,0
24.210369,125,91455.277464,True,True,1,3.0,0,0.976,0.28156366557774815,1.0,1.563039001831339,1.4574535320663176,0.9627412940860082,0.8926493128094735,1.4901161193847656e-08,0.0,0,0,2496,0
21.372697,80,91629.693435,True,True,0,3.0,0,0.9625,0.2937787936222005,1.0,1.0649125115937483,1.019039172145826,0.6121134200117018,0.5874465732409057,0.0,0.0,0,0,1581,0
25.896742,89,91815.358541,True,True,0,3.0,0,0.9438202247191011,0.3360922189566575,1.0,1.3839672593772492,1.1946133070130895,0.774730916504904,0.7093746566826339,1.4901161193847656e-08,1.4901161193847656e-08,0,0,1764,0
27.389671,128,92077.776458,True,True,1,3.0,0,0.9609375,0.3323902336511032,1.0,1.939488130192906,1.777201775111095,0.8697731640476112,0.8161017404454952,1.4901161193847656e-08,0.0,0,0,2544,0
25.912788,81,92249.931368,True,True,0,3.0,0,0.9506172839506173,0.28286203937694016,1.0,1.5123858768825724,1.4026013592432254,0.4208214271977698,0.40689605982143146,1.4901161193847656e-08,1.4901161193847656e-08,0,0,1614,0
24.57628,124,92508.377387,True,True,1,3.0,0,0.9596774193548387,0.3025592217036206,1.0,2.042270344949874,1.961290535253071,0.9548795931780474,0.8833739148252279,0.0,0.0,0,0,2473,0
28.173517,132,92785.140973,True,True,1,3.0,0,0.9772727272727273,0.30048828643234643,1.0,2.2964816653334887,1.9794329360478329,2.3454778375672634,1.5025816230676556,1.399312886001016,1.3908439278608133,0,0,2629,0
25.582144,113,93020.538386,True,True,1,3.0,0,0.9557522123893806,0.2568292117697221,1.0,1.5436465808263768,1.5003836606757837,0.6729061605337824,0.515446618041244,2.1073424255447017e-08,1.4901161193847656e-08,0,0,2243,0
24.400204,146,93322.969539,True,True,0,3.0,0,0.958904109589041,0.2285743508124386,1.0,1.8767819686236564,1.8754690975164046,0.4994339369300384,0.4252104931178398,0.0,0.0,0,0,2920,0
25.244688,139,93610.027452,True,True,1,3.0,0,0.9640287769784173,0.3077573496921441,1.0,2.0475702458542466,1.8014802238667404,1.7147527514204526,1.4835024603516391,0.5237652120983425,0.5150617827346365,0,0,2767,0
-19.514088,92,93800.630093,False,False,1,7.106624447741762,0,1.0,0.3882876377403118,1.0,2.727684545713309,2.4822576451874614,1.528453554368889,1.463253457050844,0.5019406111430983,0.4939754375694975,0,0,1835,0
-19.807203,33,93865.897791,False,False,1,12.449220075716438,0,1.0,0.26777944399149367,1.0,1.7592284205907665,1.6377998222598265,0.42041740885732554,0.3996819414546837,0.0,0.0,0,0,647,0
24.094119,64,94002.487419,True,True,0,3.0,0,0.953125,0.280730568048695,1.0,1.401744401621683,1.2199015467535694,0.683932633868459,0.6553704487738123,0.0,0.0,0,0,1279,0
27.022099,137,94299.945339,True,True,1,3.0,0,0.9635036496350365,0.21373855006920778,1.0,0.445556956403434,0.44390010925253814,0.618518617926422,0.5868657490030774,1.4901161193847656e-08,9.536743164062297e-09,0,0,2726,0
25.893768,81,94478.211413,True,True,0,3.0,0,0.9382716049382716,0.2971012832417163,1.0,1.8908252573683406,1.692916766924067,1.0669662248688894,1.0628608120421008,1.4901161193847656e-08,1.4901161193847656e-08,0,0,1608,0
27.185558,116,94741.129131,True,True,1,3.0,0,0.9741379310344828,0.2860828680605345,1.0,1.3279399635450686,1.0969279721763672,0.7055498751155453,0.6825499170716827,0.0,0.0,0,0,2320,0
27.923386,140,95050.276143,True,True,1,3.0,0,0.9714285714285714,0.2699202235087799,1.0,2.045022220029056,1.8828602997862747,0.7788092368862557,0.7041397650418673,0.0,0.0,0,0,2786,0
25.057535,120,95316.277287,True,True,1,3.0,0,0.9583333333333334,0.3224569322953557,1.0,2.026744844924072,1.9130713800039143,0.6371138782782793,0.6089197420984384,1.4901161193847656e-08,0.0,0,0,2394,0
6.762961,150,95657.7444,False,False,2,3.0,0,0.9466666666666667,0.33382125371712607,1.0,2.6215925843639325,2.400327451452561,1.4593707245347605,1.253300290372066,1.133044515317609,1.120956846931199,0,0,3000,0
-21.125447,86,95849.684039,False,False,1,3.2331697726206876,0,1.0,0.39098598193868467,1.0,2.48468473018072,2.3858538958251927,1.9584490533710903,1.8162215206336674,0.7521756828225106,0.7498378322688489,0,0,1706,0
4.962294,150,96171.318227,False,False,0,24.205420498092415,0,1.0,0.26703545875519025,1.0,1.4565169394396902,1.283876570821315,1.5946372890416567,1.5741949050982402,1.4901161193847656e-08,0.0,0,0,3000,0
25.711172,117,96434.640586,True,True,1,3.0,0,0.9743589743589743,0.26959820168230914,1.0,1.440846380618112,1.3823368510103422,0.7634665350728098,0.5890817318900292,0.0,0.0,0,0,2322,0
-19.673531,87,96628.758004,False,False,1,17.073785426055977,0,1.0,0.38719706941293924,1.0,2.335025096522773,2.2429382478511735,1.2478742745951872,1.1769395581884894,0.14601668527288994,0.14297882556062358,0,0,1727,0
23.748164,135,96939.978792,True,True,1,3.0,0,0.9629629629629629,0.30875396187604004,1.0,1.576472282586393,1.5205304107136999,1.112814275679795,1.0340290753538544,0.0,0.0,0,0,2699,0
24.062395,97,97169.220789,True,True,1,3.0,0,0.9484536082474226,0.3171256582051437,1.0,1.3561093971601426,1.2355818786575707,1.369635949856153,1.2826943849756345,0.00603817149193807,0.0051037110407279205,0,0,1939,0
23.510582,88,97365.479897,True,True,0,3.0,0,0.9090909090909091,0.31754064568093665,1.0,1.7535858733233463,1.4563503273334621,1.1506123308849958,1.126244193613155,0.0,0.0,0,0,1742,0
-19.61958,73,97534.378348,False,False,1,3.9571424529174064,0,1.0,0.39588260299202843,1.0,1.984194965097973,1.8740384391676463,1.8570509945268892,1.748176726552931,0.9988635383886263,0.9765221581661486,0,0,1455,0
25.846715,101,97775.044424,True,True,1,3.0,0,0.9702970297029703,0.3304087650056708,1.0,1.7204312470593623,1.6616609731640128,0.7835415167333523,0.6459998363434685,0.6126398318918772,0.5978657487543831,0,0,2016,0
7.720493,150,98133.429767,False,False,2,7.362203567521647,0,1.0,0.34133367601342224,1.0,2.593243123105178,2.1871433380715195,1.7627974042771308,1.4366779349291077,0.0,0.0,0,0,3000,0
26.45727,97,98363.027817,True,True,0,3.0,0,0.9381443298969072,0.34886538312295806,1.0,1.3362115721551306,1.2610463718602336,0.703918729276782,0.6832116347564111,0.0,0.0,0,0,1921,0
7.109273,150,98725.774771,False,False,2,4.444626920390874,0,1.0,0.2636000492963134,1.0,1.261588688555901,1.184470351649564,0.7570819712077441,0.6984062017907837,1.4901161193847656e-08,1.4901161193847656e-08,0,0,3000,0
25.764824,98,98960.523819,True,True,0,3.0,0,0.9693877551020408,0.33538881954887007,1.0,2.1881706830833205,1.9391743494550084,0.8729310484228073,0.8467769145383803,1.4901161193847656e-08,4.4703483581544663e-10,0,0,1956,0
23.673203,122,99242.834023,True,True,1,3.0,0,0.9590163934426229,0.33153533465393453,1.0,2.461131569773067,2.3809151131278767,1.3268683362824425,1.154429274441004,0.7458319748059716,0.7334023885781601,0,0,2437,0
-21.271066,55,99367.820282,False,False,0,24.738792531808215,0,1.0,0.39120999825064207,1.0,2.5892230419642255,2.531859818023044,2.866738561650792,2.767655802315654,0.6492680688100477,0.6484486885221767,0,0,1081,0
22.345357,93,99569.445647,True,True,0,3.0,0,0.9247311827956989,0.2757830801356209,1.0,1.0581434254365514,1.0102560373351994,0.6436180793137213,0.5835117613068244,1.4901161193847656e-08,1.192092895507787e-09,0,0,1841,0
-18.776244,47,99680.513777,False,False,1,7.956033591786029,0,1.0,0.3754260053845717,1.0,1.2862363965107262,1.2307236246747983,1.207395199707407,0.735338365773649,0.6973850757663461,0.693543722323244,0,0,924,0
19.304299,133,100001.932301,True,True,1,3.0,0,0.9548872180451128,0.21349461469310177,1.0,0.754071210511491,0.6586050929041883,0.7395170608773791,0.6724404406849447,0.0,0.0,0,0,2655,0
6.636932,150,100393.017752,False,False,2,8.140312731266022,0,1.0,0.2714773593828238,1.0,1.3575756073112266,1.3109080397585409,0.6928114808201331,0.5385829222875894,1.4901161193847656e-08,1.4901161193847656e-08,0,0,3000,0
-14.690455,71,100657.328496,False,False,1,6.500000000000001,0,1.0,0.3212155329459028,1.0,2.060472381901393,2.0342362480510845,0.4723708738125827,0.45284591793237816,0.0,0.0,0,0,1402,0
25.807796,81,101058.636083,True,True,1,3.0,0,0.9382716049382716,0.3179578235509152,1.0,1.7883396088177834,1.7275602012884317,0.4254493015308231,0.41458857171910946,0.0,0.0,0,0,1610,0
26.431987,120,101454.997414,True,True,1,3.0,0,0.9833333333333333,0.34429630757353863,1.0,2.0409024518260694,1.9038580785399113,2.1537186415348293,2.004387521515208,0.14238635120803403,0.13903289141496214,0,0,2387,0
26.827102,150,101952.917834,True,True,0,3.0,0,0.9733333333333334,0.29373452832564645,1.0,2.223547035807205,1.6704702767305284,1.391740836663978,1.29025261466686,1.4901161193847656e-08,1.4901161193847656e-08,0,0,2983,0
25.836018,115,102320.369673,True,True,1,3.0,0,0.9478260869565217,0.28898861467821924,1.0,2.0079966565729515,1.9987228262152308,0.49576470384699034,0.4812109666899399,1.4901161193847656e-08,0.0,0,0,2292,0
26.911772,100,102631.066741,True,True,0,3.0,0,0.97,0.3280300453735785,1.0,1.7034219299959734,1.5811628483672462,2.1157775469727986,1.8082923795659502,0.0,0.0,0,0,2000,0
27.301646,107,102959.969039,True,True,1,3.0,0,0.9626168224299065,0.35299954946120005,1.0,1.5096133982045008,1.2727716127979778,1.492914140520242,1.412067077975253,1.4901161193847656e-08,0.0,0,0,2133,0
7.764219,150,103400.717945,False,False,2,18.576874488012106,0,1.0,0.36158061584604656,1.0,2.5396062452866315,2.504281807656106,1.2152631005748955,1.1795803019505855,0.036337004308233424,0.03432093475582854,0,0,3000,0
5.768267,150,103782.485863,False,True,1,6.500000000000001,0,1.0,0.3395870897613769,1.0,2.872584058460452,2.605846496714442,2.1908981050721024,1.2617939159742457,0.769445333272991,0.73432335319601,0,0,3000,0
27.388898,139,104151.796262,True,True,0,3.0,0,0.9712230215827338,0.314844699263181,1.0,0.594283061837098,0.47800096718051854,1.4500060569647528,1.4342098494163682,0.0,0.0,0,0,2776,0
24.172762,99,104398.845986,True,True,0,3.0,0,0.9595959595959596,0.3573796853577555,1.0,1.5878800955008008,1.4687921266586992,0.46623724201898187,0.4593098910142063,0.0,0.0,0,0,1973,0
7.401369,150,104784.922649,False,True,1,6.030585400035309,0,1.0,0.3382137258228308,1.0,2.084952154561595,1.969978153972967,1.0013141929215654,0.9180540757699804,0.00561481554042349,0.005004973179520058,0,0,3000,0
-19.68734,89,105011.508345,False,False,1,4.8984286450074634,0,1.0,0.38636547577316516,1.0,2.1478476654446257,1.7576829029356003,1.0858959100135765,0.8577180337482739,1.1229263503696731,1.122483669362892,0,0,1779,0
25.059765,96,105253.223501,True,True,1,3.0,0,0.9791666666666666,0.2786942990158655,1.0,1.4589028435193807,1.4115906107476544,0.7968703616677615,0.6742391844569939,0.4570084894087005,0.450291351652284,0,0,1918,0
26.590749,106,105519.365975,True,True,1,3.0,0,0.9622641509433962,0.29129307975860425,1.0,2.1808081203039067,1.8252390205574232,0.5798342911838874,0.5051243928366911,0.0,0.0,0,0,2118,0
-19.877797,63,105677.067636,False,False,0,11.648727241220508,0,1.0,0.39823313824533096,1.0,2.3022126143380564,2.0506088432017653,2.3660513675062855,1.9522234851758513,0.0,0.0,0,0,1241,0
3.817862,150,106059.807394,False,False,2,6.5,0,1.0,0.28314252301349985,1.0,1.766915531479857,1.5617794613293041,1.2421354103470532,1.0056621010978262,0.13958621930722778,0.13563154925681492,0,0,3000,0
24.512348,83,106296.100498,True,True,0,3.0,0,0.9759036144578314,0.270871308653623,1.0,1.3513824917317916,1.258517256151809,0.7837799324958383,0.7753150763930089,0.0,0.0,0,0,1659,0
-29.728114,65,106493.381919,False,False,1,13.118428037505325,0,1.0,0.3977724076665046,1.0,2.3635689508831663,2.268646470135778,0.946502561926271,0.7126597732183646,0.031809610908081536,0.030816838852539087,0,0,1287,0
24.437376,113,106856.742849,True,True,0,3.0,0,0.9469026548672567,0.3352975183228418,1.0,1.8663478243008707,1.806000308471698,0.4761900699561816,0.46412452887628197,0.0,0.0,0,0,2246,0
22.858739,83,107121.711597,True,True,1,3.0,0,0.9397590361445783,0.3323416525756292,1.0,1.7481679803078853,1.5621754862105843,0.493347257536739,0.45924936142251505,0.0,0.0,0,0,1655,0
21.791238,98,107420.689903,True,True,0,3.0,0,0.9285714285714286,0.33973768928974907,1.0,0.8036465524853681,0.7954213373193959,0.9111132808275965,0.8984146277076008,0.0,0.0,0,0,1950,0
25.976506,103,107743.872286,True,True,1,3.0,0,0.970873786407767,0.2992808006572816,1.0,1.8587137715004065,1.589887030202403,1.1184924796277527,1.0376718002996408,0.0,0.0,0,0,2060,0
-20.331028,69,107951.853415,False,False,1,15.349634375949151,0,1.0,0.374645557561858,1.0,1.8334163990846646,1.7580035433205632,2.1940700958970427,2.1327050954438995,1.4031792186613679,1.358855227559057,0,0,1371,0
24.663085,87,108209.088253,True,True,1,3.0,0,0.9425287356321839,0.30196249358943833,1.0,1.6340159319414043,1.5096289802133998,0.458893444511249,0.40815040518417584,0.0,0.0,0,0,1726,0
28.226604,145,108632.881795,True,True,1,3.0,0,0.9724137931034482,0.3300929489398794,1.0,2.1794252866106034,2.06126741924521,1.441705952259417,1.1366129003612793,0.6722197365064574,0.6526282242128364,0,0,2899,0
23.858394,91,108897.308193,True,True,0,3.0,0,0.945054945054945,0.26445731202647854,1.0,1.2172369304157873,1.0690007965823884,0.9433283217705486,0.8687670777819974,0.0,0.0,0,0,1812,0
-20.536492,41,109018.630551,False,False,1,15.102369885932028,0,1.0,0.37547239760254325,1.0,1.6846030055025676,1.6561393838816028,1.1674959369489895,0.738960563578276,0.4239228226500537,0.4104593621266975,0,0,819,0
-17.107098,51,109167.593187,False,False,1,6.5,0,1.0,0.34318448906703336,1.0,1.4715583796986222,1.3815964145737984,0.6306453457402795,0.6179234053542746,0.0001013218566285373,5.066092831426865e-05,0,0,1014,0
25.542633,130,109546.234311,True,True,1,3.0,0,0.9538461538461539,0.25390955207436167,1.0,1.8451581544050324,1.6727290163562423,0.4505541076311151,0.4405867291314823,1.4901161193847656e-08,0.0,0,0,2581,0
24.551149,106,109856.941921,True,True,0,3.0,0,0.9433962264150944,0.28419954913054046,1.0,2.1140805903212097,1.7650418771792575,1.4265868126710237,1.3857759051809202,0.0,0.0,0,0,2102,0
25.171623,113,110180.296023,True,True,0,3.0,0,0.9557522123893806,0.2671250393259985,1.0,1.1465682550601426,1.0781711383599228,0.6671538956358791,0.6319088167626357,1.4901161193847656e-08,0.0,0,0,2248,0
7.810991,150,110599.346935,False,False,2,9.92204878022613,0,1.0,0.36305382604462993,1.0,2.697264443666952,2.3742377513375286,2.7711837955453573,2.385420765535778,0.2913882781210228,0.28010559032846544,0,0,3000,0
21.534608,84,110834.721473,True,True,0,3.0,0,0.9166666666666666,0.363688560508285,1.0,1.907282317171639,1.7870677851953924,0.4567198134988611,0.45478966663376624,1.4901161193847656e-08,1.4901161193847656e-08,0,0,1680,0
23.882319,86,111074.829025,True,True,0,3.0,0,0.9418604651162791,0.2936662219234056,1.0,0.8351293716666229,0.7722108402454976,0.5168024179182634,0.45675273696150037,0.0,0.0,0,0,1720,0
25.688488,138,111456.820892,True,True,0,3.0,0,0.9637681159420289,0.24634665426916655,1.0,1.1643475367466865,0.8591441798905983,0.8357473012244121,0.814742108979833,0.0,0.0,0,0,2754,0
26.164648,95,111714.970844,True,True,1,3.0,0,0.968421052631579,0.3035233037972016,1.0,1.445605039820879,1.302395048886363,0.6060036156707944,0.5661158448632068,0.0,0.0,0,0,1896,0
24.899761,97,111975.82657,True,True,0,3.0,0,0.9587628865979382,0.28196600127222954,1.0,1.5765053785773222,1.3918848530815238,0.6327778650345015,0.6199665558588788,0.0,0.0,0,0,1926,0
25.61235,122,112295.436285,True,True,1,3.0,0,0.9590163934426229,0.330743630985116,1.0,2.441742160082435,2.441719313371865,2.4510207365971306,2.0797688279249305,0.4576149018784796,0.44396609921600005,0,0,2427,0
25.072737,105,112572.17211,True,True,1,3.0,0,0.9619047619047619,0.3008589228209217,1.0,0.9910281814435292,0.9646771091670998,1.3100113674034346,1.2158707453800608,0.0,0.0,0,0,2086,0
25.198968,113,112859.119929,True,True,0,3.0,0,0.9557522123893806,0.2694519013461427,1.0,1.7163328281623718,1.6075848694680936,1.1755260977244386,1.1060636944716185,1.4901161193847656e-08,0.0,0,0,2257,0
25.208073,99,113087.348398,True,True,1,3.0,0,0.9494949494949495,0.31655955849404493,1.0,1.824155475479414,1.681651227851582,1.3974001511796355,0.981547751136019,1.0961264771194228,1.0773603626069173,0,0,1970,0
24.883434,103,113320.568021,True,True,0,3.0,0,0.9514563106796117,0.3269486483749737,1.0,1.9459079966870048,1.7826250452077512,1.8711697033037276,1.7936536430556271,0.1647476651864777,0.1640327573627617,0,0,2054,0
20.944479,116,113587.969825,True,True,0,3.0,0,0.9396551724137931,0.334461210979685,1.0,0.8789131044598096,0.8721117074394152,1.2738775657971286,1.158199014647773,1.4901161193847656e-08,0.0,0,0,2308,0
20.546543,95,113803.093672,True,True,1,3.0,0,0.9368421052631579,0.3174587049366049,1.0,1.4447841466138938,1.3280478143813892,0.6157384998256108,0.5616913065570186,0.0,0.0,0,0,1896,0
23.120614,119,114073.34236,True,True,0,3.0,0,0.9663865546218487,0.24256970531447022,1.0,1.2308008948666704,1.1010318191913604,0.658866675409731,0.5808595393723468,0.0,0.0,0,0,2376,0
-21.890586,53,114197.296397,False,False,1,13.789082387661061,0,1.0,0.39807976291693586,1.0,2.1026213460456913,1.8643158784230598,2.728215979521721,2.4356526102585754,1.7263060644684816,1.7099570611547912,0,0,1051,0
25.078736,120,114470.407152,True,True,1,3.0,0,0.9666666666666667,0.3551822892367801,1.0,2.0053538940664253,1.9219467775790327,0.8394814341473135,0.7917916256807732,0.02594297737967655,0.02483294484179165,0,0,2398,0
22.066975,95,114688.930855,True,True,1,3.0,0,0.9368421052631579,0.337009294160315,1.0,1.296951449771092,1.2004848313718257,0.6613982063289723,0.597216489300313,1.4901161193847656e-08,8.940696716308933e-10,0,0,1893,0
28.057758,124,114971.009348,True,True,1,3.0,0,0.9596774193548387,0.33822874702933087,1.0,2.0399472866928523,1.9440783523136695,0.7509339194622638,0.6343715827229787,1.4901161193847656e-08,0.0,0,0,2464,0
27.030211,118,115249.395524,True,True,0,3.0,0,0.9576271186440678,0.32859406493818555,1.0,1.681681770938653,1.316217744556289,2.003137499110052,1.919587265580139,0.0,0.0,0,0,2353,0
28.322525,109,115499.14932,True,True,1,3.0,0,0.9724770642201835,0.3135995552664699,1.0,2.159240181828452,1.9581858401134171,0.42210651611171585,0.4005393445948852,0.0,0.0,0,0,2172,0
24.984551,108,115744.043424,True,True,0,3.0,0,0.9537037037037037,0.26986560710347784,1.0,1.4747331424570114,1.4324976063587858,0.4481672133116162,0.4130906069570126,0.0,0.0,0,0,2156,0
7.489497,150,116091.763874,False,False,2,4.938918254353727,0,1.0,0.29403628457611153,1.0,2.4727828663149993,2.13909981918497,2.0756245327405636,1.6812127065390314,0.6576201425113728,0.630041556842394,0,0,3000,0
21.052066,94,116307.879353,True,True,1,3.0,0,0.9574468085106383,0.3553125329664285,1.0,1.254344087766718,1.2188040471974435,1.2565512678037951,1.2426655079759579,0.0,0.0,0,0,1876,0
-21.130843,49,116416.484474,False,False,1,18.698992451244514,0,1.0,0.3976081336307601,1.0,2.3426314779591335,2.199611960637643,3.3268449114444976,3.174562264796221,0.3981367058246804,0.39648306612613055,0,0,962,0
4.132083,150,116759.831846,False,True,1,3.0,0,0.98,0.3523510719996277,1.0,2.602868064174193,2.398910868472546,1.7645699744944432,1.5477876179888155,0.2802886335995147,0.2674929728406868,0,0,3000,0
24.159612,106,117008.597641,True,True,0,3.0,0,0.9528301886792453,0.3052075380222779,1.0,2.182310613581705,1.9786322214757082,1.6476633942684948,1.4614341014789778,0.0,0.0,0,0,2116,0
24.124633,129,117306.05201,True,True,0,3.0,0,0.9457364341085271,0.2841429990978217,1.0,1.642875149496142,1.3873905537212896,1.2766053413616227,1.2469048059922867,0.0,0.0,0,0,2562,0
23.965505,107,117553.184857,True,True,0,3.0,0,0.9532710280373832,0.33737079163691847,1.0,0.6869724692791057,0.6792858184626926,1.401471943665895,1.3462154745032708,0.0,0.0,0,0,2136,0
25.888932,98,117775.102008,True,True,1,3.0,0,0.9489795918367347,0.32993884639304016,1.0,1.843608190840223,1.6891136427300824,0.4402664423251038,0.41811957238311487,0.0,0.0,0,0,1957,0
-20.674792,36,117855.060475,False,False,1,13.222144287091075,0,1.0,0.3318473170369726,1.0,1.4900375480116452,1.4726821614939263,0.4369002001151779,0.41963712089939464,1.4901161193847656e-08,9.685754776000955e-09,0,0,708,0
24.886393,109,118099.640292,True,True,0,3.0,0,0.9541284403669725,0.33785345142743145,1.0,1.8021218854085146,1.7166749061811406,0.5291223300996484,0.5232031006466435,0.0,0.0,0,0,2169,0
26.042447,80,118279.96535,True,True,0,3.0,0,0.95,0.3055837719654823,1.0,1.2178347656116493,1.1345361557807676,0.5325216214684331,0.5184835433985502,1.4901161193847656e-08,3.1292438507079146e-09,0,0,1590,0
26.52763,120,118550.019271,True,True,0,3.0,0,0.9583333333333334,0.331618482932756,1.0,1.4744722841863775,1.3750581886248008,0.9590501881197283,0.8949230095458818,0.0,0.0,0,0,2400,0
19.953032,93,118761.76851,True,True,0,3.0,0,0.9354838709677419,0.29281415013232587,1.0,0.8848447062700476,0.8658782508889097,0.8075333244186834,0.7961902825587363,0.0,0.0,0,0,1850,0
26.162762,111,119023.221758,True,True,1,3.0,0,0.972972972972973,0.28483393893009024,1.0,1.8289302347289054,1.6528664964655153,0.4688880219307141,0.462335412586908,0.0,0.0,0,0,2220,0
-22.896435,65,119171.968792,False,False,1,8.865945567442004,0,1.0,0.38508539369874456,1.0,2.2912860885795516,2.2875127528022805,1.7308986287234238,1.6958758051871605,0.9441695907854142,0.9416080510555931,0,0,1291,0
24.207017,132,119470.516538,True,True,0,3.0,0,0.9621212121212122,0.36670075807207664,1.0,2.3166238329745883,2.1283512882612152,2.2583371469326616,1.996594096907229,1.4901161193847656e-08,0.0,0,0,2628,0
25.239554,80,119652.386006,True,True,1,3.1817785031162202,0,1.0,0.3135021646910233,1.0,1.323763121507081,1.2661326172581526,0.7312388013916634,0.7136658568530831,1.4901161193847656e-08,3.1292438507079146e-09,0,0,1589,0
19.710648,83,119843.23424,True,True,1,3.0,0,0.927710843373494,0.2886418452170855,1.0,1.2946171566536102,1.1249371258128782,0.6206069877760498,0.5949731934272695,0.0,0.0,0,0,1648,0
23.414937,134,120147.420796,True,True,1,3.0,0,0.9552238805970149,0.3329628498806728,1.0,2.356051117795299,2.1964444055667576,1.6471863564552742,1.4832798074383706,0.48269466766876523,0.47514527148984487,0,0,2668,0
20.026358,77,120319.788689,True,True,1,3.0,0,0.9090909090909091,0.33332261992196216,1.0,1.185690064647645,0.9488966632292243,0.5390559567802887,0.5005225907003187,0.0,0.0,0,0,1525,0
22.3316,85,120509.694821,True,True,1,3.0,0,0.9294117647058824,0.32797081118712995,1.0,1.6045335986665676,1.5235706750026563,0.48412965086100335,0.47968630038334353,1.4901161193847656e-08,1.4901161193847656e-08,0,0,1688,0
22.483327,101,120743.971634,True,True,1,3.0,0,0.9504950495049505,0.33382500903003526,1.0,1.369876324061399,1.3100715268392606,1.9165273638342442,1.883844065910072,0.0814121601011958,0.07145662178028502,0,0,2010,0
25.177174,137,121061.860089,True,True,1,3.0,0,0.9781021897810219,0.3271696109378867,1.0,2.735152349358575,2.510578887895136,2.2066483401519092,1.1178853957368489,1.7860511507727912,1.7558387671852527,0,0,2722,0
21.403009,89,121259.645539,True,True,1,3.0,0,0.9438202247191011,0.33899939319923356,1.0,1.1218896649796906,1.1019939347851215,0.8809075076266392,0.8219872288958531,0.0,0.0,0,0,1763,0
25.006891,74,121429.220865,True,True,0,3.0,0,0.972972972972973,0.2864010820309043,1.0,1.5328823796606126,1.4384763701695131,0.7687461106015929,0.7318493356172235,1.4901161193847656e-08,4.023313522338808e-09,0,0,1478,0
-20.192065,52,121545.845935,False,False,0,25.000000000000004,0,1.0,0.3696917771018518,1.0,2.8728052328193447,2.8727383229746883,3.6266439472903675,3.5842702793632935,0.48757469458678054,0.4769053622640077,0,0,1035,0
20.517862,75,121715.196192,True,True,0,3.0,0,0.9066666666666666,0.27228294811693926,1.0,1.183086254417673,1.1538192909780416,0.6495123111547049,0.5886964621119282,0.0,0.0,0,0,1492,0
27.337155,119,121988.802148,True,True,1,3.0,0,0.957983193277311,0.32562649878362376,1.0,2.578609683758831,2.1529954329596537,1.1338275510138616,0.8844891855849308,0.0015589407327412676,0.0012222405824594174,0,0,2377,0
27.94467,132,122290.088349,True,True,1,3.0,0,0.9545454545454546,0.34740049383556665,1.0,2.24931412229576,2.0198717612055317,1.4491254142641519,1.100720769480627,0.7031528270318785,0.6944689531902039,0,0,2624,0
22.977164,102,122525.551336,True,True,1,3.0,0,0.9411764705882353,0.3363433656242434,1.0,1.6992834892712658,1.4922272721830656,0.8457862852003962,0.7698649562872244,0.0,0.0,0,0,2038,0
21.553221,63,122664.812441,True,True,0,3.0,0,0.9206349206349206,0.3357007684196629,1.0,1.5404305944034757,1.4705636208723183,1.024940501632856,1.0161003825204815,0.0,0.0,0,0,1249,0
-17.02674,113,122939.488961,False,False,1,19.912050545174147,0,1.0,0.34355359984437395,1.0,2.8720689825632846,2.87202139721623,3.6481102086439594,3.5271603146083756,0.7231954657406918,0.7010987745935998,0,0,2248,0
-20.733471,48,123061.767595,False,False,1,23.268130229574766,0,1.0,0.39513687025115457,1.0,2.7080234970900072,2.573509350609067,3.092464827918948,2.8510407792959214,0.29894468711184063,0.2977577631217904,0,0,945,0
23.265807,94,123230.337122,True,True,0,3.0,0,0.9361702127659575,0.3571972095283122,1.0,1.3622516515382441,1.1868824428556808,1.1407875721764995,1.0933670463521779,0.0,0.0,0,0,1864,0
25.268942,111,123410.456398,True,True,1,3.0,0,0.954954954954955,0.32668679038765924,1.0,1.7045519351760434,1.5004861717799023,1.620097381325089,1.47035399391468,0.0,0.0,0,0,2211,0
