#{"t_start": 1790504537.0323098, "env_id": "None"}
r,l,t,completed,terminal_region_active,illegal_terminal_entry_count,hybrid_waypoint_radius_m,hybrid_qp_zero_fallbacks,hybrid_v2_episode_changed_fraction,hybrid_v2_episode_mean_reference_step_m,hybrid_v2_episode_accepted_fraction,hybrid_v3_episode_reference_jump_target_max_m,hybrid_v3_episode_reference_jump_target_p95_m,hybrid_v3_episode_reference_jump_inertial_max_m,hybrid_v3_episode_reference_jump_inertial_p95_m,hybrid_v3_episode_direction_lag_max_rad,hybrid_v3_episode_direction_lag_p99_rad,hybrid_v3_episode_reference_jump_violations,hybrid_v3_episode_qp_zero_fallbacks,hybrid_v3_episode_control_steps,hybrid_branch_switches
5.793881,150,384.03164,False,False,2,20.827825644476544,0,1.0,0.3298359341533295,1.0,1.5277181291188016,1.414319297293333,0.7615968701184367,0.7223479772936987,1.4901161193847656e-08,7.599592208862169e-09,0,0,3000,0
5.221102,150,755.382937,False,False,2,18.344724527135895,0,1.0,0.34718128221739325,1.0,1.8840694185751041,1.8037976711654402,0.6159746913576977,0.4701002037650452,0.0,0.0,0,0,3000,0
3.309662,150,1126.992796,False,False,2,21.979558117719257,0,1.0,0.3593062341622168,1.0,2.5890310611597958,2.176796030845425,1.8441381321756827,1.4620101437422537,0.02294363054326306,0.016902040859295225,0,0,3000,0
-3.693331,150,1502.5915,False,False,2,14.184747203639496,0,1.0,0.3171374273283974,1.0,2.3405271351192742,1.9992606439556324,1.6782852852931767,0.9087427284704307,1.7006011547519573,1.6626107376494486,0,0,3000,0
3.059482,150,1884.519178,False,False,0,14.52191536234587,0,1.0,0.3000318594388181,1.0,1.0059346411615797,0.7650211703284064,0.8686876912270574,0.8398684806133015,1.4901161193847656e-08,0.0,0,0,3000,0
-5.869738,150,2263.93568,False,False,2,23.75088095310915,0,1.0,0.3654380845597351,1.0,2.578690503110297,2.0735636557147967,1.0445431345441605,0.5069100826845752,0.07702349176410205,0.009558092046074865,0,0,3000,0
-25.603375,111,2544.696668,False,False,2,23.27122579963448,0,1.0,0.3472064377438865,1.0,2.665201516351897,2.5229008110711555,1.5657158568547342,1.0332817899189108,0.21229932990697606,0.19216000165544456,0,0,2214,0
6.952025,150,2921.126363,False,False,2,25.000000000000004,0,1.0,0.3177470686323972,1.0,1.4439495205241777,1.4030692119785633,0.8885222269374773,0.8182009139512296,1.4901161193847656e-08,7.599592208862169e-09,0,0,3000,0
-7.719798,150,3298.447287,False,False,2,22.806328645160246,0,1.0,0.3391089771905586,1.0,2.64427328445736,2.579283977007573,0.9735513329395507,0.8343963672758135,0.21072316219090942,0.18682507911010604,0,0,3000,0
6.709712,150,3678.263214,False,False,0,23.395279723620455,0,1.0,0.257189678060257,1.0,1.5187084412167395,1.3146698072741452,1.0046788680590724,0.9140569571544362,0.0,0.0,0,0,3000,0
4.526757,150,4061.158732,False,False,1,15.791883755404,0,1.0,0.3115278334842708,1.0,1.3888000598073762,1.2446789060648662,0.9356515671630761,0.7252263041768736,1.4901161193847656e-08,0.0,0,0,3000,0
6.152959,150,4436.257553,False,False,1,21.656582338585633,0,1.0,0.3537184373425902,1.0,1.9629892173071715,1.933667842020347,1.1573786490714624,0.9964491499055157,0.0,0.0,0,0,3000,0
4.844535,150,4815.559421,False,False,2,17.42419973449595,0,1.0,0.34076805923283177,1.0,1.280444667566056,1.2520262428349436,0.47484441510467046,0.4443718221388117,2.1073424255447017e-08,7.599592208862169e-09,0,0,3000,0
7.741594,150,5210.165351,False,False,0,17.852972586521403,0,1.0,0.29721857337761565,1.0,1.7555618746211883,1.7167577086460415,0.44839687698505887,0.4353726356808511,0.0,0.0,0,0,3000,0
-30.688891,72,5394.375734,False,False,1,6.5,0,1.0,0.3487239192886785,1.0,1.6839523990978527,1.5731750138375886,0.5728591659656774,0.4550811165999258,0.02500263914913919,0.01548163670717445,0,0,1429,0
5.032586,150,5780.006485,False,False,0,25.0,0,1.0,0.21488934681651642,1.0,0.6158015662001735,0.553925292232495,1.8729731247784527,1.8584611096435764,0.0,0.0,0,0,3000,0
18.679734,66,5946.652539,True,True,0,3.0,0,0.9393939393939394,0.3413222800457407,1.0,0.6028753752236671,0.5331475043295575,0.6106700718986317,0.5934893802394805,0.0,0.0,0,0,1307,0
7.94541,150,6333.884725,False,False,0,18.395076902042188,0,1.0,0.23533895902241492,1.0,1.9647254396125242,1.7423416237675398,0.9364586051433331,0.9235604063634175,1.4901161193847656e-08,0.0,0,0,3000,0
-18.614255,58,6481.418216,False,False,0,24.60542630615825,0,1.0,0.3560654867667709,1.0,2.3338478081103626,2.1861947076040797,2.8569624143402135,2.776004377210966,2.1073424255447017e-08,9.061572429842211e-09,0,0,1155,0
17.438301,115,6774.870799,True,True,0,3.0,0,0.8869565217391304,0.28480803594446796,1.0,1.5378652297713393,1.3370524846036504,1.2519432801684913,1.229610440623769,1.4901161193847656e-08,0.0,0,1,2288,0
15.69978,84,6987.237499,True,True,1,3.0,0,0.9047619047619048,0.35066355818216166,1.0,1.2652225696029162,1.178075040354208,1.6919865097454485,1.597363499575042,0.0,0.0,0,0,1664,0
-17.140854,150,7374.251991,False,False,1,23.07606794573694,0,1.0,0.3054418489784797,1.0,1.7468803402920352,1.5716645201194417,2.4206473217473823,2.296125644966216,1.4901161193847656e-08,0.0,0,0,2988,0
15.137987,81,7586.330096,True,True,1,3.0,0,0.8271604938271605,0.3128848519504861,1.0,1.7882418981066395,1.5583905048865059,1.4912600953178312,0.8278836785972298,0.8021769265635762,0.7983338911190172,0,0,1603,0
23.169426,142,7955.047271,True,True,1,3.0,0,0.9295774647887324,0.3315983138235053,1.0,2.566591127111008,2.440282201157515,0.8664319052417077,0.8533833626284566,1.4901161193847656e-08,8.791685104370168e-09,0,0,2830,0
17.794509,127,8283.760935,True,True,1,3.0,0,0.937007874015748,0.28055604882370866,1.0,1.1954851770800932,1.1048847124997736,0.7299395472828817,0.7170554743407622,0.0,0.0,0,0,2530,0
5.235767,150,8676.813438,False,False,3,18.537440174173877,0,1.0,0.20661053037385174,1.0,1.3119902563609585,1.24863511379189,0.5765179340061134,0.535820585566298,1.4901161193847656e-08,7.599592208862169e-09,0,0,3000,0
7.575604,150,9064.816822,False,False,1,14.820803080770705,0,1.0,0.2872956202858616,1.0,2.1789096185370007,2.115116320884255,2.060063533614731,1.6470202390088393,0.0,0.0,0,0,3000,0
-40.150277,149,9454.270302,False,False,2,20.31712002575352,0,1.0,0.29953370423811715,1.0,1.9558227713096583,1.8391509337036573,1.375402033756348,0.9836041925314428,0.9953296161053298,0.9729221377925618,0,0,2977,0
13.347312,85,9674.365765,True,True,1,3.0,0,0.8823529411764706,0.3263655838661048,1.0,0.8425479449581659,0.7370506546853794,0.8810546934874821,0.8424867303604459,0.0,0.0,0,0,1683,0
6.000137,150,10062.538814,False,False,0,24.065604284747817,0,1.0,0.23201479110834053,1.0,0.9966817497820138,0.9848563705233035,1.8216599239535087,1.6945620211460242,1.4901161193847656e-08,7.599592208862169e-09,0,0,3000,0
5.557908,150,10500.014632,False,False,0,25.0,0,1.0,0.349398146475389,1.0,1.4042159377097136,1.24116450655159,2.024115872699458,1.962880757867045,0.0,0.0,0,0,3000,0
-19.740102,24,10564.713743,False,False,1,22.993207150447272,0,1.0,0.38845540179969235,1.0,2.6592803911834255,2.4987103982523187,1.0761087473028406,0.9231004595622113,0.06065971459097564,0.055120985650660585,0,0,475,0
5.914704,150,10974.684782,False,False,2,12.626730515394879,0,1.0,0.30707076739213895,1.0,1.2255560803882521,1.198470100463515,1.0609560097729003,0.908021930884147,0.0,0.0,0,0,3000,0
-22.317075,67,11155.694347,False,False,1,15.392309408588142,0,1.0,0.3222891553668023,1.0,1.8074862542813925,1.6056383376948948,1.8582515280170286,1.7655783844907547,1.4443719382335973,1.4368370228105778,0,0,1338,0
17.553469,69,11325.449793,True,True,1,3.0,0,0.8695652173913043,0.2739857028505284,1.0,1.1743815330333336,1.1183327769516136,0.4179307471415626,0.41065121298425056,0.0,0.0,0,0,1365,0
6.396205,150,11666.173235,False,False,2,25.0,0,1.0,0.29223768429599883,1.0,1.2360022113228384,1.0093429405029866,1.160716928036954,1.0007419272203566,0.0,0.0,0,0,3000,0
16.726507,96,11866.340353,True,True,1,3.0,0,0.9375,0.36615261157736295,1.0,1.8868232158835039,1.759450286493393,1.4714789504445567,1.3617782781840684,0.0,0.0,0,0,1912,0
7.025224,150,12179.442466,False,True,1,6.500000000000001,0,1.0,0.25139075511719267,1.0,0.7564598183900862,0.627021913167962,0.8624312605940314,0.7363228684863573,1.4901161193847656e-08,0.0,0,0,3000,0
8.580506,150,12494.412138,False,True,1,4.60727256869837,0,1.0,0.3457070801736071,1.0,2.4554830056807817,1.919406819595551,2.6192018258196352,2.1474223060567628,1.4901161193847656e-08,0.0,0,0,3000,0
-4.024899,150,12812.326439,False,True,1,13.810332004213706,0,1.0,0.3188903970704933,1.0,1.4603868372336812,0.9365846767600705,1.0881004864923212,1.0101353031496296,0.0,0.0,0,0,3000,0
6.999465,150,13126.869734,False,False,0,25.000000000000004,0,1.0,0.3073518529404284,1.0,1.6940227883960315,1.6024637513373468,1.4302149072235535,1.409646598034648,1.4901161193847656e-08,0.0,0,0,3000,0
-17.786787,68,13268.124961,False,False,1,24.999999999999996,0,1.0,0.30348089309671505,1.0,2.8724030794602693,2.872397179228567,2.109747470832886,2.04771608154266,0.6421999263828008,0.6327908201136104,0,0,1343,0
-19.713232,105,13483.934488,False,False,1,24.055209927644803,0,1.0,0.35983438858546046,1.0,2.569930617121526,2.44507912441651,2.607775912676397,2.4108259195418325,0.20173632422253343,0.1971877400687756,0,0,2088,0
7.050197,150,13795.760101,False,False,1,25.0,0,1.0,0.2594930170352926,1.0,1.5741286692409413,1.5678588938587388,1.2171231920889067,1.154283015133293,1.4901161193847656e-08,0.0,0,0,3000,0
4.242916,150,14116.331685,False,False,0,22.15893037349079,0,1.0,0.3077647459050083,1.0,1.628658984417833,1.3343809577859276,0.9100686220621418,0.8545080060840745,0.0,0.0,0,0,3000,0
-17.893752,64,14249.017959,False,False,1,17.7993721096425,0,1.0,0.24512592072853404,1.0,2.4078559145220715,2.2736582208252276,2.2779427232148914,1.817259214262873,1.2851486059707513,1.270530987936862,0,0,1270,0
5.345259,150,14557.990838,False,False,1,19.88777279417053,0,1.0,0.3340776785579393,1.0,2.38681290726135,2.113520367793855,2.1522306655829517,1.375792367793105,1.84086319700885,1.8152017771788613,0,0,3000,0
4.896439,150,14870.822225,False,False,1,20.77551892261663,0,1.0,0.3259629925213701,1.0,1.8319130136845612,1.8024071593460422,1.6637743864675651,1.5681954775451348,1.4901161193847656e-08,7.599592208862169e-09,0,0,3000,0
2.289695,150,15188.865872,False,True,1,6.252323867008095,0,1.0,0.24963395547870182,1.0,0.7482414192744538,0.674837514336467,0.6729570069418133,0.6229835274845835,0.0,0.0,0,0,3000,0
6.487513,150,15500.702336,False,False,2,25.000000000000004,0,1.0,0.30559967208040173,1.0,2.850695747532552,2.5640191819169647,2.1686218608096492,1.8869349399124031,1.4901161193847656e-08,7.599592208862169e-09,0,0,3000,0
5.762044,150,15809.733254,False,False,3,21.92820571436985,0,1.0,0.2777227956528965,1.0,1.6608013504159769,1.602835132909746,0.8845545806065973,0.7633686760520061,1.4901161193847656e-08,7.599592208862169e-09,0,0,3000,0
6.934037,150,16121.17624,False,False,1,25.000000000000004,0,1.0,0.25599899487603456,1.0,1.7482007910705943,1.7377767079780593,1.0576233618273811,0.9851728206667817,0.0,0.0,0,0,3000,0
21.924076,148,16424.817791,True,True,2,3.0,0,0.9797297297297297,0.34315347635538007,1.0,1.567261025935649,1.4889143233322022,1.1974884420336835,1.1018299508099596,0.0,0.0,0,0,2953,0
-23.278111,49,16526.217211,False,False,1,22.744349679239583,0,1.0,0.3927763655587431,1.0,2.678264868847068,2.553848924375121,3.526017940802009,3.425609653302361,1.3275226338231763,1.3173107422460721,0,0,974,0
7.201831,150,16843.77152,False,False,3,6.5,0,1.0,0.32762934916774955,1.0,1.118734171045751,0.8695952807917152,0.9774709175236023,0.9121619823183055,1.4901161193847656e-08,0.0,0,0,3000,0
6.919499,150,17159.659963,False,False,0,19.176289793205065,0,1.0,0.2871755208740262,1.0,1.8769713270074835,1.7831418541779953,0.5345506268932949,0.42902898779438214,1.4901161193847656e-08,7.599592208862169e-09,0,0,3000,0
5.354808,150,17482.433345,False,False,0,23.96526103620782,0,1.0,0.22762767212175922,1.0,0.5628532684630252,0.5349442633847801,0.7370720501209905,0.6653694234711016,0.0,0.0,0,0,3000,0
5.778853,150,17796.888846,False,False,0,7.293717328192194,0,1.0,0.3550478047852658,1.0,1.7863112051220793,1.5634199065173782,0.8485778009220988,0.7988205009526899,0.0,0.0,0,0,3000,0
6.621845,150,18108.734084,False,False,2,9.334495742921717,0,1.0,0.34159849854292,1.0,2.294509824600117,2.019355782187444,2.287977703963631,1.9508298267636985,0.0,0.0,0,0,3000,0
-18.856012,119,18354.862334,False,False,1,23.71371199330593,0,1.0,0.3936482939290184,1.0,1.1492362971607444,1.0775250603545188,2.7965383050368637,2.3281506894961788,0.0,0.0,0,0,2368,0
-17.677309,89,18539.613002,False,False,1,25.0,0,1.0,0.31321724183503835,1.0,2.5747981995788214,2.480722499370118,2.1694339340987603,2.0431228203567664,0.0,0.0,0,0,1765,0
3.529415,150,18878.467483,False,True,1,11.045224000789442,0,1.0,0.28123982454263696,1.0,1.3697711391886254,1.1119236696728132,0.927931222413661,0.8883287910171036,2.1073424255447017e-08,0.0,0,0,3000,0
-26.220604,59,19011.30723,False,False,0,23.406589315745503,0,1.0,0.35152179265378214,1.0,2.6934306338070706,2.5848045575629186,3.949389448609901,3.8323950045866657,1.7903530649588766,1.7638256586908345,0,0,1176,0
19.575308,70,19159.74554,True,True,0,3.0,0,0.9142857142857143,0.3480420390818229,1.0,1.1984533181171082,1.1138374120042465,1.050055665211727,1.0268372431496748,1.4901161193847656e-08,4.619359970092807e-09,0,0,1399,0
24.119661,138,19451.135193,True,True,0,3.0,0,0.9710144927536232,0.27019442650327896,1.0,0.5416235418237506,0.5084042440003271,0.9209534953772496,0.8105579290610714,0.0,0.0,0,0,2749,0
-37.740636,79,19614.906314,False,False,1,10.076031181020818,0,1.0,0.33557073044283664,1.0,1.3980146782669205,1.2901428384512015,0.8742307622690477,0.5595059037841854,1.396154218313849,1.3923670787025457,0,0,1575,0
6.075168,150,19925.204138,False,True,0,7.25813491074576,0,1.0,0.2925100466736288,1.0,1.105506385070832,1.0050185485347565,0.6800526502724933,0.6252407274241072,0.0,0.0,0,0,3000,0
7.519632,150,20240.1731,False,False,1,9.528072395107127,0,1.0,0.341261476762407,1.0,1.539636008018338,1.4138867824273829,1.4056738272472071,1.3125512737553369,0.0,0.0,0,0,3000,0
7.377431,150,20552.959553,False,False,1,7.3450199365615845,0,1.0,0.26844556094530636,1.0,0.8028030765622473,0.6855373637954084,0.6861501051745199,0.6441483428707834,0.0,0.0,0,0,3000,0
-23.88288,50,20657.067525,False,False,0,17.633506778441365,0,1.0,0.397695213640475,1.0,2.239992701579647,2.0926806047481885,3.1199757602609743,3.087017277128411,1.0754233222455407,1.0682434382125885,0,0,990,0
2.443372,150,20969.342214,False,True,0,5.703656042281695,0,1.0,0.16823739457235662,1.0,1.5062127070128277,1.1134010825205005,1.5434218616454405,1.208862786349428,0.0,0.0,0,0,3000,0
5.216156,150,21283.116044,False,True,1,3.0,0,0.9933333333333333,0.3445349332770084,1.0,1.8629217174017414,1.693876628665871,1.005268667734704,0.8977552805543084,0.0,0.0,0,0,3000,0
4.803721,150,21597.794537,False,False,1,10.494243768347587,0,1.0,0.2971994692570203,1.0,1.9255085534838718,1.7506864090204977,1.6213240393354391,1.549495910765185,0.11748051411421373,0.11264105385063126,0,0,3000,0
3.077297,150,21918.648628,False,False,1,16.54396937840044,0,1.0,0.19460132871998645,1.0,1.1433443593175814,1.0951235753077788,1.1484462909850226,1.1409632418416131,0.0,0.0,0,0,3000,0
6.752626,150,22230.952008,False,False,2,7.690271803127338,0,1.0,0.2966405157000656,1.0,1.3012114007919269,1.250861371869836,0.9680076004293897,0.9124017900806833,1.4901161193847656e-08,0.0,0,0,3000,0
26.984456,132,22504.965059,True,True,1,3.0,0,0.9772727272727273,0.2658622827766913,1.0,1.5744225780329062,1.184433382635446,0.812587878721205,0.7279734309469617,0.0,0.0,0,0,2625,0
-21.626773,65,22637.546597,False,False,1,20.195364954451517,0,1.0,0.3672358593529506,1.0,2.2489803500094174,2.133652533934438,2.324146126878431,2.233725166325783,1.5348421272911266,1.532592488103956,0,0,1286,0
4.161585,150,22917.534356,False,True,0,4.925475765504835,0,1.0,0.1904071612974024,1.0,0.7606425400921162,0.7470332786561596,1.0346489315835963,1.0181382473169793,0.0,0.0,0,0,3000,0
7.025155,150,23172.689843,False,True,1,8.028495324196506,0,1.0,0.36450279753484605,1.0,2.5748152061337386,2.281461321609612,2.099037911537313,1.515805679467025,0.6768545377327353,0.6689758557875923,0,0,3000,0
5.368546,150,23425.503045,False,True,1,4.930206171178867,0,1.0,0.24260147085279438,1.0,1.6829619379881056,1.573543470786558,0.6795223324313315,0.5147020983807177,0.0,0.0,0,0,3000,0
-26.44423,54,23515.439359,False,False,0,15.427110008533958,0,1.0,0.3395092149704187,1.0,1.957620996547037,1.8807395880844586,2.8659030606592397,2.7958035439411106,0.4574201930571525,0.4556511577670733,0,0,1065,0
17.015861,55,23608.264705,True,True,0,3.0,0,0.8909090909090909,0.275743319711524,1.0,0.8136747399909228,0.7697281258764551,0.48058689655218434,0.4376016388091002,1.4901161193847656e-08,6.8545341491699346e-09,0,0,1094,0
5.357395,150,23862.607302,False,False,1,20.727509833204724,0,1.0,0.3309512635506333,1.0,1.1315100653045496,0.8607726022492871,0.8558361695985746,0.7552548114210671,1.4901161193847656e-08,0.0,0,0,3000,0
4.709248,150,24114.946555,False,False,1,10.880275561451342,0,1.0,0.24450492392590648,1.0,0.7887330292972503,0.7709256101580904,1.2942034640727504,1.2027182991889194,0.0,0.0,0,0,3000,0
6.972134,150,24366.836145,False,False,2,8.118495571659878,0,0.98,0.32646245465282525,1.0,2.226370927888459,2.081056621284365,0.889660204101062,0.749438727236183,0.0038772175587486104,0.001974968509015858,0,0,3000,0
4.065466,150,24620.480265,False,False,1,7.878498952787794,0,1.0,0.2915585649401637,1.0,0.9157367729863142,0.7339904681516357,1.2154200386233527,1.1592129016121158,1.4901161193847656e-08,0.0,0,0,3000,0
19.696247,101,24791.994691,True,True,0,3.0,0,0.9504950495049505,0.2331228618627258,1.0,1.0974977667018548,0.9474064031559309,0.9345894666752755,0.7412842414729602,0.0,0.0,0,0,2020,0
8.668043,150,25044.420434,False,True,1,8.975813516476766,0,1.0,0.3396294860948694,1.0,1.9244095818781126,1.9046480367251442,0.9930621336082791,0.8557958920647103,1.4901161193847656e-08,0.0,0,0,3000,0
24.850022,119,25245.967254,True,True,0,3.0,0,0.9747899159663865,0.30997663589626995,1.0,1.6022423221942395,1.346420408684723,0.5768554107571491,0.5695148765523027,0.0,0.0,0,0,2370,0
8.80128,150,25496.180428,False,False,2,7.142224927019257,0,1.0,0.32270800337435135,1.0,1.966552455031308,1.764428267590773,0.9446002533335268,0.902897005431129,2.1073424255447017e-08,7.599592208862169e-09,0,0,3000,0
7.303399,150,25749.232022,False,True,1,7.282964011014776,0,1.0,0.33605201709365434,1.0,1.7303061720918602,1.368400810658493,1.1780505493391544,1.0748759273464483,1.4901161193847656e-08,0.0,0,0,3000,0
6.388211,150,26001.818385,False,False,0,25.0,0,1.0,0.2974874512710989,1.0,1.951002390559997,1.6588335252707611,1.2923969869716794,1.2703410660113037,0.0,0.0,0,0,3000,0
-33.074268,67,26113.112794,False,False,1,18.66133312746093,0,1.0,0.3482489881140893,1.0,1.8101664550107879,1.7180763298189854,0.5939086909571365,0.5266216626303839,0.024622189349972106,0.019028529476633638,0,0,1337,0
-3.231491,150,26367.376787,False,False,2,3.2079621779266745,0,1.0,0.2561558184002568,1.0,1.5373379794551703,1.1985193122620408,0.8838292362689497,0.8517246777461699,1.0944124428476236,1.0574267502153223,0,0,3000,0
28.136043,145,26611.098859,True,True,2,3.0,0,0.9862068965517241,0.2780643461189944,1.0,2.0334807648330226,1.9439440302621338,0.6606481049521832,0.6297682143375712,0.0,0.0,0,0,2891,0
-17.868529,37,26671.862529,False,False,1,10.67928048415277,0,1.0,0.3708515661894648,1.0,1.6788034676632553,1.6170543834759699,0.4409756625549232,0.43195461463251134,0.0,0.0,0,0,728,0
7.587708,150,26924.395359,False,False,1,5.784330125649767,0,1.0,0.25997218951407564,1.0,2.065781660532963,2.046862177864851,0.5326154313461927,0.5229529183481538,0.0,0.0,0,0,3000,0
2.883615,150,27178.939686,False,False,1,9.450784526727851,0,0.98,0.27331813112235875,1.0,1.3086631089383494,1.0831749982982735,1.5921847117380854,1.1580433140642445,1.606461659318154,1.5778172617367925,0,0,3000,0
27.248638,111,27365.093263,True,True,1,3.0,0,0.972972972972973,0.27346150346373216,1.0,1.3769199440989235,1.323134710399255,0.70624762164239,0.6622080138923638,1.4901161193847656e-08,0.0,0,0,2216,0
6.67452,150,27614.543988,False,True,1,6.267451660241932,0,0.98,0.38706730826053615,1.0,2.008039654545536,1.9148805251841967,0.9401162495105038,0.9143377565659166,0.0,0.0,0,0,3000,0
21.100597,98,27779.311021,True,True,0,3.0,0,0.9285714285714286,0.3333269245420517,1.0,2.250582722391535,1.9304161270670803,1.8076895131755093,1.7814740007285308,0.0,0.0,0,0,1948,0
21.504071,118,27977.61017,True,True,0,3.0,0,0.9491525423728814,0.2730344544210205,1.0,1.739835088026113,1.4553115141669188,0.8934338961332161,0.6924380956875535,1.4901161193847656e-08,0.0,0,0,2357,0
7.053755,150,28230.643338,False,False,0,16.947517977019615,0,1.0,0.2665674225547882,1.0,1.2626080188537967,1.199037523450645,2.116239302073925,1.9751146126316763,0.0,0.0,0,0,3000,0
17.810664,99,28396.803928,True,True,0,3.0,0,0.9191919191919192,0.31157978205259645,1.0,0.6157679306119722,0.5515611294667769,1.0048500566497298,0.9804683158787825,0.0,0.0,0,0,1965,0
-22.441669,116,28589.02313,False,False,1,19.87872255095644,0,1.0,0.31856337794951034,1.0,2.7871140073761653,2.6231250511616624,3.302910900792764,2.230794547378703,0.3967231414023711,0.39363990909446994,0,0,2308,0
16.23373,133,28811.521051,True,True,1,3.0,0,0.9172932330827067,0.3454557644071779,1.0,0.7447209878873561,0.6302946793596124,0.7680825120224303,0.756433560548932,1.4901161193847656e-08,0.0,0,0,2648,0
22.406859,74,28934.895963,True,True,0,3.0,0,0.9324324324324325,0.29049097733602025,1.0,1.3856812015016586,1.3287452935078428,1.1646324829864294,1.003279062106763,0.0,0.0,0,0,1464,0
18.383945,115,29128.208169,True,True,1,3.0,0,0.9391304347826087,0.2659907958476378,1.0,1.322256160078188,1.1290749600061976,0.9156711108473148,0.8542219353007698,0.03338670497899241,0.030661284871633925,0,0,2284,0
7.579548,150,29380.970985,False,False,2,6.500000000000001,0,1.0,0.280177472997075,1.0,2.6065005503884895,2.4104838999504596,1.513578742454008,1.0917846038030272,1.3803445063999817,1.3595770453083582,0,0,3000,0
16.500548,80,29516.063161,True,True,0,3.0,0,0.9125,0.2546719894844329,1.0,0.9517335836314799,0.8878018188874365,0.5118646181937325,0.4597225851597925,1.4901161193847656e-08,3.1292438507079146e-09,0,0,1591,0
-21.4316,55,29608.733578,False,False,1,25.0,0,1.0,0.30946829372878176,1.0,2.8726470055462126,2.8726302858755712,3.008664047273776,2.9454255735316845,0.7573642116026246,0.7546460470633739,0,0,1096,0
15.473487,69,29725.024388,True,True,0,3.0,0,0.855072463768116,0.32561969653559725,1.0,0.9004624902271791,0.761450236010968,0.6906616840777554,0.6869837241978143,1.4901161193847656e-08,4.768371582031148e-09,0,0,1368,0
5.569775,150,29978.341475,False,False,1,12.424971741810442,0,1.0,0.2953159340514098,1.0,1.1533765508548974,1.0935192236292806,1.0363046499975532,0.98275058675632,0.0,0.0,0,0,3000,0
5.019441,150,30233.80345,False,False,2,6.5,0,1.0,0.2738938421387691,1.0,1.8011989310451788,1.581874774499032,0.7895128133586051,0.6899285560114292,0.2571699770532625,0.24245230349455055,0,0,3000,0
24.785735,100,30400.943896,True,True,1,3.0,0,0.95,0.3227074386774265,1.0,1.3401492172766996,1.2927352183600593,0.7859723535999262,0.7048409365883336,0.0,0.0,0,0,1982,0
14.172152,54,30491.03742,True,True,0,3.0,0,0.8518518518518519,0.2821792615906745,1.0,1.1298448968584893,1.0547344292981982,0.6420994314667827,0.6239616352180533,0.0,0.0,0,0,1063,0
5.086953,150,30746.372674,False,False,2,3.0,0,0.7933333333333333,0.2570606206936312,1.0,1.3955696049475728,1.2176620210757882,0.7817801328576012,0.7181569658790493,1.4901161193847656e-08,0.0,0,0,3000,0
25.160359,102,30918.119041,True,True,0,3.0,0,0.9705882352941176,0.29536864644766925,1.0,1.1741740442241726,1.1008540273146878,0.5364576616698296,0.47767788428788455,0.0,0.0,0,0,2037,0
-20.732645,54,31009.01789,False,False,0,22.44562543838614,0,1.0,0.37928632283243136,1.0,2.618794975818932,2.541483326992369,2.994168514023429,2.711879784562244,0.13270002651153506,0.13056891444677057,0,0,1080,0
6.506912,150,31266.963107,False,False,2,7.88427169888746,0,1.0,0.32351139418614533,1.0,2.4226522897894847,2.1208566648417566,2.052080968682338,1.8672681879714461,0.20552501701269138,0.19381029072804354,0,0,3000,0
24.723147,77,31396.117007,True,True,0,3.0,0,0.948051948051948,0.2895335172367631,1.0,1.227248153656302,1.1559798529438186,0.44194498553184086,0.4119168784781036,0.0,0.0,0,0,1529,0
24.469155,138,31623.665838,True,True,1,3.0,0,0.9565217391304348,0.29585340747101174,1.0,2.3737288994861965,2.08470350369188,1.4151910415952886,1.2637289783534182,0.0,0.0,0,0,2744,0
7.023107,150,31881.699663,False,False,1,12.7601277475596,0,1.0,0.32198053712779906,1.0,2.2500362545481605,2.055287455026474,0.6462995418943422,0.6269847897508471,1.4901161193847656e-08,0.0,0,0,3000,0
-15.861033,142,32120.451931,False,True,2,7.230185121297837,0,1.0,0.27613163568855814,1.0,1.4985693889616067,1.2520592027127697,0.7420547277910371,0.7101544362568499,1.4901161193847656e-08,0.0,0,0,2832,0
7.798597,150,32371.029969,False,False,1,6.6413492992411784,0,1.0,0.27222556001247594,1.0,1.979069424763018,1.8673390353035733,0.4330835842979345,0.4237288493551783,0.0,0.0,0,0,3000,0
4.545396,150,32626.287005,False,False,1,10.326436346163975,0,1.0,0.2583875177203332,1.0,0.5922169770177548,0.5644418485633815,0.6976452460558626,0.6157014439177722,0.0,0.0,0,1,3000,0
3.058391,150,32884.32932,False,False,1,3.0,0,0.56,0.15814697329697605,1.0,1.3487028425939858,1.203037636005303,0.6097299562412796,0.5812446423959385,0.0,0.0,0,0,3000,0
6.478234,150,33135.251559,False,False,0,24.17463471744255,0,1.0,0.34204343980190455,1.0,2.1122845066469687,1.8130074584029985,1.279507124791287,1.0830385957926585,1.4901161193847656e-08,0.0,0,0,3000,0
24.422194,143,33375.946765,True,True,1,3.0,0,0.9790209790209791,0.2925249189253061,1.0,1.713855858015633,1.5449801773774412,1.082533771381373,0.9908670034015595,0.0,0.0,0,0,2860,0
16.985378,109,33558.827477,True,True,0,3.0,0,0.908256880733945,0.3620014708435478,1.0,0.9757201149790021,0.7291471578512922,1.3744317597663458,1.3650545148117652,0.0,0.0,0,0,2179,0
-16.543658,55,33650.189933,False,False,1,6.5,0,1.0,0.32518431904307404,1.0,1.7566827204893938,1.5919851112196033,0.41085686841902846,0.400800766717719,0.0,0.0,0,0,1095,0
17.413716,113,33839.971862,True,True,1,3.0,0,0.9292035398230089,0.3456208654256735,1.0,1.4405688783874586,1.2472908471516646,1.2443069947721483,1.1820689448467343,0.0,0.0,0,0,2248,0
8.396974,150,34091.557755,False,False,0,19.482318213242674,0,1.0,0.27920306832114666,1.0,2.014374379058463,1.9554398092110175,0.4676419477246992,0.4525071565990893,0.0,0.0,0,0,3000,0
24.606492,73,34212.447325,True,True,1,3.0,0,0.9452054794520548,0.30411367430725433,1.0,1.527675235593781,1.3225056616192685,0.5225054279216099,0.5183309739001253,0.0,0.0,0,0,1446,0
26.642588,132,34432.617187,True,True,1,3.0,0,0.9545454545454546,0.32336908912657675,1.0,2.4980963919889625,2.373395328703148,1.9842675799127016,1.6550717838320252,0.26489339069065615,0.26290658498774294,0,0,2623,0
-22.942855,55,34524.026016,False,False,1,23.695038411136963,0,1.0,0.31076402654005564,1.0,2.743132079959036,2.74310268856809,3.7610396019318713,3.648352721247935,0.6214202992190864,0.6197670998806968,0,0,1086,0
16.726979,106,34700.822001,True,True,0,3.0,0,0.8867924528301887,0.34438283717606055,1.0,1.8688351088381745,1.762248305108728,0.8249989892324,0.8157973372338327,0.0,0.0,0,0,2109,0
7.038929,150,34950.561472,False,False,2,10.195210388364442,0,1.0,0.29467307026360035,1.0,2.1786895536494066,1.91778511272828,0.690980922179072,0.6314224856435598,1.4901161193847656e-08,7.599592208862169e-09,0,0,3000,0
8.695157,150,35204.066995,False,False,1,7.6291640849418485,0,1.0,0.2807410827500107,1.0,1.329481012080973,1.2578013689466294,1.0394295469043187,0.9069408935898768,0.0,0.0,0,0,3000,0
-20.066731,61,35305.76708,False,False,1,23.572585162142662,0,1.0,0.3071799338487617,1.0,2.8716328791422816,2.6096121502969747,2.5036162813044696,2.3982898173240756,0.9755725945441037,0.974788851172184,0,0,1207,0
26.23541,144,35546.084412,True,True,0,3.0,0,0.9444444444444444,0.3307011264386348,1.0,2.2287674190332787,1.9803952629113626,1.4895626746675537,1.3651813107839428,1.4901161193847656e-08,0.0,0,0,2864,0
13.209747,96,35704.986178,True,True,1,3.0,0,0.8645833333333334,0.33201599458390846,1.0,2.1509240748145864,1.9274773406680343,1.039437613668701,0.8647739484176578,0.0608784905317248,0.05965226021029833,0,0,1904,0
7.623067,150,35956.921509,False,False,2,6.500000000000001,0,1.0,0.2051620591850911,1.0,1.1160297251106848,0.966814635752541,0.42792863099516754,0.39963626061491264,1.4901161193847656e-08,7.599592208862169e-09,0,0,3000,0
25.184325,110,36140.805921,True,True,1,3.0,0,0.9636363636363636,0.2980548510581644,1.0,1.2305842347323952,1.0842972998888487,0.630165120388937,0.5818886531614234,1.4901161193847656e-08,0.0,0,0,2186,0
14.818172,97,36304.08226,True,True,1,3.0,0,0.9278350515463918,0.31819421107640306,1.0,0.9289563186027558,0.9033061745462372,1.0909051242608117,1.0682238607007393,1.4901161193847656e-08,5.960464477537877e-10,0,0,1933,0
17.113976,76,36430.934218,True,True,0,3.0,0,0.881578947368421,0.31896320575880655,1.0,1.1534495015394508,1.1009500541647073,0.49360205614304076,0.47126280979321067,0.0,0.0,0,0,1502,0
3.862592,150,36683.636409,False,True,0,3.0,0,1.0,0.3258178933043186,1.0,2.0123396300916583,1.7765432531550187,2.1472640957417872,1.977477441482859,1.4901161193847656e-08,7.599592208862169e-09,0,0,3000,0
29.097303,143,36921.636797,True,True,1,3.0,0,0.9790209790209791,0.30033194557801307,1.0,2.059607480434801,2.049159533402804,0.547724460054558,0.5372826743634546,1.4901161193847656e-08,0.0,0,0,2850,0
5.868631,150,37173.426963,False,False,0,13.376801037180128,0,1.0,0.2314337398596066,1.0,0.6303993472157587,0.5571240867144824,0.47870635666420264,0.4666367585116695,1.4901161193847656e-08,0.0,0,0,3000,0
28.686459,127,37387.300538,True,True,1,3.0,0,0.984251968503937,0.3276749874867367,1.0,1.2968193127024932,1.2739837993938037,0.861860103425793,0.8476896188684127,1.4901161193847656e-08,0.0,0,0,2525,0
-24.95146,108,37567.733439,False,False,2,6.676048994064332,0,1.0,0.2922287187001843,1.0,2.032336002224813,1.8852450330822386,0.43050095856129544,0.40184010946636345,1.4901161193847656e-08,1.385807991027821e-08,0,0,2152,0
18.934548,93,37722.908527,True,True,1,3.0,0,0.9354838709677419,0.344427031326381,1.0,1.5155379233276904,1.3527949716452545,0.6806579571179874,0.6355766156230358,1.4901161193847656e-08,1.192092895507787e-09,0,0,1858,0
17.947015,83,37860.56415,True,True,0,3.0,0,0.9156626506024096,0.2914797476100038,1.0,1.1964904572496144,1.1087402302640457,0.48123174314820377,0.4753523794743182,0.0,0.0,0,0,1643,0
-27.361027,51,37944.216296,False,False,1,21.772031449718266,0,1.0,0.3759500397815711,1.0,2.4420440508843875,2.4252077844691033,0.7262475326219825,0.6857066963247485,0.0,0.0,0,0,1020,0
4.957437,127,38159.756309,True,True,1,3.0,0,0.9921259842519685,0.3212797002723006,1.0,1.4084542027138447,1.2696791137746273,0.8844072791793872,0.7908899330476012,0.32466585690290944,0.32061116372776294,0,0,2533,0
21.847742,111,38344.293172,True,True,1,3.0,0,0.954954954954955,0.2274805486126303,1.0,0.9169844357967472,0.8088087172834008,0.6004659097014262,0.5096857459820899,0.0,0.0,0,0,2212,0
19.899288,144,38583.960253,True,True,1,3.0,0,0.9583333333333334,0.34231388923812617,1.0,1.9781171166892098,1.9065883272498259,0.956518613135422,0.9424962090613996,0.09464059666300854,0.09207957834865153,0,0,2861,0
-19.347172,130,38801.151819,False,False,0,25.0,0,1.0,0.35650741668563135,1.0,2.8720905776560985,2.8720695867970276,3.093363065923501,3.0023321215788985,0.04086404723896263,0.03948884897786708,0,0,2596,0
4.718645,150,39052.731754,False,True,1,3.0,0,0.9666666666666667,0.36033681224681774,1.0,2.131086481069942,1.8851989071876563,1.4281318379673973,1.106229935727414,0.2449546019614501,0.2133452352217868,0,0,3000,0
8.107052,150,39303.147571,False,True,1,5.18722339612292,0,1.0,0.31611472189552114,1.0,2.735473895896043,2.427488883362962,2.214865384167318,1.92221456955954,0.6206561236354102,0.6182800435762524,0,0,3000,0
5.602007,150,39553.951545,False,False,1,19.847788074723404,0,1.0,0.3712752234577883,1.0,1.034879523400647,0.8195470735458518,2.0651769885025617,2.013013778520087,1.4901161193847656e-08,0.0,0,0,3000,0
23.041455,101,39724.536231,True,True,1,3.0,0,0.9405940594059405,0.3157125056428171,1.0,1.5830127641440206,1.4819958527736785,0.5273584462579548,0.5016499203945464,0.0,0.0,0,0,2016,0
15.693142,100,39893.359302,True,True,1,3.0,0,0.86,0.30974008047000645,1.0,1.946136477539594,1.7325237489317395,1.8748755700545978,1.763344820779632,0.6464835094145204,0.6338236847503976,0,0,1996,0
25.952672,147,40136.300031,True,True,1,3.0,0,0.9387755102040817,0.32303144655213817,1.0,2.595851773040822,2.2292587456545996,1.849407848452085,1.5716132220390602,0.0,0.0,0,0,2927,0
25.722799,125,40349.923766,True,True,0,3.0,0,0.96,0.3021306298698971,1.0,0.43983616506555023,0.40546372488056515,0.9692978039379784,0.957103774509941,0.0,0.0,0,0,2484,0
7.138729,150,40603.373528,False,True,1,3.663764038356021,0,1.0,0.2660633331268466,1.0,1.479575229777937,1.3090434719708819,0.4985833127188721,0.45752820814881356,0.0,0.0,0,0,3000,0
15.854273,86,40748.033515,True,True,1,3.0,0,0.9069767441860465,0.22627644753764178,1.0,0.6085963903572734,0.5471062350971726,0.6205093565876563,0.5738638541163033,0.0,0.0,0,0,1710,0
8.152992,150,40997.986364,False,False,2,6.5,0,1.0,0.2587946281141683,1.0,2.2420615929260728,2.060193866770186,0.6562448877473912,0.5391860515905916,0.02453548959434388,0.02371039293249236,0,0,3000,0
19.840914,126,41208.393071,True,True,1,3.0,0,0.8809523809523809,0.26662957351747807,1.0,2.097008198218617,2.0562869484461768,0.7034488564363056,0.6738133728870421,0.0,0.0,0,0,2520,0
-29.853029,132,41427.611284,False,False,2,22.196985274981596,0,1.0,0.36759908192174506,1.0,2.1261400676034357,2.01841346410268,0.6475584201894526,0.605641595706604,2.1073424255447017e-08,0.0,0,0,2638,0
25.032944,109,41611.201475,True,True,1,3.0,0,0.9724770642201835,0.22361966317621004,1.0,1.2749190420607277,1.0576436049832465,0.4985664019140858,0.4677062008763783,0.0,0.0,0,0,2179,0
-19.129536,50,41695.314953,False,False,1,16.1317222209201,0,1.0,0.3278592598047695,1.0,1.7509375843066393,1.7033116334769627,0.4347518351418997,0.4155835625726236,1.4901161193847656e-08,1.4901161193847656e-08,0,0,998,0
25.9413,96,41856.83166,True,True,0,3.0,0,0.96875,0.26330353900314923,1.0,0.6150455688920328,0.5457501699903419,0.506981135030123,0.4982768324383645,0.0,0.0,0,0,1908,0
29.54932,145,42097.954501,True,True,1,3.0,0,0.9862068965517241,0.32858772562837846,1.0,2.2717733803459,2.184960004223282,1.4916301771197522,1.2502717975081206,0.0,0.0,0,0,2888,0
18.693336,114,42289.112113,True,True,0,3.0,0,0.9035087719298246,0.2542942698857084,1.0,1.498403685792532,1.2586117987537366,0.6435301041202399,0.5950623626488315,0.0,0.0,0,0,2266,0
20.229356,95,42448.07423,True,True,1,3.0,0,0.9263157894736842,0.3072002863094785,1.0,1.8501801241455753,1.7731752461991508,0.7847449812391376,0.7389532591540116,1.4901161193847656e-08,8.940696716308933e-10,0,0,1890,0
25.545003,94,42605.970611,True,True,1,3.0,0,0.9893617021276596,0.24216042468456597,1.0,1.5171316563382409,1.5007285435473234,0.4174427012802886,0.4048914991180625,0.0,0.0,0,0,1876,0
16.917888,57,42701.680637,True,True,0,3.0,0,0.9649122807017544,0.32000878788833376,1.0,1.335679872573454,1.2789043598658438,0.8950813754913761,0.868878371869604,0.0,0.0,0,0,1131,0
27.595196,109,42885.379427,True,True,0,3.0,0,0.963302752293578,0.3045212482716973,1.0,1.8337475975791075,1.7234153704992776,0.5076787118723434,0.5004676781064891,0.0,0.0,0,0,2176,0
23.504942,75,43010.248327,True,True,0,3.0,0,1.0,0.2947285962775787,1.0,0.99731274377879,0.9333178814318117,0.6590741551668396,0.6533190941778393,0.0,0.0,0,0,1481,0
5.534331,150,43260.209704,False,False,2,6.63280723853164,0,1.0,0.3205377657577613,1.0,2.2244043918175103,2.141210804938349,1.994874925720071,1.8709035951169204,0.09477748953188467,0.09081972448890252,0,0,3000,0
25.151501,77,43390.192478,True,True,1,3.0,0,0.974025974025974,0.3053272436734718,1.0,0.7980470293714383,0.6572865719260196,0.5016683607027578,0.49477260384604466,0.0,0.0,0,0,1539,0
26.620959,110,43574.52044,True,True,1,3.0000000000000004,0,1.0,0.28336603001990124,1.0,1.697842395653003,1.5346814159435769,0.7897825025344399,0.6020142223470232,0.0,0.0,0,0,2196,0
22.849168,97,43736.949012,True,True,1,3.0,0,0.9690721649484536,0.32062404743266487,1.0,1.3459439074558295,1.298763078297963,0.6645721460381544,0.6516946329464702,2.1073424255447017e-08,1.514805171631158e-08,0,0,1933,0
15.247609,72,43858.173386,True,True,1,3.0,0,0.9027777777777778,0.34177063836653626,1.0,0.504524107614978,0.49839844116743204,0.900642077159944,0.8823183382104728,0.0,0.0,0,0,1427,0
26.611144,101,44028.347524,True,True,0,3.0,0,0.9504950495049505,0.30242947937745845,1.0,2.2814509393279345,1.9140659901406052,1.3637549495313057,1.3011166557803449,0.0,0.0,0,0,2005,0
28.898285,119,44227.46809,True,True,0,3.0,0,0.9831932773109243,0.296222179471524,1.0,1.9347856573525906,1.86939964203172,0.517552872885672,0.5134725348482374,0.0,0.0,0,0,2380,0
-4.353224,150,44482.224542,False,True,0,6.5,0,1.0,0.2419900216088564,1.0,0.9611117308817059,0.9006710279078864,0.5952044894881301,0.4649302694569934,0.0,0.0,0,0,3000,0
6.458887,150,44737.453979,False,False,2,3.0,0,0.7333333333333333,0.27499375752021993,1.0,2.7628436491208155,2.523754144594568,1.5230621004393767,1.1981438020375927,0.5273034656359107,0.5181115524525924,0,0,3000,0
17.982099,105,44913.307359,True,True,0,3.0,0,0.9047619047619048,0.3523214661200767,1.0,1.901572222986012,1.6195804697855056,0.8630690225423595,0.7964752444764751,1.4901161193847656e-08,0.0,0,0,2100,0
27.06179,134,45137.605086,True,True,0,3.0,0,0.9626865671641791,0.3093932212383881,1.0,2.0456568937986237,1.6045193536731213,1.994924560902402,1.9299030958820222,1.4901161193847656e-08,0.0,0,0,2673,0
22.461378,101,45307.041204,True,True,1,3.0,0,0.9405940594059405,0.30858993261126333,1.0,1.2349472421376841,1.025800156125443,0.6904165737710215,0.6819196796249721,0.0,0.0,0,0,2009,0
8.131755,150,45558.625887,False,False,1,10.699028389768083,0,1.0,0.36692478375229975,1.0,2.5347634030631374,2.112973830708516,2.359897542425008,2.0212122270866497,1.4901161193847656e-08,0.0,0,0,3000,0
23.864514,64,45665.591655,True,True,0,3.0,0,0.9375,0.28215948301350396,1.0,0.8530332442832127,0.7794629324046936,0.6472099650372345,0.6438882690796711,0.0,0.0,0,0,1265,0
7.75887,150,45917.05956,False,True,2,5.143161274725571,0,1.0,0.3273654860383441,1.0,1.8761404079333353,1.6950867549996496,1.7470271043841223,1.6044558166725698,0.0,0.0,0,0,3000,0
22.212852,117,46111.289532,True,True,1,3.0,0,0.9316239316239316,0.32763946817229106,1.0,2.1467876929963565,2.1024317959367096,0.9599423844234332,0.9225569517294191,0.0,0.0,0,0,2321,0
24.604846,110,46295.351719,True,True,1,3.0,0,0.9818181818181818,0.26876629253105644,1.0,1.2576493736791472,1.1764520327683416,0.6166946971460581,0.5724291184895407,0.0,0.0,0,0,2183,0
23.39737,86,46439.696117,True,True,1,3.0,0,0.9418604651162791,0.3244732374823368,1.0,1.5491675739533208,1.4871810020087939,0.6214379080907669,0.576002629867702,0.0,0.0,0,0,1709,0
-14.939963,58,46537.19689,False,False,1,7.529151178221138,0,1.0,0.3527237395464267,1.0,2.0482137089396195,2.038868910293537,0.4093705422103011,0.40659660843482687,1.4901161193847656e-08,6.407499313354488e-09,0,0,1154,0
28.139453,108,46718.160691,True,True,1,3.0,0,0.9629629629629629,0.3052769858022271,1.0,1.9887278036378913,1.9492443786504643,0.6641421026325199,0.6295292724617955,0.0,0.0,0,0,2157,0
8.391865,150,46971.94068,False,False,1,6.875965594386803,0,1.0,0.37013877754287194,1.0,2.0445697651063797,1.6186586636402474,1.5905121479669193,1.457277812410329,1.4901161193847656e-08,0.0,0,0,3000,0
24.659225,114,47163.089512,True,True,1,3.0,0,0.9298245614035088,0.29668139571458135,1.0,1.8552147843290043,1.686981753924135,0.8416389448057745,0.8007255000953376,0.0,0.0,0,0,2271,0
26.481561,139,47394.403752,True,True,1,3.0,0,0.9712230215827338,0.24875870122699936,1.0,2.03107907230269,1.4984440289955263,0.7849310980300622,0.6189468023756407,1.4901161193847656e-08,0.0,0,0,2764,0
22.403594,85,47537.43255,True,True,0,3.0,0,0.9647058823529412,0.2965805877965176,1.0,1.447922778308713,1.2874285031087764,1.170027332999088,1.0913000057615467,0.0,0.0,0,0,1691,0
25.679449,100,47707.515685,True,True,0,3.0,0,0.97,0.235680544070833,1.0,1.0663525682378168,0.9865167735531358,0.49353668521775135,0.4616043012263982,0.0,0.0,0,0,1999,0
24.475258,93,47863.725437,True,True,1,3.0,0,0.946236559139785,0.3215725729709414,1.0,0.8786467970948794,0.8020986802126906,0.9366034995925521,0.9156787460796082,0.0,0.0,0,0,1844,0
16.91177,58,47960.287079,True,True,1,3.0,0,0.8620689655172413,0.3358768112702307,1.0,0.4800434653014896,0.47622608505277925,0.6551801854771604,0.6357739746415778,0.0,0.0,0,0,1144,0
6.867886,150,48217.630137,False,False,1,3.0,0,0.8,0.25619963431332426,1.0,1.2032888093998513,0.8247756547461447,1.009766538154801,0.9640581504656536,2.1073424255447017e-08,1.4901161193847656e-08,0,0,3000,0
28.329261,121,48419.578446,True,True,1,3.0,0,0.9752066115702479,0.3022288132008044,1.0,2.2344255781579503,2.1097405825822477,0.7245302541577155,0.7153509830646011,1.4901161193847656e-08,0.0,0,0,2409,0
25.05165,87,48564.979515,True,True,0,3.0,0,0.9540229885057471,0.3149883607266576,1.0,1.3776745128886876,1.2799425225634542,0.5427557311285678,0.5395660487604542,0.0,0.0,0,0,1739,0
29.218188,127,48776.121195,True,True,1,3.0,0,0.968503937007874,0.3486541785770991,1.0,2.2176123983272156,2.1681968670602503,0.9057584879321583,0.8573161297430968,0.0,0.0,0,0,2522,0
25.386768,128,48992.684744,True,True,0,3.0,0,0.9921875,0.2430938532270421,1.0,1.0096210976814324,0.95737338771516,0.9854586698824148,0.8980277483445634,0.0,0.0,0,0,2557,0
3.288712,150,49246.346948,False,False,2,11.09174170496408,0,1.0,0.31171539086575784,1.0,1.7882594389832407,1.5222587329467394,0.8242724122076697,0.7006578854323228,0.278600521969264,0.2723828662801873,0,0,3000,0
-24.764792,39,49310.744775,False,False,1,24.999999999999996,0,1.0,0.3353217195596785,1.0,2.8728039336681883,2.8727744410949247,1.4066583047067165,1.0958916188580992,0.8446179941782036,0.8270804559839009,0,0,764,0
21.544677,99,49476.694251,True,True,1,3.0,0,0.9797979797979798,0.29013096878273564,1.0,1.32901114134805,1.1871975662486423,0.6328925415896797,0.5521477752594678,0.30946951623742064,0.30812186857948004,0,0,1970,0
24.300635,85,49619.219708,True,True,0,3.0,0,0.9764705882352941,0.2558233180504057,1.0,1.7675012123720697,1.2314243258137267,0.7785504136594683,0.7359024320898367,1.4901161193847656e-08,1.4901161193847656e-08,0,0,1693,0
5.972407,150,49871.001251,False,True,1,3.14350770649596,0,1.0,0.37130062565554534,1.0,2.7350654289061427,2.4856720278392856,1.2001702694340295,1.1633102744278527,0.0020917190468834877,7.599592208862169e-09,0,0,3000,0
23.050243,125,50079.491435,True,True,1,3.0,0,0.936,0.31411948225169695,1.0,1.6178675704912324,1.530402313987615,0.780979836494243,0.6974323805422895,0.0,0.0,0,0,2494,0
19.295253,81,50216.093557,True,True,1,3.0,0,0.9382716049382716,0.27969763428528494,1.0,1.2053537322000452,1.0456194035072237,0.5520102092015197,0.5011121963919329,1.4901161193847656e-08,2.9802322387695736e-09,0,0,1616,0
7.106815,150,50470.390207,False,False,2,3.0,0,0.6133333333333333,0.24148062116954278,1.0,1.0739520782507668,0.8682914250524835,0.7566051188371743,0.7139426249611079,0.0,0.0,0,0,3000,0
26.913153,107,50648.731194,True,True,1,3.0,0,0.9719626168224299,0.2962570795196546,1.0,1.8728798859533735,1.764271156777106,0.5452553449135422,0.42602085345174817,1.4901161193847656e-08,0.0,0,0,2136,0
9.600626,150,50899.692531,False,True,2,3.1752491951426975,0,1.0,0.34466573818743323,1.0,2.6946600319958907,2.230339620343465,2.347544121623738,1.9484510921233846,0.008597213860083075,0.005612295397050706,0,0,3000,0
14.772662,82,51036.112627,True,True,0,3.0,0,0.8658536585365854,0.3067203855573265,1.0,1.3338384457804104,1.2492731335473786,0.901623007867533,0.6852392450424568,0.0,0.0,0,0,1621,0
13.025825,48,51115.754829,True,True,0,3.0,0,0.7708333333333334,0.3104104896135347,1.0,1.2986033251874047,1.2480609778554321,0.7142013691364937,0.6923592922259686,0.0,0.0,0,0,952,0
28.558299,140,51349.462749,True,True,0,3.0,0,0.9785714285714285,0.3173851310011762,1.0,1.5480801891880274,1.3491986008728496,1.3888952890700295,1.1605899508308477,1.4901161193847656e-08,0.0,0,0,2789,0
14.699625,79,51480.710871,True,True,0,3.0,0,0.8734177215189873,0.3425591501818198,1.0,2.0962273936130638,1.596631711711602,1.5927564223193416,1.284735961201572,0.0,0.0,0,0,1564,0
-29.257378,68,51593.141535,False,False,1,20.192492790649084,0,1.0,0.38657829893968954,1.0,2.7535862044297312,2.69790491451685,0.8800028782603139,0.760973700755933,0.003552455867338273,0.003440612144682903,0,0,1358,0
-30.724653,87,51735.942501,False,False,1,12.020562960503492,0,1.0,0.35816355460646926,1.0,1.984819330915902,1.874454731713246,0.5534199922901589,0.49589814045463454,1.4901161193847656e-08,2.0861625671386803e-09,0,0,1725,0
9.079135,150,52038.976744,False,False,2,4.447836495209721,0,1.0,0.35566337043699825,1.0,2.3054956855213007,2.184621848963285,0.789610499727534,0.7373033952420072,0.0866991138347434,0.08384193106391528,0,0,3000,0
26.402996,106,52257.908784,True,True,0,3.0,0,0.9433962264150944,0.3102814157101031,1.0,1.8787654031253795,1.6236563084308102,1.6670543013482002,1.5152941663562678,1.4901161193847656e-08,1.4156103134155316e-08,0,0,2104,0
2.553889,150,52578.211444,False,False,1,3.0,0,0.5333333333333333,0.17971549704322992,1.0,1.1570145507031928,0.7813586684933626,0.9326767825637744,0.826796715450009,1.4901161193847656e-08,7.599592208862169e-09,0,0,3000,0
25.670049,101,52785.975648,True,True,1,3.0,0,0.9603960396039604,0.3152589936383534,1.0,1.271744690870553,1.1670103216445598,0.5335347806674002,0.526507308107719,0.0,0.0,0,0,2017,0
4.557315,150,53106.292834,False,False,1,3.8512386977672577,0,0.7733333333333333,0.1827677385154935,1.0,2.036328881657303,1.454157738969385,1.1281324893658062,0.8568763982320845,1.4901161193847656e-08,0.0,0,0,3000,0
6.063254,150,53402.682533,False,False,2,16.404840953142877,0,1.0,0.3402005939121582,1.0,2.1039143846500488,2.056020038992824,0.9764597705361767,0.6988603599749067,0.023284263601968332,0.01984735026036483,0,0,3000,0
22.207947,77,53531.017092,True,True,1,3.0,0,0.922077922077922,0.3462770529806844,1.0,1.250612743868524,1.2336863981517971,0.9236322093078567,0.8910110677794439,1.4901161193847656e-08,1.4901161193847656e-08,0,0,1526,0
27.076036,105,53707.097608,True,True,1,3.0,0,0.9619047619047619,0.31440348124802686,1.0,1.8467146716996181,1.5688047958271512,0.5875215593974275,0.485901488453612,1.4901161193847656e-08,0.0,0,0,2100,0
4.171464,150,53960.208306,False,False,2,6.500000000000001,0,1.0,0.26375599628241386,1.0,1.3482122212218697,1.2547698624028798,0.9080960191017106,0.8194719232055574,0.019290213073421724,0.01671685996433791,0,0,3000,0
25.932027,117,54192.646303,True,True,0,3.0,0,0.9829059829059829,0.3028721524767276,1.0,0.8526453822355181,0.578406234612271,1.0671554273217152,1.0264551931547343,0.0,0.0,0,0,2332,0
4.525403,150,54511.70272,False,False,2,6.5,0,1.0,0.20722405316348813,1.0,0.9318900654045761,0.8357554403331543,0.4917660790491187,0.470261029217403,0.0,0.0,0,0,3000,0
4.614526,150,54825.131982,False,False,2,3.0,0,0.6266666666666667,0.2466412023608728,1.0,1.7682197622753746,1.730787884133627,0.5991063641406199,0.5785585373410116,0.0,0.0,0,0,3000,0
7.168716,150,55132.573319,False,False,2,23.007626641213523,0,1.0,0.3601404723454141,1.0,2.8724861502240047,2.847499761158027,3.0243732619423507,2.6752653493744596,0.0507104913260041,0.04680726687119679,0,0,3000,0
13.671654,50,55236.728703,True,True,0,3.0,0,0.84,0.3316637894637949,1.0,1.3703043087728515,1.1894382208285494,0.8775213302616386,0.873472203043322,0.0,0.0,0,0,997,0
22.475567,98,55443.082206,True,True,1,3.0,0,0.9489795918367347,0.29568164660981183,1.0,1.0189523060659056,0.9455659409127056,1.3719096720563457,1.2988246393975802,0.0,0.0,0,0,1956,0
24.352253,131,55712.787799,True,True,1,3.0,0,0.9236641221374046,0.3431741810006283,1.0,2.2838570759552375,2.2253447159450195,0.7930756799628111,0.7511852901832716,0.0,0.0,0,0,2605,0
27.548917,112,55950.506193,True,True,1,3.0,0,0.9642857142857143,0.31606065826213076,1.0,1.6692284271157796,1.530182925977405,0.8343832188029703,0.7703957040721917,0.0,0.0,0,0,2227,0
24.149451,65,56082.697525,True,True,0,3.0,0,0.9538461538461539,0.29981635196430156,1.0,1.212329574997596,1.1235977511655257,0.41086433315723,0.40895016546843477,0.0,0.0,0,0,1298,0
27.313437,100,56290.137742,True,True,1,3.0,0,0.95,0.2915816702111739,1.0,1.7419539651867775,1.3247230470960814,0.6671947828006163,0.5369594942059903,0.0,0.0,0,0,1985,0
24.21391,91,56481.915424,True,True,1,3.0,0,0.945054945054945,0.2614957453052227,1.0,0.7109932438781809,0.6862876294329869,0.7168418521636636,0.6980821976032799,0.0,0.0,0,0,1804,0
26.020544,131,56755.367297,True,True,1,3.0,0,0.9541984732824428,0.3261145680056735,1.0,2.461598418264415,2.348803948069909,0.8003215179217893,0.7180949013023348,0.0,0.0,0,0,2602,0
23.981648,113,56991.090653,True,True,1,3.0,0,0.9734513274336283,0.3338735058442561,1.0,2.0595731250728058,1.9514608381086058,0.899941071172267,0.8496872299065615,0.287105099552078,0.28449981845923966,0,0,2245,0
23.741824,77,57155.396105,True,True,0,3.0,0,0.961038961038961,0.30959919324887825,1.0,1.0522003962778341,0.9760033834538833,0.7794249043159416,0.7600553445614238,1.4901161193847656e-08,3.5762786865233613e-09,0,0,1539,0
24.952288,90,57337.330215,True,True,0,3.206994947256632,0,1.0,0.28111220639975776,1.0,1.0694212456631376,0.9716788003496764,1.0263524316958355,1.0021521632875583,1.4901161193847656e-08,1.6391277313232337e-09,0,0,1781,0
7.612103,150,57645.33791,False,False,2,24.999999999999996,0,1.0,0.35862212772369667,1.0,2.5283965987671446,2.0851323111722104,3.0291429941457695,2.623097835321936,1.4901161193847656e-08,0.0,0,0,3000,0
20.97349,86,57825.929967,True,True,1,3.0,0,0.9418604651162791,0.32020093445042175,1.0,1.0185754968819916,0.7514710259798554,0.7661518899389821,0.729679270832317,0.0,0.0,0,0,1707,0
17.568705,98,58031.565542,True,True,0,3.0,0,0.9285714285714286,0.34513868164427075,1.0,0.921052204341163,0.90746490929463,0.7725035965557193,0.7647552658209534,0.0,0.0,0,0,1960,0
19.938453,68,58172.204685,True,True,1,3.0,0,0.8970588235294118,0.34366591296647925,1.0,1.5380145001321153,1.4286759399469449,0.4217174002980441,0.4197539802079022,0.0,0.0,0,0,1352,0
24.675412,71,58318.334982,True,True,0,3.0,0,0.9859154929577465,0.2600273357912054,1.0,1.119627314537577,1.0445255473357102,0.5716712100356823,0.5241914023042139,1.4901161193847656e-08,4.4703483581542545e-09,0,0,1420,0
16.296927,99,58517.284419,True,True,0,3.0,0,0.8282828282828283,0.31477577022241005,1.0,1.9003461684616934,1.739739831107017,2.2356085149130704,1.9389511724719166,0.022592557451172217,0.018242130054555376,0,0,1966,0
23.998239,76,58675.202885,True,True,1,3.0,0,0.9605263157894737,0.2953876658705794,1.0,0.47673307692674216,0.4597840086349079,0.560966199308232,0.5132717661233155,1.4901161193847656e-08,3.725290298461914e-09,0,0,1513,0
2.376397,150,58994.252709,False,False,1,3.0,0,0.5466666666666666,0.1421920476545803,1.0,1.3549651226713766,0.9396939739845085,0.7969450490886965,0.7550717596368496,0.0,0.0,0,0,3000,0
-25.578877,43,59085.276951,False,False,1,20.000938807880374,0,1.0,0.3407927165614707,1.0,2.533426497762857,2.533377143094264,1.2267390344134264,1.0787467750199304,0.8189894846665088,0.8166158168121508,0,0,858,0
26.202464,103,59295.858479,True,True,1,3.0,0,0.941747572815534,0.3551895034178851,1.0,1.503069833947324,1.4819430715019881,0.935792877099208,0.8351679395303357,1.4901161193847656e-08,0.0,0,0,2044,0
26.753038,114,59533.371891,True,True,1,3.0,0,0.9736842105263158,0.28341888134662474,1.0,1.012246623329435,0.7524291459874342,0.6129031223364961,0.5972634028035695,0.0,0.0,0,0,2275,0
24.738801,96,59735.070073,True,True,1,3.0,0,0.9583333333333334,0.3075541336231536,1.0,1.1557851555692558,0.9106572567656104,0.8525198226451137,0.7548042504666899,0.0,0.0,0,0,1913,0
22.546955,118,59979.917725,True,True,1,3.0,0,0.9491525423728814,0.29867415476714104,1.0,1.0093346998639707,0.9749282849700591,0.8511981836793054,0.7887065946860226,2.1073424255447017e-08,1.236796379089353e-08,0,0,2343,0
24.295359,90,60167.764261,True,True,0,3.0,0,0.9777777777777777,0.27934649728182365,1.0,0.7046272803842075,0.6666429707995346,0.5355660855167167,0.4506226215571346,1.4901161193847656e-08,1.4901161193847656e-08,0,0,1799,0
25.661166,99,60375.296636,True,True,1,3.0,0,0.9696969696969697,0.2802116267560247,1.0,1.11175445993419,1.0127766055273304,0.712399760311604,0.694371182431263,0.0,0.0,0,0,1979,0
14.704637,76,60532.547248,True,True,1,3.0,0,0.8947368421052632,0.3260830092910877,1.0,1.4549567772332832,1.2402800348686553,1.7677157186716734,1.452689294523495,1.2656684955791495,1.2548105135191316,0,0,1504,0
-4.35623,150,60849.789952,False,True,2,4.698381514870562,0,1.0,0.27642868609967236,1.0,1.4211265223567455,1.2580005321980783,0.7116546532195759,0.633540018706531,0.8297477604500918,0.8285600780903375,0,0,3000,0
21.907528,95,61043.034769,True,True,0,3.0,0,0.9578947368421052,0.315634267267717,1.0,2.0150444592549763,1.727256955100104,0.7483873164426249,0.7099775560334768,0.0,0.0,0,0,1887,0
5.8594,150,61356.651343,False,False,1,25.0,0,1.0,0.27418881223262254,1.0,1.1747637055808495,1.1233515435850268,1.1954074088012006,1.1187189273384948,1.4901161193847656e-08,0.0,0,0,3000,0
22.090759,62,61484.814886,True,True,0,3.0,0,0.9193548387096774,0.3102470904253166,1.0,1.2227246662074391,1.0983948133908348,0.43655361314803276,0.43202592055145583,0.0,0.0,0,0,1239,0
6.429774,150,61798.447463,False,False,2,5.718607478309423,0,1.0,0.28803777144666637,1.0,2.0493853699301523,1.9343341055225922,0.7549653971805518,0.6911573362906138,1.4901161193847656e-08,7.599592208862169e-09,0,0,3000,0
24.187368,62,61927.932064,True,True,0,3.0,0,0.9354838709677419,0.26035640574726693,1.0,1.1132981061769724,1.0423300532849338,0.5174543940653678,0.46453980838351916,0.0,0.0,0,0,1236,0
20.351906,95,62122.670416,True,True,1,3.0,0,0.968421052631579,0.3374288561749967,1.0,2.1123101698951574,2.030512695821973,1.109152168014799,1.0433034936860395,1.4901161193847656e-08,8.940696716308933e-10,0,0,1893,0
25.376926,147,62432.811466,True,True,0,3.089448018879409,0,1.0,0.2862247133146957,1.0,1.5401448225295524,1.42307291287061,1.4075667524814544,1.3365093701327413,0.0,0.0,0,0,2928,0
-19.608328,58,62555.556249,False,False,0,20.178711264422354,0,1.0,0.36248433349214815,1.0,2.4064025320136757,2.267589712105647,2.7261094941462556,2.5946060589716446,0.4422306233178842,0.4422025910077146,0,0,1143,0
24.573931,93,62746.830029,True,True,1,3.0,0,0.967741935483871,0.29685061016137704,1.0,0.9537264538913509,0.8800736202292689,1.2284143909692982,1.1628228800049232,0.0,0.0,0,0,1847,0
26.371469,128,63014.576248,True,True,2,3.0,0,0.953125,0.35867283113432163,1.0,2.5042844713057573,2.298687224927126,2.1296731810715577,1.8602803785464417,0.30100861735225876,0.2939782670806167,0,0,2541,0
22.958722,136,63300.361452,True,True,1,3.0,0,0.9632352941176471,0.3107414866680843,1.0,1.7221748851193386,1.5184102076843122,0.8033632375738397,0.6633936120035512,1.4504733527051321,1.4430508112294607,0,0,2713,0
24.224952,109,63529.211032,True,True,1,3.0,0,0.9724770642201835,0.2199059934372786,1.0,0.5930153285633999,0.5782143644252677,0.5763358627022973,0.5635823991974975,1.4901161193847656e-08,1.3709068298339869e-08,0,0,2177,0
2.653772,150,63846.968819,False,False,1,3.0,0,0.49333333333333335,0.14445269746256437,1.0,0.913420691524461,0.7645012790330968,0.7097777383097109,0.6372439209121634,1.4901161193847656e-08,0.0,0,0,3000,0
23.867127,72,63997.109079,True,True,1,3.0,0,0.9583333333333334,0.294067775694106,1.0,1.3344537956784885,1.2244900579509497,0.4699261363554928,0.46702253080205347,2.1073424255447017e-08,6.111293034079767e-09,0,0,1428,0
-24.69133,53,64105.894126,False,False,0,25.0,0,1.0,0.3383064849869225,1.0,2.8730895744568747,2.8730792203282145,4.459795334610821,4.422666720817557,1.985193354560839,1.9673695340948059,0,0,1050,0
26.198105,93,64304.332807,True,True,1,3.0,0,0.956989247311828,0.3203113618983815,1.0,1.5234345605342117,1.4793529938564447,0.6103088359569947,0.5478498512379995,1.4901161193847656e-08,1.192092895507787e-09,0,0,1858,0
26.92591,103,64517.146741,True,True,1,3.0,0,0.970873786407767,0.3442065578090301,1.0,1.492004846461522,1.3393900974560482,1.4978803071240983,1.348493080368501,1.4901161193847656e-08,0.0,0,0,2053,0
-21.251606,54,64629.99532,False,False,1,21.106249439193117,0,1.0,0.38744473808368923,1.0,2.3782515586276745,2.3539068453785204,2.814906967668133,2.7626805451916963,0.6230482399980126,0.6204873346692568,0,0,1072,0
24.003485,107,64850.748721,True,True,1,3.0,0,0.9532710280373832,0.3144424150447026,1.0,1.9254709627791349,1.726598036062661,1.6723688055589758,1.5034507344878016,0.0,0.0,0,0,2127,0
5.360676,150,65165.064962,False,True,1,3.0,0,0.9933333333333333,0.33507571149799087,1.0,2.8719659395031636,2.8719500892646455,2.049200284042183,1.7793786505901528,0.6376703823809785,0.6174775219860141,0,0,3000,0
-4.83312,150,65477.637695,False,True,1,6.500000000000001,0,1.0,0.25109562442558575,1.0,2.0379173121227723,1.4858693507729737,1.0500946842077095,0.8284800928848688,0.03244875199055774,0.030396739696379224,0,0,3000,0
19.428843,120,65724.698619,True,True,1,3.0,0,0.9416666666666667,0.25145013644343644,1.0,1.2145700755027742,1.1004918853593222,0.9771486970068,0.8986166259390042,1.4901161193847656e-08,0.0,0,0,2382,0
26.447925,125,65984.69948,True,True,1,3.0,0,0.952,0.3600706397051025,1.0,1.8842012488778621,1.755511110869251,0.7034007762853959,0.6904326387899734,2.1073424255447017e-08,0.0,0,0,2483,0
27.715938,121,66239.637743,True,True,1,3.0,0,0.9752066115702479,0.2817473029108328,1.0,1.3586798221865615,1.3249250383453985,0.7972296345902862,0.7681353447208229,1.4901161193847656e-08,0.0,0,0,2405,0
6.618776,150,66550.162702,False,False,1,25.0,0,1.0,0.3568909307830833,1.0,1.6188068465622463,1.540552871239714,2.6052326682960314,2.420202022605219,1.4901161193847656e-08,0.0,0,0,3000,0
21.913159,126,66821.778425,True,True,0,3.0,0,0.9523809523809523,0.2997675995682028,1.0,2.1819706518812025,1.723844180512224,1.3080713671935675,1.2490270755950768,1.4901161193847656e-08,0.0,0,0,2515,0
8.269654,150,67138.699538,False,False,2,3.0,0,0.7733333333333333,0.2930816803561374,1.0,1.6556570926798437,1.5913435588397846,0.8421151903343801,0.7417142879856412,0.0,0.0,0,0,3000,0
26.857452,89,67326.817346,True,True,1,3.0,0,0.9550561797752809,0.3431935053061019,1.0,1.0254433841197814,0.8873825311405376,0.6419255649506046,0.5997546423102961,1.4901161193847656e-08,1.4901161193847656e-08,0,0,1774,0
27.193061,136,67610.454096,True,True,2,3.0,0,0.9926470588235294,0.2554282361208864,1.0,1.8977392029639804,1.7950091904826941,1.170925110876784,0.8093624109767876,0.05849141648272041,0.05311277655980031,0,0,2714,0
26.918382,100,67817.832764,True,True,1,3.0,0,0.98,0.30053032559310866,1.0,1.9781126281508146,1.680293660668955,0.8679321895072342,0.8347835110172039,0.0,0.0,0,0,1985,0
-20.619839,60,67942.202461,False,False,0,14.469314800211196,0,1.0,0.39494605125391985,1.0,2.0302749322611273,1.7588526438538068,2.5588092327105514,2.3887598777271504,0.12041302182711984,0.1094845962483886,0,0,1183,0
26.831871,119,68187.298083,True,True,1,3.0,0,0.9327731092436975,0.3303491646988301,1.0,2.046577212157685,2.012006838697498,0.7341336384240349,0.6196821415360968,0.0,0.0,0,0,2361,0
-2.894791,150,68495.777658,False,True,2,6.5,0,1.0,0.3137151218400849,1.0,2.1268813581326595,2.049492448808218,0.7092821385264718,0.6176255321679989,0.6310201761547608,0.6206776874575767,0,0,3000,0
23.258498,53,68601.38777,True,True,0,3.0,0,0.9245283018867925,0.3186526330527229,1.0,1.3230901405786692,1.2053005414834124,0.5989932100221957,0.5875070146197972,0.0,0.0,0,0,1060,0
23.680693,70,68747.444052,True,True,0,3.0,0,0.9428571428571428,0.29615583660348616,1.0,1.2045742696496904,1.1626285490938824,1.1055623351731796,1.0775094723830214,2.1073424255447017e-08,6.532761519188623e-09,0,0,1388,0
25.295964,80,68915.517911,True,True,0,3.0,0,0.9625,0.2676292990000029,1.0,0.9821771186694497,0.8556690901995473,0.4650464713003002,0.46071863509677075,0.0,0.0,0,0,1582,0
7.077626,150,69230.048505,False,True,2,6.5,0,1.0,0.30005098732467395,1.0,1.7275039942131702,1.6396192968891439,0.7041659085355999,0.6508829323735968,1.4901161193847656e-08,0.0,0,0,3000,0
23.788427,90,69418.868506,True,True,1,3.0,0,0.9555555555555556,0.3329734529608209,1.0,0.9828337154538516,0.8958632393744713,0.7614055460460308,0.7144603342010346,0.0,0.0,0,0,1795,0
27.733055,140,69704.777823,True,True,0,3.0057448915098632,0,1.0,0.31000860610051373,1.0,1.142511467931029,1.028994881059058,1.1661095541978104,1.0726004805250309,0.0,0.0,0,0,2791,0
9.542884,150,70012.415108,False,True,2,3.5049228769106158,0,1.0,0.2781116203730682,1.0,2.0067419545406446,1.831924841671226,0.5398730447822381,0.4888806126761608,0.0,0.0,0,0,3000,0
-21.987801,122,70266.875721,False,False,2,6.781279608597829,0,1.0,0.3693080053011775,1.0,2.872364254524131,2.8722938822695285,2.063414342073933,1.8115460796555871,1.8432430754621325,1.674426767702894,0,0,2422,0
26.83033,120,70517.482363,True,True,1,3.0,0,0.9583333333333334,0.2827165858561306,1.0,1.4703394200648208,1.3987294615063803,0.9822371345055978,0.9291575089759503,0.0,0.0,0,0,2385,0
27.093849,99,70721.674722,True,True,0,3.0,0,0.9696969696969697,0.28471335257813174,1.0,1.7019250083756559,1.561251855388174,0.6006589581425678,0.5924411689799265,0.0,0.0,0,0,1977,0
23.636734,73,70873.30351,True,True,0,3.076745513741237,0,1.0,0.27587920079624606,1.0,0.8142423837200597,0.7118727317562833,0.4852209636043303,0.4826907422730563,2.1073424255447017e-08,1.6629394851095485e-08,0,0,1455,0
23.343152,91,71062.966382,True,True,1,3.0,0,0.978021978021978,0.2881584174409217,1.0,1.6218814833032393,1.4295987285679013,1.0081806951557029,0.8670483038413543,1.1967227553029582,1.1794260206272096,0,0,1817,0
-18.089139,83,71233.917859,False,False,1,24.02567582218406,0,1.0,0.3260158858873343,1.0,2.7754087926333058,2.7675331189598307,1.8792227798717762,1.802079732168886,0.8947986727086656,0.8893864547116481,0,0,1651,0
22.963032,105,71456.632188,True,True,1,3.0083609510966873,0,1.0,0.27265424520590387,1.0,1.2502640160985212,1.1212175355758067,0.8007498794902812,0.7678696768440498,0.0,0.0,0,0,2095,0
26.679154,92,71644.59345,True,True,1,3.0,0,0.9565217391304348,0.29525237601338544,1.0,1.8523043691136862,1.7079323550493943,0.5209457775878285,0.43346206094250617,0.0,0.0,0,0,1826,0
21.953319,95,71839.108808,True,True,0,3.0,0,0.9263157894736842,0.3071446548496104,1.0,1.5201439780607948,1.414005525030047,0.5363483177186535,0.49095306005820244,0.0,0.0,0,0,1882,0
8.584935,150,72153.152478,False,True,2,5.346449624164961,0,1.0,0.32077986498138505,1.0,2.3240688563234713,2.1465251400158136,1.2751640874385954,1.138366622443474,1.5611836066823783,1.5271510520732134,0,0,3000,0
27.398106,111,72383.477125,True,True,0,3.0000000000000004,0,1.0,0.327866242272824,1.0,1.2025492654764398,1.1507688371838132,0.5237843738683887,0.5004567331611682,0.0,0.0,0,0,2205,0
27.432062,102,72596.969184,True,True,1,3.0,0,0.9607843137254902,0.31940916775787265,1.0,2.066564781314485,1.9767234337560669,1.3891815165524966,1.3015108184834858,0.600123798842353,0.5995560982747498,0,0,2035,0
22.975796,78,72760.044554,True,True,0,3.0,0,0.9615384615384616,0.3288666462141317,1.0,0.6803363892868827,0.6714722409790135,0.7321511696006683,0.7221759119113128,0.0,0.0,0,0,1548,0
29.145136,146,73059.259234,True,True,1,3.0,0,0.9726027397260274,0.32293953857095825,1.0,2.7535363934072254,2.468439700201905,1.9901622915899828,1.5497357786356971,1.3315579887445546,1.3150238013728353,0,0,2908,0
23.057113,109,73285.193717,True,True,0,3.0,0,0.944954128440367,0.34820839524097164,1.0,1.5696142293291457,1.3083339869214603,0.6859776126690702,0.6532831529543983,1.4901161193847656e-08,0.0,0,0,2165,0
16.884885,66,73422.665577,True,True,0,3.0,0,0.8787878787878788,0.29929067604178683,1.0,0.7335741696479932,0.7148978617688644,0.7699836679982137,0.7189137179003127,0.0,0.0,0,0,1317,0
26.539141,114,73659.422082,True,True,2,3.0,0,0.9736842105263158,0.32495554718761055,1.0,2.1023308144164576,1.8947595884506416,1.0951782414155482,0.9553688627655732,0.13822910345638803,0.1341707079188365,0,0,2272,0
23.776304,80,73826.016125,True,True,1,3.0,0,0.9375,0.3104230897825405,1.0,1.7094601641339784,1.5963331534114762,0.4869986209929446,0.45774233673199777,1.4901161193847656e-08,3.1292438507079146e-09,0,0,1593,0
26.52845,82,73993.10243,True,True,0,3.0,0,0.9512195121951219,0.3456591974854602,1.0,1.8563620490048307,1.7287568201411179,0.5375644141349416,0.5261861246717091,0.0,0.0,0,0,1628,0
14.959318,89,74178.7672,True,True,1,3.0,0,0.8876404494382022,0.33516622333020274,1.0,1.6096779648548862,1.548476071099384,0.9341247809906289,0.8865440158968613,0.0,0.0,0,0,1762,0
22.950112,119,74431.142349,True,True,0,3.0,0,0.957983193277311,0.3614139551508135,1.0,2.0838795059318693,1.7342503032429482,1.5551607916712153,1.4569998644509634,1.4901161193847656e-08,0.0,0,0,2376,0
8.45154,150,74741.176546,False,False,3,6.868254457686504,0,1.0,0.3593388134854454,1.0,1.9318047752978138,1.797035837873262,2.120858304130085,1.9292392630035018,0.020391473423712447,0.016995133536783138,0,0,3000,0
22.871653,98,74948.071674,True,True,1,3.0,0,0.9387755102040817,0.32865636752495986,1.0,1.6011797726593966,1.4736215009364788,2.0387353263334975,1.8239252678598148,0.14193145374581467,0.13637422099992333,0,0,1946,0
27.566096,119,75203.580628,True,True,1,3.0,0,0.9663865546218487,0.3263967193839021,1.0,1.907870333992167,1.720222285223833,1.2438532240262867,1.1362516877241668,0.0,0.0,0,0,2372,0
26.995153,98,75407.384439,True,True,0,3.0,0,0.9795918367346939,0.30603800460924047,1.0,1.7032373089049735,1.4677549936780776,0.7148849181076004,0.7051612734524015,0.0,0.0,0,0,1947,0
26.286734,87,75585.045539,True,True,1,3.0000000000000004,0,1.0,0.3259715511361911,1.0,1.8363003710947514,1.7002702022557679,0.40248793154464063,0.4004780592045668,1.4901161193847656e-08,2.0861625671386803e-09,0,0,1728,0
25.751799,119,75828.97479,True,True,1,3.0,0,0.957983193277311,0.3470912914156592,1.0,1.8790742105341827,1.7504736041412574,0.9214884957948681,0.8689064642141571,1.4901161193847656e-08,0.0,0,0,2367,0
25.496703,109,76056.576407,True,True,1,3.0,0,0.944954128440367,0.3121000464786263,1.0,1.7430971451200248,1.5094649704134415,0.7612352301728078,0.6829162290803195,0.0,0.0,0,0,2166,0
23.309278,75,76214.499333,True,True,0,3.0,0,0.9733333333333334,0.34564210585140615,1.0,1.3748929725849899,1.3245795072718614,0.5986210064416326,0.5763324543196061,1.4901161193847656e-08,1.4901161193847656e-08,0,0,1487,0
24.027359,71,76359.209445,True,True,0,3.0,0,0.9295774647887324,0.35038145146687333,1.0,1.413952263114372,1.3231938919207429,0.49616994864474845,0.4745891915820688,0.0,0.0,0,0,1402,0
25.47619,90,76543.449494,True,True,1,3.0,0,0.9444444444444444,0.31185649152701966,1.0,1.702162450716278,1.566303604613167,0.4070921937340646,0.40298745624634447,0.0,0.0,0,0,1782,0
-21.616444,106,76760.350443,False,False,2,25.0,0,1.0,0.3635174627490347,1.0,2.4382566128773444,2.367337190598494,0.6469232995442928,0.5679945095814221,0.0044018667011821834,0.004098458627800633,0,0,2106,0
9.444792,150,77070.777694,False,True,1,4.488477285734405,0,1.0,0.3534363019051711,1.0,2.554089094518138,2.33595081824124,1.8543529472377225,1.6239447214169844,1.4901161193847656e-08,0.0,0,0,3000,0
20.824051,98,77275.998666,True,True,1,3.0,0,0.9387755102040817,0.33932827470576615,1.0,1.8632078542135802,1.7313416189079227,1.3853932789916448,1.225020945550122,0.3452378602254784,0.34229590896848505,0,0,1956,0
6.178859,150,77581.390463,False,False,1,5.10806308003764,0,1.0,0.3504770580959998,1.0,2.486802510829299,2.2279036262887786,2.596743431053516,1.9880342926740389,1.7998563974424606,1.7866195910205347,0,0,3000,0
27.524819,144,77877.948933,True,True,1,3.0,0,0.9791666666666666,0.2634191009173268,1.0,2.0476187873633136,1.7685170756445894,0.83852579868135,0.7776746424370037,0.0,0.0,0,0,2879,0
0.314399,150,78195.737753,False,False,2,3.0,0,0.8933333333333333,0.32240210070918074,1.0,1.8627619743648987,1.5135499337548348,1.1627554539815506,0.9564418999551724,2.7218930986113,2.7097692386644248,0,0,3000,0
-18.036449,50,78299.865868,False,False,1,15.89940466069773,0,1.0,0.38514619753708096,1.0,2.0367657741852003,1.9876392045246452,1.2346167725789456,1.0157442518302449,1.2290229361690785,1.2244478835632726,0,0,985,0
26.134353,86,78478.599296,True,True,0,3.0,0,0.9883720930232558,0.31579701109577,1.0,1.679669148227082,1.5552634487392334,0.619935184683629,0.6102571837819212,0.0,0.0,0,0,1716,0
24.103885,64,78613.746325,True,True,1,3.0,0,0.9375,0.33420056713711843,1.0,0.4889466021125372,0.4763279713480391,0.6002494975347197,0.586054173542911,0.0,0.0,0,0,1268,0
24.129414,98,78817.945073,True,True,0,3.0,0,0.9897959183673469,0.29750733309409544,1.0,1.546258321879647,1.4299690443437654,1.378627365978931,1.1418561969860594,1.4901161193847656e-08,1.4901161193847656e-08,0,0,1941,0
22.638175,56,78934.375523,True,True,0,3.0,0,0.9107142857142857,0.30609662513935304,1.0,1.1034166178820535,0.9720643848346314,0.43969337889795923,0.42888235440637856,0.0,0.0,0,0,1108,0
7.44506,150,79247.883168,False,False,2,3.0869334638118744,0,0.8,0.265065458612503,1.0,2.1989496945391718,2.0841546060945086,0.8048744622993166,0.7447695689643232,0.0,0.0,0,0,3000,0
7.276983,150,79554.540202,False,False,1,14.731020855341999,0,1.0,0.371599533426529,1.0,2.514664416021603,2.331309512109005,2.855954849781171,2.4747103690396695,0.0,0.0,0,0,3000,0
6.143892,150,79864.426518,False,False,0,23.539128409995772,0,1.0,0.3862093641940344,1.0,2.0343429611271717,1.839953882638866,0.4769290200835916,0.47003114534748036,1.4901161193847656e-08,7.599592208862169e-09,0,0,3000,0
-22.413341,67,80005.755892,False,False,1,25.0,0,1.0,0.2565535510480532,1.0,2.8721995907406344,2.8721966090139706,2.161996797434291,2.0594679647928498,1.1192642829885067,1.1121113250561874,0,0,1336,0
-31.040764,84,80177.076369,False,False,1,4.500964217751182,0,1.0,0.3808496946684015,1.0,1.9406203211381643,1.8239357114329104,0.8838084653072236,0.8039697769881616,0.28355109429091097,0.2785438388186129,0,0,1673,0
21.293799,109,80404.528873,True,True,1,3.0,0,0.9357798165137615,0.3365477342709576,1.0,2.5431287134874743,2.276659101588288,1.4120606265417366,1.0145566592311315,0.8934204016344508,0.8922449030236612,0,0,2166,0
23.333726,73,80558.608135,True,True,0,3.0,0,0.9315068493150684,0.26036425809689123,1.0,0.5129665562636091,0.4892367365006649,0.4284736187607156,0.4203393163180935,0.0,0.0,0,0,1441,0
22.581681,84,80734.343426,True,True,1,3.0000000000000004,0,0.9761904761904762,0.284844673743502,1.0,0.7895150539729995,0.7094455303305822,0.5847504383896658,0.5586512942661959,0.0,0.0,0,0,1672,0
-15.636449,66,80869.018528,False,False,1,6.500000000000001,0,1.0,0.3413680177011877,1.0,1.256268151022903,1.2177658882768827,0.45419281890229274,0.4244697946843949,0.0,0.0,0,29,1301,0
2.639193,150,81192.135519,False,False,1,3.2723789513111123,0,0.6733333333333333,0.13279167496464417,1.0,1.0970777265874025,0.7611169802217052,0.6873679713598149,0.6348182608914335,0.0,0.0,0,0,3000,0
0.622616,150,81508.550844,False,False,2,4.432087004184723,0,0.8933333333333333,0.33454105518871324,1.0,1.9276261937367967,1.805418473182344,1.1428235359237862,0.9313546327535644,0.15546280846853552,0.14228264625757145,0,0,3000,0
26.240918,86,81688.786385,True,True,0,3.0,0,0.9534883720930233,0.35943200837763256,1.0,1.802495194359767,1.6970629891414588,0.7826828520467902,0.7743153151664389,1.4901161193847656e-08,2.235174179077233e-09,0,0,1711,0
25.030068,84,81862.651299,True,True,1,3.0,0,0.9523809523809523,0.3359522746666589,1.0,1.7472246479699327,1.3525482515532694,1.0486742142302574,0.9963075153879576,1.4901161193847656e-08,1.4901161193847656e-08,0,0,1670,0
24.712118,72,82008.497244,True,True,0,3.0,0,0.9722222222222222,0.31037310773682747,1.0,0.6929600606134027,0.6727804944210377,0.6502516723779578,0.6471283152274276,0.0,0.0,0,0,1421,0
20.660617,86,82161.45806,True,True,1,3.0,0,0.9418604651162791,0.36587498359492304,1.0,1.5038303864818166,1.2920197082041824,0.7230417335787366,0.7056837794794006,0.0,0.0,0,0,1714,0
-20.714236,58,82258.253014,False,True,1,6.896626383066177,0,1.0,0.3262381882117867,1.0,1.5576200494103594,1.4559576178273523,0.4249287553082964,0.40655467880855806,0.0,0.0,0,0,1150,0
20.036532,105,82434.389414,True,True,1,3.0,0,0.8095238095238095,0.27002958826462403,1.0,1.4626881215000278,1.1536983876888494,1.4596846385415416,1.242854139632621,1.635399113642541,1.539302174479921,0,0,2099,0
-20.30756,62,82536.796923,False,False,0,13.411495854571768,0,1.0,0.39173402715270067,1.0,2.3067773536922473,2.2149991187465914,2.7231369529629212,2.6727484615929598,0.4674929042312577,0.4571299044038871,0,0,1237,0
22.689205,60,82635.953204,True,True,0,3.0,0,0.9166666666666666,0.28667939161910605,1.0,0.6516162394385859,0.6481194432305345,0.4836059539245166,0.4574227495558697,0.0,0.0,0,0,1188,0
25.371069,138,82865.115085,True,True,1,3.0,0,0.9782608695652174,0.2674534599619822,1.0,1.5836232018692045,1.2941707777824925,0.7374835301452647,0.7028642306179984,0.0,0.0,0,0,2759,0
25.017577,74,82988.235324,True,True,0,3.0,0,0.9324324324324325,0.32741949049053276,1.0,1.3548851862424265,1.1091793850352614,0.4586897630169466,0.4449171980055822,0.0,0.0,0,0,1461,0
25.34122,124,83194.590712,True,True,1,3.0,0,0.967741935483871,0.29589373826696314,1.0,1.9165932589424388,1.7070442843552598,1.3455064951635698,0.8540898342390236,0.5506663037837717,0.528290396121071,0,0,2472,0
24.295658,100,83360.045205,True,True,1,3.0,0,0.99,0.24869668339680812,1.0,0.8269091779050726,0.7638194243303792,0.60746639251759,0.5166492641510106,1.4901161193847656e-08,1.490116119385528e-10,0,0,1983,0
25.250287,101,83569.449357,True,True,0,3.0,0,0.9900990099009901,0.25831972833572275,1.0,2.0957457344886867,1.8725532742122912,1.5056873704658242,1.4731839499390815,0.0,0.0,0,0,2008,0
23.600652,80,83702.481168,True,True,1,3.0,0,0.9625,0.33335254686307525,1.0,1.8023363591055663,1.7252007381992986,0.400123867787001,0.39943322711256174,0.0,0.0,0,0,1594,0
8.070209,150,83952.398159,False,False,2,4.71523460149765,0,0.9533333333333334,0.2677363701903676,1.0,2.1545754917951006,2.0062508626073066,0.5023583112863158,0.4688093496071893,1.4901161193847656e-08,0.0,0,0,3000,0
24.438407,109,84135.003054,True,True,1,3.0,0,0.981651376146789,0.278106892253101,1.0,1.5529277086134152,1.4157480735722767,1.8807725628017076,1.7180297920166676,0.13336393592436122,0.1314685638474484,0,0,2173,0
5.182951,150,84391.345464,False,False,2,3.708153158426285,0,0.94,0.2401090820719931,1.0,1.373650361258463,1.2754077612555859,0.7540784039599192,0.7145067639548708,0.0,0.0,0,0,3000,0
22.018321,116,84583.576225,True,True,2,3.0,0,0.8793103448275862,0.31591061919623764,1.0,1.661945322887899,1.3777396525240015,0.6702168674577922,0.5950206531069978,0.0,0.0,0,0,2301,0
2.065932,150,84841.233084,False,False,1,3.0,0,0.38,0.1349944126388543,1.0,1.3618804889985945,0.913996346489531,0.5802744857163921,0.5487195883236008,1.4901161193847656e-08,0.0,0,0,3000,0
26.167349,86,84984.773053,True,True,1,3.0,0,0.9418604651162791,0.3326386573223356,1.0,1.794073772860881,1.6269890966981242,1.4077585865077609,1.2845931349802648,0.2881241756554922,0.28126990583772293,0,0,1703,0
21.879397,80,85119.762915,True,True,1,3.0,0,1.0,0.3500186992351642,1.0,1.7230044378756653,1.6230785868992117,1.3644723008281219,1.1912133144591324,1.4901161193847656e-08,3.1292438507079146e-09,0,0,1599,0
26.513093,108,85298.668907,True,True,0,3.0407630827728163,0,1.0,0.33834473200624365,1.0,1.3931730063507,1.1893378617549337,1.3361991016028418,1.322954184385962,0.0,0.0,0,0,2144,0
25.659291,86,85441.366967,True,True,1,3.0,0,0.9534883720930233,0.3185373782390615,1.0,1.077755987634806,1.0513610806020424,0.7338525212075586,0.7135829318941093,0.0,0.0,0,0,1712,0
24.362192,84,85580.805061,True,True,0,3.0,0,0.9523809523809523,0.29324478009310084,1.0,1.2507064687246152,1.1583479847580256,0.4116201488849822,0.4101645303288023,0.0,0.0,0,0,1667,0
27.02318,110,85764.392572,True,True,1,3.0,0,0.9545454545454546,0.31002643073666264,1.0,2.1205388086620585,1.9026295949406955,1.1585084320709003,0.8803033169058003,0.8537607083719232,0.8520666641319976,0,0,2188,0
25.005226,90,85913.323405,True,True,1,3.0,0,0.9555555555555556,0.29001701785993483,1.0,1.6929132257113693,1.6114920048551822,0.8851219299401846,0.8280560013732898,0.03056136894178113,0.029079755355592637,0,0,1781,0
25.456519,103,86084.195807,True,True,1,3.0,0,0.9514563106796117,0.29503191119605476,1.0,1.913986844261519,1.5630991515323067,1.2580611282778484,1.0327650078170976,0.4285575125113535,0.42398245016934866,0,0,2041,0
6.687273,150,86332.51858,False,False,2,8.049442912787072,0,1.0,0.3650965893621786,1.0,1.9232959370855027,1.8354051002224419,0.9019649244606444,0.8278067417757695,1.4901161193847656e-08,7.599592208862169e-09,0,0,3000,0
27.199161,136,86559.49352,True,True,0,3.0886940708870156,0,1.0,0.25123623033047315,1.0,2.3501302830819504,2.1079284595424146,1.7943274865676992,1.7528819412413261,0.0,0.0,0,0,2718,0
25.969615,96,86720.705971,True,True,1,3.0,0,0.9583333333333334,0.3056146316127123,1.0,1.0728396392992705,1.0426825283992782,0.9250244414117417,0.8418195962402033,0.0,0.0,0,0,1906,0
-16.323836,84,86860.710347,False,True,0,6.500000000000001,0,1.0,0.35257205326153995,1.0,1.7243917430431386,1.667545118931643,0.5007443714508871,0.47243228324001013,0.0,0.0,0,0,1680,0
25.142112,122,87065.901247,True,True,0,3.0,0,0.9836065573770492,0.2081310664592685,1.0,1.7099229387369828,1.4497724995284864,0.8539661371741539,0.8139691448003421,0.0,0.0,0,0,2432,0
19.647754,100,87232.361549,True,True,0,3.0,0,0.87,0.29994393246995765,1.0,1.6342385552420406,1.48290095088249,2.1791187711019147,1.356348603380641,0.40767295081096494,0.3221024703500093,0,0,1985,0
25.725344,93,87387.909261,True,True,0,3.0,0,0.978494623655914,0.33384569836651884,1.0,1.8319341971782293,1.7176520371778479,1.5820932600299953,1.4752263834284454,0.0,0.0,0,0,1855,0
-21.337271,77,87515.939562,False,False,1,6.500000000000001,0,1.0,0.3771254568155021,1.0,2.129653592958611,1.990615999293981,1.4659463363115004,1.1762279695057878,0.0700527162750162,0.0688383588565498,0,0,1540,0
26.391719,87,87663.701575,True,True,0,3.00613471865654,0,0.9770114942528736,0.35192389942389907,1.0,1.8887796356723792,1.7593893300478798,1.02566600471259,0.9998188779791619,0.0,0.0,0,0,1730,0
-13.613474,115,87855.134865,False,False,2,6.152949454883732,14,1.0,0.36292636240300374,1.0,2.081539169095567,2.027434453909109,0.6460868606441187,0.6174618805325737,2.1073424255447017e-08,0.0,0,17,2297,0
24.907496,64,87961.910296,True,True,0,3.0,0,0.953125,0.3384474917234483,1.0,1.2487983672803262,1.1789050275342803,0.8179287327068109,0.8091122791376667,0.0,0.0,0,0,1272,0
25.57591,91,88114.925457,True,True,0,3.0,0,0.967032967032967,0.26108841154131535,1.0,0.9995210595958931,0.899330719062762,0.6762235301304982,0.653491927756865,1.4901161193847656e-08,1.4901161193847656e-08,0,0,1812,0
8.762014,150,88367.533249,False,True,1,4.164258110282933,0,1.0,0.2896817565858601,1.0,2.2487630439621817,2.1974203173883553,1.3136663780556899,1.2025829626846736,0.6042590491925139,0.584176588200914,0,0,3000,0
26.603811,139,88600.797934,True,True,0,3.0,0,1.0,0.2505292848541655,1.0,2.015333604811043,1.6452282338943878,0.8591745117431006,0.8230211251258743,0.0,0.0,0,0,2762,0
25.053562,62,88703.590395,True,True,0,3.0,0,0.9516129032258065,0.31864841857121917,1.0,1.3014867905609753,1.2287876435551361,0.6604731282819408,0.6260718485946782,1.4901161193847656e-08,5.811452865600594e-09,0,0,1234,0
-20.500265,28,88749.383783,False,False,1,18.500562266154684,0,1.0,0.21148623204180098,1.0,1.8626250070181478,1.8539904669983984,0.5085426442104808,0.4749900514730745,0.0,0.0,0,0,553,0
26.066302,102,88917.732537,True,True,1,3.0,0,0.9607843137254902,0.3191492097950696,1.0,1.5444610776641403,1.3141471558389755,0.6094006281481567,0.582324176538426,1.4901161193847656e-08,0.0,0,0,2027,0
25.668011,101,89085.974155,True,True,1,3.0,0,0.9702970297029703,0.2785248760162108,1.0,0.9390434149098268,0.8736729432100064,0.5076577649450584,0.4713854521487676,0.0,0.0,0,0,2010,0
25.880949,90,89234.7728,True,True,0,3.0,0,0.9555555555555556,0.3109035005437443,1.0,0.773172393744547,0.7066640679235876,0.5126314324219933,0.48969405307723485,1.4901161193847656e-08,1.6391277313232337e-09,0,0,1783,0
13.935285,57,89331.209799,True,True,0,3.0,0,0.8771929824561403,0.3395185636175783,1.0,1.4246863705033752,1.2962174940280675,0.9861238947742289,0.9832692025196714,0.0,0.0,0,0,1137,0
6.642155,150,89582.32105,False,False,2,4.170702129602432,0,0.7666666666666667,0.27046353014908925,1.0,2.198021238694934,1.9669979373322601,0.7685997407303867,0.7309198057987948,0.04171272412879661,0.03836665704864845,0,0,3000,0
24.558862,68,89694.675413,True,True,0,3.0,0,0.9558823529411765,0.30544541031812206,1.0,1.3637161027678837,1.2907847440822406,0.49888045966556105,0.4972095502092822,1.4901161193847656e-08,4.917383193969701e-09,0,0,1353,0
27.002193,116,89887.228142,True,True,1,3.0,0,0.9568965517241379,0.32459747161025426,1.0,2.0747229736652715,1.9726682740218222,1.0384129422498816,0.9186380513236079,1.4901161193847656e-08,0.0,0,0,2308,0
26.129705,103,90058.109442,True,True,1,3.060959535449122,0,1.0,0.2566706073021563,1.0,1.3023342063368468,1.20253308990258,0.8494015714472273,0.8080994620381006,0.0,0.0,0,0,2051,0
26.8439,100,90224.599452,True,True,0,3.0,0,0.96,0.310058080244316,1.0,1.5211594699333726,1.4453594896484177,1.1454319804515314,1.1037057791973381,0.0,0.0,0,0,1996,0
27.164599,108,90405.646197,True,True,0,3.0,0,0.9629629629629629,0.29587622929203633,1.0,1.7672665028251757,1.5299557262631136,0.5633724911336513,0.5077132771237476,1.4901161193847656e-08,0.0,0,0,2152,0
26.892524,113,90592.104752,True,True,2,3.0,0,0.9646017699115044,0.27513363835717375,1.0,1.310811400315451,1.2666158071010423,0.7998163294802892,0.7162245595403969,0.0,0.0,0,0,2244,0
28.674227,139,90822.3212,True,True,0,3.0,0,0.9712230215827338,0.320355695919721,1.0,1.8493114609053554,1.5718608063375943,1.450494740194501,1.2392517302167465,0.0,0.0,0,0,2761,0
24.192584,83,90960.349393,True,True,1,3.0,0,0.9518072289156626,0.2556395436351097,1.0,0.8416967931133901,0.7776439807457551,0.604761428767494,0.5732255668550441,1.4901161193847656e-08,2.682209014892468e-09,0,0,1647,0
27.565166,126,91186.983223,True,True,0,3.0,0,0.9761904761904762,0.27088298108458686,1.0,1.4788560381486469,1.3134441955755412,0.6918727418830666,0.6351651043379832,1.4901161193847656e-08,1.1175870895385742e-08,0,0,2504,0
27.547421,103,91398.776141,True,True,1,3.0,0,0.970873786407767,0.3032870701119496,1.0,1.8301859521216808,1.729354870829267,0.6221657480264072,0.6019971354998623,0.0,0.0,0,0,2051,0
26.812794,107,91627.912203,True,True,1,3.0,0,0.9719626168224299,0.267901718938108,1.0,1.906399043905861,1.7805938597440123,0.7505789034468678,0.5923511054518358,0.0,0.0,0,0,2131,0
22.212281,95,91823.433528,True,True,0,3.0,0,0.8947368421052632,0.3223229105069266,1.0,2.017914208879196,1.9175731068406452,1.8819376386550455,1.6501374685846475,0.38586748667930537,0.37487657017462045,0,0,1892,0
21.805793,97,92021.497331,True,True,1,3.0,0,0.9381443298969072,0.3515769419209779,1.0,2.0369171119042644,1.8243191162789945,0.5227193911911594,0.48796423179877024,0.0,0.0,0,0,1940,0
25.953594,94,92218.889957,True,True,0,3.0,0,0.9574468085106383,0.2740642638160071,1.0,1.022580567389609,0.8652597969372162,0.5547255513432945,0.5512963026105109,2.1073424255447017e-08,1.4751396978811475e-09,0,0,1874,0
23.978571,103,92428.240103,True,True,0,3.0,0,0.9902912621359223,0.28898245221327107,1.0,1.0141938038349572,0.9838110065708521,0.5438817895233258,0.513801286524247,0.0,0.0,0,0,2058,0
22.77041,79,92591.53994,True,True,0,3.0,0,0.9367088607594937,0.3396951183273424,1.0,1.6620604191483674,1.4623917185801691,0.8279385597051309,0.8135374744203361,0.0,0.0,0,0,1579,0
-18.515709,104,92802.062488,False,False,1,8.080286479438655,0,1.0,0.36891171907921705,1.0,2.5116439572735154,2.2240931411150044,1.2142705625770829,0.9724448293318734,0.22295983433375396,0.21941138838156854,0,0,2078,0
-18.384396,39,92880.464348,False,False,1,16.63181245673236,0,1.0,0.38129410628888744,1.0,2.141875366255423,2.0903484539883452,0.49062971042308623,0.48445703015149416,0.0,0.0,0,0,773,0
26.270943,117,93122.70787,True,True,1,3.0,0,0.9572649572649573,0.33238933941527865,1.0,1.2180698807776134,1.1480291760436692,0.9237507684337201,0.8868476008441446,0.0,0.0,0,0,2324,0
24.937054,104,93336.605421,True,True,1,3.0,0,1.0,0.23752185339511944,1.0,0.5936063527908305,0.5200047170372675,0.5037728044804867,0.43434527775367754,2.1073424255447017e-08,0.0,0,0,2066,0
-17.066182,53,93442.984426,False,False,1,13.260662466148304,0,1.0,0.39200127993068073,1.0,1.9193721399554295,1.8252863952655152,1.0593823741913515,0.8859213455917917,0.7695033231182934,0.7673875940767789,0,0,1046,0
23.286144,94,93635.104859,True,True,0,3.0,0,0.9468085106382979,0.23351117482281472,1.0,1.3239778315272632,1.1122408312201366,1.2990032932383502,0.8705299976142822,0.017953677944440007,0.005835449340574398,0,0,1861,0
1.62272,150,93950.982676,False,False,2,6.927395325503313,0,1.0,0.3537449317256556,1.0,2.1956723479892046,2.0525765818316564,1.317975506988724,0.9852478395769508,1.5788236834074045,1.5304955236354507,0,0,3000,0
22.740491,114,94186.368365,True,True,1,3.0,0,0.956140350877193,0.35223233101122564,1.0,1.934947383866053,1.7072504114409601,2.202643718787034,1.9792967026309376,0.0,0.0,0,0,2278,0
8.158216,150,94522.089744,False,False,2,18.05087645464727,0,1.0,0.35642774673154426,1.0,2.8723309655774742,2.4878720912865027,2.8659673011467084,2.3522475047270666,1.1296467724917165,1.0958701515195903,0,0,3000,0
25.856959,77,94689.357802,True,True,0,3.0,0,0.948051948051948,0.33352389450338016,1.0,1.5763068108077838,1.4361149768495778,0.5070850140847895,0.5040820249680926,0.0,0.0,0,0,1525,0
-29.039915,86,94880.755072,False,False,1,19.37310772295004,0,1.0,0.3791244157437746,1.0,1.942462661415197,1.7046532331918482,0.677944488805072,0.6566708426834521,0.35478906129201393,0.35406649664462747,0,0,1707,0
8.077667,150,95213.970276,False,False,2,3.0,0,0.8466666666666667,0.29377534768535907,1.0,1.7134833707216346,1.6162957032347915,0.9904560545631941,0.942604433750515,0.0,0.0,0,0,3000,0
26.029532,94,95423.744905,True,True,1,3.0,0,0.9574468085106383,0.3063134121008817,1.0,1.2739191057788437,1.2144114790026952,0.7017212826609753,0.6682583617011436,0.0,0.0,0,0,1880,0
23.445604,102,95655.780757,True,True,0,3.0,0,0.9509803921568627,0.2917568092833521,1.0,1.843088927794741,1.520414443532756,2.0100439046296428,1.7468601381937066,0.24860889921168108,0.22316923355502818,0,0,2030,0
20.969955,100,95876.393349,True,True,1,3.0,0,0.93,0.3401599885615254,1.0,1.7590381793611873,1.6057586222041926,0.5898989901497597,0.5461880728963323,1.4901161193847656e-08,1.490116119385528e-10,0,0,1983,0
24.880259,102,96092.661328,True,True,1,3.0,0,0.9411764705882353,0.2608762720002106,1.0,1.8269593303632763,1.732740155822399,0.8145563780976331,0.7565131740374359,0.0026493245101094957,0.0018596878616283998,0,0,2029,0
-3.243112,150,96430.354718,False,True,1,4.067163412404383,0,1.0,0.29602668711845737,1.0,1.997037648834518,1.802534390218095,1.2997677647174053,1.1818734002441476,0.9167254480629959,0.8803576844934918,0,0,3000,0
21.0156,107,96671.894968,True,True,0,3.0,0,0.9439252336448598,0.3477630360563569,1.0,0.920679301627888,0.6471622369564168,1.0609811168984846,1.0540505425105857,0.0,0.0,0,0,2137,0
24.569691,77,96848.649553,True,True,1,3.0,0,0.935064935064935,0.3274416150440041,1.0,1.4490471892236707,1.267057712867582,0.45567042965738525,0.43673943702044704,1.4901161193847656e-08,1.4901161193847656e-08,0,0,1523,0
28.260366,111,97104.197459,True,True,1,3.0,0,0.963963963963964,0.3517730729249719,1.0,2.403085657728994,2.213178154266183,1.1573537220024712,1.0184422984942656,0.036161662196570486,0.03440454697930574,0,0,2202,0
17.593154,122,97380.857816,True,True,1,3.0,0,0.9016393442622951,0.32380654608910586,1.0,1.9812507987732169,1.863862220997538,2.2417379061236984,2.0663911610997934,0.45179016096863184,0.4439563552809394,0,0,2427,0
-28.726918,60,97518.020496,False,False,1,17.447936701664666,0,1.0,0.3553299776002862,1.0,2.262862285172817,2.2195569854408883,1.2085338360192401,1.0275114252645488,0.3588976878835104,0.35557653094611386,0,0,1183,0
22.521844,60,97654.963757,True,True,0,3.0,0,0.9166666666666666,0.31876829407059215,1.0,1.4076654360762106,1.3592508846385523,0.736382610040555,0.719552646414695,1.4901161193847656e-08,6.109476089477488e-09,0,0,1195,0
13.986291,49,97773.529903,True,True,0,3.0,0,0.7959183673469388,0.2932312739563316,1.0,0.7977160062823186,0.7747911129413522,0.484745141531031,0.4824232643948194,0.0,0.0,0,0,969,0
24.049164,97,98003.507887,True,True,1,3.0,0,0.9484536082474226,0.3208792822431117,1.0,1.4547684893739525,1.3043659843736959,1.1482752986696974,0.9584510505657298,0.8371350206204856,0.8351414566474976,0,0,1933,0
25.401296,109,98261.220969,True,True,1,3.0,0,0.9541284403669725,0.3441080003497349,1.0,2.0716976593233953,1.952399277804237,1.6813827017998033,1.533072039320656,0.05340189310673595,0.05072896411671357,0,0,2166,0
24.89613,100,98500.20262,True,True,0,3.0,0,0.95,0.2966883641755592,1.0,1.0054716776427048,0.7324974916478955,1.103076482895511,1.0378271003391408,1.4901161193847656e-08,1.490116119385528e-10,0,0,1988,0
26.68846,88,98706.553291,True,True,0,3.0,0,0.9772727272727273,0.29210608943018074,1.0,1.3599715991824024,1.2905605333432886,0.8606272257481214,0.7962509421265699,1.4901161193847656e-08,1.9371509552001275e-09,0,0,1743,0
7.491278,150,99060.08843,False,True,2,5.528144487166447,0,1.0,0.3720504516954966,1.0,2.2563839243937536,1.860377339196814,1.9088794359330112,1.5885962558448032,0.013902690528467014,0.010810898008054104,0,0,3000,0
27.156963,120,99334.444984,True,True,0,3.0,0,0.9666666666666667,0.26131938831939033,1.0,1.7618321810452757,1.5324190267509452,0.8283070332805291,0.8180402709330685,1.4901161193847656e-08,0.0,0,0,2393,0
27.478221,120,99602.427945,True,True,1,3.0,0,0.975,0.287443775003099,1.0,2.052218220651897,1.6769096124434646,0.5423450447653264,0.49722658645893114,0.0,0.0,0,0,2388,0
23.97215,95,99831.766617,True,True,0,3.0,0,0.9789473684210527,0.2457344109156551,1.0,0.6023529628530039,0.5678303063522745,0.8447109074909567,0.8321460551276258,0.0,0.0,0,0,1899,0
26.505004,116,100105.468992,True,True,0,3.0,0,0.9655172413793104,0.320707116650072,1.0,1.7763215545794164,1.7606812584128833,0.6693886186383557,0.6610174379924815,1.4901161193847656e-08,0.0,0,0,2312,0
-21.576357,54,100231.572918,False,False,0,19.61562901591268,0,1.0,0.3916287771243396,1.0,2.160243968816425,2.012866630297521,3.3410927561471926,3.1461509572803146,0.0,0.0,0,0,1073,0
7.395751,150,100838.143686,False,False,2,3.0,0,0.78,0.24517935427729778,1.0,1.685000195191138,1.6152190812382414,0.794604199583599,0.7335614603403893,0.0,0.0,0,0,3000,0
25.187889,97,101218.885792,True,True,0,3.0,0,0.979381443298969,0.3017125919719453,1.0,0.6701533923198656,0.6368969250652171,0.47180700857112284,0.46357271888312357,0.0,0.0,0,0,1938,0
23.6766,63,101420.53675,True,True,0,3.0,0,0.9365079365079365,0.2963977103929355,1.0,1.1618528403539112,1.0864455424764532,0.4239394269004982,0.41864352985241327,0.0,0.0,0,0,1249,0
22.379366,128,101837.818739,True,True,1,3.0,0,0.953125,0.2902635855120741,1.0,2.0052637218547935,1.6289158168430553,1.9799588046801693,1.746013007669728,0.8066138007965012,0.7913734923122001,0,0,2560,0
26.895489,116,102226.823073,True,True,1,3.0,0,0.9741379310344828,0.28987749783111283,1.0,0.7815894147365076,0.675766745571305,0.5474644902434836,0.5211684784455342,0.0,0.0,0,0,2317,0
28.799521,124,102606.997448,True,True,1,3.0,0,0.9596774193548387,0.332085844875212,1.0,2.310742724936885,1.921857238345169,1.0399442610858278,0.9458615130507463,0.0,0.0,0,0,2463,0
24.399026,68,102814.151498,True,True,0,3.0,0,0.9558823529411765,0.2766007814664509,1.0,1.1395874021527255,0.998386849457727,0.6871000808029954,0.6679331948088169,0.0,0.0,0,0,1356,0
17.214482,81,103061.10727,True,True,0,3.0,0,0.8641975308641975,0.34677067511808024,1.0,1.9539016837850978,1.6749541174256972,0.5388875412420666,0.5339694033947516,0.0,0.0,0,0,1611,0
22.265463,94,103341.542426,True,True,0,3.0,0,0.9361702127659575,0.35836237547035105,1.0,1.7190647571130235,1.4536851525053751,0.6470666405204097,0.5505154285387747,1.4901161193847656e-08,1.4901161193847656e-08,0,0,1880,0
18.969955,71,103519.011564,True,True,0,3.0,0,0.9295774647887324,0.3435425927933397,1.0,0.5574404445995637,0.5207034794289241,0.7083370324549998,0.7049471666258706,0.0,0.0,0,0,1407,0
26.116834,94,103751.56427,True,True,1,3.0,0,0.9680851063829787,0.3388544520462928,1.0,2.1239028664641584,2.051720001952124,1.0177212667059383,0.9560697200867292,0.016650845693694318,0.014618816636265726,0,0,1863,0
24.675582,87,103984.405675,True,True,0,3.0,0,0.9540229885057471,0.28446898831535217,1.0,1.4283843748752336,1.2891570160417165,1.455021644977766,1.3467036390284717,0.4674485238763496,0.4316899261681727,0,0,1738,0
27.862033,125,104298.629776,True,True,1,3.0,0,0.968,0.27956918278560505,1.0,1.9474435039199123,1.8366879440055697,0.5643866360637855,0.5364931726696832,0.0,0.0,0,0,2494,0
-24.639603,61,104454.210495,False,False,1,18.27143370810428,0,1.0,0.34593504093409144,1.0,2.0860740322887357,2.057899969142681,2.6904151267376983,2.617479793202811,2.493050770793091,2.473139375024733,0,0,1212,0
23.029755,110,104736.640914,True,True,0,3.0,0,0.9545454545454546,0.33139644821583686,1.0,0.8336183917885932,0.7758701716225423,1.0567675466467785,1.0423110017911947,0.0,0.0,0,0,2200,0
25.623187,107,105005.371843,True,True,1,3.0,0,0.9532710280373832,0.31307993051079624,1.0,1.4437759963167607,1.3585619268095739,1.4779510320985332,1.3895023343179838,1.4901161193847656e-08,0.0,0,0,2124,0
27.944901,131,105330.320704,True,True,1,3.0,0,0.9923664122137404,0.2570898079379671,1.0,1.6127420983118208,1.4413741497309789,0.7711449013449622,0.7132443231293274,1.4901161193847656e-08,1.043081283569319e-08,0,0,2607,0
21.792913,113,105614.706925,True,True,1,3.0,0,0.9557522123893806,0.3389065246416411,1.0,2.003942561787826,1.8972703151105024,0.993158126157166,0.8834506737648213,0.00360683171456537,2.0332752688055065e-08,0,0,2258,0
25.010351,100,105864.905221,True,True,1,3.104589612220064,0,1.0,0.26089795147774075,1.0,1.45043959002891,1.2595906013674603,1.9853842155390682,1.7214834550488944,1.2536712359014828,1.2419643220002183,0,0,1981,0
21.297295,90,106091.632958,True,True,1,3.0,0,0.9333333333333333,0.3458474925232431,1.0,1.9411467034438767,1.7372506487729875,1.1389452744584248,1.0308435228542114,0.16586769424743733,0.16519185217468904,0,0,1797,0
28.115926,130,106476.177766,True,True,1,3.0,0,0.9692307692307692,0.30917349396553917,1.0,2.07489619881309,1.9653335802920018,1.4105922764059424,1.2576960712413472,1.4901161193847656e-08,0.0,0,0,2587,0
-30.597774,55,106655.649882,False,False,1,19.366329314484258,8,1.0,0.3768262879074503,1.0,2.174471909900107,2.1007663301380886,0.8904890409049074,0.7270631459358797,0.5016245134541913,0.49052678876425176,0,32,1098,0
-31.015723,73,106887.935657,False,False,1,18.341829547372466,0,1.0,0.3931765650750306,1.0,2.502615065520439,2.4136033723591193,1.3045758479157434,0.7286678959476235,0.20485813467560002,0.18807849754840578,0,0,1454,0
5.956964,150,107357.65352,False,False,1,3.546012577950023,0,0.96,0.3423854673699753,1.0,2.117437679971999,2.043458726681043,0.8748121037583241,0.7849461992129634,0.2607537263357041,0.2550036314162508,0,0,3000,0
25.615668,90,107640.59975,True,True,1,3.0,0,0.9555555555555556,0.3207797080400146,1.0,1.657787123278022,1.5166319047740813,0.9868211979810456,0.8619713466933481,0.10173313399080303,0.1010240129157592,0,0,1791,0
25.749796,90,107910.936982,True,True,1,3.0,0,0.9444444444444444,0.3031538913289296,1.0,1.5235067921205292,1.426919724904532,0.5903905863578656,0.5526372961829994,0.0,0.0,0,1,1786,0
7.748665,150,108355.065447,False,False,2,4.097934544086456,0,0.8533333333333334,0.30762122022099064,1.0,2.428171549098859,1.8722784242020438,2.276653352499974,1.8904785164383715,0.002738873061906208,7.599592208862169e-09,0,0,3000,0
24.156724,67,108547.028738,True,True,0,3.0,0,0.9104477611940298,0.33276244561983476,1.0,1.189770751374066,1.1239046505514065,0.5568797348270319,0.5477888151035062,0.0,0.0,0,0,1321,0
8.028039,150,108986.620804,False,False,2,3.0,0,0.6733333333333333,0.25197626566521514,1.0,2.4016350815196765,2.1282362097446477,1.7808120534901417,1.5680611831879276,0.03756928653714023,0.03038134404148526,0,0,3000,0
22.05136,92,109255.519799,True,True,1,3.0,0,0.9456521739130435,0.2718300590648704,1.0,1.5744144342389557,1.2626072098704557,0.635806785725967,0.6133282816622262,0.0,0.0,0,0,1834,0
24.888837,87,109509.676489,True,True,0,3.0,0,0.9655172413793104,0.28468490957348386,1.0,0.620305257393784,0.5936055146713615,0.5918788071594616,0.5709644256328977,0.0,0.0,0,0,1738,0
26.48917,99,109797.499614,True,True,1,3.0,0,0.9696969696969697,0.3280373008506052,1.0,1.0397192775226836,0.9865051474419724,0.7782286300179019,0.694399276599008,1.4901161193847656e-08,2.9802322387689383e-10,0,0,1979,0
5.462746,150,110230.235492,False,False,2,6.692834234881836,0,0.8733333333333333,0.2561636427243698,1.0,1.8748369663603779,1.6268084908727474,0.6042954272382245,0.5659557954207788,2.1073424255447017e-08,1.4901161193847656e-08,0,0,3000,0
20.999127,84,110463.992007,True,True,0,3.0,0,0.9285714285714286,0.30105206233183607,1.0,0.4199082791748228,0.4110608089975007,0.7820301695001491,0.7430976894236933,0.0,0.0,0,0,1672,0
8.390997,150,110878.724292,False,True,1,3.4648165548368155,0,1.0,0.3256071316372961,1.0,2.2879876251300897,1.7469999009001076,1.4303602908904556,1.3467007363346584,0.024409851230874875,0.01487284409033823,0,0,3000,0
26.370293,105,111170.036947,True,True,0,3.0000000000000004,0,1.0,0.32557171938971646,1.0,1.2878297463849737,1.257771939507115,0.9341474913814976,0.8783096218678461,0.0,0.0,0,0,2083,0
29.124159,111,111471.867282,True,True,1,3.0,0,0.972972972972973,0.33147549650708147,1.0,2.256292646024881,2.188619718558267,0.9914669040068222,0.9567536208286719,0.0,0.0,0,0,2206,0
25.200274,133,111833.220509,True,True,0,3.0,0,0.9849624060150376,0.24337374168077697,1.0,1.4478092636535165,1.3041672743499118,1.6830233600369078,1.5021259107825893,0.44548229471422307,0.4262216349193831,0,0,2659,0
22.524948,82,112051.815481,True,True,0,3.0,0,0.9634146341463414,0.3042510426711012,1.0,1.4195042841515406,1.350036105027173,0.937915430144762,0.9277681394338239,0.0,0.0,0,0,1637,0
26.384793,112,112348.497904,True,True,0,3.0,0,0.9464285714285714,0.2817499846712536,1.0,1.4302679953996915,1.3951773193449701,0.8376565944368392,0.7169743539999469,0.0,0.0,0,0,2222,0
26.385838,115,112650.391186,True,True,1,3.0,0,0.9565217391304348,0.3358943119645904,1.0,2.176644616016244,2.022651178900023,0.8788814154144547,0.7747227786959413,0.7609332540442849,0.7552229711099717,0,0,2284,0
23.478344,90,112875.196428,True,True,1,3.0,0,0.9444444444444444,0.3333671818623872,1.0,0.9150897841884508,0.7766336679207468,0.901037205500642,0.88634932219742,0.0,0.0,0,0,1796,0
-22.385941,76,113045.395917,False,False,1,21.558956489334655,0,1.0,0.38640420028464384,1.0,2.4434269451329724,2.360189050905635,1.2299922539250807,1.1982488160482903,0.43094408256029315,0.42682585596088685,0,0,1512,0
24.218762,71,113211.110675,True,True,0,3.0,0,0.9859154929577465,0.3184243279070432,1.0,0.8820825743047966,0.738428912214776,0.8519874588230354,0.8464829453229549,0.0,0.0,0,0,1417,0
23.3911,93,113420.609914,True,True,0,3.0,0,0.9354838709677419,0.3226110253964451,1.0,1.9453097560920156,1.8436168911347623,0.44446529571769544,0.44166261369716503,0.0,0.0,0,0,1852,0
24.041149,108,113666.660491,True,True,0,3.0124432524045233,0,1.0,0.2534483306404762,1.0,0.9854208546199402,0.7278610954981836,0.609272364730009,0.5861324764849635,1.4901161193847656e-08,0.0,0,1,2154,0
16.025281,71,113829.883717,True,True,0,3.0,0,0.8732394366197183,0.3513994558783356,1.0,1.6380178209800302,1.483611912725858,1.0788262447878574,1.0470134616861997,0.0,0.0,0,0,1412,0
25.901417,93,114041.295749,True,True,1,3.0,0,0.946236559139785,0.2598589793838362,1.0,1.5308877048648784,1.288983185929038,0.5270385265019262,0.45406260827930317,1.4901161193847656e-08,1.192092895507787e-09,0,0,1845,0
27.18866,100,114263.035368,True,True,0,3.0,0,0.96,0.3162275402640281,1.0,1.4506525002597686,1.2589880006125946,0.5232916324537575,0.5181276731102266,1.4901161193847656e-08,1.490116119385528e-10,0,0,1983,0
19.837557,74,114426.308568,True,True,0,3.0,0,0.918918918918919,0.3346858326513428,1.0,1.2735777596458868,1.0701878376492289,0.6231543030112286,0.6045555579607115,0.0,0.0,0,0,1466,0
25.278337,112,114684.557194,True,True,0,3.0,0,0.9821428571428571,0.2660855243505845,1.0,1.1213769418984723,1.036711538480955,1.165704155495126,1.130871785000402,0.0,0.0,0,0,2235,0
23.691343,105,114923.246189,True,True,1,3.0,0,0.9619047619047619,0.2848664338257581,1.0,0.998039122299476,0.8905625251972878,1.1677780674522087,1.023170268794437,0.0,0.0,0,0,2100,0
20.420902,64,115066.505391,True,True,0,3.0,0,0.90625,0.3496175490252694,1.0,1.8466258059025935,1.7327187054657676,1.020716310630018,1.0066403633924281,0.0,0.0,0,0,1261,0
-22.181443,75,115235.340468,False,False,1,21.072208824565106,0,1.0,0.293458494420091,1.0,2.872210401489146,2.8721608953838835,1.8667911643741826,1.8084389101226488,0.7889507350509255,0.7712399912782499,0,0,1490,0
-16.609649,85,115435.668217,False,True,1,6.500000000000001,0,1.0,0.33234382806689305,1.0,1.8671533617213192,1.7573584607214556,0.7064259470606444,0.6800488683406196,0.6262663878818264,0.6154366234448626,0,0,1695,0
27.950339,135,115743.621244,True,True,1,3.0845078943373068,0,1.0,0.2796093748602568,1.0,1.6318278613498198,1.516851808947092,0.6256513983737376,0.6135055122573931,1.4901161193847656e-08,0.0,0,0,2685,0
21.007184,90,115938.172617,True,True,1,3.0,0,0.9222222222222223,0.34978994936659497,1.0,1.6825533044090595,1.6307411669344607,0.9452251121057764,0.9021734941553797,0.0,0.0,0,0,1783,0
26.252593,123,116221.602141,True,True,0,3.0,0,0.967479674796748,0.2140629631998576,1.0,1.284626199859776,1.1821093480344707,0.7302142337218389,0.5713936109720948,0.0,0.0,0,0,2445,0
21.224983,90,116429.57157,True,True,1,3.0,0,0.9333333333333333,0.35062127233818474,1.0,1.7003802615043946,1.635007983452973,0.997213917743539,0.9439504170464154,0.000980118566935581,0.00010782630439637588,0,0,1797,0
23.740407,124,116712.068643,True,True,0,3.0,0,0.9758064516129032,0.19651764217554746,1.0,1.0430013433503,0.9031779898164582,0.8654647113751508,0.8509308275071185,2.580956827951785e-08,0.0,0,0,2476,0
-21.434606,73,116879.775654,False,False,1,6.500000000000001,0,1.0,0.3917785406540539,1.0,2.1334026651741995,1.9835758949511668,1.6324183532968592,1.4848853283005288,1.0456589665930158,1.0445357541238194,0,0,1456,0
27.266099,105,117117.355323,True,True,1,3.0,0,0.9619047619047619,0.36368725547805686,1.0,0.8915997136964435,0.8735922787937552,1.034911268819322,1.031190208136471,1.4901161193847656e-08,0.0,0,0,2100,0
-18.5913,81,117296.818478,False,False,0,11.233960605441293,0,1.0,0.3691095792946982,1.0,2.0691391023000922,1.9725524548807583,2.1064077750858976,1.9981110715624704,0.5801759038111359,0.5581348347496591,0,0,1611,0
25.733936,90,117497.92435,True,True,0,3.0,0,0.9555555555555556,0.2933377506484184,1.0,0.58524378277305,0.5426093761963834,0.5986519306050695,0.5474395613841764,1.4901161193847656e-08,1.6391277313232337e-09,0,0,1796,0
26.575236,130,117800.165179,True,True,1,3.0,0,0.9615384615384616,0.2782488461258346,1.0,2.185522347441187,1.823372774086127,0.8168601129822626,0.6873745893411656,0.4829517410453706,0.48130057824433703,0,0,2596,0
24.480785,120,118071.187186,True,True,0,3.0,0,1.0,0.25885959677066994,1.0,0.5007810347327305,0.4280314899020207,0.819350532032899,0.813724233071537,0.0,0.0,0,0,2387,0
24.179081,104,118312.135985,True,True,1,3.0,0,0.9423076923076923,0.3113854239868149,1.0,2.0281056648563096,1.9977918626811617,0.5207337619812671,0.4916071824326115,1.4901161193847656e-08,0.0,0,0,2063,0
25.785332,74,118483.117822,True,True,0,3.0,0,0.9459459459459459,0.3081655916711683,1.0,0.7589057712020988,0.733187581228942,0.5493558326431588,0.5324078267050415,0.0,0.0,0,0,1479,0
7.670977,150,118821.51746,False,False,2,6.500000000000001,0,1.0,0.3368563619637633,1.0,2.8722030295827303,2.547259797343297,2.4187834049995116,1.4914519441736398,1.0290017339142,0.9860221576774861,0,0,3000,0
24.742442,80,119010.263102,True,True,0,3.0,0,0.95,0.2980186131574596,1.0,1.4160859232360272,1.3436279561702613,0.6271398547461314,0.618822312579264,1.4901161193847656e-08,3.1292438507079146e-09,0,0,1582,0
27.025405,127,119299.901769,True,True,0,3.0,0,0.9921259842519685,0.3120526260040684,1.0,1.446625146656798,1.4062872050113628,0.7063064901057079,0.6942539630896056,1.4901161193847656e-08,0.0,0,0,2536,0
20.300252,69,119456.238155,True,True,1,3.0655451134573894,0,1.0,0.34569961447639863,1.0,1.4686324103072523,1.3396659312186756,0.42568083087580777,0.42295926941436635,0.0,0.0,0,0,1373,0
26.999315,122,119729.254673,True,True,0,3.0,0,0.9672131147540983,0.23945264513365616,1.0,1.6078745362833788,1.5933606872170742,0.8263955010377153,0.7733083107467165,1.4901161193847656e-08,0.0,0,0,2431,0
24.65645,81,119918.590789,True,True,0,3.0,0,0.9629629629629629,0.29084899085424953,1.0,1.4958250960491928,1.3258470653888843,1.0573770200823416,1.0487390167265136,0.0,0.0,0,0,1619,0
22.099785,103,120156.330445,True,True,1,3.0,0,0.9320388349514563,0.3286590557872105,1.0,1.8774527195344386,1.772766958609328,0.6122209363802773,0.597719231686152,0.0,0.0,0,0,2058,0
26.712053,104,120394.34589,True,True,0,3.0,0,0.9807692307692307,0.27262612800003705,1.0,1.5646626259756404,1.4823771300096253,0.42580117811199536,0.4149062719020971,0.0,0.0,0,0,2076,0
24.697607,112,120649.020227,True,True,1,3.0,0,0.9642857142857143,0.22365876008519833,1.0,1.495207525109534,1.2708269472688034,0.5168985073773089,0.4002944131706846,0.0,0.0,0,0,2227,0
4.881328,150,121001.401999,False,False,1,3.0,0,0.7066666666666667,0.21937861080956855,1.0,1.7700874329663312,1.5375119244292408,0.7228948949731556,0.6522893241788931,0.0,0.0,0,0,3000,0
26.519474,104,121235.825419,True,True,0,3.0,0,0.9807692307692307,0.32679192827140635,1.0,1.4791186154735236,1.3235803270920596,2.042330750919493,1.9341684674751816,1.4901161193847656e-08,1.445412635803221e-08,0,0,2067,0
24.561662,117,121502.827168,True,True,1,3.0,0,0.9658119658119658,0.26308085660354624,1.0,1.3854424558307807,1.2656996887081975,0.92154748429262,0.8199176065610383,0.22056583495470483,0.2183471195116743,0,0,2331,0
27.064132,116,121765.371889,True,True,1,3.0,0,0.9568965517241379,0.3431883682412825,1.0,1.5573291647529248,1.5241684115003828,0.9890887741906826,0.912571444652257,0.0,0.0,0,0,2305,0
20.412821,102,122001.775882,True,True,0,3.0,0,0.9313725490196079,0.28396487625723793,1.0,1.0738676631040194,1.015868759597122,0.8019772683819821,0.7680657750219814,1.4901161193847656e-08,0.0,0,0,2030,0
25.684523,96,122220.560761,True,True,0,3.0,0,0.9479166666666666,0.2981281842795305,1.0,0.6080222955310137,0.6009459906199632,0.6809580681949517,0.6457208947422363,0.0,0.0,0,0,1901,0
23.614882,122,122504.069497,True,True,0,3.0,0,0.9754098360655737,0.29353333869846976,1.0,1.6294085498666833,1.5851547224445115,0.5216471419811479,0.5095145943226301,2.1073424255447017e-08,1.4901161193847656e-08,0,0,2435,0
25.496436,116,122773.256927,True,True,0,3.0,0,0.9827586206896551,0.24847485397260735,1.0,1.6029983336874003,1.4566117820190732,0.40955391364590754,0.40356968196532306,0.0,0.0,0,0,2318,0
