#{"t_start": 1790504543.5286999, "env_id": "None"}
r,l,t,completed,terminal_region_active,illegal_terminal_entry_count,hybrid_waypoint_radius_m,hybrid_qp_zero_fallbacks,hybrid_v2_episode_changed_fraction,hybrid_v2_episode_mean_reference_step_m,hybrid_v2_episode_accepted_fraction,hybrid_v3_episode_reference_jump_target_max_m,hybrid_v3_episode_reference_jump_target_p95_m,hybrid_v3_episode_reference_jump_inertial_max_m,hybrid_v3_episode_reference_jump_inertial_p95_m,hybrid_v3_episode_direction_lag_max_rad,hybrid_v3_episode_direction_lag_p99_rad,hybrid_v3_episode_reference_jump_violations,hybrid_v3_episode_qp_zero_fallbacks,hybrid_v3_episode_control_steps,hybrid_branch_switches
-28.531007,103,261.708781,False,False,1,16.07243054860614,0,1.0,0.34815018882178517,1.0,2.2200366522984596,2.0255707981043702,0.8090284443235984,0.6919184646485843,0.13448044616442478,0.12066627902120228,0,0,2059,0
-19.691427,47,380.363229,False,False,1,16.39809079348882,0,1.0,0.32278209807324465,1.0,1.913654517572396,1.7871185474602953,1.1380834396714636,0.6409136540214024,0.5484738096246345,0.5237665899049831,0,0,934,0
6.253735,150,756.615147,False,False,0,24.462926510942257,0,1.0,0.24018767967040058,1.0,1.3545724585686723,1.1893008993470178,0.7345094272421347,0.5965432921049406,1.4901161193847656e-08,1.4901161193847656e-08,0,0,3000,0
-20.510708,41,859.581848,False,False,1,19.860626670668818,0,1.0,0.3463685432574414,1.0,2.3467663804081966,2.224136893478234,1.1127665548124783,0.7923704164985714,0.3552466106038978,0.35483090827865554,0,0,816,0
-20.101893,34,941.489768,False,False,1,24.005445295503804,0,1.0,0.3543421675280267,1.0,2.3579302931757624,2.3148569998624775,0.5063621788349703,0.5029807935651457,2.1073424255447017e-08,1.4119194251149538e-08,0,0,674,0
-35.970018,81,1139.481859,False,False,1,25.000000000000004,0,1.0,0.34956167181808334,1.0,2.8721580119634216,2.498871664052039,1.0146649377479255,0.6051022977362811,0.001183406364663241,0.0008763714690301127,0,0,1611,0
-35.573628,61,1291.135239,False,False,1,15.760036549341157,0,1.0,0.3454239374513498,1.0,1.6986926097472228,1.5730528206161776,0.4390369540497204,0.4141677331976237,1.4901161193847656e-08,5.960464477539041e-09,0,0,1212,0
7.145888,150,1667.840625,False,False,0,20.441252770262363,0,1.0,0.34036965354437737,1.0,1.9192969265331221,1.8760934774947116,0.540540454847983,0.49056808765284815,1.4901161193847656e-08,0.0,0,0,3000,0
7.072479,150,2050.973351,False,False,2,24.883655352071624,0,1.0,0.353655542336922,1.0,1.6547026206404147,1.6114107321552869,1.4044514352679567,1.2886857883928218,0.0,0.0,0,0,3000,0
6.442269,150,2434.50836,False,False,2,24.352156396910225,0,1.0,0.3199220763489712,1.0,1.4886045094274514,1.4089877224200442,0.9756007382079432,0.8185828167131742,0.0,0.0,0,0,3000,0
6.999646,150,2812.573642,False,False,0,24.976165677233055,0,1.0,0.2783625607129405,1.0,1.983303872412311,1.6979564840778993,1.1135701155641509,1.046009296640649,0.0,0.0,0,0,3000,0
-9.084532,150,3191.782866,False,False,2,20.92385521150762,0,1.0,0.32213868665455825,1.0,2.8715568449487803,2.685147876247181,2.2592372492117105,1.4287426665212077,1.6298651324022746,1.623682763275151,0,0,3000,0
6.285055,150,3567.401841,False,False,3,22.172519020646885,0,1.0,0.35118518860166203,1.0,2.3905520713639117,2.2454944050160104,0.8397286844709909,0.7206858765181717,1.4901161193847656e-08,7.599592208862169e-09,0,0,3000,0
6.139288,150,3950.438377,False,False,2,18.462259144983232,0,1.0,0.34103917143914175,1.0,1.8153712266038449,1.4943919143627018,1.1830955932272977,1.105269852704412,0.0,0.0,0,0,3000,0
6.244355,150,4330.128231,False,False,0,25.0,0,1.0,0.23605519578641923,1.0,1.5115572546206784,1.4425606244762117,0.5616324519160033,0.5206302526597801,0.0,0.0,0,0,3000,0
-19.178212,42,4436.532084,False,False,1,22.372991716376845,0,1.0,0.32312779074462317,1.0,2.3252104294700437,2.1307129009197983,0.5891017241621478,0.5552480240560602,1.4901161193847656e-08,8.791685104370062e-09,0,0,840,0
-30.798376,66,4601.331129,False,False,1,21.680771878170113,0,1.0,0.35269911332174403,1.0,2.513397275006266,2.4181725781250347,0.9569396921472707,0.7249859581150815,0.08772349393146159,0.07305737892221506,0,0,1311,0
-5.348958,150,4978.759776,False,False,2,18.31163472415375,0,1.0,0.3527984145343447,1.0,2.1180809501167963,1.9782482038685165,0.7916894925186614,0.6201332037552257,0.03697678640043147,0.03429394769082601,0,0,3000,0
-33.499433,70,5165.288548,False,False,1,22.696279770339473,0,1.0,0.3791253379156557,1.0,2.6481637435124328,2.2733503796204984,0.8255646758666995,0.6273728606309158,0.0038983896815509237,0.0012085008012807951,0,0,1388,0
6.361525,150,5557.275497,False,False,2,6.704961538314819,0,1.0,0.24340612859772232,1.0,1.4809455581042132,1.3140790195021606,0.47382588606336307,0.44366801796449806,1.4901161193847656e-08,7.599592208862169e-09,0,0,3000,0
6.432817,150,5943.500472,False,False,2,12.08317654820207,0,1.0,0.279491377015343,1.0,1.056439501706954,0.8839636971361154,0.4721198615927644,0.43011059642079474,1.4901161193847656e-08,0.0,0,0,3000,0
-18.140905,126,6263.851839,False,False,1,22.880573984915866,0,1.0,0.36565283511128566,1.0,1.6982948273958356,1.6104483955767024,2.112351181911868,1.9583608872386673,1.4901161193847656e-08,0.0,0,0,2517,0
18.473533,120,6569.198071,True,True,1,3.0,0,0.8666666666666667,0.3270504062241065,1.0,1.557067597592816,1.3959429397069116,0.838191350983024,0.7746153161247493,1.4901161193847656e-08,1.2069940567016635e-08,0,0,2397,0
3.88034,150,6965.51991,False,False,1,3.0,0,0.4266666666666667,0.1645339283637084,1.0,1.4727463258090663,1.1954883881182088,1.1101042836904285,0.9779361182991311,0.0,0.0,0,0,3000,0
18.452723,91,7201.121795,True,True,1,3.0,0,0.8571428571428571,0.33560721521991566,1.0,1.7992073830596351,1.6256708863606135,1.303930848548701,0.8862093469077579,0.6519584377477373,0.6391365222257618,0,0,1805,0
15.567017,86,7423.079241,True,True,0,3.0,0,0.8255813953488372,0.33099220729984724,1.0,1.5315066651934823,1.3580879154744077,1.2708674862443143,1.2635451691560404,0.0,0.0,0,0,1701,0
15.437249,109,7709.914707,True,True,1,3.0,0,0.8807339449541285,0.327661768827483,1.0,1.8789990962203795,1.8213626943191688,1.5442328153907054,1.3649445161910563,0.6657312599963161,0.6526825660331993,0,0,2180,0
17.199109,104,7980.220941,True,True,0,3.0,0,0.8653846153846154,0.34338391359663345,1.0,2.1918794636762735,1.8754495814194734,1.3444024121780367,1.3239904033863774,0.0,0.0,0,0,2068,0
16.074467,82,8196.900258,True,True,0,3.0,0,0.8658536585365854,0.3411498940184472,1.0,1.4515259975763002,1.302859420394838,0.4592174227997041,0.4576010142878279,0.0,0.0,0,0,1634,0
17.43492,110,8482.718248,True,True,1,3.0,0,0.8727272727272727,0.3388543266251805,1.0,1.803768072919764,1.7227047998975646,0.7246787391492187,0.6637292317066101,0.0,0.0,0,0,2192,0
-19.441427,45,8596.623604,False,False,1,25.0,0,1.0,0.29261165212474116,1.0,2.3093724521261314,2.304486304475034,0.5913875309750353,0.5107202963548997,1.4901161193847656e-08,8.344650268554721e-09,0,0,885,0
-1.293472,150,8989.642625,False,True,1,3.0,0,0.9066666666666666,0.3423227801429022,1.0,2.1461073000129023,2.041352710738833,1.5431683084901309,1.4834691589015625,1.4901161193847656e-08,0.0,0,0,3000,0
15.724877,141,9355.412107,True,True,1,3.0,0,0.900709219858156,0.32248149661802694,1.0,2.808875024839482,2.6535321291377922,1.7454030710394202,1.5600820895219842,0.20792226714273523,0.20232745382494213,0,0,2813,0
6.784871,150,9746.037266,False,False,1,15.06034698908604,0,1.0,0.32997770497289985,1.0,1.9344532279495714,1.9129026105100144,1.0304491482972566,1.0040439157600483,0.0,0.0,0,0,3000,0
-19.712721,54,9885.684777,False,False,0,24.12801949204324,0,1.0,0.3675616241987321,1.0,2.290641448611684,2.0736964350780074,2.4334734422964432,2.40155443087733,0.0,0.0,0,0,1077,0
18.717735,122,10208.341464,True,True,1,3.0,0,0.8852459016393442,0.33382536173374144,1.0,1.1083242272749274,1.1024175127485074,1.817329236753822,1.6677900150720457,0.0,0.0,0,0,2430,0
15.901078,143,10622.893739,True,True,0,3.0,0,0.9300699300699301,0.3232433680319701,1.0,1.8260578060153712,1.4840593052112165,1.7686440878275038,1.5572862306355213,0.0,0.0,0,0,2858,0
12.776931,57,10779.535022,True,True,0,3.0,0,0.8245614035087719,0.3219919277476927,1.0,1.0633987153675843,1.0126861972503953,0.8798583530431842,0.8404429819427627,0.0,0.0,0,0,1134,0
15.857747,86,11015.993373,True,True,1,3.0,0,0.8023255813953488,0.32281448740248647,1.0,1.3671359859029966,1.3385857295870351,0.8462546339635479,0.8215865384797846,0.0,0.0,0,0,1720,0
-19.450331,52,11152.244437,False,False,1,24.82810655197632,0,1.0,0.3954345633274119,1.0,2.8718709989872466,2.8717924374939114,3.5150336402837064,3.511637233580782,0.012094929149510771,0.010942217157453287,0,0,1030,0
15.760112,111,11428.128771,True,True,1,3.0,0,0.8828828828828829,0.3394639553947715,1.0,0.6551611876968243,0.6486086639535029,1.2027821657479578,1.1610629422432668,1.4901161193847656e-08,0.0,0,0,2201,0
18.718246,105,11655.478902,True,True,0,3.0,0,0.8380952380952381,0.3271135177108203,1.0,1.0426491124181771,1.0367461251832006,1.1806342481997678,1.097224057366766,0.0,0.0,0,0,2091,0
17.717698,113,11892.480827,True,True,1,3.0,0,0.9026548672566371,0.2760416145353516,1.0,1.2890121226088298,1.2243300836632782,0.5720858556976705,0.5045588857164692,0.0,0.0,0,0,2245,0
16.941963,86,12071.092199,True,True,0,3.0,0,0.8604651162790697,0.342642452763819,1.0,1.2351283898774041,1.2269618686028805,0.9485479742623847,0.9181163169674047,0.0,0.0,0,0,1703,0
-13.592332,109,12303.706399,False,False,2,6.500000000000001,0,1.0,0.34937381820056895,1.0,2.435635018175346,2.265951661341037,1.3764881334216394,1.0836636632590835,0.38596402265833757,0.38381238092062997,0,5,2162,0
16.150618,76,12457.628904,True,True,0,3.0,0,0.8552631578947368,0.34432883548153026,1.0,1.6787592700014107,1.6066068336780297,1.1027403265322429,1.0414512325034604,0.0,0.0,0,0,1518,0
7.440777,150,12768.012282,False,False,2,6.459895705455992,0,1.0,0.3759165961119941,1.0,2.87250464709856,2.7751570532715037,1.9746773566278248,1.8854036459260712,0.05550386193550311,0.0512980185833274,0,0,3000,0
16.699793,90,12957.894754,True,True,0,3.0,0,0.8555555555555555,0.2928510929154236,1.0,1.0205053543857971,1.0128851638515421,0.631963264793198,0.5887286779929608,1.4901161193847656e-08,1.6391277313232337e-09,0,0,1785,0
16.207519,112,13192.667809,True,True,0,3.0,0,0.9107142857142857,0.33642959286787927,1.0,1.4608227212838036,1.2995059893011525,1.4445730284783485,1.4275876141054529,2.1073424255447017e-08,0.0,0,0,2230,0
17.425152,75,13351.030388,True,True,0,3.0,0,0.88,0.34736470289563715,1.0,1.9195513214779818,1.7964971179814406,0.874613932011827,0.8469473182332516,0.0,0.0,0,0,1494,0
-16.635556,150,13665.906626,False,True,1,4.466631487488851,0,1.0,0.17818765470284012,1.0,0.7509376605240349,0.7039550855702829,0.5966857429609822,0.5535788778806421,0.0,0.0,0,0,3000,0
-16.675562,60,13792.04187,False,False,1,6.500000000000001,0,1.0,0.39620556009618757,1.0,1.7439762248328818,1.7281977161423974,0.453827272655578,0.44276317396065556,1.4901161193847656e-08,6.109476089477488e-09,0,13,1185,0
16.33714,99,14001.656979,True,True,1,3.0,0,0.9292929292929293,0.360115905029268,1.0,1.1706057054324916,0.9533126428797155,0.9914110499306498,0.9413784456797543,1.4901161193847656e-08,1.4901161193847656e-08,0,0,1965,0
15.149624,103,14216.294646,True,True,1,3.0,0,0.8932038834951457,0.3249145062456475,1.0,1.5364332245675416,1.1881637898899708,0.8456025218267148,0.8132754402392294,2.1073424255447017e-08,0.0,0,0,2042,0
15.466043,106,14437.779456,True,True,0,3.0,0,0.9150943396226415,0.3135409064342546,1.0,1.6358367376597456,1.4171986186608574,1.8405265371978003,1.6049264623885586,1.4901161193847656e-08,1.4156103134155316e-08,0,0,2113,0
7.612528,150,14757.292092,False,False,1,8.4285669476958,0,1.0,0.3394947166586844,1.0,2.312191586183972,2.223839376987024,1.4391814420317164,1.2674900592116096,1.4901161193847656e-08,0.0,0,0,3000,0
14.689733,61,14880.570805,True,True,0,3.0,0,0.8524590163934426,0.3374296908316028,1.0,1.4957427774427285,1.3284013186818113,1.1225908014173431,1.1014083477879972,0.0,0.0,0,0,1210,0
20.173428,130,15152.653999,True,True,1,3.0,0,0.8923076923076924,0.3182732282156173,1.0,2.453689601732566,2.220864807765666,1.3975722202240979,1.0813196770801885,1.003086805175259,0.9912049788950515,0,0,2590,0
15.961052,89,15339.038955,True,True,0,3.0,0,0.8202247191011236,0.32769383118703055,1.0,0.8686719076157376,0.8299770958190181,0.7624900704586348,0.732940498348474,0.0,0.0,0,0,1763,0
23.854868,145,15639.359849,True,True,1,3.0,0,0.9655172413793104,0.35261326251323893,1.0,2.579724785858549,2.54880852956976,1.8789696152044202,1.4214463894249323,0.5533071033107915,0.5475041790503982,0,0,2884,0
23.50501,104,15859.346615,True,True,1,3.0,0,0.9519230769230769,0.3118027708131494,1.0,0.9769952902165245,0.9581089528873676,0.9199327488225192,0.8504502807414758,1.4901161193847656e-08,0.0,0,0,2061,0
16.268734,98,16067.150274,True,True,0,3.0,0,0.9285714285714286,0.2214170704612542,1.0,0.5713036037424034,0.4328474948595466,0.9137428191964853,0.8434848911378185,0.0,0.0,0,0,1945,0
-17.897061,111,16294.980348,False,False,1,25.0,0,1.0,0.3782618802349717,1.0,2.3576797553227777,2.2479260108496217,2.3856460487879394,2.2139208990389907,0.0,0.0,0,0,2220,0
8.489314,150,16611.692534,False,True,1,6.5,0,1.0,0.34727820962872097,1.0,2.6406011324677245,2.3246483526602626,1.9204199766048407,1.395849739409442,1.8007465012642234,1.7869703628405387,0,0,3000,0
1.904733,150,16923.322429,False,True,0,3.0000000000000004,0,1.0,0.35521554573713987,1.0,1.533770435971106,1.1713834907740184,1.8933709622804404,1.8726815379129875,1.4901161193847656e-08,0.0,0,0,3000,0
9.369891,150,17233.019802,False,True,1,3.450795644754546,0,1.0,0.3403599250887712,1.0,2.72266740514392,2.5206373326253604,1.3129149965954807,1.2225969963275722,0.005206529359884066,0.003824654696518871,0,0,3000,0
17.746791,101,17449.003854,True,True,0,3.0,0,0.8910891089108911,0.3203517537434674,1.0,1.773904366190329,1.6300213115726228,0.5987220645539495,0.5146600916961266,0.0,0.0,0,0,2010,0
8.941108,150,17758.014358,False,False,1,5.2229743280374885,0,1.0,0.3658055732325223,1.0,2.8719807679699487,2.5889547559641013,1.6215073130502822,1.5261646395627413,0.009300394003948304,0.005718047279953949,0,0,3000,0
20.879292,83,17926.902203,True,True,0,3.0,0,0.9156626506024096,0.34288808966125445,1.0,1.1283474888984717,1.1037322806155385,0.5764338913457496,0.54437591265634,0.0,0.0,0,0,1644,0
6.229825,150,18241.109965,False,False,1,24.68516544306402,0,1.0,0.21947732921354757,1.0,0.9257048530435303,0.857821487364527,1.258430497844598,1.20822854001166,1.4901161193847656e-08,0.0,0,0,3000,0
-32.374236,80,18405.591571,False,False,1,6.500000000000001,0,1.0,0.3052497324349644,1.0,1.6144117805968767,1.546137503216401,1.1288159123055732,0.7262540471667437,1.1399980211372933,1.133860322187324,0,0,1581,0
-29.941848,107,18631.627805,False,False,1,23.820771905491195,0,1.0,0.2718462925731062,1.0,2.8722885790949038,2.8722690079597912,4.2417424753568715,2.268120656415322,1.158229258406103,1.12090363344454,0,0,2136,0
18.550447,76,18803.50845,True,True,0,3.0,0,0.9210526315789473,0.3559599303750399,1.0,1.7839441230606543,1.6270642888996965,1.2088800015670231,1.157158572862216,1.4901161193847656e-08,3.725290298461914e-09,0,0,1518,0
6.159251,150,19131.976625,False,False,2,17.918403239524988,0,1.0,0.3493604989023184,1.0,2.2180075614340584,2.0969800759825725,0.8137541417403872,0.7789202026525085,1.4901161193847656e-08,1.4901161193847656e-08,0,0,3000,0
20.00696,136,19415.585388,True,True,0,3.0,0,0.9411764705882353,0.23757022232338626,1.0,1.4122901276640232,1.277002237416574,0.5479208090900192,0.5400238278291267,0.0,0.0,0,0,2704,0
-25.660562,51,19523.857681,False,False,1,19.435020159482516,0,1.0,0.3934493155043582,1.0,2.29883880935067,2.050610686893478,3.3456060481603123,2.9956023858687137,0.6131920767297394,0.6112188452454822,0,0,1016,0
21.629713,96,19720.408833,True,True,1,3.0,0,0.9479166666666666,0.3296060007747407,1.0,1.667952549853566,1.612760457070736,0.5071971716243908,0.49503453009006854,1.4901161193847656e-08,1.4901161193847656e-08,0,0,1911,0
-1.928374,150,20030.018836,False,True,1,3.0,0,0.9466666666666667,0.33574288059963364,1.0,2.2390680485007812,1.779583036525569,3.226434042222326,2.7536543184453706,1.4901161193847656e-08,7.599592208862169e-09,0,0,3000,0
2.897722,150,20349.370226,False,False,1,6.500000000000001,0,1.0,0.29131916558427023,1.0,1.4922591571992831,1.307081475567617,1.687027298692707,1.4126104059888054,0.2942646130600196,0.2662363816520202,0,0,3000,0
15.243364,85,20528.482039,True,True,0,3.0,0,0.8705882352941177,0.35064068322020764,1.0,1.8125135016464748,1.5595531840658634,1.1886132482540925,1.175418039220908,0.0,0.0,0,0,1693,0
-38.3555,55,20640.244901,False,False,1,7.791314325104442,0,1.0,0.3841759507189463,1.0,2.364597986005008,2.298925580049178,0.46260301206597554,0.4238119432382572,0.0,0.0,0,0,1093,0
15.003645,90,20825.407324,True,True,0,3.0,0,0.8777777777777778,0.3409460932243833,1.0,1.7529015188412465,1.537072919551075,1.5451708215131446,1.5308138117097903,1.4901161193847656e-08,1.6391277313232337e-09,0,0,1781,0
-30.901682,131,21101.501507,False,False,2,6.5,0,1.0,0.28205309736394324,1.0,2.1026043325066754,2.1025364618534024,2.5147281367589733,1.9299923689727052,2.081175694393993,2.0510832206669116,0,0,2602,0
-19.317117,73,21252.506973,False,False,1,14.958412531213556,0,1.0,0.3835467975876084,1.0,2.6139025915848153,2.48196004707513,1.9149956864544144,1.6940826095832269,1.0375840418012872,1.0309723004326983,0,0,1449,0
15.20018,93,21446.674798,True,True,0,3.0,0,0.8709677419354839,0.3007709264729479,1.0,1.2148544817279479,1.1453613044481472,0.5761969251255059,0.4840229206590168,0.0,0.0,0,0,1857,0
-20.595928,60,21569.660726,False,False,0,16.90854517538313,0,1.0,0.3912529604693128,1.0,1.7083223726277543,1.5915670261254957,2.278623043382644,2.222031643807823,0.0,0.0,0,0,1193,0
16.850866,114,21809.265934,True,True,0,3.0,0,0.9210526315789473,0.3659683939772296,1.0,0.5963036133348745,0.5865678422079844,1.4077876632116368,1.3769485034229816,1.4901161193847656e-08,0.0,0,0,2276,0
6.282619,150,22118.584677,False,False,2,18.59825605963092,0,1.0,0.3571729153578428,1.0,1.8194937293515994,1.6788191868589442,1.8065795920757561,1.4882982493191472,0.0024304723561994718,0.0008343592447220202,0,0,3000,0
20.231281,113,22356.302356,True,True,1,3.0,0,0.9469026548672567,0.2654626766181992,1.0,1.3069714960766468,1.2882689365380866,0.7376086880698117,0.7097311194197586,1.4901161193847656e-08,1.311302185058587e-08,0,0,2249,0
19.326955,147,22658.800323,True,True,1,3.0,0,0.9455782312925171,0.3135054696053776,1.0,1.0424509060170741,0.9509441306134586,0.9161595814893799,0.8395282483364009,0.0,0.0,0,0,2927,0
-21.257273,149,22931.344434,False,False,1,9.232046745024743,0,1.0,0.33691903175938526,1.0,1.7253250871955212,1.5608491803775992,2.811572555881823,2.650893886756506,1.1013522074860005,1.083776230335051,0,0,2980,0
15.05354,145,23174.133818,True,True,1,3.0,0,0.9448275862068966,0.2553803789703489,1.0,1.5053508217200937,0.9986221763535664,1.1189882471074644,0.7841990820591455,0.0,0.0,0,29,2888,0
7.211231,150,23425.515567,False,False,2,16.470081055378444,0,1.0,0.3753562271220027,1.0,2.1096070508426985,1.9823172621627636,1.0330842972770906,0.9311339066000599,0.0,0.0,0,0,3000,0
2.958361,150,23680.199454,False,False,0,17.244068416810602,0,1.0,0.3259058933524472,1.0,1.391656857058041,1.2026751573720467,1.0448241924634736,0.9976092438646708,1.4901161193847656e-08,1.4901161193847656e-08,0,0,3000,0
7.118741,150,23932.690027,False,False,1,15.927528904562863,0,1.0,0.27518555407179196,1.0,1.0954231242117456,1.0500205787344012,1.1307819352025765,1.1009933990427168,0.0,0.0,0,0,3000,0
19.930779,106,24111.475998,True,True,1,3.0,0,0.9245283018867925,0.25183161520256236,1.0,1.4887708965153437,1.3673105556404774,0.6937212464216882,0.5982223786047709,0.0,0.0,0,0,2117,0
18.346076,85,24253.263495,True,True,0,3.0,0,0.8941176470588236,0.32395085432171766,1.0,1.5755762348481905,1.325681906664605,0.7184060218323407,0.6847276462246754,0.0,0.0,0,1,1694,0
19.225413,113,24442.91236,True,True,0,3.0,0,0.9292035398230089,0.3189928602482531,1.0,1.2557476926618343,1.2478623854970519,0.6894120908263,0.5915389279389488,0.0,0.0,0,0,2250,0
5.972038,150,24695.046798,False,False,2,21.448031086906308,0,1.0,0.3134491236940992,1.0,2.1975384742570943,2.057421910719892,0.9296760907385055,0.7751650922672684,0.026593168680296556,0.021940414478689555,0,0,3000,0
19.760981,105,24871.588615,True,True,0,3.0,0,0.9238095238095239,0.31085409413894205,1.0,1.6392491690632567,1.5829864617804899,0.7210365834267011,0.6985248909350679,2.1073424255447017e-08,1.4305114746093657e-08,0,0,2092,0
5.893538,150,25127.160972,False,False,1,9.922463450101105,0,1.0,0.271585308145272,1.0,1.6071579880598987,1.424122666080734,0.9178119693335255,0.9025840590753348,0.0,0.0,0,0,3000,0
20.758352,142,25366.582225,True,True,0,3.0,0,0.9507042253521126,0.2559845501458628,1.0,1.8665832583557542,1.513865926040398,1.7431391690660927,1.4875619275963299,0.0,0.0,0,0,2839,0
17.970416,108,25549.683998,True,True,0,3.0,0,0.9166666666666666,0.26862264077095005,1.0,0.6802869819721477,0.6208073334996288,0.5835616892260667,0.5213067830788515,0.0,0.0,0,0,2147,0
-16.995639,120,25749.51756,False,False,2,17.109741580889683,0,1.0,0.3224798763359951,1.0,2.1087760673859237,2.0384814258914385,1.709520040274101,1.326255383022061,0.8261782820434193,0.7972280425052479,0,0,2385,0
2.741072,150,26003.122871,False,True,1,3.0,0,0.9866666666666667,0.2955800504584644,1.0,1.789221683012258,1.6248241376467736,1.5925216463595144,1.2991388090319396,0.5887397750724445,0.5813252420486442,0,0,3000,0
8.802463,150,26254.653247,False,False,1,10.85579086383986,0,1.0,0.34776861456762714,1.0,2.8721546948347,2.871993708726197,3.3536726054178474,2.4179651043582266,0.44708977796447963,0.4407753854821934,0,0,3000,0
4.58599,150,26508.012416,False,False,1,7.399975318141536,0,1.0,0.275528348852038,1.0,1.5629456146553775,1.4299732340343805,1.0291687668702292,0.8293125903709752,0.18242733522511753,0.1772636460124496,0,0,3000,0
7.068067,150,26758.802121,False,False,2,7.096807062625885,0,1.0,0.27534923196999445,1.0,2.150982883187984,1.9781803406129947,0.9531049820735693,0.8556906193773375,0.0,0.0,0,0,3000,0
5.730521,150,27012.325553,False,True,1,8.040295756421983,0,1.0,0.35385503877327956,1.0,1.4328975611696495,1.348028928537893,1.542318209338455,1.496933667932089,1.4901161193847656e-08,0.0,0,0,3000,0
5.996018,150,27262.321692,False,False,2,14.415355882385455,0,1.0,0.3474255134759577,1.0,2.077190767181317,1.851997050243505,0.6372207005752624,0.550643027010664,2.1073424255447017e-08,0.0,0,0,3000,0
13.926292,112,27450.103488,True,True,0,3.0,0,0.9017857142857143,0.26600793560294816,1.0,0.8801000741450745,0.6778501124456698,0.5256886868727358,0.4873535571655157,0.0,0.0,0,0,2235,0
7.67169,150,27702.31299,False,False,0,9.271244304265196,0,1.0,0.22113963028389905,1.0,1.393684365121998,1.012917349525362,0.5195570527456069,0.46030997250029565,1.4901161193847656e-08,7.599592208862169e-09,0,0,3000,0
2.620561,150,27954.369229,False,False,1,15.262786825262266,0,1.0,0.2721886631065501,1.0,1.6415725039867823,1.4818290315566638,1.233307925584142,1.1950162726203444,0.0,0.0,0,0,3000,0
-35.302904,55,28046.714258,False,False,1,25.000000000000004,0,1.0,0.3226992680797735,1.0,2.8725498452033387,2.872526269698709,1.5831412641914668,1.4594802195609364,0.8561440216127325,0.8548064969718031,0,0,1098,0
20.30681,102,28217.745602,True,True,1,3.0,0,0.9313725490196079,0.2555061175404369,1.0,1.4197017662594595,1.308195546931251,0.6010615867138676,0.5497330348172218,0.0,0.0,0,0,2027,0
-18.666551,64,28324.954639,False,False,1,6.500000000000001,1,1.0,0.3743028691204122,1.0,1.7128887357829863,1.6343082324751794,0.647833184353288,0.6106799218020087,0.30558003638524817,0.30253149464396667,0,16,1261,0
5.94554,150,28575.091006,False,False,1,14.287695664321552,0,1.0,0.3364851267066994,1.0,0.8563981251426884,0.7838844203522214,1.6682290273206177,1.6205598381621382,1.4901161193847656e-08,7.599592208862169e-09,0,0,3000,0
17.391325,116,28770.204172,True,True,1,3.0,0,0.9396551724137931,0.3645759285299959,1.0,1.1389587110792863,1.12451070144045,1.0470479904702332,0.9642182230637191,0.0,0.0,0,0,2313,0
16.001455,102,28941.160647,True,True,0,3.0,0,0.9117647058823529,0.33524368680832195,1.0,1.207830040861675,1.1956993165875307,0.9086427473757674,0.8451985694192055,0.0,0.0,0,0,2024,0
2.704257,150,29195.901208,False,False,0,17.609520078577074,0,1.0,0.21106862217862873,1.0,0.716841931959158,0.6491063192867417,0.9623471236785236,0.7552773797555677,0.0,0.0,0,0,3000,0
7.945633,150,29446.035708,False,True,1,4.950645597651601,0,0.8466666666666667,0.2613223225171372,1.0,2.3120897597613363,2.18252959311405,1.313998652208408,1.1690553925024803,0.40039214944301077,0.390898537601182,0,0,3000,0
3.332424,150,29705.958074,False,False,1,3.0,0,0.5466666666666666,0.16316052754736474,1.0,1.163658678335439,1.0172492605946881,0.6456045175100206,0.5809938868861314,0.0,0.0,0,0,3000,0
-23.27227,55,29797.059968,False,False,0,19.997681104524357,0,1.0,0.3842895142595654,1.0,2.195565352390275,2.146175757508812,3.130176390862216,3.0414976397681346,0.4856174302948673,0.481896178920639,0,0,1087,0
6.315198,150,30052.007896,False,False,1,10.112378888001224,0,1.0,0.23774312848660656,1.0,1.413392696596759,1.3144087692130086,0.9880228903495059,0.8697788168390462,0.0,0.0,0,0,3000,0
4.787454,150,30304.393269,False,False,2,17.195469865865224,0,1.0,0.30360955372405063,1.0,2.8719453628408815,2.3293804537393608,1.55089473330658,1.0602054168210022,0.04196935815443733,0.03536575750011065,0,0,3000,0
16.996107,135,30531.128579,True,True,1,3.0,0,0.9481481481481482,0.3735596783164365,1.0,2.0720839131005406,1.8240823221999944,1.8869944861835255,1.6728076050844156,0.0,0.0,0,0,2698,0
0.075457,150,30785.539176,False,False,1,6.500000000000001,0,1.0,0.2908113776823196,1.0,1.6484912629219588,1.5030075797612676,0.5617387785882069,0.522435733986951,0.017752610974679332,0.01682487634003742,0,1,3000,0
-13.869423,73,30907.305998,False,False,1,6.500000000000001,0,1.0,0.2951053530864823,1.0,1.953827784818048,1.907997439865069,0.41245466240939865,0.40664861408443487,1.4901161193847656e-08,4.172325134277361e-09,0,0,1442,0
8.023657,150,31164.755586,False,True,0,5.469785686142959,0,1.0,0.2697386701737849,1.0,1.7320180085759318,1.6527984870999115,2.3346526704273853,2.106929850921615,0.0,0.0,0,0,3000,0
18.199524,109,31347.11732,True,True,1,3.0,0,0.8990825688073395,0.33038859407201204,1.0,1.1381858069220867,1.1082156700189847,1.1297586983563381,1.0443236924387844,0.0,0.0,0,0,2164,0
3.797886,150,31599.465325,False,False,0,18.555168045742032,0,1.0,0.20855000946095753,1.0,0.9741818727995291,0.9169229415789428,0.40237295326024153,0.397132861539498,2.1073424255447017e-08,0.0,0,0,3000,0
20.441772,93,31755.200763,True,True,1,3.0,0,0.9247311827956989,0.3415623242144342,1.0,1.9829987603465453,1.7239084141515777,0.48291060239587785,0.4579850124098849,0.0,0.0,0,0,1856,0
3.230045,150,32014.968006,False,True,0,6.972897559404373,0,1.0,0.2378893753182695,1.0,0.5447536432740393,0.53583393076781,0.5870590056014195,0.5290994132312136,1.4901161193847656e-08,7.599592208862169e-09,0,0,3000,0
-24.993909,115,32207.587605,False,False,2,20.181179622155565,0,1.0,0.36328864587289034,1.0,2.5232230802855216,2.44076839094184,3.515513652623121,3.3092065476940737,0.7258752915465756,0.7148765224188376,0,0,2294,0
17.346104,119,32409.040503,True,True,1,3.0,0,0.9411764705882353,0.22981270441394103,1.0,0.9067660187262186,0.7165534072997045,0.8194374014192228,0.7432798705918287,0.0,0.0,0,0,2380,0
-14.56453,136,32636.118636,False,True,1,6.7190403342247,0,1.0,0.3686979540194476,1.0,2.2426841343989343,2.0174289048185785,1.6674258133873388,1.495722686000273,0.5585319421940289,0.5515075311574658,0,0,2710,0
18.03343,105,32812.094917,True,True,1,3.0,0,0.9238095238095239,0.3244962172304923,1.0,0.8391749163060055,0.7569020479666596,0.714363899961478,0.6622645775936281,1.4901161193847656e-08,1.4305114746093657e-08,0,0,2084,0
3.612852,150,33062.908054,False,True,1,11.127860488597346,0,1.0,0.3041840031160639,1.0,2.0397480800351317,2.0029006281443933,1.5905185336276402,1.510464425364772,0.1141094864703415,0.11078110083756629,0,0,3000,0
-22.629606,60,33163.090438,False,False,0,15.919297775402383,0,1.0,0.3842360870254662,1.0,2.159578852764342,2.045254796082534,2.9995049723657403,2.964272487401966,0.029671436657727264,0.027158832382490186,0,0,1190,0
-20.191875,55,33255.048564,False,False,0,21.751887595984332,0,1.0,0.39705458936259713,1.0,2.378474083688449,2.264995302826599,2.8892341871578906,2.831145559310265,0.1902161659477761,0.18621172390902305,0,0,1086,0
21.873609,91,33406.688119,True,True,0,3.0,0,0.9010989010989011,0.3397086077908168,1.0,1.2677102674645582,1.24983047433795,0.7549596455993178,0.7070417615788198,0.0,0.0,0,0,1801,0
4.518799,150,33659.570421,False,False,1,10.581183066125961,0,1.0,0.28077312033018786,1.0,1.0405779940426865,0.9517497101757534,1.3599261339206197,1.289881696290505,1.4901161193847656e-08,7.599592208862169e-09,0,0,3000,0
19.013664,144,33902.078354,True,True,1,3.0,0,0.9513888888888888,0.31116255554305,1.0,1.8544159340389856,1.6874409675935471,1.4018942312086975,1.1961194958281807,0.49679368618238334,0.49027084863368026,0,0,2873,0
6.762116,150,34153.667362,False,False,1,9.065983889740894,0,1.0,0.2531163357356106,1.0,1.3715745607560448,1.3144746016911235,0.568991805562402,0.4882196184672069,1.4901161193847656e-08,0.0,0,0,3000,0
5.215306,150,34405.696841,False,False,1,17.165070001672746,0,1.0,0.36823333262188324,1.0,1.1513390970535908,1.0041326894659848,1.8636805403394798,1.838267862915096,1.4901161193847656e-08,0.0,0,0,3000,0
5.999998,150,34656.393957,False,False,2,23.236501071332416,0,1.0,0.34728045813750985,1.0,2.3005807849793793,2.049103342773662,1.3233673676430513,1.195813611502409,0.014028878527468223,0.012756070833539988,0,0,3000,0
17.878959,92,34812.153232,True,True,1,3.0,0,0.9239130434782609,0.2663869335780979,1.0,1.2162245640515177,1.1435887956986601,0.444534368476381,0.4405977904636627,1.4901161193847656e-08,1.3411045074463399e-09,0,0,1838,0
21.122992,126,35024.471361,True,True,0,3.0,0,0.9365079365079365,0.3133339459538633,1.0,0.9726055105764219,0.9628164912407697,1.3856076662649786,1.2464625828712328,0.0,0.0,0,0,2501,0
15.668667,78,35155.322931,True,True,1,3.0,0,0.8461538461538461,0.2689756794883699,1.0,1.280615081229723,1.1951031083225254,1.3711341162835917,0.991018027410161,1.1626011666032454,1.1589891189325325,0,0,1550,0
-18.484333,68,35269.249286,False,False,1,19.342367791468035,0,1.0,0.3175249695209291,1.0,2.7157831291974013,2.52812003761053,2.344769820780114,2.1193493873598364,1.5699378328984135,1.5619403870477335,0,0,1344,0
19.520721,136,35498.908183,True,True,0,3.0,0,0.9411764705882353,0.31790982966422004,1.0,0.9957798700809263,0.9220420044694979,1.0909916296550346,0.9200570428479147,0.0,0.0,0,0,2716,0
5.216522,150,35748.807351,False,False,3,7.677203536033631,0,1.0,0.3340085153149357,1.0,1.7374626170203964,1.559241538295435,0.46839931836273585,0.43530949787923895,1.4901161193847656e-08,0.0,0,0,3000,0
21.18446,140,35983.62298,True,True,2,3.0,0,0.9428571428571428,0.29162343171410854,1.0,1.9678207699770935,1.849417078024433,0.42213017111156653,0.41462760386799313,0.0,0.0,0,0,2795,0
8.537102,150,36234.674248,False,False,2,9.033516144004944,0,1.0,0.36824185837010676,1.0,2.7907620386540053,2.6997703570067584,2.213252726610442,1.97054494958411,0.19824708323511211,0.19017341638193325,0,0,3000,0
9.011744,150,36488.676802,False,False,0,8.111770322577577,0,1.0,0.3371914526588193,1.0,1.9631134352019857,1.9079288433994663,0.6811724922323119,0.6358540639687458,0.0,0.0,0,0,3000,0
16.271671,145,36730.471617,True,True,1,3.0,0,0.9448275862068966,0.2540092693632387,1.0,1.8773305455353575,1.7421591387754545,0.9109531742127457,0.8128174432811809,1.4901161193847656e-08,0.0,0,0,2882,0
7.118116,150,36981.61996,False,True,0,3.172376971586093,0,1.0,0.3348393307275947,1.0,1.892692139616162,1.634789906443984,0.7025774686098666,0.6540820532475129,0.0,0.0,0,0,3000,0
-13.991255,147,37228.638206,False,True,2,6.5,2,1.0,0.31048898649125184,1.0,1.6849595262431505,1.4553659520695035,0.7007105348837056,0.6635105750208856,0.0,0.0,0,2,2928,0
23.161535,117,37426.919246,True,True,1,3.0,0,0.9487179487179487,0.3674564756032029,1.0,2.8458238811271164,2.486257922311861,2.0966172081691568,1.81709947951841,0.0,0.0,0,0,2332,0
20.301986,146,37671.306892,True,True,1,3.0,0,0.952054794520548,0.3212316709974008,1.0,2.261888461655308,2.098698128339265,1.2067562795951554,1.1127610278525317,1.4901161193847656e-08,0.0,0,0,2920,0
18.41143,134,37895.979118,True,True,1,3.0,0,0.9328358208955224,0.32685822135738035,1.0,1.6971211820655798,1.506434937156564,1.3363216387201047,1.222536885824084,0.0,0.0,0,0,2676,0
2.096381,150,38148.077429,False,True,1,10.210055804229341,0,1.0,0.31677622178974235,1.0,1.22526152157854,1.0076775587053397,0.5482567414124843,0.5010615565022035,1.4901161193847656e-08,0.0,0,0,3000,0
4.603424,150,38398.653933,False,False,1,4.070013571287095,0,1.0,0.39152528219844707,1.0,2.5903225252605386,2.445814458555341,2.11647012694156,1.7301062254768138,0.662994775427617,0.5768359208808412,0,0,3000,0
20.511562,126,38608.913605,True,True,0,3.0,0,0.9444444444444444,0.30633868684431814,1.0,1.6278945050864315,1.3694002087953616,0.6678125858278833,0.6179672004519,1.4901161193847656e-08,0.0,0,0,2506,0
16.533284,58,38706.215377,True,True,0,3.0,0,0.8620689655172413,0.2983111618733623,1.0,0.8894921416274807,0.8610514771133375,0.5144499425736073,0.49078232585032433,0.0,0.0,0,0,1156,0
-15.331294,81,38842.4997,False,True,1,7.09731462597847,0,1.0,0.3759506584116694,1.0,1.8745174463023873,1.7514849691223855,1.5550165214141816,1.4512961876656116,0.0,0.0,0,0,1616,0
18.339081,144,39086.565562,True,True,1,3.0,0,0.9513888888888888,0.314595109931943,1.0,2.1500631428553274,2.030455329633567,1.2962948120601248,1.2099443286410143,0.6563108882277539,0.6534340754709047,0,0,2875,0
7.074694,150,39336.521826,False,True,0,11.224313215003349,0,1.0,0.37429293852023104,1.0,1.606723745062054,1.3681412615755422,1.990008955516178,1.9380698287661922,1.4901161193847656e-08,0.0,0,0,3000,0
-20.210676,57,39431.937293,False,False,0,16.96958240560065,0,1.0,0.375680542848909,1.0,2.22995213031768,2.133746625009676,2.678619581636815,2.6108942194397327,0.597873392897212,0.5900620194747254,0,0,1132,0
15.13559,74,39558.039026,True,True,0,3.0,0,0.8783783783783784,0.34724733235690997,1.0,1.646602963870008,1.4975210941206583,1.2267744447645392,1.2049500822891779,0.0,0.0,0,0,1480,0
22.636191,123,39767.517836,True,True,1,3.0,0,0.943089430894309,0.34306872167680164,1.0,0.8389849300970394,0.7549467492147451,0.9753352913973837,0.9564490960300901,0.0,0.0,0,0,2449,0
24.59484,120,39968.961079,True,True,0,3.0,0,0.9583333333333334,0.32957482887706585,1.0,2.3178077739951655,1.9989603680294752,1.6565820101408228,1.559999472896311,1.4901161193847656e-08,0.0,0,0,2386,0
6.624223,150,40220.512003,False,False,0,21.94904982489741,0,1.0,0.25958028828070767,1.0,1.8617704473044834,1.7866611578089855,0.6038030769178746,0.5351803886052218,1.4901161193847656e-08,0.0,0,0,3000,0
27.447346,139,40455.708631,True,True,1,3.0,0,0.9640287769784173,0.3372859299745941,1.0,2.872279528648795,2.6332071820619687,1.3494181511113121,1.262834057892986,0.4880669180237664,0.47285399509467935,0,0,2765,0
4.716444,150,40710.065955,False,False,0,12.955725421631389,0,1.0,0.22954780992180152,1.0,0.828179849009416,0.7015641413733634,0.9444064101520355,0.8225987905265209,0.0,0.0,0,0,3000,0
21.336788,103,40881.856009,True,True,0,3.0,0,0.941747572815534,0.3189248183114056,1.0,0.8764361536055231,0.6216308148213828,1.265733469388869,1.2432278775770935,0.0,0.0,0,0,2049,0
6.67397,150,41131.336941,False,False,2,11.901265206293218,0,1.0,0.34955956750454986,1.0,2.075185212940915,1.8392275743878275,1.1714488028162335,1.1164966788228656,1.4901161193847656e-08,7.599592208862169e-09,0,0,3000,0
15.787793,119,41330.815082,True,True,1,3.0,0,0.865546218487395,0.3201217359455732,1.0,2.223202423894682,2.026128237845714,1.4422749465494624,1.202658212310114,0.5447504806427937,0.536966414737172,0,0,2371,0
6.269918,150,41584.628399,False,False,2,9.751333236694336,0,1.0,0.31539358599101797,1.0,2.330160699377311,1.8682368379684593,1.4232315780235896,1.1497259342447694,0.12252088032637919,0.11946788089570884,0,0,3000,0
18.225852,104,41760.158128,True,True,1,3.0,0,0.8942307692307693,0.27277361958281743,1.0,1.8984061592745018,1.6358716023830753,0.7535023954542848,0.6818038080647684,1.4901161193847656e-08,0.0,0,0,2076,0
-16.202125,95,41919.140929,False,True,1,6.500000000000001,0,1.0,0.2811528631649861,1.0,1.8556919296632535,1.4781202978662016,0.5666204982728156,0.5279189072483259,1.4901161193847656e-08,1.4901161193847656e-08,0,0,1898,0
-1.213692,150,42173.054634,False,True,1,16.37242117885035,0,1.0,0.3233610486772918,1.0,1.4412792426939087,1.3245097567566286,1.0862124855169812,0.8266523707790768,0.0,0.0,0,0,3000,0
18.797378,110,42360.177073,True,True,1,3.0,0,0.9090909090909091,0.23178436519925802,1.0,1.218049416561189,1.1334489549185358,0.4458555411750615,0.41400868821324677,1.4901161193847656e-08,1.4901161193847656e-08,0,0,2191,0
4.8549,150,42614.664862,False,True,1,5.452191421909173,0,1.0,0.36244065371988365,1.0,1.565439282365372,1.4949442723196484,1.7093558087896892,1.675853450068668,0.2893236616848024,0.2849356689896556,0,0,3000,0
3.657019,150,42874.618472,False,False,1,3.0,0,0.5266666666666666,0.16439869763095072,1.0,1.186399509524183,0.9781651294237093,0.6913959288627535,0.623905832100946,0.0,0.0,0,0,3000,0
13.199071,54,42965.151452,True,True,0,3.0,0,0.7592592592592593,0.3005230318508244,1.0,0.8006561893745822,0.7736721674844795,0.48472937639836455,0.4823963039676116,0.0,0.0,0,0,1066,0
19.135424,100,43131.287653,True,True,1,3.0,0,0.91,0.2671490414618094,1.0,1.4970754356480698,1.311991213396288,0.6857409970875138,0.48388719673260083,1.4901161193847656e-08,1.490116119385528e-10,0,0,1984,0
18.772138,74,43254.085004,True,True,0,3.0,0,0.8918918918918919,0.3481650140280724,1.0,1.6265880703390125,1.4988315454726753,0.8129187635948981,0.7959726470541746,0.0,0.0,0,0,1461,0
22.319072,90,43406.094894,True,True,0,3.0,0,0.9222222222222223,0.35366904148410355,1.0,1.1534291374192176,1.1455041270853141,1.0388071492920337,1.0239869325554212,0.0,0.0,0,0,1793,0
19.791976,116,43603.24889,True,True,1,3.0,0,0.896551724137931,0.33760228100153294,1.0,1.3093960056490537,1.1993672292615074,1.6025188756830282,1.496131124651508,0.0,0.0,0,0,2315,0
18.272277,90,43755.974464,True,True,1,3.0,0,0.9222222222222223,0.28122981450401624,1.0,0.5236870627561014,0.49391569962796594,0.553612624207187,0.5350028838864124,0.0,0.0,0,0,1794,0
-22.064123,50,43839.4457,False,False,1,18.438145411101722,0,1.0,0.3942994306910837,1.0,2.0006974814490674,1.9331494478248978,2.8054932508076367,2.7638952702497273,0.9598509463612669,0.9539968360205663,0,0,986,0
20.733518,129,44056.66825,True,True,0,3.0,0,0.937984496124031,0.33585627214149766,1.0,1.829499504444215,1.637606697572954,0.6617432156225559,0.5762999321669336,0.0,0.0,0,0,2572,0
-13.233319,108,44237.791793,False,True,1,6.500000000000001,0,1.0,0.35717647531926056,1.0,2.332501394182391,2.2350091068605957,1.7551002057845835,1.6187080358960821,1.421482584644551,1.4142777459972191,0,0,2141,0
21.35788,116,44429.758209,True,True,0,3.0,0,0.8706896551724138,0.29201453448262893,1.0,2.16188614445938,1.5072985621613118,2.2153037784906235,1.3883421002709402,0.09146325554361873,0.05582922763951005,0,0,2304,0
18.715096,91,44582.657901,True,True,1,3.0,0,0.9230769230769231,0.30686424704382126,1.0,1.5335239797943288,1.4116186488923321,0.41965580240232314,0.4124736812013279,1.4901161193847656e-08,1.490116119384681e-09,0,0,1815,0
8.344086,150,44832.826575,False,False,2,9.744550042182134,0,1.0,0.26817868723792415,1.0,1.8866035651069988,1.7623153097925692,0.7612910084051614,0.6733091826932396,1.4901161193847656e-08,0.0,0,0,3000,0
14.016689,78,44963.859956,True,True,0,3.0,0,0.8333333333333334,0.2961413591109373,1.0,0.8844002875730211,0.8519084251856341,0.5511921658653208,0.49685998203324716,0.0,0.0,0,0,1552,0
21.129077,123,45171.264355,True,True,1,3.0,0,0.926829268292683,0.3254922136000967,1.0,2.4500469786667662,2.368440864656578,1.7205151817085556,1.412825686822979,0.5247879416778664,0.5129353430706128,0,0,2460,0
17.279723,93,45328.380299,True,True,1,3.0,0,0.9032258064516129,0.32142095568529727,1.0,1.814610183973149,1.7086212421932006,1.0858907234378066,0.9803951777083783,0.329751335180586,0.3285623620533774,0,0,1847,0
20.24379,95,45488.55286,True,True,0,3.0,0,0.9157894736842105,0.2899405302135504,1.0,0.7513934500977362,0.6606564800057585,0.5027282170660086,0.4800995471756503,2.1073424255447017e-08,1.264405455326869e-09,0,0,1893,0
-28.621051,89,45637.25516,False,False,1,25.0,0,1.0,0.3305325995685008,1.0,2.5795166261899856,2.4999339736646755,1.1506831192353713,1.0105673274615565,0.23311332962516887,0.22451913843660248,0,0,1779,0
5.617252,150,45890.811641,False,False,2,10.658066695341747,0,1.0,0.3347083184102734,1.0,1.5283013487932486,1.3727723989131577,1.0176277788318688,0.9499490510050267,1.4901161193847656e-08,0.0,0,0,3000,0
23.594445,136,46119.355114,True,True,1,3.0,0,0.9485294117647058,0.3421784983772226,1.0,1.2772184626986522,1.2644686304378117,1.3656580654333668,1.3273282915687754,1.4901161193847656e-08,0.0,0,0,2703,0
22.40622,132,46343.006137,True,True,2,3.0,0,0.9166666666666666,0.3263045133085405,1.0,1.969884730745408,1.7731778683348964,0.6777507075419915,0.6431362800986549,1.4901161193847656e-08,0.0,0,0,2633,0
9.433835,150,46599.067781,False,True,1,4.835735267215224,0,1.0,0.3488266743956743,1.0,2.6232984295910753,2.4851697932803876,1.8722345292488038,1.6697713888156007,0.3827789419786844,0.3749747668849991,0,0,3000,0
16.267579,142,46838.574968,True,True,1,3.0,0,0.8943661971830986,0.3326442831982761,1.0,2.872138939788392,2.585998409470924,1.9590002511182711,1.670297414078517,0.22526993166324222,0.21661253507875095,0,0,2827,0
4.120881,150,47093.11331,False,False,1,17.48033160318204,0,1.0,0.32540463830091454,1.0,0.7295579871573326,0.646838165987164,0.9985421725292011,0.9639051439309629,1.4901161193847656e-08,0.0,0,0,3000,0
21.00158,103,47266.374949,True,True,1,3.0,0,0.9320388349514563,0.32533663016029957,1.0,1.1433836543733524,1.0467054753935237,0.9371220955894887,0.9216234940384985,1.4901161193847656e-08,0.0,0,0,2060,0
17.39552,56,47360.009329,True,True,0,3.0,0,0.8571428571428571,0.33848004539881266,1.0,1.628287921002101,1.4463724798875044,0.7192365218697552,0.6904373163769122,0.0,0.0,0,0,1103,0
-16.348092,93,47515.642753,False,True,1,6.5,0,1.0,0.31692258270838164,1.0,1.5086923685559301,1.3892069335026898,0.7264360565676973,0.708022209627986,0.0,0.0,0,0,1842,0
21.034937,109,47701.749503,True,True,1,3.0,0,0.8899082568807339,0.3507352997368994,1.0,2.697154183800333,2.503511003575371,1.6839795375861146,1.440292799124618,0.5188990813897195,0.5171897930680175,0,0,2172,0
6.249633,150,47953.775024,False,False,0,18.08292912944262,0,1.0,0.28601895868742405,1.0,1.3303494534074385,1.2769025293215837,0.7946699277916044,0.6067395444113697,0.0,0.0,0,0,3000,0
18.60605,74,48078.491761,True,True,0,3.0,0,0.9054054054054054,0.3062940968372096,1.0,1.372645204872224,1.2312881170837755,1.012493759175233,0.9340291555627902,0.0,0.0,0,0,1473,0
0.881576,150,48330.086009,False,True,1,3.0,0,0.92,0.35030380639669506,1.0,2.182544492461509,2.1266202085520383,0.7156079645324817,0.6305961797779025,1.4901161193847656e-08,7.599592208862169e-09,0,0,3000,0
-12.163544,123,48538.736976,False,False,2,6.997813391461108,1,1.0,0.368473146023217,1.0,2.8722649668622227,2.5114796145173717,1.9581729741834806,1.1382778660073172,1.0973836461963278,1.0858746493048208,0,2,2450,0
18.84085,145,48785.65828,True,True,0,3.0,0,0.9517241379310345,0.2859670924367521,1.0,1.2213297217723673,1.0234632896221594,1.1282275476646793,1.1081247625355184,1.4901161193847656e-08,0.0,0,0,2900,0
19.952513,75,48911.604131,True,True,1,3.0,0,0.8666666666666667,0.318229304503865,1.0,1.5770091897281742,1.4387526384338478,0.4683105939395558,0.4222796123252622,0.0,0.0,0,0,1496,0
14.930761,119,49112.335944,True,True,1,3.0,0,0.9411764705882353,0.31116006849387257,1.0,0.7591174687204433,0.6512205492319907,1.3216603617313993,1.2927436645514951,1.4901161193847656e-08,0.0,0,0,2372,0
21.727761,107,49293.434129,True,True,0,3.0,0,0.9345794392523364,0.26424781000363295,1.0,0.7727636162133864,0.6688400964170754,0.7759056910938491,0.7536555935931962,1.4901161193847656e-08,1.4007091522216763e-08,0,0,2121,0
17.805269,97,49456.352342,True,True,0,3.0,0,0.9072164948453608,0.3315837617693313,1.0,1.8449467717094945,1.6164138849999592,1.4116979544162955,1.3800078498407111,2.1073424255447017e-08,8.42936970217713e-10,0,0,1929,0
6.617162,150,49709.341796,False,False,1,13.87918265290358,0,1.0,0.3243060180899235,1.0,1.6215759141315906,1.2321487817690022,1.5233589644612695,1.487303479387925,0.0,0.0,0,0,3000,0
21.426303,106,49889.993465,True,True,1,3.0,0,0.9528301886792453,0.31633005513745033,1.0,0.5960842334961038,0.5797916381328962,0.7646508573259749,0.7140165994623203,0.0,0.0,0,0,2114,0
8.15687,150,50142.857001,False,True,1,5.571653716669733,0,1.0,0.28737681093121936,1.0,1.4732549309278136,1.3494796601543986,0.9020819412917512,0.8299776643402773,1.4901161193847656e-08,7.599592208862169e-09,0,0,3000,0
2.1078,150,50396.907106,False,True,1,11.480098710744642,0,1.0,0.3248168104724528,1.0,1.7154772179154127,1.5023384466476766,1.2200446719946547,1.0737076587917593,1.2921009328248871,1.2817641475727946,0,0,3000,0
18.260144,132,50619.403613,True,True,1,3.0,0,0.9318181818181818,0.33724561360303074,1.0,1.225091045158055,1.1431739469985018,1.019173629551121,1.005295049321086,0.0,0.0,0,0,2633,0
21.365544,102,50790.227329,True,True,1,3.0,0,0.9313725490196079,0.3393355896231806,1.0,1.9168270135616667,1.825385141792889,1.6867703057091243,1.4203792464690457,0.33911052533282754,0.336568976137288,0,0,2036,0
17.418251,82,50927.430043,True,True,1,3.0,0,0.8536585365853658,0.3306461411889071,1.0,1.5946572712596356,1.3652156928782901,0.571830773172525,0.5454264468909448,0.0,0.0,0,0,1636,0
22.743115,104,51103.003908,True,True,1,3.0,0,0.9134615384615384,0.34869259156455396,1.0,2.2714900766357657,2.1421349035778885,1.4814823720927455,1.2794535711561894,0.6121686967490976,0.6094510587016285,0,0,2079,0
19.266169,107,51280.920363,True,True,0,3.0,0,0.9252336448598131,0.2638405455536845,1.0,1.3390811528807314,1.229409306971956,0.42265076477522495,0.4073602167929452,1.4901161193847656e-08,0.0,0,0,2128,0
20.298124,106,51456.265302,True,True,1,3.0,0,0.8962264150943396,0.2833430549759638,1.0,1.8869022751841447,1.7790046108439266,0.5453334935818794,0.5284783863966236,1.4901161193847656e-08,0.0,0,0,2104,0
17.796419,75,51583.229109,True,True,1,3.0,0,0.8933333333333333,0.2922773606752989,1.0,0.7884372375110352,0.7562667552340651,0.5582167094590725,0.536119701191699,0.0,0.0,0,0,1498,0
17.624821,100,51753.11478,True,True,1,3.0,0,0.87,0.2728140935003926,1.0,1.3814223118021447,1.2766735440200967,1.1497761382742717,1.112809716889388,1.7235210028647132,1.6975462379407973,0,0,1997,0
19.740116,96,51937.561371,True,True,1,3.0,0,0.9166666666666666,0.3302624044508549,1.0,0.47012336035571406,0.46468287696852834,0.999436696560436,0.9831285902108683,0.0,0.0,0,0,1907,0
7.906647,150,52264.281137,False,True,0,5.235331986814614,0,1.0,0.2626033598056418,1.0,2.1776129049626274,1.6973806377448744,1.6612929960994705,1.5139868198350317,1.4901161193847656e-08,0.0,0,0,3000,0
5.657221,150,52581.321608,False,False,2,6.5,0,1.0,0.24763413171310006,1.0,1.1134243225306961,0.9802307500902713,0.8504096972713071,0.7444872635344972,1.4901161193847656e-08,7.599592208862169e-09,0,0,3000,0
19.1431,105,52802.606225,True,True,0,3.0,0,0.9142857142857143,0.27213156650139514,1.0,1.5287782205678835,1.4090103936270353,0.4316997894029507,0.42143156918567287,0.0,0.0,0,0,2090,0
13.266056,66,52939.445419,True,True,0,3.0,0,0.8333333333333334,0.3266906438904821,1.0,0.5411408027641946,0.5326723747287867,0.6228461749857459,0.617995351940295,0.0,0.0,0,0,1304,0
15.939144,69,53081.296493,True,True,0,3.0,0,0.8840579710144928,0.2912648871013142,1.0,0.7216374202698179,0.6844006841570479,0.7315767615114578,0.704925858511159,1.4901161193847656e-08,4.768371582031148e-09,0,0,1367,0
7.367841,150,53385.28815,False,True,1,4.443147700217864,0,1.0,0.2856311130554918,1.0,0.772712088062419,0.5968802081840466,0.9369525008080826,0.9130316147425815,0.0,0.0,0,0,3000,0
-19.657493,95,53543.026524,False,False,1,6.5,0,1.0,0.35314050553897247,1.0,2.320058869638128,2.1175066647618777,1.4683849373142075,1.2025086355129775,0.3328799846770113,0.32955308765216734,0,0,1892,0
4.621029,150,53795.875735,False,False,2,10.4121910110116,0,1.0,0.3133003374921736,1.0,1.6408996240822622,1.5964988183860709,1.4560107551866501,0.9098800290274882,0.10051297256321948,0.08351758718406445,0,0,3000,0
17.228201,107,53975.881476,True,True,1,3.0,0,0.9252336448598131,0.2914086413488303,1.0,1.8342811137630166,1.767133837956523,1.17752350987994,1.1155506915777673,0.5768135041545843,0.5727911181156085,0,0,2136,0
17.139274,70,54111.797646,True,True,1,3.0,0,0.8714285714285714,0.3183945120718409,1.0,0.6418727530827308,0.5346850831199684,0.5875562326066839,0.5337501120908402,2.1073424255447017e-08,1.6814562742943472e-08,0,0,1390,0
21.344071,120,54364.561739,True,True,2,3.0,0,0.925,0.30187384407289497,1.0,1.530161980895418,1.5028535853767309,0.5569468658634952,0.5385350917838058,0.0,0.0,0,0,2390,0
22.915536,77,54526.552133,True,True,1,3.0,0,0.935064935064935,0.263734055421001,1.0,0.6875105490247072,0.6174995495380231,0.584945244288278,0.5178359553355965,1.4901161193847656e-08,3.5762786865233613e-09,0,0,1538,0
18.0568,116,54774.600769,True,True,0,3.0,0,0.9224137931034483,0.32127857517029523,1.0,1.1975828662922856,1.0255492397995036,1.2418502400019606,1.2234161907788215,1.4901161193847656e-08,0.0,0,0,2314,0
15.694724,69,54920.243454,True,True,0,3.0,0,0.8695652173913043,0.26965865912722414,1.0,1.0737377604781846,1.0118473968096462,0.7895913493862626,0.7791388065584689,1.4901161193847656e-08,4.768371582031148e-09,0,0,1380,0
20.578796,92,55110.098437,True,True,1,3.0,0,0.9021739130434783,0.3178668975728021,1.0,1.5252780558948487,1.4328615172956904,0.40795458981697874,0.40184335040792096,0.0,0.0,0,0,1822,0
-19.383346,35,55184.260885,False,False,1,21.330204701222296,0,1.0,0.38581784069003155,1.0,2.6352273098672616,2.5052181057837233,1.7605743183521512,1.3956308560732236,0.710925826410902,0.7090231167609716,0,0,699,0
-21.797698,89,55372.127312,False,False,1,16.08580245706874,0,1.0,0.35211619833456204,1.0,2.5606891780925687,2.395086857617985,1.5194898382847115,1.3181577439367818,1.1296339785578615,1.1207995150742562,0,0,1771,0
20.164429,118,55620.428171,True,True,2,3.0,0,0.923728813559322,0.29313106206067574,1.0,1.7470593951460285,1.5597653374706364,1.3263108531791903,1.0765356164386752,0.36385287919317727,0.3605452148166431,0,0,2344,0
16.850973,85,55796.169603,True,True,0,3.0,0,0.8823529411764706,0.34697255144146755,1.0,2.0229441482523085,1.9454156220165357,1.0977527666011444,1.077297236382613,0.0,0.0,0,0,1687,0
25.019619,103,56014.962463,True,True,0,3.0,0,0.970873786407767,0.34049541315026516,1.0,0.8075745092071758,0.7713240917667601,0.6900865578061439,0.6630282798735141,0.0,0.0,0,0,2057,0
19.419432,111,56244.056862,True,True,1,3.0,0,0.8738738738738738,0.2932276918376021,1.0,1.929771903676562,1.806025599742764,0.7200874564963117,0.6880685312840981,1.4901161193847656e-08,1.4901161193847656e-08,0,0,2212,0
6.019763,150,56555.88103,False,False,1,19.142613244528693,0,1.0,0.358289124271694,1.0,2.431850398741594,2.3189146182801554,1.864715296634193,1.602978059465252,0.0284191032917031,0.02675521638363264,0,0,3000,0
17.998635,132,56828.373008,True,True,1,3.0,0,0.8939393939393939,0.33036500306440236,1.0,2.8106863421357504,2.6547488014223997,2.3152636801514452,1.7214235737506898,1.1628881621187166,1.1392658444598265,0,0,2640,0
17.176215,53,56937.319302,True,True,0,3.0,0,0.8490566037735849,0.32962051224226896,1.0,1.3515582861215483,1.167475820799399,0.6431540837380514,0.6186524732910261,0.0,0.0,0,0,1046,0
5.653955,150,57251.300333,False,False,1,16.033057307062776,0,1.0,0.3486397716239981,1.0,2.047205868175119,1.9545174762850244,1.159997227061914,1.0834245032297571,1.4901161193847656e-08,7.599592208862169e-09,0,0,3000,0
-15.541596,83,57423.123557,False,True,1,6.500000000000001,0,1.0,0.3081251793140857,1.0,1.8813274221369902,1.8525500328133309,1.6604982145060054,1.0943103841297963,1.1999689221589889,1.1908631286996831,0,0,1647,0
7.020203,150,57734.171656,False,True,2,3.0,0,0.9666666666666667,0.3299098171154522,1.0,2.111927565744422,1.926718147739886,1.580708876630112,1.2184388529032402,0.013127667837685842,0.00918564653831084,0,0,3000,0
-24.979001,62,57863.037907,False,False,0,16.391149189091628,0,1.0,0.32900792908647253,1.0,2.3711352311991902,2.2158735505467466,3.328874929339539,3.1606403380151353,0.8147769970455809,0.8110392147328296,0,0,1231,0
22.2321,116,58107.042052,True,True,1,3.0,0,0.9568965517241379,0.2574404332017398,1.0,1.1545774658917116,1.0226331096916463,0.5971445201853759,0.5777138768833446,2.1073424255447017e-08,0.0,0,0,2316,0
2.277785,150,58424.65664,False,False,1,3.0,0,0.5533333333333333,0.17286945533614204,1.0,1.4194303953931895,1.4053018111045827,0.5391586503754524,0.49506561144014405,0.0,0.0,0,0,3000,0
19.845016,137,58719.700695,True,True,1,3.0,0,0.9562043795620438,0.17287558795213573,1.0,1.1137657531150045,0.8977748397680659,0.4444641290527984,0.4299022430418308,1.4901161193847656e-08,0.0,0,0,2730,0
8.004883,150,59033.215853,False,False,2,3.0,0,0.92,0.3267682609518259,1.0,2.14180555792661,1.986145762734452,1.8907632507507879,1.6441917814741664,0.23263555244592285,0.22326889460776012,0,0,3000,0
21.376668,103,59247.845831,True,True,1,3.0,0,0.941747572815534,0.313219543291672,1.0,1.324454570443752,1.2740411769919877,0.6351683390335628,0.561275966056277,0.0,0.0,0,0,2055,0
17.97646,92,59437.982513,True,True,1,3.0,0,0.8913043478260869,0.29646208605772567,1.0,1.6285740717993862,1.537881349358063,0.8869505138935482,0.746658029448163,0.2403205964656195,0.2341016605873329,0,0,1830,0
3.29645,150,59760.384222,False,False,1,3.0,0,0.4666666666666667,0.1560860999127237,1.0,1.2170550104900737,1.037528931973316,0.9922878507136724,0.9076510267908465,1.4901161193847656e-08,0.0,0,0,3000,0
-20.585451,68,59897.689014,False,False,1,11.945605952034663,0,1.0,0.37099487199303277,1.0,1.929363297533294,1.7063889676148711,2.4108711479555853,2.355345688847952,2.413160738748629,2.4091954859967037,0,0,1345,0
21.81601,75,60053.473542,True,True,0,3.0,0,0.88,0.3292919885956158,1.0,0.5828280363688333,0.5120483764001529,0.6166260060510058,0.6112340526227931,0.0,0.0,0,0,1487,0
5.908187,150,60369.888042,False,False,0,11.294091740467959,0,1.0,0.2698835042341934,1.0,0.9622280020563204,0.5964643335332667,1.770934264065426,1.7655228570781567,0.0,0.0,0,0,3000,0
5.665038,150,60681.378555,False,True,1,3.0,0,0.9866666666666667,0.3480318038794644,1.0,2.0507645783524486,1.971348070754392,0.7081370719651592,0.6754474460811312,0.0,0.0,0,0,3000,0
23.21248,105,60895.63454,True,True,1,3.0,0,0.9523809523809523,0.29160115589932645,1.0,1.1747834865870341,1.021252208173034,0.7053724028353292,0.6569163180434408,0.0,0.0,0,0,2085,0
23.874177,110,61131.746723,True,True,1,3.0,0,0.9545454545454546,0.3382730898559492,1.0,1.9193501350317494,1.712361927494267,0.9734170549757994,0.8904963495376254,1.4704407602835265,1.4528687877647815,0,0,2191,0
24.347797,146,61431.929394,True,True,1,3.0,0,0.958904109589041,0.31230942829943575,1.0,2.8721447231199067,2.8721195538321953,1.8264300595038387,1.6826117569273025,0.7057236428261988,0.7022281618980096,0,0,2920,0
20.611199,103,61649.431814,True,True,0,3.0,0,0.9320388349514563,0.3668474972680868,1.0,2.0232499822894066,1.8743630266550346,1.8081236570683805,1.7192925887639077,1.4901161193847656e-08,0.0,0,0,2058,0
17.139673,51,61753.889174,True,True,0,3.0,0,0.8431372549019608,0.31779919471631723,1.0,1.2359309900691762,1.1971596306953334,0.6123784682835839,0.5953858582949554,0.0,0.0,0,0,1009,0
20.712068,138,62038.818592,True,True,1,3.0,0,0.9565217391304348,0.33912375926100513,1.0,2.5034669909620324,2.369985767869752,1.8979574662199192,1.5670177585349183,1.130191433380004,1.1034043773170634,0,0,2745,0
21.77938,106,62259.358442,True,True,0,3.0,0,0.9339622641509434,0.2881621794586063,1.0,1.3379733126512765,1.2804788610983202,0.6072942119440236,0.5689848833584957,1.4901161193847656e-08,1.4156103134155316e-08,0,0,2120,0
-37.717275,72,62411.747642,False,False,1,22.44344331716514,0,1.0,0.36130585409758287,1.0,2.6201904192746817,2.6200723181251377,1.1949947673621666,0.9608011319867474,1.3190403265604023,1.3168953243814625,0,0,1427,0
20.298908,150,62719.661464,True,True,1,3.0,0,0.9533333333333334,0.36462738108446385,1.0,1.7499665750886422,1.6502643741827838,1.279120120996323,1.1751753269751617,1.4901161193847656e-08,0.0,0,0,2984,0
24.709515,109,62946.590016,True,True,1,3.0,0,0.908256880733945,0.3062046096756631,1.0,2.0882382646292346,2.0177571832246732,0.702584878125082,0.6561149547236407,0.0,0.0,0,0,2173,0
16.518192,78,63115.541372,True,True,1,3.0,0,0.8974358974358975,0.25123108532187804,1.0,0.9553824155567523,0.8765882520086203,0.41782653418432814,0.4059841160663018,0.0,0.0,0,0,1557,0
19.018325,60,63237.178618,True,True,0,3.0,0,0.8833333333333333,0.3340018649818851,1.0,1.0531638839279862,1.0088254489246893,0.5258330094332888,0.5179253612495412,0.0,0.0,0,0,1183,0
15.909017,107,63460.218462,True,True,1,3.0,0,0.9252336448598131,0.31815537642572,1.0,1.6466485574930916,1.439044803336213,1.608724049926812,1.3161669881765687,1.5754419185719213,1.5383603498918772,0,0,2129,0
23.358026,81,63626.058439,True,True,1,3.0,0,0.9259259259259259,0.3193114400325694,1.0,1.9400801356976132,1.6391196059342539,0.7221177754044227,0.6060217588355823,1.4901161193847656e-08,2.9802322387695736e-09,0,0,1604,0
-1.771327,150,63939.840544,False,True,1,3.0,0,0.9933333333333333,0.346435466093743,1.0,2.3900941958614856,2.205559131147363,1.2997471634975577,1.143900781763415,1.4901161193847656e-08,0.0,0,0,3000,0
9.177554,150,64250.755639,False,True,2,6.350155568215986,0,1.0,0.35559017105483254,1.0,2.5874969927970786,2.433602480050761,0.9427177787212876,0.819346867771539,0.0,0.0,0,0,3000,0
2.632253,150,64572.840724,False,False,1,3.0,0,0.38666666666666666,0.1293475271221253,1.0,1.3007370054975185,1.2235908383996554,0.9338360178909779,0.863415055107919,0.6292321450233734,0.6186639733417553,0,0,3000,0
-19.090515,37,64648.146909,False,False,1,7.790038000580292,0,1.0,0.3947431990649258,1.0,1.411639846138501,1.3567730071464417,0.579788126395727,0.5665309726486851,0.45682054863792976,0.45491525866708193,0,0,738,0
-22.545404,61,64778.300689,False,False,0,13.240855900104929,0,1.0,0.36088301376041626,1.0,2.307058069995091,2.1289302176880303,2.8824814272934516,2.799417789584287,0.9766244641259806,0.9583679097205651,0,0,1216,0
-20.003971,54,64888.699761,False,False,0,22.694170986991548,0,1.0,0.31962931333128874,1.0,2.2161221032802234,2.1352436020645427,3.3413838203802553,3.2063566187994237,1.4901161193847656e-08,7.0035457611083815e-09,0,0,1066,0
7.05012,150,65196.688908,False,False,2,7.532174080610275,0,1.0,0.3323220668184889,1.0,2.1806026163244967,2.079063729730236,1.189231531002255,1.0033525263883096,0.06722954922286076,0.063963779751266,0,0,3000,0
22.447988,74,65352.853673,True,True,0,3.0,0,0.918918918918919,0.32829734747471645,1.0,0.8555673451650003,0.7184951783953805,0.8432928287332269,0.8358308741018646,1.4901161193847656e-08,4.023313522338808e-09,0,0,1479,0
6.41556,150,65671.399987,False,False,2,3.0,0,0.8133333333333334,0.3110376865048604,1.0,1.4145815753239772,1.318566995650625,1.7630562372281902,1.6372123698430248,1.4901161193847656e-08,0.0,0,0,3000,0
-20.613418,78,65835.494068,False,False,1,10.257348628993956,0,1.0,0.3896944051657388,1.0,2.4143362265404185,2.3934731846130637,1.810200687584687,1.7514001712269194,1.053850454213427,1.052972023080785,0,0,1549,0
-23.057435,67,65972.839565,False,False,0,21.332553890513147,0,1.0,0.3764305393073019,1.0,2.2337498624645558,2.1433733432039395,3.8565748124637844,3.6889864020468845,1.9756046106461296,1.9421962017103243,0,0,1337,0
24.892814,149,66284.866454,True,True,2,3.0,0,0.9664429530201343,0.27169715566715397,1.0,1.7617475258561168,1.5839734461002557,0.5306640272628014,0.4626038777295509,1.4901161193847656e-08,7.748603820800934e-09,0,0,2963,0
21.188483,98,66491.735172,True,True,1,3.0,0,0.9693877551020408,0.3403080409790844,1.0,1.8012972640279534,1.6019793621702239,1.7620307202035967,1.4478098743110779,0.8796696044652017,0.8753559848035968,0,0,1957,0
21.675698,131,66775.568024,True,True,2,3.0,0,0.9465648854961832,0.3120542143738096,1.0,1.8972241803519647,1.615429104577017,1.4331286028434889,1.243238195248946,0.3126764672551067,0.300576697126442,0,0,2608,0
21.67899,101,66987.522995,True,True,0,3.0,0,0.9207920792079208,0.3293642549897442,1.0,0.9871176217514135,0.8758067797517455,1.1575272871485793,1.1467091425027884,1.4901161193847656e-08,0.0,0,0,2014,0
7.410828,150,67297.064217,False,False,1,15.359127483207399,0,1.0,0.366624433782476,1.0,2.0984035893520026,1.8946667683696166,2.203801424315437,1.996787079508551,0.0,0.0,0,0,3000,0
21.2648,128,67567.818502,True,True,1,3.0,0,0.9921875,0.35515497302214744,1.0,2.5992340326822596,2.5336197991204674,2.238080820118369,2.1493693602146218,0.10868522245767107,0.10414966962649407,0,0,2555,0
15.440679,93,67762.662671,True,True,0,3.0,0,0.8817204301075269,0.3334402931480683,1.0,0.7902484381317455,0.7765112938984433,1.07511482319514,1.062165869655665,1.4901161193847656e-08,1.192092895507787e-09,0,0,1854,0
19.655669,118,68012.779475,True,True,0,3.0,0,0.9576271186440678,0.34006022107065614,1.0,1.9043966900957627,1.6982301119034544,1.9838869298568524,1.9332392971836487,1.4901161193847656e-08,1.236796379089353e-08,0,0,2349,0
19.654924,103,68227.408249,True,True,1,3.0,0,0.9223300970873787,0.302435297087645,1.0,1.2414938575260523,1.1135960191461436,0.6568535064051992,0.6143159038332066,0.0,0.0,0,0,2042,0
20.664777,97,68427.902173,True,True,0,3.0,0,0.9587628865979382,0.35176869834779584,1.0,0.6912930150706974,0.6816816290385349,0.7852011896615426,0.7662023506263046,1.4901161193847656e-08,5.960464477537877e-10,0,0,1929,0
16.366569,84,68604.239945,True,True,0,3.0,0,0.8928571428571429,0.26752073712650515,1.0,1.0774316913699005,1.0339961109759763,0.7790438782229386,0.7627103435725421,0.0,0.0,0,0,1665,0
1.192619,150,68916.583565,False,True,1,3.0,0,0.9733333333333334,0.20449444507220713,1.0,1.388872659772308,1.3257997172124012,0.6349822484100426,0.5077031723021092,1.4901161193847656e-08,0.0,0,0,3000,0
20.976996,83,69089.902805,True,True,1,3.0,0,0.9036144578313253,0.3447804015171461,1.0,1.7126820083308667,1.5823082454090387,0.7127862625241123,0.6997537435189032,0.0,0.0,0,0,1650,0
27.991975,134,69372.023443,True,True,1,3.0,0,0.9701492537313433,0.30184991715389475,1.0,2.872392183183059,2.872382584423075,1.9358783781721285,1.728764056457904,0.6594167415658696,0.6551482342255565,0,0,2668,0
-21.972539,57,69487.440372,False,False,0,24.638503937878212,0,1.0,0.3892273166791948,1.0,2.480605553308825,2.382793605604422,3.9178190988056434,3.562431311936635,0.0,0.0,0,0,1126,0
23.370635,130,69763.341596,True,True,1,3.0,0,0.9,0.34132300909891533,1.0,1.8694671999027628,1.801055780251662,0.9491023594508943,0.9159123438164303,1.4901161193847656e-08,0.0,0,0,2587,0
5.607093,150,70073.788203,False,False,3,6.5,0,1.0,0.2863089244883957,1.0,1.1655030559625394,0.9962056653070339,0.6891228543149395,0.6120115874090266,1.4901161193847656e-08,0.0,0,0,3000,0
-17.679621,57,70190.521945,False,False,1,6.500000000000001,0,1.0,0.294320034759135,1.0,1.9932354352402237,1.5496965705841084,0.527087589819177,0.43614384317010657,0.22488813792297682,0.14607196746982803,0,0,1122,0
21.158586,119,70436.494574,True,True,1,3.0,0,0.9495798319327731,0.27515593940039834,1.0,0.8474773111652169,0.8240741435928889,0.7127573710479898,0.6659323073606054,0.0,0.0,0,3,2367,0
24.715197,129,70706.973119,True,True,1,3.0,0,0.9612403100775194,0.3252703066651989,1.0,1.8590619950280083,1.6055079642060692,0.6625184511171829,0.6054717104198688,0.0,0.0,0,0,2568,0
17.750465,107,70931.714725,True,True,0,3.0,0,0.9158878504672897,0.2910750132039226,1.0,1.7479560988172578,1.6259511756068359,0.9303009791401259,0.7244729450538333,1.4901161193847656e-08,0.0,0,0,2123,0
-26.310285,84,71105.071409,False,False,1,25.0,0,1.0,0.27879918418877864,1.0,2.1306122216525423,2.064136400397567,0.7635803577768088,0.6087292330681926,0.0,0.0,0,0,1665,0
-7.618293,150,71421.623367,False,False,1,5.502831550367365,0,1.0,0.3257330612707369,1.0,2.8165588015076866,2.5568386680015722,1.8110799026009372,0.9578059712081832,1.2019628981689277,1.1954801042567857,0,0,3000,0
-29.951835,71,71568.131799,False,False,1,7.447013680589754,0,1.0,0.37955935785861217,1.0,1.760418844205629,1.6621996672842516,0.7242150814470679,0.5982263379813444,0.22761249848513415,0.22468454529665263,0,0,1413,0
6.308281,150,71879.560214,False,False,2,13.34221696271561,0,1.0,0.3697538839253717,1.0,1.959096600301671,1.8843767669470048,1.4389744924800425,1.2818851864520533,0.04501683778320718,0.040087124698032495,0,0,3000,0
22.438073,78,72040.640333,True,True,1,3.0,0,0.9230769230769231,0.332977434688681,1.0,1.2288994363373817,1.168735976630373,0.6873845823359638,0.6676755101437265,1.4901161193847656e-08,1.4901161193847656e-08,0,0,1547,0
6.824005,150,72353.499449,False,False,2,3.0,0,0.82,0.2680706704780104,1.0,2.138648422010887,1.9507763325839884,0.7916322235084168,0.7234389395325953,0.6894299792979589,0.6615305184288423,0,0,3000,0
19.552327,84,72528.490372,True,True,1,3.0,0,0.9642857142857143,0.36364539084219266,1.0,0.9352317978087937,0.8485311329568643,0.8201221300610534,0.8090368173434952,0.0,0.0,0,0,1678,0
23.615331,130,72799.11124,True,True,2,3.0,0,0.9615384615384616,0.2610297022939768,1.0,0.8689254124753937,0.7887732564834189,0.4750458874879927,0.44061509062051474,1.4901161193847656e-08,0.0,0,0,2585,0
6.671031,150,73115.201272,False,False,1,6.505888879299164,0,1.0,0.2745196791102489,1.0,1.5653963074000985,1.4568068135256396,1.2483367846713724,1.059026943411525,0.0,0.0,0,0,3000,0
25.868466,79,73280.759458,True,True,1,3.0,0,0.9367088607594937,0.3286265852652976,1.0,1.5823244444125528,1.4802191677975418,0.4725153367982229,0.4570628911224582,0.0,0.0,0,0,1570,0
20.606797,83,73454.348095,True,True,0,3.0,0,0.9156626506024096,0.34727087553680663,1.0,0.6820656762571905,0.638202584889897,0.5578167059867069,0.5555266473421014,1.4901161193847656e-08,2.682209014892468e-09,0,0,1647,0
22.693822,117,73697.110734,True,True,1,3.0,0,0.9401709401709402,0.33569662662943517,1.0,2.6184307363728037,2.4073815821564057,1.7854197566270968,1.366251790701074,1.0491002098953124,1.0456748710024553,0,0,2322,0
-18.248296,42,73783.760834,False,False,1,17.986851626174932,0,1.0,0.2840830082459477,1.0,1.9602371100969604,1.9425896005248544,0.4285068121771682,0.4030279762233773,1.4901161193847656e-08,8.791685104370062e-09,0,0,835,0
27.43108,108,74009.38903,True,True,2,3.0,0,0.9629629629629629,0.2796991471070996,1.0,1.9704023951791603,1.9408624634157217,0.6516210734648759,0.5981183375940355,0.0,0.0,0,0,2160,0
22.160789,102,74224.783461,True,True,1,3.0,0,0.9411764705882353,0.35156678930554675,1.0,1.834707901475981,1.7578334505550472,0.9569454531975252,0.8979012328431812,0.0,0.0,0,0,2024,0
16.250581,94,74420.398219,True,True,1,3.0,0,0.8829787234042553,0.22556239132251807,1.0,1.0916682729618299,1.042062364045128,1.0502774342587504,0.9508460251169637,0.8191814311982071,0.818042285354473,0,0,1864,0
20.84336,85,74592.374084,True,True,0,3.0,0,0.9294117647058824,0.2756065707843181,1.0,1.3798463266300687,1.2718089140271807,0.4371969221127837,0.43472114650304694,1.4901161193847656e-08,2.384185791015574e-09,0,0,1688,0
19.969068,94,74788.545669,True,True,2,3.0,0,0.9148936170212766,0.32860554368214584,1.0,1.413764946722761,1.1955859569597536,0.6356282123806857,0.593856575397416,0.0,0.0,0,0,1862,0
9.202428,143,75089.085619,True,True,1,3.0,0,0.9440559440559441,0.3534649582614417,1.0,2.1858841888003293,2.0434637694220084,1.517980261024955,1.3590816422749186,1.3670503065901656,1.2899613751907897,0,0,2848,0
26.9069,121,75348.150258,True,True,1,3.0,0,0.9586776859504132,0.3178417850984933,1.0,1.9108661014708261,1.8232702139271275,1.1177352921251689,0.8312175030617133,0.3211093352156144,0.31238251092734964,0,0,2404,0
26.403072,113,75583.801584,True,True,1,3.0,0,0.9469026548672567,0.3139570480919021,1.0,1.6416991081566048,1.617366531775118,0.6240250551618777,0.5850948366060926,0.0,0.0,0,0,2254,0
14.999176,74,75739.42144,True,True,0,3.0,0,0.8918918918918919,0.3539299060308009,1.0,1.5594385692337576,1.4741166964371986,1.3288917708017993,1.3181009699714556,0.0,0.0,0,0,1475,0
25.735077,140,76032.207706,True,True,0,3.0,0,0.9142857142857143,0.308792247224483,1.0,1.9253611379484146,1.7844845055378271,0.9908280799167579,0.7472089464902936,0.0,0.0,0,0,2781,0
19.782653,101,76244.738526,True,True,1,3.0,0,0.9306930693069307,0.3523686441354668,1.0,1.6698011881376935,1.46968274688088,1.7463485202298223,1.6800233604406325,0.130993438846055,0.12616271328425627,0,0,2020,0
15.817506,90,76429.373418,True,True,0,3.0,0,0.8666666666666667,0.32850826012768664,1.0,1.2056732000181438,1.0010861024506512,1.4868712888900983,1.3944213796446907,0.0,0.0,0,0,1782,0
-20.201038,74,76580.393796,False,False,1,24.999999999999996,0,1.0,0.35888291007120976,1.0,2.5918391356521973,2.496962982865552,1.329347706313715,1.2393161004926123,0.14644470437379434,0.14163521547423824,0,0,1469,0
-25.717976,59,76701.898064,False,False,1,18.27145903082235,0,1.0,0.37676950191797565,1.0,2.1672792278112323,2.0065347434528586,1.9433342991448108,1.6321986336010983,1.2791086132016267,1.2732363450720132,0,0,1168,0
19.627473,89,76883.047179,True,True,0,3.0,0,0.898876404494382,0.34779444442276536,1.0,1.0306186436904943,1.0049414898945241,0.5926812044088511,0.5650775415285916,1.4901161193847656e-08,1.7881393432617865e-09,0,0,1765,0
17.934971,131,77153.375008,True,True,2,3.0,0,0.8778625954198473,0.34953891869297143,1.0,2.4397249465649757,2.2857410074942788,1.242303802193485,1.109171296688473,1.4901161193847656e-08,0.0,0,0,2608,0
7.941685,150,77466.220868,False,True,2,4.646145976660769,0,1.0,0.33267827716576837,1.0,2.7885376860070643,2.5381403139322605,1.1601839675024488,0.9538896692040634,0.032365509411672544,0.023296224842533363,0,0,3000,0
24.817816,109,77694.497064,True,True,0,3.0,0,0.9174311926605505,0.32542157530604277,1.0,1.825790291497725,1.7583378478893996,0.726130641505303,0.7051741246200453,0.0,0.0,0,0,2165,0
22.584948,129,77965.892082,True,True,2,3.0,0,0.9534883720930233,0.3293808855625811,1.0,1.5999720432660594,1.3035065181366867,0.8161473074978033,0.7823188192688498,0.0,0.0,0,0,2579,0
4.751194,150,78280.577193,False,False,1,4.6611413427162915,0,1.0,0.30657584443255476,1.0,1.491081834932135,1.312794925978727,1.4045861750234856,1.1447235152992248,0.23214371749145354,0.2172977813933361,0,0,3000,0
7.590118,150,78594.770471,False,False,0,15.28008504674903,0,1.0,0.22395169372933726,1.0,1.6729177339299368,1.5001280872121412,0.5413903405517629,0.4564330867717326,0.0,0.0,0,0,3000,0
4.15661,150,78909.515347,False,False,2,3.0000000000000004,0,0.66,0.19776143976426086,1.0,1.0189514430802504,0.9538009429783255,0.861550390609108,0.7650116392134846,0.0,0.0,0,0,3000,0
24.049861,146,79210.832693,True,True,2,3.0,0,0.9383561643835616,0.34361691085025636,1.0,2.0043943770387935,1.9416902369895155,1.0592136029802106,0.9141429600889655,0.0,0.0,0,0,2912,0
-41.358231,90,79397.866743,False,False,1,23.002919366483994,0,1.0,0.30902805420135165,1.0,2.6790309365824245,2.678926526239223,1.8455635031776756,0.9098747886802264,0.825746838208566,0.8165108331534074,0,0,1800,0
3.046817,150,79716.750745,False,False,1,3.0750981867313385,0,0.47333333333333333,0.16013072422827695,1.0,1.4497017949622741,1.215752466564189,0.6587627473758473,0.6103057805725179,0.0,0.0,0,0,3000,0
20.798018,83,79892.393537,True,True,0,3.0,0,0.9156626506024096,0.30743056012389713,1.0,0.883106573445073,0.8482957532764398,0.5757942193777819,0.5199974410121717,2.1073424255447017e-08,1.6012168544935495e-08,0,0,1657,0
18.695502,113,80125.469419,True,True,0,3.0,0,0.9026548672566371,0.3181146840495476,1.0,0.9145953000915982,0.8819279672149414,0.754799354436057,0.7249299496475592,0.0,0.0,0,0,2249,0
24.334899,100,80327.777187,True,True,1,3.0,0,0.94,0.32075091885026524,1.0,2.0296423394927294,2.009215338307214,0.7470893877081047,0.7046415911832586,1.4901161193847656e-08,1.4901161193847656e-08,0,0,1985,0
23.323839,119,80576.455651,True,True,1,3.0,0,0.9495798319327731,0.3402284120365726,1.0,2.2336062663192573,2.1226621293721775,1.9276418753971252,1.7595993923184745,0.008695449602044334,0.00798344105398326,0,0,2361,0
-21.805553,122,80825.17362,False,False,1,21.66681801793153,0,1.0,0.34067807671037387,1.0,2.0184977119986933,1.943855557304618,1.3586947305505221,1.3069333527526263,1.4901161193847656e-08,0.0,0,0,2427,0
16.734141,118,81069.510988,True,True,0,3.0,0,0.8898305084745762,0.3229499766502892,1.0,1.4736786308153613,1.1711312991579435,1.6437895360517203,1.6144186239021057,0.0,0.0,0,0,2353,0
15.615514,84,81246.001402,True,True,1,3.0,0,0.8928571428571429,0.30470604718474953,1.0,1.272933718941293,1.1525211304316347,1.3473539464556499,1.2549532044662004,0.27514500492811583,0.26656350606336837,0,0,1673,0
7.995069,150,81556.149811,False,False,2,17.475127356422938,0,1.0,0.33814639453980916,1.0,1.2928181135038583,1.1759003529455803,1.5391529375364794,1.4569890638029683,1.4901161193847656e-08,7.599592208862169e-09,0,0,3000,0
20.274365,90,81739.93797,True,True,1,3.0,0,0.8555555555555555,0.32722810374731426,1.0,1.283594428484283,1.2365568144749468,0.6404602849871045,0.6220002674978988,2.1073424255447017e-08,2.31807666809916e-09,0,0,1791,0
12.930499,60,81864.947123,True,True,0,3.0,0,0.8166666666666667,0.3257978532986766,1.0,0.4274862476315714,0.4228092450722509,0.6044598423652812,0.597471544031426,0.0,0.0,0,0,1185,0
-17.761302,52,81972.487184,False,False,1,8.866896656337586,0,1.0,0.3820125508043241,1.0,1.9458153730980063,1.8265111745359117,0.5007018213017957,0.4696454078573928,0.2771803376138992,0.27116362373504643,0,0,1021,0
4.342716,150,82237.398542,False,True,2,3.9338147015495526,0,1.0,0.3261127483130893,1.0,1.8036016632469154,1.402791433726561,1.4319669561637542,1.053914216247158,1.4901161193847656e-08,0.0,0,0,3000,0
22.808848,124,82445.314212,True,True,1,3.0,0,0.9516129032258065,0.3409457008344947,1.0,2.4950630191149905,2.203081466253447,2.022181327780268,1.8624960419935934,0.4068140445432078,0.39436234319910385,0,0,2472,0
18.497852,111,82629.682766,True,True,1,3.0,0,0.8828828828828829,0.3297100358075547,1.0,2.0435136638375537,2.00043405147031,0.7842719259917511,0.7235457647028716,0.3298363242279583,0.3201214364786988,0,0,2213,0
21.407312,75,82754.591256,True,True,0,3.0,0,0.92,0.3361373764678634,1.0,1.9297348650491903,1.6620462882381295,1.0636655288733077,1.0565522429153862,0.0,0.0,0,0,1482,0
16.308082,88,82901.998163,True,True,0,3.0,0,0.9090909090909091,0.3409299460592387,1.0,0.5774362108162929,0.5454247424492096,0.6636806800180132,0.5891360597619951,1.4901161193847656e-08,1.9371509552001275e-09,0,0,1760,0
24.09137,93,83058.688253,True,True,0,3.0,0,0.946236559139785,0.309592338827375,1.0,0.8967535092081514,0.7577700925081945,0.6133109232125117,0.6069664893311015,0.0,0.0,0,0,1857,0
27.13729,113,83246.180983,True,True,1,3.0,0,0.9557522123893806,0.3487636734609236,1.0,2.2072668564339497,2.0854021395929507,1.0040003992018556,0.9584795769343963,0.00021294664490024287,1.311302185058587e-08,0,0,2251,0
16.342684,90,83407.45049,True,True,0,3.0,0,0.8111111111111111,0.3169041150228338,1.0,2.0805638042887793,1.6705540719098835,1.4444829864120656,1.4281249073672004,0.0,0.0,0,0,1794,0
13.660519,55,83524.733195,True,True,0,3.0,0,0.9090909090909091,0.29366292953746514,1.0,1.3933083965154072,1.3331767942943675,0.8675558570246671,0.8530824554077473,1.4901161193847656e-08,6.8545341491699346e-09,0,0,1085,0
7.402966,150,83776.185983,False,True,1,3.451093885069426,0,1.0,0.3419708385892338,1.0,1.6409712323645664,1.4162924264192087,1.1763085115504757,1.1471005147234115,0.0,0.0,0,0,3000,0
22.799174,85,83918.29403,True,True,0,3.0,0,0.9411764705882353,0.34655605796638717,1.0,2.0209542891751444,1.7464694975526918,1.1102234932221526,1.0954840470908804,0.0,0.0,0,0,1695,0
20.371501,85,84060.150311,True,True,1,3.0,0,0.9647058823529412,0.2998285860327328,1.0,1.1586179168639998,1.0905522837389865,0.6135306969047519,0.5694542868478556,0.0,0.0,0,0,1689,0
21.067549,90,84209.685414,True,True,1,3.0,0,0.9333333333333333,0.308506146817687,1.0,1.2701071068331835,1.2023515183236826,0.9313042962970619,0.9007004877427267,1.4901161193847656e-08,1.6391277313232337e-09,0,0,1787,0
24.472715,96,84370.152903,True,True,1,3.0,0,0.9375,0.3312606064154221,1.0,1.715487766688381,1.6209466689853325,1.2374998630530336,1.170747463788333,0.0,0.0,0,0,1905,0
22.206205,94,84528.337646,True,True,0,3.0,0,0.9468085106382979,0.33576111661990204,1.0,1.1012854949876247,0.8466484671219637,1.4404355904126178,1.3974602641509848,0.0,0.0,0,0,1879,0
26.012233,143,84768.995783,True,True,0,3.0,0,0.965034965034965,0.31851472715421947,1.0,0.7949049027825069,0.7760780341843095,1.1327745900070343,1.0677777271533375,0.0,0.0,0,0,2860,0
21.478053,86,84913.579761,True,True,1,3.0,0,0.9418604651162791,0.32422425162802626,1.0,0.5432383538570653,0.5364472166177348,0.5966958687606929,0.5869371371795922,1.4901161193847656e-08,2.235174179077233e-09,0,0,1712,0
-13.954605,69,85029.057875,False,False,1,15.556108218814714,8,1.0,0.35711396909911297,1.0,2.0119555970937832,1.9303332906123993,0.7953503324348149,0.7068567047993816,0.15345817501246867,0.15137399297938528,0,8,1372,0
-19.507054,22,85064.338456,False,False,1,23.56711616723837,0,1.0,0.3969819107086075,1.0,2.631393869460199,2.6152119735180697,0.8879560733765575,0.8736123730552057,0.01832588752436016,0.016975174752762764,0,0,421,0
-29.109656,54,85153.894958,False,False,1,24.524477241809592,0,1.0,0.30954026201157325,1.0,2.872299495723122,2.8722356725607856,1.8329784107929006,1.319066460137932,1.039631984195142,1.025167124969689,0,0,1074,0
17.548081,103,85325.668563,True,True,1,3.0,0,0.9223300970873787,0.3304109795235867,1.0,1.580899522714626,1.5596427777321185,0.934048202094455,0.8495660751862834,0.3336330347088539,0.3319568283798327,0,0,2044,0
8.530197,150,85576.268628,False,True,1,8.886411609062463,0,1.0,0.3453776144518478,1.0,2.0218383880531157,1.8247129912458429,1.5151827034175234,1.3268026479475306,0.0,0.0,0,0,3000,0
16.784256,52,85662.865919,True,True,0,3.0,0,0.8846153846153846,0.3283090767364624,1.0,1.0661856497187698,1.024259381880446,0.6645335251806589,0.6462956772413195,0.0,0.0,0,0,1029,0
17.492797,138,85895.628097,True,True,1,3.0,0,0.9420289855072463,0.33721496887456526,1.0,1.8442707988096236,1.7465730788938658,1.7444905584501427,1.5359631097477,0.6642104061912867,0.6416641050078097,0,0,2756,0
20.921628,100,86064.438455,True,True,1,3.0,0,0.93,0.2923253452130243,1.0,1.1054354648396734,0.9104757232483769,0.5288858579505742,0.5044268834308552,1.4901161193847656e-08,1.490116119385528e-10,0,0,2000,0
17.957243,89,86213.061864,True,True,0,3.0,0,0.8876404494382022,0.3488502579422363,1.0,0.7442189038592264,0.7385008064774535,0.9542711330342509,0.9447877257536211,0.0,0.0,0,0,1761,0
5.789439,150,86460.182113,False,True,0,3.17577976051102,0,1.0,0.29932254348867515,1.0,0.5219781648433071,0.4781811336779512,1.2806890532514077,1.1948027033468633,1.4901161193847656e-08,0.0,0,0,3000,0
2.040935,150,86717.590003,False,False,1,6.2029630503151605,0,0.9933333333333333,0.20361734599319684,1.0,1.2489440640901859,1.0401069561241307,0.42781085683428693,0.40734699356659837,1.4901161193847656e-08,0.0,0,0,3000,0
27.348945,117,86911.3736,True,True,1,3.0,0,0.9572649572649573,0.3102199721830659,1.0,1.7190461483767032,1.6425883509755348,1.102580386488628,0.9987753868447102,0.0,0.0,0,0,2328,0
28.051983,117,87107.410328,True,True,1,3.0,0,0.9914529914529915,0.29180125288062303,1.0,1.6511334628694152,1.4478018336339296,0.7673875432321465,0.7471745236736,0.0,0.0,0,0,2336,0
17.935784,85,87250.748173,True,True,0,3.0,0,0.8705882352941177,0.3314170629066099,1.0,1.894604370525783,1.7983874895779968,1.090944566147611,1.0737033993508682,0.0,0.0,0,0,1696,0
22.743124,84,87389.981087,True,True,0,3.0,0,0.9285714285714286,0.3015038117370522,1.0,1.6110264733447865,1.5288897754765478,1.3525772842362764,1.2993085755439713,0.0,0.0,0,0,1669,0
6.010509,150,87644.07087,False,False,1,4.353705966472624,0,0.8133333333333334,0.24259015945125909,1.0,1.3293327387042781,1.2104079035096647,0.7247750872559174,0.6890547146416885,1.4901161193847656e-08,0.0,0,0,3000,0
-22.845265,59,87743.612914,False,False,1,3.3568705152264346,0,1.0,0.39838934512635377,1.0,1.1879165553109579,1.0880451232437682,1.7950558856157242,1.6659281613997288,1.5560122552432651,1.5244917194806813,0,0,1173,0
20.666684,79,87875.724688,True,True,1,3.0,0,0.9113924050632911,0.3354812232119375,1.0,1.4029104215447485,1.3371221510895916,1.225573002026072,1.1954289480998823,1.9011710679283749,1.8905757175387603,0,0,1562,0
4.123951,150,88126.671778,False,False,3,24.015549647306294,0,1.0,0.35487278369420844,1.0,2.791231810922134,2.6200894584331476,1.2883285819009296,1.0698697935299473,0.27962544778618864,0.27497901670306735,0,0,3000,0
15.84576,71,88245.99402,True,True,0,3.0,0,0.8732394366197183,0.33289087196233236,1.0,1.2681169283148448,1.2344661243452357,0.6146035838966218,0.5903590491980119,0.0,0.0,0,0,1410,0
22.485001,85,88386.865114,True,True,1,3.0,0,0.9176470588235294,0.3367345989777818,1.0,1.9083603035789096,1.7817010095666035,0.40394207662256865,0.40057170491627253,0.0,0.0,0,0,1682,0
18.885502,115,88578.615658,True,True,1,3.0,0,0.9043478260869565,0.32154309358444805,1.0,2.0829556391772597,1.9187040281269547,1.5645531202712764,1.4694501967170162,0.5214026251853164,0.5190726903937302,0,0,2297,0
5.853316,150,88828.887087,False,False,2,12.55295299894291,0,1.0,0.3456978912370626,1.0,0.8961680304598714,0.8034014703198893,1.4503163747860788,1.3678676772590639,0.0,0.0,0,0,3000,0
21.166392,91,88979.159138,True,True,0,3.0,0,0.9120879120879121,0.33899378414927395,1.0,1.734004980612294,1.498243334497259,0.742111936683763,0.7324217673953758,0.0,0.0,0,0,1807,0
-22.073975,58,89075.190183,False,False,1,10.626677481103837,0,1.0,0.3981006305730985,1.0,1.657532308387325,1.5769534632392999,1.9287885839774714,1.886860482906751,0.7174317610659089,0.7021871933990026,0,0,1151,0
17.752447,79,89206.46986,True,True,1,3.0,0,0.8987341772151899,0.349375205564528,1.0,0.862422270858273,0.6821183376542119,0.84249129289204,0.8320211104033483,1.4901161193847656e-08,1.4901161193847656e-08,0,0,1566,0
3.229253,150,89463.860188,False,False,2,3.0,0,0.58,0.1852562663956296,1.0,1.1144157469492475,0.9625204425959896,1.5112084079178563,1.210529315558443,0.0,0.0,0,0,3000,0
22.556271,72,89583.053102,True,True,0,3.0,0,0.9305555555555556,0.34582197825153577,1.0,0.718376198339567,0.6818956303766986,0.8341178979890829,0.8280116312699403,0.0,0.0,0,0,1430,0
16.748683,105,89758.569975,True,True,0,3.0,0,0.9428571428571428,0.36413081284740034,1.0,2.1470042035854138,1.7953408445485532,2.203866593080694,1.8231927386132554,1.4901161193847656e-08,0.0,0,0,2094,0
18.591405,114,89948.810467,True,True,1,3.0,0,0.9473684210526315,0.36170140812405055,1.0,2.7273099214603707,2.5030548376385147,1.783779195630542,1.5961528978931345,1.4901161193847656e-08,0.0,0,0,2272,0
16.891496,72,90068.390719,True,True,0,3.0,0,0.8888888888888888,0.34457468739604374,1.0,1.3230116048713632,1.217536636949411,1.0504760134965878,1.043807062067631,0.0,0.0,0,0,1423,0
7.483341,150,90319.941221,False,False,2,8.404893302496783,0,1.0,0.32776821853493165,1.0,1.5420165204024787,1.4338347006704077,0.6110036638901194,0.5398332928401726,1.4901161193847656e-08,7.599592208862169e-09,0,0,3000,0
7.904607,150,90571.706908,False,False,1,3.213630723953248,0,0.8733333333333333,0.28156561807345526,1.0,2.180475168490004,2.0397692562224474,2.2814408967316915,2.037358868376799,0.11031602631482319,0.10391457828909696,0,0,3000,0
-3.539813,150,90825.111581,False,True,1,3.0,0,0.96,0.31155025162313527,1.0,1.7234020898739009,1.4839693406134857,1.6861849420783164,1.5122060184666895,0.6655348726946971,0.6493851609619559,0,0,3000,0
6.226461,150,91076.514435,False,False,1,3.0,0,0.9066666666666666,0.28398559019780867,1.0,1.4907745628434013,1.467322132808561,1.224023110095173,0.78800810352771,0.0,0.0,0,0,3000,0
22.30385,104,91286.53956,True,True,0,3.0,0,0.9711538461538461,0.3617870813260185,1.0,1.6613068219603508,1.6088830678982597,0.5317701949448903,0.526011412519079,1.4901161193847656e-08,0.0,0,0,2065,0
21.566895,77,91444.456594,True,True,1,3.0,0,0.922077922077922,0.3189090945279618,1.0,0.962572425212704,0.8586735486738148,0.600514532417556,0.5165213488726843,0.0,0.0,0,0,1539,0
8.290716,150,91764.627358,False,False,2,6.500000000000001,0,1.0,0.31526958433489355,1.0,1.2955531763363743,1.232347147905677,0.9208633810894548,0.7942092240353491,1.4901161193847656e-08,0.0,0,0,3000,0
21.055222,104,91984.222733,True,True,0,3.0,0,0.9326923076923077,0.35979527952467616,1.0,2.077158376044965,2.0005294843215142,2.1588828326035157,1.8879302621669922,0.0,0.0,0,0,2066,0
18.911385,82,92154.236943,True,True,1,3.0,0,0.9024390243902439,0.3376656111153933,1.0,1.3431652506984084,1.1670393340980958,1.482359853814786,1.3462124781432734,0.0,0.0,0,0,1623,0
-28.871468,59,92273.139939,False,False,1,20.094806932771625,0,1.0,0.3534585251167832,1.0,2.0050690047679853,1.9449633231303767,0.5086018508571921,0.4606900621712782,1.4901161193847656e-08,6.258487701416041e-09,0,0,1168,0
5.95813,150,92588.086833,False,False,1,5.087222226460774,0,0.7733333333333333,0.22578742481512498,1.0,0.7013963762270883,0.5276666286229184,0.5639365439234286,0.5049855589738601,0.0,0.0,0,0,3000,0
15.414891,62,92715.578524,True,True,0,3.0,0,0.7741935483870968,0.2747693072602399,1.0,1.2044972445571949,1.0577217849214702,0.48009364457371284,0.4590882630904531,0.0,0.0,0,0,1226,0
22.534165,131,92986.804274,True,True,1,3.0,0,0.9389312977099237,0.2997064869501939,1.0,2.0737182752629435,1.9104918365448738,0.6409067315448711,0.5425426302237527,1.4901161193847656e-08,0.0,0,0,2601,0
18.326279,82,93161.362975,True,True,1,3.0,0,0.8414634146341463,0.3186881248897018,1.0,1.6742373757014628,1.4121264792436539,1.941537061392489,0.8396159494873942,2.027632447399263,2.022023529158043,0,0,1631,0
23.966236,89,93346.714008,True,True,0,3.0,0,0.9438202247191011,0.35041605050524266,1.0,0.7626108858923758,0.6790407849114729,0.8458185032525106,0.8351822719962275,0.0,0.0,0,0,1776,0
8.562391,150,93657.599821,False,False,2,9.30148778716695,0,1.0,0.36129635332910315,1.0,1.9718395563550055,1.841069083771925,1.9305352044448507,1.746598400032885,1.4901161193847656e-08,0.0,0,0,3000,0
22.317977,134,93936.694199,True,True,2,3.0,0,0.9402985074626866,0.3494782474067961,1.0,2.428618151425721,2.2958416540121442,2.2583995200131155,1.9719200326312356,0.7433692006934324,0.7242397874994542,0,0,2671,0
-25.147555,51,94044.026254,False,False,0,22.35756131487256,0,1.0,0.39749927415823844,1.0,2.697439579342358,2.697408926789297,3.343995262356906,3.3020826702471786,0.8500585248051452,0.8445725347957775,0,0,1015,0
15.279131,72,94196.58565,True,True,0,3.0,0,0.9027777777777778,0.3333327236022012,1.0,1.9882735683143526,1.6555250360163876,1.3268861729894723,1.290434090867365,0.0,0.0,0,0,1423,0
19.21171,54,94316.585366,True,True,0,3.0,0,0.8888888888888888,0.35151421595011634,1.0,1.3026124714204586,1.232131903405945,0.6463517866699722,0.6385328339394626,1.4901161193847656e-08,7.0035457611083815e-09,0,0,1074,0
20.21227,114,94566.002469,True,True,0,3.0,0,0.8508771929824561,0.3322087230210285,1.0,2.0965574120236923,1.9460780813062972,2.2456407326104295,2.0826923769201584,0.30055735701074227,0.2966651956057508,0,0,2265,0
18.543395,85,94755.929963,True,True,0,3.0,0,0.9294117647058824,0.3391698310939836,1.0,1.845201674976817,1.716987444372617,0.7326373671164254,0.719707551852178,0.0,0.0,0,0,1691,0
7.413282,150,95093.036119,False,False,2,8.480358703868463,0,1.0,0.3726575067894699,1.0,2.6442347997118545,2.5488595760485517,1.3885125170025026,1.2095642658412804,0.4723968911581167,0.4669864746172574,0,0,3000,0
21.792578,98,95310.733406,True,True,0,3.0,0,0.8877551020408163,0.335128628612734,1.0,0.6664225087933535,0.6548639961302265,0.7748165158993681,0.7198117329115805,1.4901161193847656e-08,4.4703483581544663e-10,0,0,1951,0
-17.214183,85,95499.991229,False,False,1,11.08966001520604,0,1.0,0.3559576079415065,1.0,2.3221054995622423,2.1714601964601186,1.1465484872172502,1.0586335989708395,0.3444305149858228,0.32913796503093457,0,0,1688,0
18.581417,109,95754.711039,True,True,0,3.0,0,0.963302752293578,0.2577828598607347,1.0,1.1572631896360337,1.049044193153482,1.029145963015314,0.9678480915050971,1.4901161193847656e-08,0.0,0,0,2172,0
17.092587,61,95884.964383,True,True,0,3.0,0,0.8688524590163934,0.3240444671339702,1.0,1.3679060183229539,1.3171070058457257,0.6518771922402904,0.6321202006363574,0.0,0.0,0,0,1212,0
21.6827,97,96087.740772,True,True,1,3.0,0,0.9484536082474226,0.31410166031024744,1.0,1.8442967931564402,1.590995440199838,1.2171957068375354,1.1513484955925128,1.1680667572453305,1.1553837717568654,0,0,1926,0
6.762635,150,96423.708982,False,False,2,7.639331104002417,0,1.0,0.3667546405115934,1.0,2.2033277748577142,2.032674955037067,0.9179730321183227,0.7528039253349118,0.2427731983058184,0.23318873336717147,0,0,3000,0
23.063177,150,96765.278549,True,True,1,3.0,0,0.96,0.3489318154570901,1.0,1.8553787020027217,1.6086541970691643,2.3392468467374528,2.1160997661129306,0.0,0.0,0,0,2987,0
25.133734,145,97101.844132,True,True,0,3.0,0,0.9655172413793104,0.2771544622986871,1.0,1.0391608728040664,0.7983948677730539,0.7437589495039632,0.6791430453680598,1.4901161193847656e-08,0.0,0,0,2891,0
20.48031,106,97345.721231,True,True,1,3.0,0,0.8962264150943396,0.3384207114826497,1.0,2.274318642411626,2.223566528140259,1.492778893166311,1.3624921500231657,0.879094270597099,0.8728923969870874,0,0,2115,0
17.771586,112,97596.607821,True,True,1,3.0,0,0.9285714285714286,0.3115815310745581,1.0,1.6157557022801232,1.5882756740629262,0.809861499065085,0.7461667773114106,0.07869686131157529,0.07665914178569293,0,0,2236,0
26.69303,149,97955.619091,True,True,0,3.0,0,0.9664429530201343,0.351068145266626,1.0,1.8668790803737199,1.6457400486710736,2.374096490074442,2.1530570628353214,0.0,0.0,0,0,2979,0
-19.589278,58,98091.259004,False,False,0,17.821710192762318,0,1.0,0.3902528096345977,1.0,2.299193788617946,2.202110149985146,3.6740722911352073,3.4848357712926763,0.05979802006059219,0.05073784956239852,0,0,1143,0
22.387108,109,98352.824993,True,True,1,3.0,0,0.944954128440367,0.3535812427210446,1.0,1.1142362135718005,0.9746806525189504,0.7619141029002161,0.6953992623024223,1.4901161193847656e-08,1.3709068298339869e-08,0,0,2180,0
25.250689,148,98706.027764,True,True,0,3.0,0,0.9662162162162162,0.33080118626412314,1.0,1.4471539390137542,1.1481846756139427,1.3997819953766597,1.3498731393661176,0.0,0.0,0,0,2960,0
15.131604,70,98875.066811,True,True,1,3.0,0,0.8142857142857143,0.31683747171233584,1.0,1.4516583874837605,1.3640337386277375,1.1502638035629242,0.8540964866629137,0.18530292767707146,0.12452681452844913,0,0,1389,0
8.990421,150,99219.909715,False,False,2,6.117890863863714,0,1.0,0.3553213336402605,1.0,2.726398687555827,2.4617213209275075,1.1349466548227025,1.0663588638344672,0.008952620599848042,0.007553127682277908,0,0,3000,0
7.886749,150,99550.254249,False,True,2,5.551580991357536,0,1.0,0.3395254056109563,1.0,2.0817460757373865,1.6721128492919755,1.9040218763053764,1.786625108579341,0.15130025533450506,0.13924553048100743,0,0,3000,0
19.985341,62,99697.611068,True,True,0,3.0,0,0.9193548387096774,0.28626573073468187,1.0,0.971147987473468,0.9108984781170794,0.4442169185166677,0.4408288632936977,0.0,0.0,0,0,1233,0
20.791414,107,99953.971928,True,True,1,3.0,0,0.9439252336448598,0.3636857865118214,1.0,1.7884590703987824,1.4228121636840048,1.8743220522420483,1.755325281205003,1.4901161193847656e-08,1.4007091522216763e-08,0,0,2128,0
27.288356,139,100278.90632,True,True,1,3.0,0,0.9640287769784173,0.32313788517337777,1.0,2.0352543871394873,1.8758824260641251,0.9789759291777242,0.9017104080879845,0.0,0.0,0,0,2776,0
22.801068,97,100633.443602,True,True,0,3.0,0,0.8969072164948454,0.34476289414918604,1.0,1.2765162844473035,1.131897022517659,0.5581583979444122,0.5456665285943351,0.0,0.0,0,1,1921,0
19.310278,70,100999.343086,True,True,0,3.0,0,0.9,0.3236580852016818,1.0,1.3328263956979678,1.1107984418651322,0.4795503873944276,0.4614007498650253,0.0,0.0,0,0,1390,0
26.026921,113,101373.615898,True,True,1,3.0,0,0.9469026548672567,0.33825168977342546,1.0,2.3276900207722484,2.2258257855629417,1.2857082012952492,1.2189860351560005,0.03110707014065478,0.028097946848352144,0,0,2254,0
17.242458,66,101588.387056,True,True,0,3.0,0,0.8787878787878788,0.3214454228870637,1.0,0.875417458071925,0.864445047991891,0.46013463483517286,0.4512211438028388,0.0,0.0,0,0,1303,0
19.009572,82,101857.681668,True,True,1,3.0,0,0.9024390243902439,0.35429999202541823,1.0,1.5257990973573057,1.1795589624529366,0.7758253681603414,0.7631217748284609,1.4901161193847656e-08,2.831220626831021e-09,0,0,1640,0
19.816808,142,102323.217365,True,True,1,3.0,0,0.9436619718309859,0.3082900711695329,1.0,1.4270175247077763,1.2617376065087325,0.8746044868445767,0.8602692289240504,0.0,0.0,0,0,2828,0
18.229917,67,102529.7398,True,True,1,3.0,0,0.8656716417910447,0.32567773763327257,1.0,1.0215990784674922,1.0021572373601644,0.6816207215849026,0.6686633040421479,0.0,0.0,0,0,1323,0
3.633904,150,102995.875144,False,False,1,3.0,0,0.62,0.17256163401938984,1.0,1.2207723798927856,1.0715837910283774,0.853279012775691,0.675437036668166,0.35998706525513086,0.3406039598915944,0,0,3000,0
16.514343,56,103164.756638,True,True,0,3.0,0,0.875,0.3017306382236548,1.0,0.5242284090076517,0.5222425237518898,0.4838678185851302,0.47529620107162124,1.4901161193847656e-08,6.705522537231488e-09,0,0,1108,0
-19.283505,82,103393.497182,False,False,1,6.5,0,1.0,0.36199986370548193,1.0,2.092437707900742,2.011775213573089,1.650577137687927,1.5021803895579595,1.857914094242544,1.7041519280012873,0,0,1621,0
6.890433,150,103771.794017,False,False,1,5.739373758721534,0,1.0,0.31772677200706967,1.0,2.25246019888308,2.1181401627993424,1.6037587781513416,1.5003850399345893,0.14019158861811323,0.1322811596867597,0,0,3000,0
17.259183,72,103966.93361,True,True,0,3.0,0,0.9027777777777778,0.2503227962101529,1.0,0.8036245027060882,0.6947457468845495,0.4626302048322217,0.43751136205726543,0.0,0.0,0,0,1436,0
21.987515,121,104273.48299,True,True,0,3.0,0,0.9421487603305785,0.3229440876508562,1.0,1.9776212659059662,1.7736487188448016,2.0502626806926485,1.8682587184505595,0.0,0.0,0,0,2410,0
19.028372,91,104506.765269,True,True,0,3.0,0,0.9230769230769231,0.36208463642143196,1.0,1.400975313386511,1.1721952188560878,1.2983167745863455,1.2647139951769226,0.0,0.0,0,0,1802,0
23.73697,134,104846.346272,True,True,1,3.0,0,0.9328358208955224,0.3022762129612491,1.0,2.104264417933293,2.0487329644864993,1.3527344794837957,1.1527233010296847,0.0,0.0,0,0,2661,0
4.879327,150,105226.535713,False,False,1,3.0,0,0.5,0.18758869345369836,1.0,1.4203471366691491,1.2494512943683849,0.8344847090538053,0.7374633435701722,1.4901161193847656e-08,1.4901161193847656e-08,0,0,3000,0
20.412104,110,105501.211613,True,True,0,3.0,0,0.9090909090909091,0.35300204407477287,1.0,1.9921929809455547,1.8916307682677667,1.4401863136252986,1.3777367241301492,1.4901161193847656e-08,0.0,0,0,2200,0
16.856861,71,105682.800441,True,True,0,3.0,0,0.8309859154929577,0.2762480509093792,1.0,0.7883121625974383,0.7820038998147553,0.4386476460850185,0.4110509629649072,1.4901161193847656e-08,4.4703483581542545e-09,0,0,1420,0
23.598114,93,105912.075808,True,True,0,3.0,0,0.946236559139785,0.33489542081776147,1.0,0.5181157652122362,0.5085922487017138,0.7845535446824211,0.7641881355232079,0.0,0.0,0,0,1842,0
20.1896,79,106107.898888,True,True,0,3.0,0,0.9113924050632911,0.3481203379599365,1.0,1.3782815560521178,1.2886192643560694,0.8293822229652664,0.7896527920877909,0.0,0.0,0,0,1570,0
20.812206,94,106386.044684,True,True,1,3.0,0,0.9148936170212766,0.3313014343594889,1.0,2.084668142406321,2.037227979196429,1.4068074163762305,1.3793577506709294,0.33248387683098163,0.3265345933007063,0,0,1878,0
25.902582,131,106800.313912,True,True,1,3.0,0,0.9618320610687023,0.32545355314332813,1.0,1.36621617937231,1.2938498153684284,1.0961543330772758,1.0119315974994663,1.4901161193847656e-08,1.043081283569319e-08,0,0,2604,0
22.739732,97,107110.437151,True,True,2,3.0,0,0.9175257731958762,0.3002636304652293,1.0,1.620213577273468,1.4909165294994826,0.5578700426893138,0.5246768925652323,1.4901161193847656e-08,5.960464477537877e-10,0,0,1921,0
22.411502,87,107373.077696,True,True,0,3.0,0,0.9540229885057471,0.3267424806972196,1.0,1.1853396105546392,1.1007899905345044,0.4517273380200591,0.44099294144570866,0.0,0.0,0,0,1724,0
2.731815,150,107848.912817,False,False,1,3.0,0,0.58,0.16848545619408556,1.0,1.5265366792499222,1.0884137288741502,0.7684587320515962,0.6998165076724375,0.0,0.0,0,0,3000,0
18.407786,107,108167.016901,True,True,0,3.0,0,0.9532710280373832,0.25422011858600624,1.0,0.5417236807042897,0.49017141275930287,0.6412197094762805,0.6354379600449384,2.1073424255447017e-08,0.0,0,0,2122,0
21.146897,90,108426.759597,True,True,0,3.0,0,0.8666666666666667,0.33189155662628295,1.0,1.7461187092752037,1.6017763520503525,0.42881400290135585,0.42469581874506523,0.0,0.0,0,0,1785,0
19.978838,150,108858.0284,True,True,1,3.0,0,0.9,0.3400522994589224,1.0,1.9370293438847754,1.8360597317634415,0.918659833347537,0.840619103608235,0.0,0.0,0,0,2986,0
5.39826,150,109302.820936,False,False,2,3.0,0,0.9133333333333333,0.24127193032012817,1.0,1.2913305346013655,1.1392786233710588,0.7149191773623143,0.6806997938854686,0.0,0.0,0,0,3000,0
26.179578,109,109616.521924,True,True,0,3.0,0,0.9541284403669725,0.3213150373749896,1.0,2.2312425201658717,2.0701318461584846,1.7037762894833373,1.680619916478432,0.0,0.0,0,0,2174,0
17.05576,102,109912.639281,True,True,1,3.0,0,0.9215686274509803,0.1901387231067202,1.0,0.7881199868478879,0.5625910912965982,0.5965271525861219,0.540242054558339,0.0,0.0,0,0,2021,0
-28.62746,88,110154.926713,False,False,1,11.704826420301824,0,1.0,0.33878688477308816,1.0,2.1816468806082265,1.8547183994287006,0.5137287727786168,0.4276851629088753,0.0,0.0,0,0,1750,0
22.902374,103,110439.292726,True,True,0,3.0,0,0.9320388349514563,0.33710389393388457,1.0,1.730197317880427,1.6491610138579855,0.47880738426978886,0.4722121555768577,1.4901161193847656e-08,0.0,0,0,2058,0
-20.188061,120,110770.630119,False,False,2,3.0,0,0.925,0.2804593561538672,1.0,1.440591018581576,1.338720995654128,0.6375231706909539,0.597758720933967,0.0,0.0,0,0,2383,0
-28.898389,59,110932.254734,False,False,1,25.000000000000004,0,1.0,0.31666759108731724,1.0,2.38717361097905,2.378380997559092,0.6832740111797794,0.5902530594433426,0.0,0.0,0,0,1180,0
25.688931,96,111199.97918,True,True,1,3.0,0,0.9479166666666666,0.29412818603544855,1.0,1.693154476801516,1.531216125652374,0.9407466561830643,0.8312584227449904,1.4901161193847656e-08,7.450580596923405e-10,0,0,1916,0
4.967715,150,111604.656635,False,True,1,3.0,0,0.9933333333333333,0.209170489429202,1.0,1.77633020902476,1.5621808358408846,0.4034172836246799,0.39989189620386645,0.0,0.0,0,0,3000,0
21.858477,65,111781.247089,True,True,0,3.0,0,0.9076923076923077,0.3120079110716126,1.0,1.1320789927559183,1.021548430366151,0.41238103564365336,0.4118000713799935,0.0,0.0,0,0,1288,0
19.201096,96,112032.453207,True,True,0,3.0,0,0.9270833333333334,0.33662341346817065,1.0,1.974547879071912,1.7487795014624665,1.6942246021449099,1.510264510555746,0.016917563310374917,0.01603006146755929,0,0,1906,0
24.468358,126,112361.122305,True,True,0,3.0,0,0.9523809523809523,0.31855829430291643,1.0,2.073968460230052,1.937026876871272,0.4708276046588527,0.44929911962771985,0.0,0.0,0,0,2508,0
4.294521,150,112742.791865,False,True,2,3.0,0,0.9866666666666667,0.2818282933714991,1.0,1.516038749954559,1.435727227415805,0.5262380327035939,0.4837462238883862,0.0,0.0,0,0,3000,0
19.559989,96,112971.144515,True,True,1,3.0,0,0.9270833333333334,0.33983812944203556,1.0,1.2991709288938147,1.2562125379426874,0.7239575755230494,0.6751869105756751,0.0,0.0,0,0,1902,0
18.44485,87,113164.637161,True,True,0,3.0,0,0.9080459770114943,0.2775857762848813,1.0,1.1319756117807827,0.9772126354585159,0.8113307956699312,0.798859747487467,1.4901161193847656e-08,2.0861625671386803e-09,0,0,1722,0
9.262183,150,113505.894552,False,True,1,5.525153278478914,0,1.0,0.3651865737170976,1.0,2.2452995193336363,2.2075035217029475,0.6636117354748295,0.6321803456234416,0.0,0.0,0,0,3000,0
19.136882,136,113814.746658,True,True,1,3.0,0,0.9852941176470589,0.3318295630630254,1.0,2.1418203449862254,2.0225001300743637,1.2101103705551624,1.1596991109204668,0.024074377246967725,0.022455769331460398,0,0,2714,0
23.283865,94,114028.822339,True,True,0,3.0,0,0.9574468085106383,0.3256678502206149,1.0,1.4149427075608145,1.353659754707625,0.5508394852176849,0.5456401812727545,1.4901161193847656e-08,1.4901161193847656e-08,0,0,1873,0
16.898671,84,114218.476291,True,True,1,3.0,0,0.9047619047619048,0.34887426527752924,1.0,1.641444878878827,1.4660975597260022,0.6142325998609142,0.5884549622727733,0.0,0.0,0,0,1664,0
23.243527,94,114434.595427,True,True,1,3.0,0,0.8936170212765957,0.32642241266280136,1.0,1.7355123077804335,1.4819625550979871,0.5713797627139698,0.5345078625675012,0.0,0.0,0,0,1879,0
25.590633,116,114700.514708,True,True,0,3.0,0,0.9568965517241379,0.33357908349249216,1.0,1.9171851277283416,1.7930374429650882,1.6284610925445955,1.4989597173850784,0.0,0.0,0,0,2306,0
24.584082,91,114907.154488,True,True,1,3.0,0,0.945054945054945,0.3565558097680451,1.0,1.2361607452927081,1.2268357865395167,0.6711699437493375,0.6192494351573756,0.0,0.0,0,0,1816,0
20.945662,93,115120.680712,True,True,1,3.0,0,0.9354838709677419,0.3113621145077181,1.0,1.3232091372708172,1.1434530004673036,0.7449235481458222,0.7308317576876839,1.4901161193847656e-08,1.192092895507787e-09,0,0,1855,0
8.118446,150,115464.113597,False,False,1,7.336151631457533,0,1.0,0.3390917858631331,1.0,2.6835387747651924,2.294120274920164,2.3742388059126474,2.0009179330513973,0.00564753003993942,0.004286851334539668,0,0,3000,0
20.10037,94,115680.918009,True,True,1,3.0,0,0.9361702127659575,0.2530757246903076,1.0,0.7993936808318928,0.7596277948671918,0.782675223474073,0.7393333065134475,0.0,0.0,0,0,1876,0
23.72871,122,115961.951666,True,True,1,3.0,0,0.9590163934426229,0.3077891065654596,1.0,2.0475334845383433,1.895385794378935,1.7090008072494225,1.6543489410125973,1.1608083116128498,1.1452050537336744,0,0,2440,0
22.867857,80,116138.408068,True,True,0,3.0,0,0.9625,0.3026547424929669,1.0,1.3230983962227654,1.1306797193453566,0.517855292957147,0.5148627793122756,0.0,0.0,0,0,1589,0
17.988688,80,116319.885103,True,True,1,3.0,0,0.9125,0.28694641654874653,1.0,0.4821185106986513,0.4624139217284732,0.6062584607203632,0.5943427097478108,0.0,0.0,0,0,1586,0
24.297579,117,116587.225418,True,True,1,3.0,0,0.9572649572649573,0.29943467675704827,1.0,1.528853656862599,1.3803886537325496,1.7898307164461569,1.5423522797760685,1.4901161193847656e-08,0.0,0,0,2340,0
21.744572,75,116756.797392,True,True,1,3.0,0,0.8933333333333333,0.32572877221428487,1.0,0.6879676568535619,0.5525161795064706,0.9458530493869591,0.9129298384844212,0.0,0.0,0,0,1489,0
20.243873,149,117098.01978,True,True,1,3.0,0,0.9530201342281879,0.23565296198768815,1.0,0.9870331781970673,0.6767417716129573,0.6349547069650754,0.5951122808017967,0.0,0.0,0,0,2979,0
6.880329,150,117445.465748,False,False,2,6.5,0,1.0,0.3612435954378356,1.0,1.2034748787245895,1.031977306701933,0.8492106713702904,0.8027150532624624,0.0,0.0,0,0,3000,0
26.191545,106,117683.332732,True,True,1,3.0,0,0.9716981132075472,0.3486765386932036,1.0,1.3622804999909996,1.3542345690350124,1.0544794166770584,0.9712570912583874,0.0,0.0,0,0,2114,0
22.601116,89,117884.221514,True,True,1,3.0,0,0.9213483146067416,0.29647725163701344,1.0,1.5750042492052858,1.5009307103423222,0.5537199758401704,0.49751759378340493,0.0,0.0,0,0,1771,0
20.326841,84,118075.658229,True,True,1,3.0,0,0.9166666666666666,0.30368888580367503,1.0,0.8619750958560748,0.7767521769310882,0.6665475282055192,0.6045909368000452,0.0,0.0,0,0,1667,0
7.43853,150,118412.938802,False,True,1,4.579491484755029,0,1.0,0.35422469312965615,1.0,2.540461132528307,2.2773303706468773,1.2107124441730759,1.0957702687054425,0.0,0.0,0,0,3000,0
21.412181,104,118652.427214,True,True,1,3.0,0,0.9230769230769231,0.31169978679802984,1.0,1.1177475203134368,0.9991439876595146,0.7054503944457503,0.6446252678824369,0.0,0.0,0,0,2071,0
8.836818,150,118991.336977,False,False,1,10.015840354886144,0,1.0,0.3715828163669659,1.0,2.6460733071117395,2.4532961208126918,1.7297287465280482,1.6085579700113828,0.5474678395551407,0.5409803678207815,0,0,3000,0
19.880589,113,119247.495814,True,True,0,3.0,0,0.8584070796460177,0.3299462005328174,1.0,1.863654638092439,1.609525812573267,0.7289597825229915,0.7200915808464059,0.0,0.0,0,0,2256,0
15.268979,83,119434.557463,True,True,1,3.0,0,0.9036144578313253,0.3059358304067455,1.0,1.3064267139936865,1.032064774786242,0.5662673920573578,0.5531802688930925,0.0,0.0,0,0,1645,0
22.512953,107,119679.381802,True,True,0,3.0,0,0.9439252336448598,0.3477008247858727,1.0,1.852869633656803,1.601288628924292,1.5702203253102796,1.5489652707507822,1.4901161193847656e-08,0.0,0,0,2140,0
2.088923,150,120027.803998,False,False,1,3.0,0,0.8,0.17475956610410243,1.0,1.006935851336407,0.7380588755074109,1.0412877947203982,0.9085157457873895,2.1073424255447017e-08,0.0,0,0,3000,0
16.9079,74,120194.574354,True,True,1,3.0,0,0.8243243243243243,0.33133419409565296,1.0,1.499468055192441,1.314069184848776,0.6221728075387929,0.610871891023,0.0,0.0,0,0,1464,0
24.910161,85,120387.658021,True,True,0,3.0,0,0.9411764705882353,0.3405177514406673,1.0,1.4453418857901876,1.404853741630787,0.5992205724252051,0.5902610758302614,0.0,0.0,0,0,1681,0
17.544978,57,120516.141665,True,True,0,3.0,0,0.9122807017543859,0.2676026725311112,1.0,0.9156408915283354,0.8684581263601105,0.557794408997718,0.5347543214826517,0.0,0.0,0,0,1122,0
22.878221,90,120720.552087,True,True,1,3.0,0,0.8888888888888888,0.28810681497266705,1.0,0.8720501191483984,0.7709607075145603,0.6028478270594343,0.5924778064674469,0.0,0.0,0,0,1790,0
16.116254,82,120913.883751,True,True,1,3.0,0,0.9146341463414634,0.3357071159229846,1.0,0.9916555102866489,0.8743170938359969,0.5718822194629236,0.55620134323404,1.4901161193847656e-08,2.831220626831021e-09,0,0,1637,0
20.111959,77,121087.759392,True,True,0,3.0,0,0.9090909090909091,0.31257708361152,1.0,1.1732672328717548,1.091456798156416,0.4779328797747652,0.44284781997103106,0.0,0.0,0,0,1529,0
20.354153,75,121257.59797,True,True,0,3.0,0,0.9066666666666666,0.3348863800647356,1.0,1.3220827811290818,1.2296548669448628,0.4058919071333131,0.403640586015282,0.0,0.0,0,0,1486,0
-29.750327,70,121414.198317,False,False,1,21.163073356303762,0,1.0,0.3157658460369815,1.0,2.410762731776631,2.3714927796379928,0.5044192031310082,0.45037749217225986,1.4901161193847656e-08,4.619359970092807e-09,0,0,1393,0
3.318257,150,121764.301716,False,False,1,4.943366046746569,0,0.7866666666666666,0.21951384807126742,1.0,1.1592305646075434,0.9366383942673517,1.0137581061536276,0.8790171133663326,0.0,0.0,0,0,3000,0
21.322301,122,122037.40695,True,True,1,3.0,0,0.9098360655737705,0.34498270090413746,1.0,2.029478165393758,2.002909638145736,0.7661561180403919,0.7274769811102404,0.0,0.0,0,0,2434,0
20.898442,68,122190.774733,True,True,0,3.0,0,0.9117647058823529,0.3234660381365828,1.0,0.6900870903350613,0.6625927966811733,0.6307774393992758,0.593817455004972,2.1073424255447017e-08,1.6938008004175434e-08,0,0,1360,0
18.634253,113,122448.603033,True,True,0,3.0,0,0.9026548672566371,0.34387700990330916,1.0,2.122981143826912,1.8888100478115322,1.1831537651087616,1.131341821517283,0.0,0.0,0,0,2256,0
21.781085,96,122667.859148,True,True,1,3.0,0,0.8958333333333334,0.3401263838861579,1.0,1.717770874054815,1.570097950119868,1.877050963991091,1.7162888714805176,0.19573298829499394,0.19317193728559223,0,0,1903,0
24.450255,105,122922.330592,True,True,1,3.0,0,0.9523809523809523,0.3359538739773057,1.0,1.4392279485661568,1.2926556592144747,0.710615695516563,0.6277788663181315,1.4901161193847656e-08,0.0,0,0,2100,0
