time_s,x_m,y_m,z_m,vx_m_s,vy_m_s,vz_m_s,relative_speed_m_s,distance_m,position_error_m,attitude_error_deg,fov_margin_deg,keepout_margin_m,branch,decision_k
0.0,-9.109625044744462,7.536145264282823,-16.673402950167656,0.3679083524277771,-0.43183745641112603,-0.3460990223954162,0.664548476673309,20.439694710021172,19.29049946399524,155.07498110546504,49.98680232832248,18.439694710021172,learned,0
0.1,-9.072753720916808,7.493049738928676,-16.70815606834367,0.3695230195092273,-0.43008260530975817,-0.348967940226107,0.6658054765792317,20.43582965466776,19.29213858930879,154.88246035810167,49.9978668462261,18.43582965466776,learned,0
0.2,-9.035990356467664,7.449942741543055,-16.743126383051276,0.36574456109224773,-0.4320587594684378,-0.350438728279049,0.6657711002137322,20.432401955063295,19.294224719186527,154.70622436624853,49.96458306829906,18.432401955063295,learned,0
0.30000000000000004,-8.999718761537224,7.40658603888005,-16.77809217153117,0.35968540398309523,-0.4350695436932352,-0.3488764708806489,0.6636067281320003,20.42931304411613,19.296593452868052,154.54850396496423,49.91516054505037,18.42931304411613,learned,0
0.4,-8.96404868690297,7.362965858541429,-16.81280079111457,0.353714123625475,-0.43732539298184187,-0.345296463647205,0.6599975972729945,20.426397272571496,19.29905213774755,154.4121544005067,49.852467972612295,18.426397272571496,learned,0
0.5,-8.928953238762915,7.319151339121163,-16.847126388456672,0.34819328866879173,-0.43895626256332215,-0.34121676235755327,0.6560107054243244,20.42356114426686,19.301505909670094,154.29759780067707,49.77562932910071,18.42356114426686,learned,0
0.6000000000000001,-8.89440312795341,7.275180500000715,-16.881040989421308,0.34280743517002776,-0.44045209209554803,-0.3370765724796113,0.6520242317228713,20.420778711808723,19.30393183859029,154.20433602969118,49.68347565183246,18.420778711808723,learned,0
0.7000000000000001,-8.86039308924228,7.231059975922108,-16.914534812327474,0.337391796739675,-0.4419500081871743,-0.3328010844779079,0.648004317943593,20.418038152298397,19.30631822625068,154.1319844866667,49.57548173956582,18.418038152298397,learned,0
0.8,-8.826926696579903,7.186791437678039,-16.947590065188706,0.33193447018705496,-0.4434123352236292,-0.32830515122677556,0.6438782989423304,20.41532304650505,19.308647153896644,154.08039374924405,49.45149891578658,18.41532304650505,learned,0
0.9,-8.7940066261217,7.142381139099598,-16.980183721985668,0.32646535586543735,-0.4447851479962116,-0.3235691727588155,0.6396174372374339,20.41261375005232,19.310897450716652,154.04708220564143,49.31146011727907,18.41261375005232,learned,0
1.0,-8.761632193811238,7.097840295173228,-17.012291983235627,0.32102174435007413,-0.4460231891012227,-0.3185972315721627,0.6352132252456931,20.409890104512506,19.313047944729234,154.0267972032396,49.157088656147444,18.409890104512506,learned,0
1.1,-8.729765702039003,7.053263486362994,-17.04394021211192,0.3163080837560186,-0.4455059957587196,-0.31437035215980275,0.6303610984375948,20.40718581712343,19.315140143482513,154.0143153905478,48.99371129263419,18.40718581712343,learned,0
1.2000000000000002,-8.698361869435757,7.008754124864936,-17.07519420981407,0.31176896969562273,-0.4446750548993403,-0.3107128455042194,0.6256822414581784,20.404567892933514,19.317251866679136,154.0058730326597,48.82680945784101,18.404567892933514,learned,0
1.3,-8.667408702429384,6.964319449849427,-17.106081279926002,0.30729462671095786,-0.44401228297406364,-0.30703154353677625,0.6211644418057446,20.402052244074234,19.319401739064233,153.9993747111918,48.65934598194039,18.402052244074234,learned,0
1.4000000000000001,-8.636898638214916,6.919952426105738,-17.13659373484552,0.30290688935750437,-0.44332198479909785,-0.30322055578223234,0.6166276601607625,20.39962265581185,19.321573762771568,153.99364744165035,48.49295733754545,18.39962265581185,learned,0
1.5,-8.606821508146822,6.875657657161355,-17.166720440611243,0.2986359742227578,-0.4425670427849798,-0.2993166181146718,0.61207799367321,20.397262938386614,19.323752387380647,153.98803423358447,48.32855808438967,18.397262938386614,learned,0
1.6,-8.577165282331407,6.831441513262689,-17.196453351527452,0.29448883117678937,-0.44174956457892633,-0.2953446890167015,0.6075317562267134,20.394959311085174,19.32592490947927,153.98216687171018,48.16664237234751,18.394959311085174,learned,0
1.7000000000000002,-8.547917529474944,6.7873100796714425,-17.225786365102977,0.2904664847421996,-0.4408727889691582,-0.2913186935646941,0.6029976583969249,20.392699382486917,19.328080166628876,153.97583883779535,48.00746654567609,18.392699382486917,learned,0
1.8,-8.519065741915256,6.743269203230739,-17.254714607726783,0.28656958441195557,-0.43993848102808053,-0.2872493077840419,0.5984815440945084,20.390471717358924,19.330208027978458,153.9689343356634,47.85115476797156,18.390471717358924,learned,0
1.9000000000000001,-8.49059733748436,6.69932456780225,-17.28323421999812,0.28279882260935296,-0.43894800977373655,-0.28314613687386797,0.593988437749554,20.388265691700443,19.332299239626497,153.96138867190115,47.69775820773575,18.388265691700443,learned,0
2.0,-8.462499676737934,6.655481718480587,-17.311342275235802,0.2791547455346841,-0.4379028360661849,-0.27901817281916125,0.5895230330976776,20.38607144729423,19.3343453727753,153.95316609275847,47.547287625229515,18.38607144729423,learned,0
2.1,-8.434843662660569,6.61164257209748,-17.339108505286276,0.27396476431312805,-0.4388743766064535,-0.2763077583718266,0.5865265448923133,20.383941936553583,19.336391258371464,153.94424034600542,47.39951769557303,18.383941936553583,learned,1
2.2,-8.407717559952289,6.567697818391025,-17.36657388880849,0.2685561828409967,-0.4400141043684756,-0.2730011117711762,0.5833219029092057,20.381910063511544,19.338457861922688,153.93459085681923,47.25418279967858,18.381910063511544,learned,1
2.3000000000000003,-8.38112360285595,6.523651828058064,-17.393695841543376,0.26332195311986856,-0.44089892560494065,-0.26943939602781874,0.5799378429851677,20.379939181660916,19.340506183424,153.92421182936357,47.111307873652166,18.379939181660916,learned,1
2.4000000000000004,-8.355041695293039,6.4795279344543815,-17.42045678757131,0.25831530360648425,-0.44157222122464107,-0.2657811518643479,0.5765001676677233,20.378010665202314,19.342519703992576,153.91310694570464,46.97098486975507,18.378010665202314,learned,1
2.5,-8.329449920915067,6.435345152392983,-17.446848743595183,0.25351941307384873,-0.44207673857983354,-0.2620597455550141,0.5730438428593836,20.37611185426083,19.344488485660673,153.90128016200566,46.83322724402119,18.37611185426083,learned,1
2.6,-8.304327833466232,6.391119604930282,-17.47286567511037,0.2489216198373012,-0.44242760142275783,-0.25828076878689493,0.5695727441234087,20.374231408096264,19.346403760643966,153.88873274047873,46.6980019696898,18.374231408096264,learned,1
2.7,-8.279655845370144,6.346866391599178,-17.498502095229924,0.24451752467946766,-0.4426301460081727,-0.254449623652717,0.5660873404410309,20.372358466494475,19.348257141539346,153.87546452937937,46.56527109482237,18.372358466494475,learned,1
2.8000000000000003,-8.255414672195911,6.302600127644837,-17.52375322021544,0.24030538954051311,-0.44268870464248855,-0.25057497744414664,0.5625902494546069,20.37048273119484,19.350040792430693,153.86147489515687,46.43500656564895,18.37048273119484,learned,1
2.9000000000000004,-8.231585235334933,6.2583349365741014,-17.548615189269185,0.23628289500523744,-0.4426087665389415,-0.24666661045720914,0.5590854526846749,20.368594618332832,19.351747603613674,153.84676281090833,46.30718814859071,18.368594618332832,learned,1
3.0,-8.208148718811572,6.214084359817207,-17.573085098527372,0.23244706117832684,-0.44239655173117737,-0.2427338658772867,0.5555772447444277,20.366685289981223,19.353371215069178,153.83132796502295,46.18179556085514,18.366685289981223,learned,1
3.1,-8.185081142932177,6.169839484617114,-17.597162428777665,0.22890381124756645,-0.4424949510988809,-0.23881455835986676,0.5524772663524543,20.36473908811769,19.354898895874282,153.81517546430655,46.058695937575365,18.36473908811769,learned,1
3.2,-8.162365707103163,6.1255893697962165,-17.62083613080904,0.22540423842214255,-0.44250107721227633,-0.23466138350165086,0.5492542570973846,20.362733731321033,19.356309843822515,153.7983042934314,45.937789162913674,18.362733731321033,learned,1
3.3000000000000003,-8.139990889001638,6.081347739323974,-17.64409215655178,0.22209158295242445,-0.4423253380771969,-0.23046117008757053,0.5459750240089305,20.36065396858614,19.35758984725352,153.7807116698629,45.819141061393246,18.36065396858614,learned,1
3.4000000000000004,-8.117937966715544,6.037130581215024,-17.666929244063795,0.2189664128524775,-0.44201179487763304,-0.22628273044786157,0.5427011985129275,20.358493348006867,19.358735072327082,153.76240419657495,45.702795123319,18.358493348006867,learned,1
3.5,-8.096189042553306,5.992950348183513,-17.689350094646215,0.21601171010892,-0.441586992109599,-0.2221365102845226,0.5394485700286626,20.356248123353016,19.359744404412815,153.74338774487435,45.58872425592814,18.356248123353016,learned,1
3.6,-8.07472747983411,5.948817648924887,-17.711357972584665,0.21321924296541206,-0.4410612533052041,-0.21802331220856438,0.5362197678231324,20.353915017184942,19.36061702652532,153.72366623548504,45.476878701679176,18.353915017184942,learned,1
3.7,-8.053537181112915,5.904742242768407,-17.732956399209797,0.21058650782288882,-0.4404413650253562,-0.2139475340375791,0.5330185931308585,20.35149097086937,19.361352268132,153.70324322326812,45.36721518759753,18.35149097086937,learned,1
3.8000000000000003,-8.032602313905954,5.860733198933303,-17.754149425774813,0.2081107042590128,-0.43973412614478596,-0.20991536705517508,0.529849627960056,20.34897332533478,19.36194983754866,153.68212250354074,45.25970024632176,18.34897332533478,learned,1
3.9000000000000004,-8.011907344684005,5.816798876971006,-17.774941739160568,0.2057885884041012,-0.4389471399015777,-0.20593331026460265,0.5267182007693154,20.346359927650084,19.362409928451086,153.66030744775716,45.1543057909103,18.346359927650084,learned,1
4.0,-7.9914371385239065,5.7729468531906605,-17.795338589232415,0.20361551750254883,-0.43808828998764865,-0.20200612429611045,0.5236287836294606,20.343649092878284,19.362733164071233,153.63780156175338,45.05100230466803,18.343649092878284,learned,1
4.1000000000000005,-7.971167552284896,5.729170839302242,-17.81534002162516,0.20177600581208432,-0.4374271385857152,-0.19802456060835538,0.5208356599704911,20.34082718914425,19.362909012462993,153.614615942164,44.9496718308711,18.34082718914425,learned,2
4.2,-7.951078908983618,5.685464590787888,-17.83493785886094,0.19999665937912747,-0.43669289516145604,-0.19393429748587868,0.5179863513536302,20.337875303468113,19.36292070958089,153.59075595082746,44.850245419186656,18.337875303468113,learned,2
4.3,-7.9311608439311385,5.641836684197187,-17.854129343293607,0.1983645485195694,-0.435860429437493,-0.18989757160035767,0.515154244628268,20.334787142001694,19.36276331123558,153.56622161257926,44.752779466964675,18.334787142001694,learned,2
4.4,-7.911399145144969,5.598295425996184,-17.872921684291214,0.19686938355356684,-0.43496020961441156,-0.18595143352475021,0.5123727878785952,20.331563580879298,19.362440000487222,153.54102054755492,44.65728454762773,18.331563580879298,learned,2
4.5,-7.891780721023679,5.5548468148335814,-17.891324043273926,0.19549912108534098,-0.4340076315967795,-0.18209794064974996,0.5096490857622199,20.328207055872376,19.361955422432864,153.515159758665,44.563719535961646,18.328207055872376,learned,2
4.6000000000000005,-7.872293408494443,5.511495813727379,-17.909345562104136,0.1942472141039483,-0.4330082634141113,-0.17833465088509126,0.5069826269985559,20.32472012296894,19.361314201935052,153.4886451285598,44.472033232983634,18.32472012296894,learned,2
4.7,-7.8529254626482725,5.468246854841709,-17.92699529323727,0.19311184346658583,-0.43196698196773325,-0.17466218304524653,0.5043753917307092,20.321105339797516,19.3605208983451,153.461482613795,44.38218271310126,18.321105339797516,learned,2
4.800000000000001,-7.833665389101952,5.425103912129998,-17.94428239017725,0.19208982280701725,-0.4308880922528961,-0.17108195860051026,0.5018287403387318,20.317365389839484,19.359580162018897,153.43367875230683,44.294132218949905,18.317365389839484,learned,2
4.9,-7.814502042718232,5.382070541381836,-17.96121616382152,0.1911773645209894,-0.429775756591053,-0.16759570322894216,0.49934387489925913,20.313503183143496,19.358496824786567,153.40524054186616,44.20784851562025,18.313503183143496,learned,2
5.0,-7.795424617826939,5.339149813167751,-17.977806087583303,0.19037144683255858,-0.42863544248553626,-0.16420495505563806,0.49692343232002784,20.30952184130436,19.357275885709154,153.37617482606055,44.12329930374964,18.30952184130436,learned,2
5.1000000000000005,-7.776423222851008,5.296329997479916,-17.99405804462731,0.1896565449674698,-0.4277576178198671,-0.160835991069429,0.49478722767995015,20.305417860672527,19.355915249850955,153.34649489576918,44.04037233676294,18.305417860672527,learned,2
5.2,-7.757490641903132,5.253601069562137,-18.009969917126,0.18899519177013868,-0.42681761357149023,-0.15740331910998454,0.492613705284306,20.30118227279147,19.354406677077026,153.3162081495703,43.95901125507297,18.30118227279147,learned,2
5.300000000000001,-7.738618705421686,5.210968943312764,-18.02554290369153,0.1884437139679213,-0.4258217934707973,-0.15405829325699977,0.4904785325067447,20.296812896829312,19.352749198405032,153.28531531767473,43.879268224747605,18.296812896829312,learned,2
5.4,-7.719797130674124,5.168438040651381,-18.040786722674966,0.18798803057047636,-0.4247933126076542,-0.15081997405002753,0.48840098550924477,20.29231394128974,19.350948873577682,153.25382332433966,43.801138506836246,18.29231394128974,learned,2
5.5,-7.701016796287149,5.126011159271002,-18.055711891502142,0.18761896778076564,-0.4237415880311564,-0.14768526285182235,0.4863833337624739,20.287690406022058,19.34901240975561,153.2217388682327,43.724581053852674,18.287690406022058,learned,2
5.6000000000000005,-7.682269245851785,5.083690447732806,-18.07032858207822,0.18733237811979045,-0.42267012070057675,-0.14465039451073716,0.4844245941910548,20.28294713295883,19.346946242838744,153.18906824128442,43.64955241645164,18.28294713295883,learned,2
5.7,-7.663546392228454,5.041477784514427,-18.084646680857986,0.18712508831781358,-0.42158077070503797,-0.1417134240305088,0.4825234081955549,20.278088843109895,19.34475662229141,153.15581807733003,43.57601731420463,18.278088843109895,learned,2
5.800000000000001,-7.6448404672555625,4.999374840408564,-18.098675946239382,0.18699384574701816,-0.42047592950769763,-0.1388737047789103,0.48067932296037225,20.273120272214694,19.34244976129314,153.12199550795378,43.50394596253984,18.273120272214694,learned,2
5.9,-7.626144015230238,4.957382982131094,-18.112426093779504,0.18693569852993147,-0.41935924951603115,-0.13613106371339032,0.47889330967060023,20.268046219978373,19.340031889420406,153.08760796279614,43.433310076318755,18.268046219978373,learned,2
6.0,-7.607449911069125,4.915503242518753,-18.12590677384287,0.18694690145223358,-0.4182337183773767,-0.13348430778445466,0.47716522041642245,20.26287153023186,19.33750922906738,153.05266298328826,43.36408143572751,18.26287153023186,learned,2
6.1000000000000005,-7.588740775361657,4.873737347312272,-18.13911439664662,0.18723627412493551,-0.4170823469599843,-0.13066986856373733,0.4754889284140075,20.257585576293533,19.334873382794257,153.0171748686271,43.29619654088462,18.257585576293533,learned,3
6.2,-7.569999082013965,4.83209025207907,-18.152042240835726,0.18759812958112385,-0.41585783889838984,-0.12788875553914342,0.4737998883378151,20.25217568112163,19.332113834936173,152.98115350751726,43.229648630169365,18.25217568112163,learned,3
6.300000000000001,-7.551217935048044,4.79056639643386,-18.164697817526758,0.18802539224625062,-0.41461773087424275,-0.12522453454148935,0.472167973221178,20.24664578401306,19.329235833136437,152.9446019832697,43.16448435909675,18.24664578401306,learned,3
6.4,-7.532391679473221,4.749166482128203,-18.17709278455004,0.1885003682160019,-0.41337920855026905,-0.12267653108511517,0.4705999257950349,20.241003156615253,19.32624792113744,152.90752751134784,43.10068822551652,18.241003156615253,learned,3
6.5,-7.513515925966203,4.707890128251165,-18.189238402526826,0.18901537527483644,-0.4121466982478906,-0.12023750172009992,0.4690935618688622,20.235254994523522,19.323158363414404,152.86993659574867,43.03821816293104,18.235254994523522,learned,3
6.6000000000000005,-7.494586825370789,4.666736678220332,-18.20114529831335,0.18956732863919207,-0.4109212840010335,-0.11790208981319907,0.467646208703521,20.229408124737176,19.319974951457823,152.83183490918543,42.9770356199985,18.229408124737176,learned,3
6.7,-7.4756008284166455,4.625705366954207,-18.21282364614308,0.19015333315161217,-0.4097040743951281,-0.11566650815995418,0.46625578794751005,20.223469115193886,19.3167051559706,152.79322817823797,42.917109692532506,18.223469115193886,learned,3
6.800000000000001,-7.456554658710957,4.584795316681266,-18.22428328357637,0.19077083548110751,-0.4084961818216095,-0.11352786816603826,0.46492065891216167,20.21744436555342,19.313356226248764,152.75412292497327,42.85841265093156,18.21744436555342,learned,3
6.9,-7.43744529504329,4.544005535542965,-18.235533786006272,0.19141721502055478,-0.4072988674121582,-0.11148376974424458,0.4636394596212017,20.21134016547104,19.30993525401168,152.71452629152657,42.80091864443645,18.21134016547104,learned,3
7.0,-7.4182699881494045,4.503334895242006,-18.24658449413255,0.1920897145584588,-0.40611351227884956,-0.10953193450436019,0.46241095139592114,20.205162718901843,19.30644919627647,152.67444572707296,42.744602512699004,18.205162718901843,learned,3
7.1000000000000005,-7.399031915701926,4.462778426706791,-18.257437687832862,0.19267243533621428,-0.4050152841966634,-0.10753342823121459,0.46121956372041445,20.19891322572962,19.302898849818995,152.6338946682276,42.68939993766071,18.19891322572962,learned,3
7.2,-7.3797330083325505,4.422335139941424,-18.26809177780524,0.19330655603808736,-0.40384991734824577,-0.10554992597066809,0.46000322522989406,20.192589842973316,19.299282020752837,152.5928830292778,42.635303206326384,18.192589842973316,learned,3
7.300000000000001,-7.360368898138404,4.382008271291852,-18.27855269331485,0.1939764649051584,-0.4026870779826485,-0.10366993565412977,0.458836798077309,20.18619615897559,19.295603177403148,152.55141449888245,42.582356312288724,18.18619615897559,learned,3
7.4,-7.3409369718283415,4.34179673017934,-18.288830486126244,0.19466285716481782,-0.4015435257645343,-0.10188740729689395,0.45772467140046824,20.179739220832683,19.29187013199713,152.50949567035798,42.530539579869576,18.179739220832683,learned,3
7.5,-7.3214359460398555,4.301698416937143,-18.298934469465166,0.19535852272463822,-0.40042265952275113,-0.10019373101745271,0.45666403667863287,20.17322572867375,19.288090123798813,152.4671325584786,42.479813460909455,18.17322572867375,learned,3
7.6000000000000005,-7.30186506640166,4.261710986960679,-18.30887325713411,0.19605993326485582,-0.39932593943757644,-0.0985834366740783,0.4556527157013274,20.16666194317044,19.284269846994697,152.42433113858888,42.43014272157001,18.16666194317044,learned,3
7.7,-7.282223926857114,4.221831942908466,-18.318654994480312,0.1967637372269564,-0.3982550509895224,-0.09705272852992315,0.45468921918304683,20.160053846204157,19.2804156469903,152.38109782898493,42.3814991408786,18.160053846204157,learned,3
7.800000000000001,-7.262512445449829,4.18205861793831,-18.32828749064356,0.1974667388345585,-0.3972116634626413,-0.09559853845133362,0.4537722987256334,20.153407246514593,19.276533634737547,152.33743939118955,42.33385760921479,18.153407246514593,learned,3
7.9,-7.24273088760674,4.142388155683875,-18.337778253946453,0.19816532730090516,-0.39619789230803837,-0.09421807098616954,0.4529009954879341,20.14672781454979,19.27262971957677,152.29336268341115,42.28719357903339,18.14672781454979,learned,3
8.0,-7.222879871726036,4.102817486971617,-18.34713451564312,0.19885590059343666,-0.39521585943469933,-0.09290845819883335,0.45207435931981277,20.140021099986175,19.26870962668575,152.24887451323784,42.241482430784224,18.140021099986175,learned,3
8.1,-7.203091950155795,4.063252239022404,-18.356436009984463,0.19690261281110594,-0.3960894345524965,-0.0931213624273853,0.4520277283931697,20.133387578571423,19.26485773858814,152.20398618880296,42.19641774516751,18.133387578571423,learned,4
8.200000000000001,-7.183502630330622,4.023598819505423,-18.365739004686475,0.19488368550358373,-0.3969787009557633,-0.09293845656114497,0.45189522745427724,20.12690802603705,19.26113732121161,152.1587058758413,42.15174962604586,18.12690802603705,learned,4
8.3,-7.1641086069867015,3.9838619818910956,-18.375020030420274,0.19299675875768899,-0.39775781354507683,-0.09268210027919363,0.45171783099551893,20.12056086548793,19.2575262663688,152.1130355023763,42.10754137607628,18.12056086548793,learned,4
8.4,-7.1448967875912786,3.9440508307889104,-18.384274658281356,0.19123958749439582,-0.3984650630113137,-0.09241049726739829,0.45153813379474905,20.114339207945783,19.254019347833772,152.06697764632165,42.06380905668131,18.114339207945783,learned,4
8.5,-7.125854727812111,3.9041719315573573,-18.39350138232112,0.18960165245649846,-0.3991128292356906,-0.09212407401837684,0.45136092219918167,20.1082385398247,19.250613725479475,152.020533685906,42.02054803895943,18.1082385398247,learned,4
8.6,-7.106970778666437,3.8642310285940766,-18.40269871428609,0.18807741178710824,-0.3997052377464737,-0.09182267267018965,0.45118598506912794,20.102254477046962,19.247306574893955,151.97370480639137,41.9777570830076,18.102254477046962,learned,4
8.700000000000001,-7.088233810849488,3.824233462102711,-18.41186525905505,0.18666206734637317,-0.40024615138289765,-0.0915083499303422,0.4510138436786806,20.09638281998863,19.244095187418846,151.9264925727946,41.935440025351916,18.09638281998863,learned,4
8.8,-7.069633185863495,3.7841841685585678,-18.42099984548986,0.18535054268450174,-0.40073987053162297,-0.09118351404235012,0.4508455397808131,20.090619664703457,19.240977090485508,151.87889885773868,41.893602210827666,18.090619664703457,learned,4
8.9,-7.051158774644136,3.744087638799101,-18.430101534817368,0.18413784800235447,-0.4011909321709163,-0.09085040829810236,0.45068249112988495,20.08496141136265,19.23795005316476,151.8309254587799,41.8522488694219,18.08496141136265,learned,4
9.0,-7.0328009352087975,3.7039479152299464,-18.43916959827766,0.1830191260723251,-0.40160382180677473,-0.09051102253541546,0.4505262205449221,20.079404737866536,19.235012061753544,151.78257405025295,41.81138462710495,18.079404737866536,learned,4
9.1,-7.014551083557308,3.6637680460698903,-18.448202162515372,0.18197814285747216,-0.40199386156389894,-0.09014041456736491,0.45037806735151537,20.073945457439965,19.232160037991854,151.73385037320762,41.77098394197847,18.073945457439965,learned,4
9.200000000000001,-6.996400233358145,3.623551818076521,-18.457196773029864,0.18103905189734443,-0.4023310618176,-0.08975197342615353,0.45022309841794633,20.06857884161117,19.229390404321574,151.68475856477707,41.73105911416504,18.06857884161117,learned,4
9.3,-6.978338902816176,3.583303437102586,-18.46615286031738,0.18018784960924966,-0.40263699066740927,-0.08936996932696525,0.45007910284528396,20.063301792713897,19.22670136577306,151.63529905705977,41.691656387993156,18.063301792713897,learned,4
9.4,-6.9603589326143265,3.5430255038663745,-18.475071071181446,0.17941184272702237,-0.40292218789166157,-0.08899442378372238,0.44994989306666805,20.058112505344994,19.22409227197454,151.58547391001792,41.65277495020251,18.058112505344994,learned,4
9.5,-6.9424531338736415,3.502719889394939,-18.48395190294832,0.17870442616527252,-0.40319067586575363,-0.08862237635392496,0.4498354350501517,20.053009252730664,19.22156240493628,151.53528479729056,41.6144012171368,18.053009252730664,learned,4
9.600000000000001,-6.924614853225648,3.4623881401494145,-18.492795650381595,0.17806147690269494,-0.4034449272783004,-0.08825273168839783,0.44973574858335025,20.047990260006937,19.219110914555312,151.4847336763158,41.576525766945224,18.047990260006937,learned,4
9.700000000000001,-6.906837838701904,3.4220315162092447,-18.50160258403048,0.17747912472039457,-0.40368822212918004,-0.08788609005423471,0.44965207129774976,20.043053829330926,19.216736969976086,151.43382309934077,41.53914353758366,18.043053829330926,learned,4
9.8,-6.889116243459284,3.381650927942246,-18.51037303591147,0.17695310052852675,-0.40392429295354937,-0.08752307518805673,0.44958594608267943,20.038198410609315,19.21443983264123,151.38255604304396,41.50225034117472,18.038198410609315,learned,4
9.9,-6.871444665826857,3.3412469336763024,-18.51910737529397,0.17647876247773153,-0.40415638075788635,-0.08716382641763486,0.44953828129398365,20.033422594379353,19.212218842445765,151.33093568121396,41.465841238433875,18.033422594379353,learned,4
10.0,-6.8538181483745575,3.300819779280573,-18.52780598308891,0.1760519070508265,-0.40438753541803446,-0.08680840795010897,0.4495100137577999,20.02872509605301,19.210073401291734,151.27896526663528,41.42991045369718,18.02872509605301,learned,4
10.100000000000001,-6.836332558654249,3.2602881798520684,-18.536533204838634,0.1736595079040963,-0.40624552888870236,-0.08773469971224615,0.4504336043870976,20.024185005195204,19.208070953907864,151.22665148529765,41.3941786164588,18.024185005195204,learned,5
10.200000000000001,-6.81909036450088,3.219567760825157,-18.545333444606513,0.17118375842925398,-0.4081633180999489,-0.08826871540439925,0.45132309880114496,20.019865197783282,19.206260967466026,151.1739991401807,41.358404759086795,18.019865197783282,learned,5
10.3,-6.802089327014983,3.1786618689075112,-18.554180080536753,0.16883637083985015,-0.40995490360321085,-0.08866273002756012,0.45213916309321106,20.015741528869835,19.204618532749738,151.12100832109098,41.32264738950095,18.015741528869835,learned,5
10.4,-6.785316184163094,3.1375812152400613,-18.563062388449907,0.16662595833146834,-0.4116585644678566,-0.08898221492771533,0.4529291536907939,20.01180193882541,19.203133070772537,151.0676788379086,41.28693451232814,18.01180193882541,learned,5
10.5,-6.76875776425004,3.09633382037282,-18.571973103564233,0.16454189275659115,-0.4132897396925281,-0.08923092503000837,0.4537010043946896,20.00803712905874,19.201796873529645,151.01400938503937,41.25127724419129,18.00803712905874,learned,5
10.600000000000001,-6.752401748672128,3.0549267046153545,-18.580905228853226,0.1625779690491514,-0.41485298435634566,-0.08941044064202167,0.4544544218569269,20.004438149312456,19.20060246913192,150.9599987270125,41.21569011495961,18.004438149312456,learned,5
10.700000000000001,-6.736236383207142,3.0133664682507515,-18.589852030854672,0.1607288520949243,-0.41635215948490983,-0.0895244980755241,0.45518954333241707,20.00099639046748,19.19954265893462,150.90564615138098,41.18019140936953,18.00099639046748,learned,5
10.8,-6.720250461250544,2.971659305971116,-18.598807165399194,0.15898914056679722,-0.41779152559614824,-0.08957712044911294,0.4559071903206624,19.997703699885324,19.198610639858916,150.85095136223222,41.144799595918336,17.997703699885324,learned,5
10.9,-6.704433310776949,2.929810975678265,-18.60776467435062,0.1573534331237455,-0.4191755148317618,-0.08957201105675312,0.4566085416580079,19.994552371780447,19.197799995916448,150.7959143147864,41.109531695073365,17.994552371780447,learned,5
11.0,-6.688774801790714,2.887826811056584,-18.61671894788742,0.15581628309675286,-0.4205082213764397,-0.08951242540603653,0.45729460157029567,19.991535119253804,19.197104667465194,150.74053514758117,41.07440318790131,17.991535119253804,learned,5
11.100000000000001,-6.673263633623719,2.8457132605835795,-18.625665029045194,0.15440671709126352,-0.4217632837574229,-0.08940822874122509,0.45795145285869454,19.98864500809155,19.196519149516686,150.68481710844105,41.03940635200491,17.98864500809155,learned,5
11.200000000000001,-6.657887949608266,2.803476009517908,-18.634599154349416,0.15310663720993178,-0.4229822550833103,-0.08927330603124928,0.4586124220328591,19.98587589596116,19.19603885261519,150.62876262356693,41.00456633969449,17.98587589596116,learned,5
11.3,-6.642638010904193,2.7611185857094824,-18.643517810851336,0.1518917527138255,-0.42416677372159417,-0.08909884650503992,0.4592680708697184,19.98322226148202,19.19565950641877,150.5723713005556,40.969931298614334,17.98322226148202,learned,5
11.4,-6.627505831420422,2.718644307460636,-18.65241697896272,0.15075153364075802,-0.4253193594765378,-0.08888355881539527,0.4599161548241841,19.980678656469518,19.1953766460722,150.51564327977906,40.93550649209042,17.980678656469518,learned,5
11.5,-6.612484159879386,2.6760562914423645,-18.66129255015403,0.14968153140454743,-0.4264415073631401,-0.08862690768973058,0.46055580423267023,19.978239754344184,19.195185821522593,150.45857819936577,40.90128874398768,17.978239754344184,learned,5
11.600000000000001,-6.597566130571067,2.633357490412891,-18.670140468049794,0.1486787295212818,-0.42753508082344815,-0.0883305160141045,0.4611874781540505,19.975900370603643,19.195082673248802,150.4011761557265,40.86728013828976,17.975900370603643,learned,5
11.700000000000001,-6.5827451990917325,2.5905506378039718,-18.67895688349381,0.147739556632042,-0.42860253008775057,-0.0879968552423697,0.46181224748159294,19.973655579753363,19.19506306382092,150.3434379492587,40.83348655970086,17.973655579753363,learned,5
11.8,-6.568015202879906,2.547638221178204,-18.687738184351474,0.1468600828135543,-0.4296463718725943,-0.08762824053873107,0.4624311811796446,19.971500761288265,19.1951231160641,150.28536483662103,40.799914271934014,17.971500761288265,learned,5
11.9,-6.553370362147689,2.5046224826946855,-18.696480976883322,0.14603639822535314,-0.4306689629901362,-0.0872266598660828,0.46304521969352685,19.969431584380548,19.195259196748797,150.2269582898754,40.76656858109495,17.969431584380548,learned,5
12.0,-6.53880528640002,2.461505440529436,-18.70518205082044,0.14526477836167226,-0.43167246295950673,-0.0867938970038786,0.46365520774290064,19.967443981680383,19.19546788810171,150.1682198920687,40.73345386542025,17.967443981680383,learned,5
12.100000000000001,-6.524334921501577,2.4182654791511595,-18.713846502825618,0.1441419198463759,-0.43312725246266764,-0.08649370958698298,0.4646044249476923,19.965545447768207,19.19575462173572,150.10915399959782,40.70047703424232,17.965545447768207,learned,6
12.200000000000001,-6.509975930675864,2.374880851712078,-18.722474893089384,0.14303723103205593,-0.43456562515558994,-0.08607267190795559,0.4655270527880856,19.9637399251786,19.196120863760857,150.04976422926754,40.66758249409937,17.9637399251786,learned,6
12.3,-6.495724385604262,2.331355098169297,-18.73105863435194,0.14199301331221878,-0.43594977454287426,-0.08560076435848943,0.4664136711249194,19.962019172694532,19.196558627457126,149.99005119823272,40.63481982585329,17.962019172694532,learned,6
12.4,-6.481574495323002,2.2876929291523993,-18.739593363832682,0.1410041832326648,-0.43729393681258444,-0.08509248504643806,0.4672781803952949,19.960378411200463,19.197063820969586,149.93001525487142,40.60219715612122,17.960378411200463,learned,6
12.5,-6.467520972713828,2.2438981239683926,-18.748075396753848,0.14006569512747916,-0.4386024496311511,-0.08454685217612949,0.46812250318360327,19.958813527001272,19.19763296787721,149.86965592441402,40.56971297586898,17.958813527001272,learned,6
12.600000000000001,-6.453558899462223,2.1999741862528026,-18.756501035764813,0.13917516928923718,-0.4398766203046222,-0.08396464354126389,0.46894693751246114,19.957320461265667,19.19826259318483,149.80897303810409,40.537371512883766,17.957320461265667,learned,6
12.700000000000001,-6.439683609642088,2.155924449674785,-18.764866734389216,0.13833004160011672,-0.4411184127413126,-0.08334806894351861,0.4697526530687385,19.95589533908177,19.198949375591702,149.7479669436454,40.50518124662839,17.95589533908177,learned,6
12.8,-6.42589071765542,2.1117520350962877,-18.773169161286205,0.13752725633461518,-0.4423301495033375,-0.0826992194375613,0.4705410378385224,19.954534535569874,19.19969021170181,149.68663832385454,40.47315108573481,17.954534535569874,learned,6
12.9,-6.412176139652729,2.0674598403275013,-18.78140517650172,0.13676375822392542,-0.44351401901446347,-0.08201983918009813,0.47131334019421023,19.95323466110757,19.20048219715609,149.62498810243218,40.44128881578642,17.95323466110757,learned,6
13.0,-6.398536087013781,2.023050552699715,-18.789571805857122,0.13603668358145063,-0.44467202169183107,-0.08131151412203001,0.4720707028445602,19.951992538166635,19.201322603429546,149.56301739645153,40.40960115174251,17.951992538166635,learned,6
13.100000000000001,-6.384965958073735,1.9785281694494188,-18.79766595410183,0.13536539967328673,-0.4457759114275779,-0.08057028450080561,0.47279120696385335,19.950804728758797,19.202208559866804,149.50072988583008,40.378073552918224,17.950804728758797,learned,6
13.200000000000001,-6.371460123918951,1.9338965164497495,-18.805685503408313,0.13475075287392982,-0.4468574642490494,-0.07981953574438694,0.47350872963613966,19.94966834561736,19.20313792994816,149.43812882516661,40.346726623477586,17.94966834561736,learned,6
13.3,-6.358014217577875,1.8891574004665017,-18.813629173208028,0.13416687335023586,-0.447925157306922,-0.07905269861389382,0.47422254861103785,19.948581481941115,19.204109399713822,149.37521518116037,40.31560163060487,17.948581481941115,learned,6
13.4,-6.34462561737746,1.8443121714517474,-18.821495128795505,0.13360460778474553,-0.448979727090054,-0.0782652443630365,0.47492992644639787,19.947542216867728,19.205121368777014,149.31198987433064,40.28469530021074,17.947542216867728,learned,6
13.5,-6.331292264163494,1.7993621858768165,-18.829281199723482,0.13306195193091636,-0.450020277000709,-0.07745503074681513,0.4756290724413831,19.946548486103556,19.20617200077879,149.24845313096344,40.25399802931947,17.946548486103556,learned,6
13.600000000000001,-6.31801223102957,1.7543088435195386,-18.836985140573233,0.13253818727152097,-0.4510468539123007,-0.07662264629818644,0.4763199192088675,19.94559819248515,19.207259405492742,149.18460560528612,40.22350651865716,17.94559819248515,learned,6
13.700000000000001,-6.304783704690635,1.7091534864157438,-18.84460480697453,0.13203185007617269,-0.45206055736761236,-0.0757695568400228,0.4770033361579212,19.944689356671045,19.20838179821412,149.1204486024362,40.19322151385648,17.944689356671045,learned,6
13.8,-6.2916050394997,1.6638973336666822,-18.852138191927224,0.13154094345095174,-0.45306275779856003,-0.07489700569587392,0.4776802735828756,19.943820163588573,19.209537539476685,149.05598379646648,40.16314430352647,17.943820163588573,learned,6
13.9,-6.278474795632064,1.618541473057121,-18.85958339413628,0.13106343692819783,-0.4540546875413312,-0.07400592101087576,0.4783515026864195,19.9429889449845,19.210725110884844,148.99121298682718,40.13327553337124,17.9429889449845,learned,6
14.0,-6.265391726046801,1.5730868801474571,-18.866938600782305,0.1305974417309066,-0.45503741672276776,-0.07309709071394326,0.47901766885494923,19.942194161601105,19.211943098570647,148.9261380043234,40.103615290565095,17.942194161601105,learned,6
14.100000000000001,-6.252345843240619,1.5275317621417344,-18.874186034314334,0.13031952428755578,-0.4560648182228847,-0.07185031192974124,0.4797298866608259,19.941416205619557,19.213172700683835,148.8607625994445,40.07413671012644,17.941416205619557,learned,7
14.200000000000001,-6.239326010458171,1.4818767188116908,-18.881308986339718,0.130076512846485,-0.45703597436161447,-0.07060754164736113,0.4804031702564586,19.940636316631647,19.214396182274893,148.7950902734664,40.044853594682486,17.940636316631647,learned,7
14.3,-6.2263302486389875,1.4361250991933048,-18.888308385852724,0.1298380874156035,-0.45799636372400476,-0.0693792586574798,0.48107388170634896,19.93985549959488,19.21561489655978,148.72912272863655,40.01580772058913,17.93985549959488,learned,7
14.4,-6.213358726352453,1.390277716331184,-18.895185198634863,0.1295917418831416,-0.45895124535936666,-0.06815580610057788,0.4817421292418174,19.93907526646051,19.216830387019147,148.66286130199913,39.98699221873118,17.93907526646051,learned,7
14.5,-6.200412295758724,1.344335213303566,-18.901939678937197,0.12933625642640406,-0.4598987751104737,-0.06693261930421568,0.48240514725843636,19.93829665315732,19.218043595921827,148.59630655364253,39.958393979323205,17.93829665315732,learned,7
14.600000000000001,-6.187491842545569,1.298298351932317,-18.908571822568774,0.1290722261439912,-0.46083839788507075,-0.06570908426002284,0.48306247244154166,19.937520464727804,19.21925522038163,148.52945942245603,39.93000621388113,17.937520464727804,learned,7
14.700000000000001,-6.174598231911659,1.2521678879857063,-18.915081610903144,0.1287993995757111,-0.4617708363545315,-0.06448554114749341,0.4837147668365234,19.936747480277607,19.220465933501337,148.46232143548514,39.90182614890333,17.936747480277607,learned,7
14.8,-6.161732384935021,1.2059444887563586,-18.92146904906258,0.1285169449929273,-0.46269708204269744,-0.06326211289478398,0.4843627667451888,19.93597850791759,19.221676429451772,148.39489442720242,39.87385167356073,17.93597850791759,learned,7
14.9,-6.148895311169326,1.1596287321299314,-18.927734144497663,0.12822396917086196,-0.46361798340888855,-0.06203866107686895,0.48500702704008863,19.935214375292883,19.222887408552026,148.32718030720227,39.846080268473614,17.935214375292883,learned,7
15.0,-6.136088099330664,1.1132211182266474,-18.93387688230723,0.12791968249114752,-0.4645342395115013,-0.0608149632289423,0.4856479842434255,19.934455904668713,19.224099552884066,148.2591809752257,39.81850907321754,17.934455904668713,learned,7
15.100000000000001,-6.123311430215836,1.0667233071289957,-18.93989661242813,0.12761313470524147,-0.46542190748527257,-0.05957853868997323,0.4862635770741629,19.93370324788775,19.2253129127605,148.19089961541124,39.79111760058364,17.93370324788775,learned,7
15.200000000000001,-6.110564813017845,1.0201371617149562,-18.94579327944666,0.12731858800137638,-0.46630095728644627,-0.05835372431401966,0.4868796183434228,19.932956758853663,19.226527930758138,148.12233943498393,39.76391734093946,17.932956758853663,learned,7
15.3,-6.097848178818822,0.9734629783779383,-18.951567853800952,0.1270135942574729,-0.46718266103906764,-0.05713664755611059,0.4875004496364055,19.932217806842722,19.227746036041385,148.05350251270931,39.736937633652,17.932217806842722,learned,7
15.4,-6.08516292180866,0.9267004935536534,-18.957220803014934,0.1266909601237555,-0.46806698652306106,-0.05592125315791467,0.48812343705727756,19.931487705737613,19.22896837152523,147.98439029779973,39.710168485554085,17.931487705737613,learned,7
15.5,-6.0725108198821545,0.8798495444934815,-18.96275213174522,0.12635054452828065,-0.4689519379267704,-0.054704246457708265,0.48874628875150783,19.93076745357637,19.230195692432414,147.91500339334382,39.683595115611745,17.93076745357637,learned,7
15.600000000000001,-6.059893603436649,0.8329101109411567,-18.96816164907068,0.12599323098487866,-0.46983667227515696,-0.05348499749203254,0.4893684070568154,19.930057854485927,19.231428560107965,147.84534270966432,39.65720870707894,17.930057854485927,learned,7
15.700000000000001,-6.047312957234681,0.7858822054695338,-18.9734491314739,0.125619096728496,-0.47072134978376656,-0.05226362002303598,0.4899900331466413,19.929359668294406,19.23266749686147,147.77540966510247,39.63100423799198,17.929359668294406,learned,7
15.8,-6.034770589321852,0.7387658164370805,-18.97861437126994,0.12522770548613305,-0.4716063409938945,-0.05104004163646255,0.49061146025874997,19.928673675150936,19.233913042195102,147.70520592370542,39.6049774775846,17.928673675150936,learned,7
15.9,-6.022268247790635,0.6915608989074826,-18.983657125383615,0.12481857091375825,-0.47249189379456447,-0.04981397372863961,0.49123283412773266,19.92800063175865,19.23516570483939,147.6347331852585,39.579124006254325,17.92800063175865,learned,7
16.0,-6.009807726368308,0.6442673914134502,-18.988577132113278,0.12439129736117543,-0.47337814059559274,-0.048585069637657456,0.49185421401532503,19.927341289840204,19.23642598102777,147.56399311354403,39.55343928815835,17.927341289840204,learned,7
16.1,-5.997383599169552,0.5968738552182913,-18.993349594064057,0.1240903259500655,-0.4744918124561369,-0.04686271719397005,0.49268347175961297,19.926670500536822,19.237668664418436,147.49298804654865,39.52786955000742,17.926670500536822,learned,8
16.2,-5.984989915043116,0.5493727172724903,-18.997949515469372,0.1237824909129279,-0.47553017955667465,-0.0451343785527899,0.49344520349594934,19.925962974420436,19.23886849499511,147.42172053102155,39.502399882532536,17.925962974420436,learned,8
16.3,-5.9726279601454735,0.5017688516527414,-19.002378147095442,0.12345574102060594,-0.47654640684742783,-0.04343692012003627,0.4941908172959667,19.925221001936485,19.240027656298675,147.35019252759153,39.47706873967976,17.925221001936485,learned,8
16.400000000000002,-5.960300195030868,0.45406396850012243,-19.00663817767054,0.12309874294440945,-0.4775505381868592,-0.041762369974066516,0.49492616882006096,19.924448482185355,19.241149813591523,147.27840509912767,39.45187152206544,17.924448482185355,learned,8
16.5,-5.948009664192796,0.40625934046693146,-19.010731618851423,0.12271106279179043,-0.47854131292922686,-0.04010516595220631,0.4956492887592728,19.92364881995878,19.242238027731805,147.20635842704493,39.4267978724068,17.92364881995878,learned,8
16.6,-5.935759351588786,0.3583563326392323,-19.01466012559831,0.12229436387475175,-0.479518140266588,-0.038463714145927835,0.49635976426998696,19.922825051511513,19.24329498614003,147.13405295231198,39.401842765204165,17.922825051511513,learned,8
16.7,-5.923552115447819,0.3103563110344112,-19.01842524204403,0.12184956448691553,-0.4804815946458481,-0.03683736156343819,0.49705821627453617,19.92198005699842,19.244323233066833,147.06148957289477,39.377004545046084,17.92198005699842,learned,8
16.8,-5.911390746943653,0.26226057345047593,-19.02202843595296,0.1213770501681928,-0.4814324643976389,-0.035225301640192316,0.49774534448767915,19.92111661001061,19.245325211800886,146.98866940841626,39.35228218502411,17.92111661001061,learned,8
16.900000000000002,-5.8992780009284616,0.21407034597359598,-19.025471086613834,0.1208771285463609,-0.48237140451947097,-0.03362656169685841,0.49842170674565645,19.92023737591605,19.24630325821746,146.9155936157671,39.32767442374276,17.92023737591605,learned,8
17.0,-5.887216598726809,0.16578679392114282,-19.02875448204577,0.12035016007191168,-0.4832989505834807,-0.032040154012359726,0.4990877759809032,19.919344910898552,19.24725959940737,146.84226332986387,39.30317981585356,17.919344910898552,learned,8
17.1,-5.8752081990242,0.11741179088130593,-19.03187981620431,0.1198171078397905,-0.48420044438866366,-0.030465370925868932,0.4997342778946849,19.918441360933944,19.248196202626854,146.7686798653232,39.27878267858758,17.918441360933944,learned,8
17.2,-5.86325357016176,0.06894689309410751,-19.03484875522554,0.11927480620435693,-0.48509687892431885,-0.028912319735341613,0.500381238227095,19.917529044447086,19.24911535150181,146.69484502683218,39.25449202383049,17.917529044447086,learned,8
17.3,-5.851354447193444,0.020392587408423424,-19.037663120776415,0.11870691268547481,-0.48598860266261745,-0.02737385370930415,0.5010245312399172,19.91661070123333,19.250019614050302,146.6207607649532,39.23033120456211,17.91661070123333,learned,8
17.400000000000002,-5.839513591490686,-0.02825057995505631,-19.040324131026864,0.1181095328882235,-0.48687411035531014,-0.025845274398191034,0.5016614787902962,19.915688792884772,19.250911109505754,146.5464281015851,39.20629305369186,17.915688792884772,learned,8
17.5,-5.827733896672726,-0.07698190514929593,-19.042832635343075,0.11748368983792166,-0.48775175028733175,-0.024323700109944682,0.5022905829032903,19.914765460879423,19.251791604466312,146.47184719640103,39.18236688672737,17.914765460879423,learned,8
17.6,-5.816018130630255,-0.1258005714043975,-19.045189280994236,0.11683096080988586,-0.4886209355299252,-0.02280816870443812,0.502911627029591,19.913842608308503,19.25266263779381,146.39701842909238,39.15854688971923,17.913842608308503,learned,8
17.7,-5.80436894018203,-0.17470574332401156,-19.04739465471357,0.11615218301206316,-0.48948184606436834,-0.02129826328933752,0.5035249976557189,19.912922036278637,19.253525661078783,146.32194258199658,39.134830310562236,17.912922036278637,learned,8
17.8,-5.792788908816874,-0.22369660786353052,-19.049449291080236,0.1154477559733626,-0.4903347875133469,-0.019793431575804488,0.5041311021337507,19.912005469261974,19.25438205591178,146.24662062363265,39.11121507206196,17.912005469261974,learned,8
17.900000000000002,-5.7812805864959955,-0.2727723780553788,-19.0513536632061,0.11471802448095765,-0.49117995520118196,-0.018292986010415676,0.504730231776764,19.91109455531217,19.255233129505495,146.17105354322138,39.08769900350881,17.91109455531217,learned,8
18.0,-5.769846484065056,-0.321932282531634,-19.053108176216483,0.11396338340584095,-0.49201745700233795,-0.016796228649076192,0.5053226138311901,19.910190858422762,19.256080107707046,146.0952423000981,39.06427988833812,17.910190858422762,learned,8
18.1,-5.758470367640257,-0.37118498561903834,-19.054669409058988,0.11355785417618845,-0.49303486355542914,-0.01442701908245271,0.5061490904919485,19.909248744165822,19.25687833869308,146.01918760480322,39.04091503014071,17.909248744165822,learned,9
18.2,-5.747134989127517,-0.42053330410271883,-19.055995229631662,0.11314868678414931,-0.49392981069031777,-0.012088132105233356,0.5068682335157179,19.908223502735193,19.257584300739616,145.94289077956174,39.01760125814155,17.908223502735193,learned,9
18.3,-5.735842081718147,-0.46996956830844283,-19.057090380229056,0.11270848458602148,-0.4947938671676839,-0.009813666804047005,0.5075632783610039,19.90712057384904,19.258203370290147,145.8663537000898,38.99437976695119,17.90712057384904,learned,9
18.400000000000002,-5.724595472216606,-0.5194912499282509,-19.057960565201938,0.11222280989268613,-0.49563819127167136,-0.007588910157982934,0.5082408555642195,19.90594698536262,19.258742236988567,145.78957718811125,38.97124859539234,17.90594698536262,learned,9
18.5,-5.7133996756747365,-0.5690962760709226,-19.058610405772924,0.11169221711843323,-0.49646079887740546,-0.005406765295558675,0.5088985255409807,19.90470891584386,19.25920660282831,145.71256122789111,38.94820048876715,17.90470891584386,learned,9
18.6,-5.7022590497508645,-0.6187824569642544,-19.059044036082923,0.11111941009901148,-0.49726132418684704,-0.0032647367219556804,0.5095360697130995,19.903412008217597,19.259601638412857,145.6353060161867,38.925232661467675,17.903412008217597,learned,9
18.7,-5.691177724860609,-0.6685476282145828,-19.059265380725265,0.11050626375974983,-0.49804063635996776,-0.0011611219677494437,0.5101543472324871,19.902061618838726,19.259932251461578,145.55781213282512,38.90234505658636,17.902061618838726,learned,9
18.8,-5.680159664712846,-0.7183897190261632,-19.05927819106728,0.10985413177644476,-0.4987997472652977,0.0009059105376679019,0.5107542841858339,19.90066287261623,19.260203134475216,145.48008033940317,38.879538106956474,17.90066287261623,learned,9
18.900000000000002,-5.6692087054252625,-0.7683067531324923,-19.059086031280458,0.10916426593553442,-0.499539527247708,0.002938276814284,0.5113366891889776,19.899220662134695,19.260418757850953,145.40211142854974,38.85681204591631,17.899220662134695,learned,9
19.0,-5.658328558318317,-0.8182968355249614,-19.05869227088988,0.10843792018310272,-0.5002607374247917,0.004937849728513946,0.5119023054278763,19.897739642014326,19.260583363737414,145.3239061790431,38.83416695301181,17.897739642014326,learned,9
19.1,-5.647521550767124,-0.8683583168312907,-19.058100481517613,0.10770150203685182,-0.5009675640681543,0.0068988849203143465,0.5124604456955855,19.896224259803947,19.260701194188346,145.24546477134308,38.81158938332427,17.896224259803947,learned,9
19.200000000000003,-5.636789483949542,-0.9184901745757088,-19.057314282283187,0.10693908497825458,-0.5016682966765327,0.008826015303393489,0.5130155419989297,19.89467887503769,19.26077648063997,145.16678820381384,38.78908551930595,17.89467887503769,learned,9
19.3,-5.626135365106165,-0.9686914345948026,-19.05633684899658,0.10614263378318783,-0.5023556359215599,0.010723539604734345,0.5135586022551283,19.893107759834322,19.260813174779084,145.08787853722444,38.766675181717176,17.893107759834322,learned,9
19.400000000000002,-5.615562668070197,-1.0189607025822625,-19.055170975625515,0.1053106441666095,-0.503028469827281,0.012594763748327258,0.5140881260109381,19.89151492226652,19.260814881368088,145.00873670966828,38.74435379762445,17.89151492226652,learned,9
19.5,-5.605074860155582,-1.0692964831832796,-19.0538191460073,0.10444483016499598,-0.5036859085318544,0.014442669018873875,0.5146035441873124,19.889904052198204,19.260784876134128,144.9293627895625,38.72211389999597,17.889904052198204,learned,9
19.6,-5.594675223343074,-1.119697231799364,-19.05228361301124,0.1035472475200209,-0.5043278371621835,0.016268806607746582,0.5151051095398866,19.88827854833607,19.260726161703932,144.8497570027129,38.69995203028143,17.88827854833607,learned,9
19.700000000000003,-5.584366865456104,-1.1701614202465862,-19.050566497258842,0.10261928579997026,-0.5049547216164774,0.018074272755385947,0.515593510467797,19.886641619537436,19.260641570601482,144.76991990304583,38.67786723451408,17.886641619537436,learned,9
19.8,-5.574152773246169,-1.2206875709816813,-19.048669810406864,0.10166194459529423,-0.505567092504808,0.019860245907035234,0.5160694385159325,19.884996324649975,19.260533798206787,144.68985219107674,38.65585909074507,17.884996324649975,learned,9
19.900000000000002,-5.56403583753854,-1.271274253493175,-19.046595435589552,0.10067615538576836,-0.5061653714147067,0.021627976202313506,0.5165334847202602,19.88334556144988,19.260405387498917,144.60955458094574,38.63392709429216,17.88334556144988,learned,9
20.0,-5.5540188588202,-1.3219200763851404,-19.044345136731863,0.09966286253388922,-0.5067499021634486,0.02337868607343187,0.5169861820915852,19.881692077372165,19.26025873934517,144.5290277645013,38.6120706844688,17.881692077372165,learned,9
20.1,-5.544050600379705,-1.372604818083346,-19.041846950538456,0.09970151488907512,-0.506942280731442,0.02658553681722849,0.51733708433886,19.879951617997637,19.260014868417123,144.44827151161405,38.59033872055145,17.879951617997637,learned,10
20.200000000000003,-5.534075970761478,-1.4233007323928177,-19.039036666043103,0.0997904600614976,-0.5069736602888116,0.029620412842612947,0.5175498014712087,19.878045653331295,19.259601324309763,144.36728665852814,38.568824397198696,17.878045653331295,learned,10
20.3,-5.5240955194458365,-1.4740002735052258,-19.035929517820477,0.09981798968949561,-0.5070149695772291,0.03252283100739785,0.517769779900089,19.87598854703041,19.259032883429246,144.2860758083082,38.54756805442186,17.87598854703041,learned,10
20.400000000000002,-5.514116348698735,-1.524704416980967,-19.03253710642457,0.09976484747897432,-0.5070658063706971,0.03532563520835377,0.5179929123894862,19.873793582846133,19.258322182406847,144.20464073690667,38.52655642364528,17.873793582846133,learned,10
20.5,-5.504146341234446,-1.5754138209158555,-19.02886895556003,0.09963475728298254,-0.5071202601871466,0.03803767663620602,0.5182131877856822,19.871472249955048,19.257479880122602,144.12298258903633,38.50577273820064,17.871472249955048,learned,10
20.6,-5.494192973710597,-1.6261287986999378,-19.02493392303586,0.09943211139782936,-0.5071773657910834,0.04066318990024938,0.5184294746256973,19.86903525786325,19.256515890366803,144.04110275672772,38.48520470666867,17.86903525786325,learned,10
20.700000000000003,-5.484263337217271,-1.67684963112697,-19.0207404717803,0.09916013337036989,-0.5072374293829797,0.043206067084333354,0.5186417897257979,19.866492824154374,19.255439675813005,143.95900296537081,38.46484262480657,17.866492824154374,learned,10
20.8,-5.474364230409265,-1.727576631004922,-19.016296666115522,0.09882154730422943,-0.5073007861036333,0.04567026259770219,0.5188502275982053,19.863854702370713,19.254260262457226,143.8766850353724,38.44467753822016,17.863854702370713,learned,10
20.900000000000002,-5.464502184651792,-1.7783101379172876,-19.011610178276896,0.0984189466078223,-0.507367636286057,0.048059699639036856,0.519054854645719,19.861130195521234,19.2529862498142,143.7941505999388,38.424700905946956,17.861130195521234,learned,10
21.0,-5.454683473333716,-1.8290505056502298,-19.0066882930696,0.097954880892313,-0.5074380697177053,0.050378211714523696,0.5192557342052289,19.858328162672414,19.251625816444335,143.71140093461722,38.404904841527234,17.858328162672414,learned,10
21.1,-5.444914170540869,-1.8797990041784942,-19.001537615433335,0.09743075813319223,-0.5075303020692453,0.0526355624181789,0.5194711373887735,19.855456841165736,19.25018652761967,143.6284359468188,38.385267911677296,17.855456841165736,learned,10
21.200000000000003,-5.43519985396415,-1.9305568118579686,-18.996164065785706,0.09685518495982051,-0.507624303726228,0.054835644166936384,0.5196828922124931,19.852523675104663,19.248675204979858,143.54525670438045,38.36578702076951,17.852523675104663,learned,10
21.3,-5.425545737147331,-1.9813241791562177,-18.99057366605848,0.09622676223679409,-0.5077215537902691,0.05697255220961447,0.5198909863221893,19.84953602013862,19.24709863309004,143.4618661069871,38.346473753753095,17.84953602013862,learned,10
21.400000000000002,-5.415957158431411,-2.0321014712681063,-18.984772509895265,0.09554445824668759,-0.5078228528112367,0.05905080392292309,0.5200959438247328,19.846501343661796,19.24546368974728,143.37826582071202,38.327317732328105,17.846501343661796,learned,10
21.5,-5.406439388170838,-2.0828890400589444,-18.978766232728958,0.09481062223810269,-0.5079271345930101,0.061074959064697794,0.5202972023466939,19.843426652867585,19.24377678624211,143.2944566983403,38.30830604310116,17.843426652867585,learned,10
21.6,-5.396997443400323,-2.133687160036061,-18.972560085356236,0.09402795859394342,-0.508033920172237,0.06304816944761436,0.5204947576235618,19.840318507862342,19.242043909965048,143.2104396903422,38.28942939312832,17.840318507862342,learned,10
21.700000000000003,-5.387636101804674,-2.184496082132682,-18.966159029863775,0.09319855657312758,-0.5081432154132719,0.06497314903539494,0.5206889747377305,19.837183122721967,19.240270726618615,143.12621596684303,38.27068081487016,17.837183122721967,learned,10
21.8,-5.378359950147569,-2.235316058911849,-18.959567750804126,0.0923241582956808,-0.5082550524577025,0.0668526072701556,0.5208802354213544,19.83402639238721,19.23846260055691,143.04178675685597,38.25205402932376,17.83402639238721,learned,10
21.900000000000002,-5.369173405691981,-2.2861473411903717,-18.95279066823423,0.0914064319037297,-0.508369362876556,0.06868923113021108,0.5210688585764325,19.830853911012714,19.236624610512532,142.95715324251307,38.23354295545784,17.830853911012714,learned,10
22.0,-5.360080716200173,-2.3369901700643823,-18.94583193678409,0.09044703267576625,-0.5084860134068129,0.07048560778359121,0.5212551318258908,19.8276709705408,19.2347615482705,142.87231653531617,38.21514172820592,17.8276709705408,learned,10
22.1,-5.351006675511599,-2.387799125397578,-18.938601687550545,0.09103357598523674,-0.5076901645827289,0.07411864139526594,0.5210853943193747,19.82436609287448,19.232770235492385,142.7872760760235,38.19697344556749,17.82436609287448,learned,11
22.200000000000003,-5.341872511431575,-2.438521118485369,-18.93102018814534,0.09164965170331378,-0.5067471608318772,0.07751043134617802,0.5207688648872719,19.820835313822013,19.230555828396234,142.70203274216706,38.17920420962513,17.820835313822013,learned,11
22.3,-5.332681808620691,-2.4891515224589966,-18.923108315095305,0.09216440849970346,-0.5058585787141132,0.08072618715608308,0.5204842909690184,19.817098649362954,19.22813844413595,142.61659025562687,38.161863159283484,17.817098649362954,learned,11
22.400000000000002,-5.323445378802717,-2.5396956083422992,-18.91488211788237,0.0925641764324421,-0.5050209351109902,0.08379689868852559,0.520227058012951,19.813174657724982,19.225535564573985,142.5309516430139,38.144923691518926,17.813174657724982,learned,11
22.5,-5.314174436032772,-2.5901581690413877,-18.90635562967509,0.09285465746128749,-0.5042282020621893,0.08673213063088482,0.519990893815357,19.809080051152883,19.222762700943548,142.44511948456483,38.12835664943058,17.809080051152883,learned,11
22.6,-5.30487962346524,-2.640543593268376,-18.89754206314683,0.09304157326175086,-0.5034783276483106,0.08953845799641562,0.5197733123458121,19.804830580335977,19.21983445753422,142.35909658171485,38.1121369826279,17.804830580335977,learned,11
22.700000000000003,-5.295571060851216,-2.6908561055606697,-18.888454001396894,0.09312971824329044,-0.5027700781387443,0.09222206272518266,0.519572713626304,19.800441257816562,19.216764754743114,142.27288595799445,38.09624228170457,17.800441257816562,learned,11
22.8,-5.2862584022805095,-2.7410998093982926,-18.879103417508304,0.09312345021202625,-0.5021022681179829,0.09478897304478857,0.5193877299662557,19.795926396855954,19.21356686032178,142.18649064912478,38.080651368599234,17.795926396855954,learned,11
22.900000000000002,-5.2769508846104145,-2.791278687887825,-18.869501683861017,0.0930269316679139,-0.5014736750249478,0.09724505731503287,0.519217158740712,19.791299632648716,19.210253403888732,142.09991357228841,38.06534388472223,17.791299632648716,learned,11
23.0,-5.267657331191003,-2.8413966009757132,-18.859659602865577,0.09284417602349553,-0.5008830585211241,0.0995959882846949,0.5190599582103813,19.786573951516882,19.206836406646993,142.01315748593734,38.05030033075194,17.786573951516882,learned,11
23.1,-5.258388022892177,-2.8914585778766195,-18.849586251191795,0.0925420012276343,-0.5003549798501642,0.10187050695324851,0.518938077268363,19.781761275174436,19.20332656105806,141.9262230618591,38.03548828352044,17.781761275174436,learned,11
23.200000000000003,-5.249152707867324,-2.941468616047132,-18.83928939513862,0.09216433656384082,-0.49984435058674903,0.10406612910363891,0.5188144166986467,19.77687201464083,19.199733082422778,141.83911217258196,38.02089217390406,17.77687201464083,learned,11
23.3,-5.239958700723946,-2.9914291380991926,-18.828777661547065,0.09171582638386871,-0.4993647490495957,0.10616805807392402,0.5186989511825041,19.771916540930857,19.19606552127783,141.7518290675293,38.006511693444956,17.771916540930857,learned,11
23.400000000000002,-5.230813041329384,-3.041343302866153,-18.8180601131171,0.09119739609903826,-0.49891728663068896,0.10818246379760284,0.518593163691437,19.76690569057583,19.192333946973275,141.66437645605774,37.99232842859356,17.76690569057583,learned,11
23.5,-5.221722595393658,-3.0912142669403693,-18.807145229540765,0.09061153633504938,-0.49850081475392394,0.11011477177471417,0.5184966497387629,19.761849715864614,19.188547850737855,141.57675610668377,37.97832272528069,17.761849715864614,learned,11
23.6,-5.2126939464360476,-3.1410450668481644,-18.796040984801948,0.08996148265376261,-0.49811407353466264,0.11196979246352538,0.5184090402750356,19.75675831186728,19.184716190627388,141.48896963483477,37.96447836474111,17.75675831186728,learned,11
23.700000000000003,-5.203733365982771,-3.1908386266586604,-18.784754902124405,0.08925011632856629,-0.4977560804726836,0.11375153537611538,0.5183301175048725,19.751640661436358,19.180847442764605,141.401018696342,37.95078131758818,17.751640661436358,learned,11
23.8,-5.194846861064434,-3.2405977833259385,-18.773294107988477,0.08848001413674728,-0.4974260754948801,0.11546403086542295,0.5182599308335234,19.746505502702064,19.176949663641928,141.31290488116923,37.93721853341164,17.746505502702064,learned,11
23.900000000000002,-5.18604018073529,-3.290325290930923,-18.761665322817862,0.08765363026106895,-0.4971231591859515,0.11711138840040805,0.5181984866728543,19.741361122317954,19.173030482356072,141.2246296493362,37.92377754434616,17.741361122317954,learned,11
24.0,-5.177318831905723,-3.3400238075992092,-18.74987486191094,0.08677335515837699,-0.4968463121152445,0.11869760567644227,0.5181457272054658,19.736215358063333,19.169097101022274,141.1361943245266,37.91044646054794,17.736215358063333,learned,11
24.1,-5.168608047999442,-3.389639139553765,-18.737833527848125,0.08744257462159309,-0.49545769647901916,0.12212756734677986,0.5177254828215345,19.730954563010595,19.165044212826434,141.04759771429954,37.897367606981625,17.730954563010595,learned,12
24.200000000000003,-5.159832961857319,-3.4391113410529215,-18.725459940731525,0.08805954262760517,-0.4939839976891967,0.12534247921609806,0.5171899168746634,19.7254711731398,19.160772824477235,140.9588402982455,37.88471327746652,17.7254711731398,learned,12
24.3,-5.151002428494394,-3.4884402783354744,-18.71277389768511,0.08855153315253393,-0.49259259800984606,0.1283768486235198,0.5166908717020847,19.719785712318316,19.15630272178813,140.86992628624395,37.87249246797776,17.719785712318316,learned,12
24.400000000000002,-5.1421291548758745,-3.537634141044691,-18.699792404659092,0.08891430102918282,-0.49128265241362673,0.13125153786522875,0.516228015204584,19.713918523181924,19.15165289496967,140.7808590631379,37.86067165773844,17.713918523181924,learned,12
24.5,-5.133225725963712,-3.5867008044733666,-18.68653095047921,0.08915461940509782,-0.4900487545839894,0.1339761806715769,0.5157964181902875,19.707888470805873,19.146840826150427,140.6916415267868,37.84921598096855,17.707888470805873,learned,12
24.6,-5.124304050579667,-3.635647694580257,-18.67300414480269,0.08927925793534393,-0.4888873175556357,0.1365586605110498,0.5153929209106416,19.70171337609276,19.141883022582558,140.6022765776173,37.838094339465016,17.70171337609276,learned,12
24.700000000000003,-5.115375380963087,-3.6844818957615644,-18.659225835930556,0.08929449112728066,-0.48779510653261393,0.1390062870138517,0.5150148735058255,19.695410148677187,19.13679515067342,140.5127671020375,37.827278477699316,17.695410148677187,learned,12
24.8,-5.106450356543064,-3.7332101726788096,-18.645209167618304,0.08920631027495178,-0.48676895059196945,0.14132595349110913,0.5146598898140882,19.688994853508113,19.131592097946545,140.4231158488805,37.816742008489676,17.688994853508113,learned,12
24.900000000000002,-5.097539032809436,-3.7818389777676202,-18.63096660329029,0.08902047314561147,-0.48580578688928255,0.14352427543713564,0.5143258936257616,19.682482740185403,19.126287999003875,140.33332538818823,37.806460061788975,17.682482740185403,learned,12
25.0,-5.088650900870562,-3.83037446369417,-18.616509958170354,0.08874247490198471,-0.4849026709601257,0.14560764099773454,0.5140111013129176,19.675888278441384,19.120896269277853,140.24339812935364,37.796409182467876,17.675888278441384,learned,12
25.1,-5.07979816198349,-3.878824300481938,-18.601848881226033,0.0883125888125275,-0.4840928161137071,0.14761302237901724,0.5137456299877773,19.669224924243206,19.115428850762655,140.1533337507805,37.78655400388903,17.669224924243206,learned,12
25.200000000000003,-5.07099255733192,-3.9271946091903374,-18.586991431657225,0.08779973246843506,-0.4833121756401257,0.14953512645434863,0.5134785352741033,19.662504252904014,19.1098958173894,140.06313331988088,37.776872060693115,17.662504252904014,learned,12
25.3,-5.062241827137768,-3.975489198230207,-18.571946867275983,0.08721513366183359,-0.4825785199051032,0.15135537747799194,0.5132221329063634,19.655737511540757,19.10430752892561,139.9728009942093,37.767355886350266,17.655737511540757,learned,12
25.400000000000002,-5.053553042933345,-4.023712810128927,-18.556725069880486,0.08656076197027811,-0.4818927336380805,0.1530798505221651,0.512978374672798,19.648936573139714,19.09867509011207,139.88233931644925,37.757985790733734,17.648936573139714,learned,12
25.5,-5.044932984746993,-4.071870110929012,-18.541335333138704,0.0858406046676902,-0.4812523828377467,0.15471423152084496,0.5127464859282893,19.64211269076631,19.0930090097994,139.79174998669427,37.74874197017243,17.64211269076631,learned,12
25.6,-5.036387966945767,-4.119965497753583,-18.52578640822321,0.08505996989207644,-0.4806545448252117,0.15626367516727183,0.5125254394817442,19.635276455893965,19.08731918572405,139.70103455149308,37.73960768924994,17.635276455893965,learned,12
25.700000000000003,-5.027923927642405,-4.168003178783692,-18.510086573660374,0.08422102855538408,-0.48009834345686875,0.1577324670387476,0.5123154616045527,19.62843790231184,19.081614997663525,139.61019443648615,37.730568265645324,17.62843790231184,learned,12
25.8,-5.01954654417932,-4.215987233561464,-18.494243683293462,0.08332679148571,-0.4795821032082831,0.1591248481929653,0.5121162614186524,19.62160659272772,19.075905378636683,139.5192308536571,37.72161003818044,17.62160659272772,learned,12
25.900000000000002,-5.01126120146364,-4.2639215857489035,-18.478265159297734,0.08238026094732155,-0.47910436126072814,0.16044517123934868,0.5119278751414333,19.614791597568065,19.070198798314742,139.42814485883278,37.712720091589745,17.614791597568065,learned,12
26.0,-5.003072983585298,-4.311810003826395,-18.462157998234034,0.08138426512950418,-0.4786634914978086,0.16169765272151057,0.5117502003899836,19.608001497856314,19.064503267549973,139.3369373667626,37.70388628660129,17.608001497856314,learned,12
26.1,-4.994976406916976,-4.359657296095975,-18.44588724616915,0.0805472057966686,-0.4782807495188892,0.1637171559595399,0.5119019778018851,19.60120295653932,19.05878534697172,139.24560626198365,37.6950669333416,17.60120295653932,learned,13
26.200000000000003,-4.986965602263808,-4.4074640474282205,-18.42941923532635,0.07966886152525021,-0.47785278872231424,0.16564272881060926,0.5119843052225793,19.594362929142445,19.05301196623171,139.15415089275442,37.686239218503935,17.594362929142445,learned,13
26.3,-4.979045178741217,-4.455228894599713,-18.412763750180602,0.07873957023850946,-0.4774427838160426,0.16746665896430235,0.5120513778948589,19.58749152686957,19.047192791661974,139.06257404591244,37.67741324091791,17.58749152686957,learned,13
26.400000000000002,-4.971220299601555,-4.502953780931421,-18.395930517930537,0.07775799591368733,-0.47705368190639647,0.1691976998603034,0.5121077845405004,19.58059967521177,19.0413382366706,138.97087693315854,37.66858142743458,17.58059967521177,learned,13
26.5,-4.963496054522693,-4.550640736124478,-18.37892854725942,0.0767269327363123,-0.47668425375069223,0.17084147056435836,0.512153988606522,19.573697625584316,19.035458029967888,138.8790600162629,37.659735581392084,17.573697625584316,learned,13
26.6,-4.955877248197794,-4.598291695583612,-18.36176632391289,0.07564920106280436,-0.4763338672174094,0.17240274437467862,0.51219084426379,19.56679504545543,19.02956134180902,138.7871235781905,37.65086953598968,17.56679504545543,learned,13
26.700000000000003,-4.9483684273436666,-4.645908541162498,-18.344451874960214,0.07452722917286687,-0.47600206104424503,0.17388604487524603,0.5122193149510376,19.559901095310007,19.02365685913851,138.69506782824618,37.641978293533164,17.559901095310007,learned,13
26.8,-4.940973908640444,-4.693493110244162,-18.326992781367153,0.07336316340043744,-0.47568842903456343,0.17529563596322026,0.5122403686251602,19.55302445019846,19.01775280358371,138.60289288170182,37.63305732953518,17.55302445019846,learned,13
26.900000000000002,-4.933697803877294,-4.7410472051706165,-18.30939620686695,0.0721589673637297,-0.4753926514325866,0.17663570890061475,0.5122550763691145,19.54617333601832,19.011856965020797,138.51059875709248,37.62410237571016,17.54617333601832,learned,13
27.0,-4.92654403205961,-4.788572593824938,-18.291668898891658,0.07091647125148509,-0.4751143708831932,0.17791032551219405,0.5122644778221012,19.539355534224608,19.005976704723075,138.418185392474,37.61510938382775,17.539355534224608,learned,13
27.1,-4.9195168716832995,-4.836071779718623,-18.27381731569767,0.06962675435707782,-0.4748686714902694,0.1791212481630351,0.512281720959003,19.53257883119532,19.000119330329472,138.32564968168288,37.60607009315633,17.53257883119532,learned,13
27.200000000000003,-4.912620419636369,-4.883547331788577,-18.25584731530398,0.06830227779376091,-0.4746417485348625,0.1802787073618498,0.5122991342293165,19.525850432924532,18.994291579606777,138.23299009522847,37.596981743581395,17.525850432924532,learned,13
27.3,-4.905858041718602,-4.931000962969847,-18.237764300312847,0.06694531035027014,-0.47443031836643623,0.18138155432795108,0.5123134487924317,19.519176732026132,18.988499467987427,138.14020876693797,37.58784559780805,17.519176732026132,learned,13
27.400000000000002,-4.899232942610979,-4.978434199932963,-18.219573551788926,0.065556656524574,-0.47423391046309166,0.18243340670579192,0.5123255068119071,19.51256392476584,18.982748833148676,138.04730637329814,37.57865623506773,17.51256392476584,learned,13
27.5,-4.8927482245489955,-5.025848518824205,-18.201279976405203,0.06413770859999457,-0.4740520093319549,0.18343810253924875,0.5123363062279713,19.506017822776737,18.977045132348444,137.95428290709935,37.56940825398661,17.506017822776737,learned,13
27.6,-4.886406855657697,-5.0732453521341085,-18.182888112962246,0.06268968530080296,-0.47388425447274585,0.18439921287505195,0.5123469068797455,19.499543853394947,18.971393447939622,137.8611381976796,37.56009779966981,17.499543853394947,learned,13
27.700000000000003,-4.880211688578129,-5.120626093819737,-18.164402147755027,0.06121364716081584,-0.4737302105866569,0.18532013997685737,0.5123582509360507,19.493147080536012,18.96579850604611,137.76787200765472,37.55072183079142,17.493147080536012,learned,13
27.8,-4.874165474437177,-5.167992086615413,-18.145825937390327,0.05971064929125068,-0.4735893214104501,0.1862041449741451,0.5123711453608075,19.486832226649422,18.960264697070013,137.67448401946044,37.54127759189068,17.486832226649422,learned,13
27.900000000000002,-4.868270858190954,-5.21534461947158,-18.127163015771657,0.058181648104121846,-0.4734610442538162,0.1870543582846734,0.5123863752631572,19.480603677733455,18.954796081724975,137.5809738370083,37.531762469777966,17.480603677733455,learned,13
28.0,-4.862530407495797,-5.262684932211414,-18.108416613657027,0.056627376208211226,-0.4733449424664649,0.18787381043461013,0.5124047842692602,19.47446551033728,18.94939641435424,137.48734100214344,37.52217395191949,17.47446551033728,learned,13
28.1,-4.856949312612414,-5.3100248565897346,-18.089556942228228,0.05499422252078525,-0.47345223046115836,0.1893200730894108,0.5128581374160804,19.46839466851349,18.944041150011525,137.3935820074394,37.512445414006294,17.46839466851349,learned,14
28.200000000000003,-4.851532054133713,-5.357372361468151,-18.070555054116994,0.053350634446215385,-0.47349661640326335,0.19071805485753168,0.5132433266880274,19.462367837844987,18.938705592800705,137.29969484070818,37.5025269286909,17.462367837844987,learned,14
28.3,-4.846280228346586,-5.404723675688729,-18.051416209433228,0.051685634268390956,-0.4735284970649027,0.19205918254556154,0.5136023480498709,19.456389624706894,18.93339419803862,137.2056809421124,37.49243653696103,17.456389624706894,learned,14
28.400000000000002,-4.841196152381599,-5.4520777482539415,-18.032145742326975,0.049995642968294014,-0.4735518483678344,0.19335048445210182,0.5139409764226511,19.450465599346483,18.928112296715472,137.11154011114684,37.48217767872306,17.450465599346483,learned,14
28.5,-4.836282290518284,-5.499433720251545,-18.012748416978866,0.048281385537471584,-0.4735665355247126,0.19459634940403137,0.5142607266355003,19.444600874546,18.922864725703807,137.01727141456058,37.47175285131339,17.444600874546,learned,14
28.6,-4.831541026011109,-5.546790745574981,-17.993228600826114,0.04654366531034897,-0.4735729535460724,0.19580029627744566,0.5145633208199043,19.43880016211936,18.91765592209418,136.92287374846413,37.46116580692244,17.43880016211936,learned,14
28.700000000000003,-4.8269746750593185,-5.594148016534746,-17.973590319044888,0.044783158204375055,-0.4735715061489935,0.19696563465639763,0.5148504286980654,19.43306783555874,18.91248998548504,136.82834595716193,37.45042077374744,17.43306783555874,learned,14
28.8,-4.822585482150316,-5.641504763858393,-17.95383727643639,0.04300050946082937,-0.4735625123846425,0.1980955193677388,0.5151236082179885,19.42740795067733,18.907370700050784,136.73368683453256,37.43952191854941,17.42740795067733,learned,14
28.900000000000002,-4.818375635892153,-5.688860249938443,-17.933972865808755,0.04119622498600952,-0.4735463169254466,0.19919298977833355,0.5153844103226103,19.42182425683678,18.902301543677176,136.63889513136903,37.42847319984405,17.42182425683678,learned,14
29.0,-4.814347271807492,-5.736213765805587,-17.914000181946903,0.03937085876662826,-0.47352313292105225,0.20026097245590904,0.5156342492701359,19.416320211084578,18.897285702145865,136.54396956698497,37.41727837651611,17.416320211084578,learned,14
29.1,-4.8105015670880675,-5.783565261168405,-17.89392283000052,0.03754309382388223,-0.4735059934355931,0.2012863867777463,0.5158814003386216,19.410899688143374,18.89232694245566,136.44890587695437,37.405939059830416,17.410899688143374,learned,14
29.200000000000003,-4.806839739903808,-5.8309154903981835,-17.87374415062368,0.03569328984056507,-0.4734978055052278,0.2022875160460263,0.5161341123254503,19.405566564860667,18.88742902736673,136.3537014010762,37.3944606103035,17.405566564860667,learned,14
29.3,-4.803363973274827,-5.878264611121267,-17.85346635710448,0.03382182381715199,-0.47348385216145317,0.2032686822877618,0.516380703767066,19.400323741174443,18.882594562790565,136.2583570883381,37.38284929524052,17.400323741174443,learned,14
29.400000000000002,-4.8000763868913054,-5.925611954880878,-17.833091341890395,0.03192977590438633,-0.4734622857155406,0.20423193879317328,0.5166204906965142,19.395173553439136,18.877825585768,136.16287238735794,37.37110576597611,17.395173553439136,learned,14
29.5,-4.796978984028101,-5.972956744488329,-17.812620773445815,0.030018122942810723,-0.47343276735794754,0.20517972246294802,0.5168543232122438,19.390118062129723,18.873123868590508,136.06724609504397,37.35923091084763,17.390118062129723,learned,14
29.6,-4.794073686003685,-6.020298178074881,-17.79205609159544,0.02808767517726424,-0.47339517028662753,0.20611421430768265,0.5170831404012722,19.385159081788398,18.86849094416989,135.9714769225309,37.3472270317179,17.385159081788398,learned,14
29.700000000000003,-4.791362342424691,-6.0676354428287596,-17.77139852521941,0.02613906928360903,-0.47334939938642634,0.2070374018976554,0.5173078296595125,19.380298204765783,18.86392812886806,135.87556361416404,37.335097000615036,17.380298204765783,learned,14
29.8,-4.788846744224429,-6.114967718254775,-17.750649109017104,0.02417276204040756,-0.4732953921338865,0.20795119659190592,0.5175292753109113,19.37553682163198,18.8594365414524,135.7795049435326,37.3228436376593,17.37553682163198,learned,14
29.900000000000002,-4.786528637632728,-6.162294172216207,-17.72980868956074,0.022189245169296528,-0.4732329655963005,0.20885744846860244,0.5177482362201414,19.3708761297013,18.85501710968291,135.68329971016828,37.31046954252306,17.3708761297013,learned,14
30.0,-4.784409715794027,-6.2096139525529,-17.708877936936915,0.02018904233133591,-0.47316191501309673,0.20975786917561914,0.5179654032174481,19.366317139653965,18.850670578493773,135.58694674200692,37.29797713546355,17.366317139653965,learned,14
30.1,-4.782493628561497,-6.256931094685569,-17.68784331297502,0.018132444025806244,-0.4731797229664054,0.21093500216948155,0.5183834593167035,19.36184993990062,18.846386160849526,135.49044207913727,37.28533539253049,17.36184993990062,learned,15
30.200000000000003,-4.78078384231776,-6.304248221218586,-17.66669128416106,0.016063045761781965,-0.47316160803471274,0.21210591496132794,0.5187762985321538,19.357464211811337,18.842152681093797,135.39378336966143,37.27252379324238,17.357464211811337,learned,15
30.3,-4.77928164228797,-6.351562509313226,-17.64542297227308,0.013980757279729743,-0.47312295186247894,0.21326064007534512,0.519154013524432,19.35316075467898,18.837970733142114,135.29697164435902,37.25955650942748,17.35316075467898,learned,15
30.400000000000002,-4.777988385409117,-6.398871990619227,-17.624039841350168,0.01188416272658184,-0.47306549433189726,0.21440228450707935,0.519519523072087,19.348940955332253,18.83384150354035,135.20000643111,37.246436939203846,17.348940955332253,learned,15
30.5,-4.77690548542887,-6.446174785727635,-17.60254309279844,0.009773672880165786,-0.47298923839387236,0.21553295377071957,0.5198738293847027,19.344805988137935,18.829765951974125,135.10288661513923,37.23316781211308,17.344805988137935,learned,15
30.6,-4.776034287177026,-6.493469011271372,-17.580933735705912,0.007650124588359698,-0.4728940978354663,0.21665445768947622,0.5202177488423074,19.340756819005673,18.825744835433532,135.00561094580155,37.219753388584884,17.340756819005673,learned,15
30.700000000000003,-4.775376067496836,-6.5407527894712985,-17.55921260965988,0.00551408751872165,-0.4727802931848365,0.21776829799245112,0.5205522475176081,19.336794230436354,18.821778733830012,134.9081781927274,37.20619854417201,17.336794230436354,learned,15
30.8,-4.774932038970292,-6.58802424906753,-17.537380408030003,0.0033663208390713674,-0.47264773068659854,0.21887594752364758,0.5208779990012609,19.33291884478496,18.817868073329127,134.8105871242879,37.19250820952825,17.33291884478496,learned,15
30.900000000000002,-4.774703338742256,-6.635281521594152,-17.515437689144164,0.0012074886631351016,-0.47249654378812284,0.2199786377584338,0.5211957818235383,19.329131131173412,18.814013135257547,134.7128365022288,37.17868722925723,17.329131131173412,learned,15
31.0,-4.774691052734852,-6.682522746035829,-17.493384880479425,-0.0009618889795498106,-0.472326768341975,0.22107771734304943,0.521506335942715,19.32543141761494,18.81021406471839,134.61492509389734,37.16474030625934,17.32543141761494,learned,15
31.1,-4.7748950105160475,-6.729747133562341,-17.471223002765328,-0.0031173563860208793,-0.4721598482006454,0.22216001384532708,0.5218234489896462,19.321820619587015,18.806471811384547,134.51684896288305,37.1506678159127,17.321820619587015,learned,15
31.200000000000003,-4.7753152046352625,-6.776954777305946,-17.44895283970982,-0.005286693514999471,-0.4719918711953931,0.22324344006080024,0.5221512320516253,19.31829978439324,18.802787435161743,134.41860588014163,37.136475780937694,17.31829978439324,learned,15
31.3,-4.775952948257327,-6.824144704500213,-17.426574239507318,-0.007468315166690259,-0.4718055180175558,0.2243287429888505,0.5224745041570937,19.314869071184155,18.79916087349226,134.32019695064972,37.12217323050012,17.314869071184155,learned,15
31.400000000000002,-4.776809373870492,-6.871314967982471,-17.404087006114423,-0.00966027226527428,-0.4715985789199323,0.2254160642296144,0.5227914904742698,19.311528207263088,18.79559164955163,134.22162174167357,37.107761235930454,17.311528207263088,learned,15
31.5,-4.777885432355106,-6.918463498819619,-17.3814909090288,-0.01186097282033848,-0.47137085029000086,0.22650600129823972,0.5231024085238772,19.308276790274718,18.79207918288263,134.1228793104643,37.093240970061984,17.308276790274718,learned,15
31.6,-4.779181943275034,-6.965588219463825,-17.35878565488383,-0.01406934516176836,-0.47112235211506925,0.22759920839111697,0.5234076965387301,19.305114314664394,18.788622808567155,134.02396871470847,37.078615442182304,17.305114314664394,learned,15
31.700000000000003,-4.780699630267918,-7.012687050737441,-17.335970886982977,-0.01628449409719288,-0.4708530626571034,0.2286962286061882,0.5237077012420855,19.302040182860093,18.78522178307028,133.92488905427285,37.06388850345293,17.302040182860093,learned,15
31.8,-4.782439126633108,-7.0597579116001725,-17.313046203926206,-0.018505505093493847,-0.47056293112162445,0.22979749612270298,0.5240026861465537,19.299053723683866,18.781875302265146,133.8256394235537,37.04906419875041,17.299053723683866,learned,15
31.900000000000002,-4.784400970675051,-7.106798716355115,-17.29001116240397,-0.02073144018339294,-0.4702519185646163,0.23090336722925595,0.5242928804815004,19.29615419297423,18.778582502813855,133.72621890358585,37.034146615690915,17.29615419297423,learned,15
32.0,-4.786585609428585,-7.153807375580072,-17.26686528790742,-0.02296137503951102,-0.469920006130215,0.23201414519887267,0.5245784979176044,19.293340784686173,18.775342472974053,133.6266265761811,37.019139877801486,17.293340784686173,learned,15
32.1,-4.788989015854895,-7.200779645238072,-17.243622560054064,-0.025106684621163326,-0.46952465382137243,0.2328403435310606,0.5246888332472958,19.290623688384446,18.77216631589785,133.5268588865548,37.00407234702998,17.290623688384446,learned,16
32.2,-4.79160737991333,-7.247714296914637,-17.220296831801534,-0.027260610444072797,-0.469167635618368,0.23367424133646156,0.5248476562372019,19.28801407061636,18.769066106463974,133.4269141192954,36.98897455127717,17.28801407061636,learned,16
32.300000000000004,-4.794441759586334,-7.294612820725888,-17.1968864784576,-0.029426969663042778,-0.46880203914043356,0.23453283359289848,0.525020902897106,19.2855114669879,18.76604119109312,133.32679394266265,36.97384865257431,17.2855114669879,learned,16
32.4,-4.797493136487901,-7.341474013868719,-17.173389178700745,-0.03160054668143683,-0.46842097796470233,0.23541314742484354,0.5252010635256225,19.28311377796838,18.763089248712394,133.22649842214597,36.958690325240404,17.28311377796838,learned,16
32.5,-4.80076211784035,-7.388296302873641,-17.149802815169096,-0.033779075987912834,-0.46802391118064046,0.236314097280095,0.5253872476418965,19.280818856322703,18.760207969617156,133.1260271021356,36.94349645655666,17.280818856322703,learned,16
32.6,-4.80424914136529,-7.435078078415245,-17.126125351991504,-0.03596134695270384,-0.4676106554219214,0.23723512024581495,0.5255791527608548,19.27862457273771,18.757395090160426,133.0253795978138,36.92826621461266,17.27862457273771,learned,16
32.7,-4.807954536750913,-7.4818177074193954,-17.10235480684787,-0.03814652903603182,-0.4671809755716026,0.23817570948262215,0.5257764640996034,19.27652881028715,18.75464837722438,132.92455559461322,36.91299989731374,17.27652881028715,learned,16
32.800000000000004,-4.8118785582482815,-7.528513535391539,-17.078489249106497,-0.0403338850610755,-0.4667345802241781,0.23913539991237323,0.5259788305173607,19.274529471396946,18.75196563014821,132.82355475774543,36.897698167752466,17.274529471396946,learned,16
32.9,-4.816021390259266,-7.575163873843849,-17.054526787251234,-0.04252267829984311,-0.46627116112181577,0.240113741568277,0.5261858823206829,19.272624462799392,18.74934466434862,132.7223766855533,36.882361924100834,17.272624462799392,learned,16
33.0,-4.820383133366704,-7.621767005883157,-17.03046557959169,-0.04471217044030506,-0.4657904149838949,0.24111028929765188,0.5263972458909234,19.270811703248846,18.74678332146271,132.62102087172957,36.86699238038544,17.270811703248846,learned,16
33.1,-4.8249631524086,-7.668322200886905,-17.006304018665105,-0.04688815543578501,-0.46531241331647305,0.24212085453972576,0.5266276192050866,19.26908952633675,18.744279987759707,132.51948408884496,36.85158447498956,17.26908952633675,learned,16
33.2,-4.829760790802538,-7.714829264674336,-16.98204034054652,-0.04906459349642222,-0.4648277427021403,0.24315261436822536,0.5268731902409148,19.267456345023813,18.74183313506401,132.41776481870272,36.8361428872789,17.267456345023813,learned,16
33.300000000000004,-4.8347761137411,-7.761286967433989,-16.95767260529101,-0.0512418279495982,-0.46432515792526374,0.24420200417120388,0.5271225626504429,19.26591019518931,18.739440732493932,132.31586457159906,36.82067793389411,17.26591019518931,learned,16
33.4,-4.840009161271155,-7.807693425100297,-16.93319908482954,-0.053419100821479326,-0.46380282724293925,0.2452682896515154,0.5273738681426098,19.264449033076836,18.737100671672447,132.21378303712055,36.80518809128886,17.264449033076836,learned,16
33.5,-4.845459865406156,-7.854046632070094,-16.908618101850152,-0.05559490826532262,-0.4632601000434449,0.24635119320265458,0.5276264061906529,19.263070781165915,18.734810827114618,132.11151948816797,36.78967197071051,17.263070781165915,learned,16
33.6,-4.851128023117781,-7.900344544555992,-16.88392802886665,-0.05776817510221831,-0.4626969138119406,0.24745011834452532,0.5278798700220103,19.261773353025497,18.732569086076165,132.0090734138246,36.77413048164862,17.261773353025497,learned,16
33.7,-4.85701334849,-7.946585118304938,-16.85912728868425,-0.0599382615314132,-0.462113312917933,0.24856447000736326,0.5281340785458148,19.260554681678652,18.730373369343,131.9064444760204,36.7585654981128,17.260554681678652,learned,16
33.800000000000004,-4.863115499727428,-7.992766311857849,-16.834214369300753,-0.06210464401618044,-0.4615092868981024,0.24969371800828438,0.5283888355315356,19.259412740559636,18.72822164843385,131.80363239508955,36.74297907538613,17.259412740559636,learned,16
33.9,-4.869434077292681,-8.038886081427336,-16.809187802951783,-0.06426679908119134,-0.460884803758456,0.25083735311354016,0.5286439269646627,19.258345522348705,18.726111924113138,131.7006369098986,36.72737329355141,17.258345522348705,learned,16
34.0,-4.875968632288277,-8.084942379966378,-16.78404617961496,-0.06642420800986504,-0.46023984516955097,0.2519948667180505,0.5288991428842347,19.257351052257505,18.7240422386875,131.5974577758825,36.71175029041329,17.257351052257505,learned,16
34.1,-4.882704586721957,-8.130925737787038,-16.758844090625644,-0.0682944935237888,-0.4594279731147913,0.25204644290418304,0.5284558729985767,19.256469372356435,18.72205611486542,131.49409224729644,36.696220314782074,17.256469372356435,learned,17
34.2,-4.889628246426582,-8.176835900172591,-16.733635570388287,-0.07017836855163466,-0.4587758873760821,0.252123766920056,0.5281729944783615,19.255743795791638,18.720200310109096,131.39053972521765,36.68088361476752,17.255743795791638,learned,17
34.300000000000004,-4.896741706877947,-8.22268190048635,-16.70841511245817,-0.07209062614452144,-0.45814455746183724,0.2522852182584366,0.5279595867692136,19.255173656726242,18.718473824257593,131.28680309097186,36.665719746822575,17.255173656726242,learned,17
34.4,-4.904047031886876,-8.268464805558324,-16.683174854144454,-0.07401564220316441,-0.4575138645474882,0.252519781325694,0.5277911438293565,19.25475293909722,18.71687015914658,131.18288364196047,36.65070786352411,17.25475293909722,learned,17
34.5,-4.911545294336975,-8.314184634946287,-16.65790775278583,-0.07594939589203428,-0.45688291571613526,0.2528221026807871,0.5276640266434471,19.254475688073747,18.71538303793436,131.0787823456889,36.63583142315526,17.254475688073747,learned,17
34.6,-4.919237316586077,-8.35984132019803,-16.632607174105942,-0.07789082191074909,-0.4562508739920042,0.25318929916673605,0.5275762138013262,19.254336241062784,18.714006524108814,130.9745003668877,36.62107714638693,17.254336241062784,learned,17
34.7,-4.927123830653727,-8.405434688087553,-16.607266761828214,-0.07983928521335848,-0.4556164664795743,0.2536188035785429,0.527525519306246,19.25432914533315,18.71273491109472,130.87003895558468,36.60643345363389,17.25432914533315,learned,17
34.800000000000004,-4.935205513611436,-8.450964435003698,-16.581880406010896,-0.08179417495154638,-0.45497834559589495,0.25410814908079815,0.5275097472525516,19.254449125917006,18.71156268356167,130.7653993066404,36.591889633399276,17.254449125917006,learned,17
34.9,-4.943482972681522,-8.496430123224854,-16.55644224351272,-0.08375485038832012,-0.4543352022643616,0.25465495138402594,0.5275267720642896,19.254691077833666,18.71048451181097,130.6605825164357,36.577435712246206,17.254691077833666,learned,17
35.0,-4.95195675548166,-8.541831189766526,-16.5309466435574,-0.08572066114116933,-0.4536857965097332,0.2552568977183521,0.5275745611133534,19.255050057446496,18.709495241237278,130.55558958443402,36.56306240867014,17.255050057446496,learned,17
35.1,-4.960627536289394,-8.58716672891751,-16.505387786775827,-0.08769477764319389,-0.45302457001766355,0.25592005495398507,0.5276520724807483,19.255520870022423,18.708589437959578,130.45041885918872,36.54875455859356,17.255520870022423,learned,17
35.2,-4.969495391473174,-8.632435861043632,-16.479760164860636,-0.08966218349124103,-0.4523575585816329,0.25663219814063143,0.5277563387367742,19.256098473788317,18.707761920748126,130.34507065197243,36.53451109380686,17.256098473788317,learned,17
35.300000000000004,-4.978560163639486,-8.677637975197285,-16.454059002455324,-0.09163310856150789,-0.4516841484954138,0.257390871353006,0.5278875422308541,19.25677854127853,18.70700828048163,130.23954816962876,36.52033642141486,17.25677854127853,learned,17
35.4,-4.987822252325714,-8.7227722578682,-16.4282796648331,-0.09360851943515638,-0.4510008231909283,0.2581957163673348,0.5280429200170932,19.25755694342871,18.70632422245068,130.13385240310438,36.50621885811678,17.25755694342871,learned,17
35.5,-4.997282021678984,-8.767837620805949,-16.402417613193393,-0.0955867335114278,-0.4503056941607862,0.2590451256889777,0.5282200478590627,19.258429523370097,18.70570542846591,130.027983834152,36.4921475789571,17.258429523370097,learned,17
35.6,-5.006939695216715,-8.812832843046635,-16.376468492206186,-0.09756660892565791,-0.44959794361661437,0.25993706712362036,0.5284172905444807,19.259392205031816,18.705147685488612,129.9219430782089,36.478115052163844,17.259392205031816,learned,17
35.7,-5.016795409843326,-8.857756630051881,-16.350428147707134,-0.0995475206342954,-0.44887689700448763,0.2608696146241601,0.5286332692547553,19.260441046735842,18.70464693213232,129.815730800102,36.464115419760496,17.260441046735842,learned,17
35.800000000000004,-5.026849238201976,-8.902607614174485,-16.324292607605457,-0.10152894186871016,-0.44814182983310596,0.26184097007193285,0.5288666365836998,19.261572229033938,18.704199242551915,129.70934759646934,36.45014356004564,17.261572229033938,learned,17
35.9,-5.037101210094988,-8.947384357452393,-16.29805807583034,-0.10351032429384882,-0.44739202729195443,0.26284940391030315,0.5291160765425904,19.26278205462188,18.703800822915454,129.60279396949406,36.4361948613174,17.26278205462188,learned,17
36.0,-5.047551290132105,-8.992085353937,-16.271720932330936,-0.10549111266960678,-0.44662682414932187,0.26389323489337313,0.5293803305039487,19.26406694181318,18.70344800826486,129.49607033020598,36.42226525206584,17.26406694181318,learned,17
36.1,-5.058176481164992,-9.036702872719616,-16.24537265393883,-0.10701218286232449,-0.44572582818531187,0.2630718935443892,0.5285167380182695,19.265494563851018,18.703214213144843,129.38917434439273,36.408536190799225,17.265494563851018,learned,18
36.2,-5.068955712020397,-9.081243767868727,-16.219103030394763,-0.10857218817886334,-0.4450941960419767,0.26232062202402573,0.5279288513950264,19.26713791647424,18.7031780513451,129.28210601594887,36.39516729347507,17.26713791647424,learned,18
36.300000000000004,-5.079893711023033,-9.125723564531654,-16.19290081365034,-0.11018758132384927,-0.44450357241559246,0.2617237867652736,0.5274694963000023,19.26899549671071,18.703337274029984,129.17486896940213,36.38211332275778,17.26899549671071,learned,18
36.4,-5.090994701720774,-9.170144852250814,-16.16675157425925,-0.1118320402672061,-0.44392377434501007,0.26126108977257645,0.5270977894928034,19.271057057878924,18.70368070508317,129.06746503172496,36.36933617112821,17.271057057878924,learned,18
36.5,-5.102261300198734,-9.21450865874067,-16.14064237754792,-0.11349972806741918,-0.4433537362931922,0.2609229444804009,0.5268068969867743,19.273312547598252,18.704197623961736,128.95989578149448,36.356805281243105,17.273312547598252,learned,18
36.6,-5.113695758394897,-9.258815872948617,-16.11456104228273,-0.11518931694804736,-0.4427917203489912,0.2607038774821966,0.526592440206683,19.275752469464003,18.7048779390211,128.85216308764555,36.34449424730071,17.275752469464003,learned,18
36.7,-5.125300224870443,-9.303067171946168,-16.088495909702033,-0.11689988475054358,-0.44223522282346955,0.2605989045033707,0.5264497738519517,19.278367717140853,18.70571197490424,128.744268955883,36.33237886129103,17.278367717140853,learned,18
36.800000000000004,-5.1370767476037145,-9.347262979485095,-16.06243581091985,-0.1186304702194645,-0.44168168686989895,0.2606032001598128,0.5263743239504243,19.28114952222361,18.706690418476526,128.63621535449323,36.32043635655986,17.28114952222361,learned,18
36.9,-5.149027279578149,-9.391403467394412,-16.036370052490383,-0.12038006359183565,-0.4411286607040384,0.2607121012710402,0.5263617147495381,19.284089438540732,18.707804301846043,128.52800414122115,36.308645272172285,17.284089438540732,learned,18
37.0,-5.161153665743768,-9.435488571878523,-16.010288399178535,-0.12214763815047587,-0.4405738234515888,0.2609211013421734,0.5264077892110869,19.287179326597794,18.709044988504324,128.41963704046142,36.2969854598352,17.287179326597794,learned,18
37.1,-5.173458252102137,-9.479516234714538,-15.984180509112775,-0.12394398637025637,-0.43997965710577913,0.26123676721539124,0.5264872828183201,19.2904101791113,18.71040286487034,128.31111295202265,36.285434100254534,17.2904101791113,learned,18
37.2,-5.185942173935473,-9.523484232835472,-15.958036985713989,-0.12573437921878336,-0.43938038891785536,0.261633745044703,0.5266084663478696,19.29377341532454,18.711868948832215,128.20243281440594,36.27398501278583,17.29377341532454,learned,18
37.300000000000004,-5.198605861514807,-9.567392256110907,-15.931849568616599,-0.12753931291254797,-0.43878000803210626,0.2621146946162198,0.5267810597588093,19.29726219344848,18.713436162116437,128.0936004417193,36.26263492879796,17.29726219344848,learned,18
37.4,-5.211450832895935,-9.61123988730833,-15.905609900131822,-0.129360061254402,-0.4381723721302402,0.2626787531001265,0.5270001712297839,19.300869883252666,18.715097468431047,127.98461724360992,36.251362756318564,17.300869883252666,learned,18
37.5,-5.224478550255299,-9.65502624725923,-15.879309844691306,-0.1311942691187723,-0.4375544603838356,0.26332242622261576,0.5272613604306344,19.304589845450035,18.716845829346376,127.87548417964199,36.240149161249924,17.304589845450035,learned,18
37.6,-5.237690284848213,-9.698750229552388,-15.852941630408168,-0.13304038953660263,-0.4369246946670413,0.2640419125122366,0.5275614330303703,19.308415623048003,18.718674423240415,127.7662023043482,36.228978778663944,17.308415623048003,learned,18
37.7,-5.251087178476155,-9.742410577833652,-15.8264978537336,-0.13489744169436987,-0.4362816344724122,0.2648336352507423,0.5278975646029527,19.31234099577977,18.72057669160913,127.65677263365056,36.21783842873744,17.31234099577977,learned,18
37.800000000000004,-5.264670277945697,-9.78600588766858,-15.799971463158727,-0.13676452227590208,-0.43562381327199673,0.2656942040612007,0.52826702652608,19.31635997297625,18.722546326232575,127.54719603385574,36.20671616717382,17.31635997297625,learned,18
37.9,-5.278440540656447,-9.829534613061696,-15.773355735931545,-0.13864069896869385,-0.4349498227241813,0.2666203506833743,0.5286671950261812,19.320466775491425,18.72457724967187,127.43747321178975,36.19560105181237,17.320466775491425,learned,18
38.0,-5.292398828081787,-9.872995070181787,-15.746644271537662,-0.1405250343146771,-0.43425835027788634,0.2676089111511369,0.5290955767937487,19.324655826835965,18.726663607198546,127.32760473645803,36.18448312065957,17.324655826835965,learned,18
38.1,-5.306519685313106,-9.916386931668967,-15.719942355062813,-0.1418918570055129,-0.43358178837960987,0.266429487128072,0.5283096988606789,19.329005887414084,18.728890796942828,127.21758825290009,36.17356788406226,17.329005887414084,learned,19
38.2,-5.3207806227728724,-9.959726282395422,-15.69335225271061,-0.14332686057630117,-0.4332079006686373,0.2653730922487715,0.5278584585417396,19.33360181092935,18.731350064715926,127.10742394191101,36.16303331560918,17.33360181092935,learned,19
38.300000000000004,-5.335188745521009,-10.003029889427125,-15.666857684962451,-0.14483566921683982,-0.4328665209129264,0.2645188362555342,0.5275613810152643,19.33844036213814,18.734037022672062,126.99711595737159,36.15282023691455,17.33844036213814,learned,19
38.400000000000006,-5.349749841727316,-10.046299434266984,-15.640439772047102,-0.14638633380258728,-0.4325263479014104,0.26384000823362747,0.5273704109047217,19.34350826388655,18.736937127094265,126.88666679207785,36.14288076589849,17.34350826388655,learned,19
38.5,-5.364467760547996,-10.08953500771895,-15.614081571344286,-0.14797214893496963,-0.43218680997355957,0.2633245607678453,0.5272769859183436,19.348792580999422,18.74003649354105,126.77607882514938,36.13317608763083,17.348792580999422,learned,19
38.6,-5.379345930181444,-10.132736569270492,-15.587767118122429,-0.14959133672816796,-0.4318458405119926,0.26296507694354687,0.5272750986757814,19.354281096119536,18.74332204190392,126.66535462754314,36.123672091148705,17.354281096119536,learned,19
38.7,-5.3943876111879945,-10.175903829745948,-15.561481159646064,-0.1512424344504876,-0.4315004803122705,0.262754656607243,0.5273584625821609,19.359962095365688,18.74678123483784,126.55449671436963,36.11433744933784,17.359962095365688,learned,19
38.800000000000004,-5.409595920704305,-10.219036197289824,-15.535209123976529,-0.15292390713471427,-0.4311477572660177,0.26268660649925824,0.5275209599655352,19.36582431378804,18.750402017777596,126.44350737856827,36.10514290968494,17.36582431378804,learned,19
38.900000000000006,-5.424973817542195,-10.2621327964589,-15.508937097620219,-0.15463417582288044,-0.4307848519001883,0.2627544610480053,0.5277567846647889,19.37185691540995,18.75417280089589,126.33238865046236,36.09606113711391,17.37185691540995,learned,19
39.0,-5.440524100326002,-10.305192474275827,-15.482651801314205,-0.15637165734382802,-0.4304091138862269,0.2629519790064852,0.5280604546831826,19.378049468892304,18.758082434430264,126.22114230202929,36.08706668339957,17.378049468892304,learned,19
39.1,-5.45624961797148,-10.348211446311325,-15.456340350210667,-0.15813879809578532,-0.4299705004773173,0.2632774671502311,0.5283914604277167,19.384390551490988,18.762118732832498,126.10976694688323,36.07813480733678,17.384390551490988,learned,19
39.2,-5.472151840105653,-10.391186033841223,-15.429991165641695,-0.15990572639618242,-0.42952126807194635,0.26370660488958014,0.5287717225068042,19.390869509200698,18.76627052139597,125.99826325864194,36.06925701036233,17.390869509200698,learned,19
39.300000000000004,-5.488231926225126,-10.434115142095834,-15.403593589086086,-0.16169615374763469,-0.42906072194284145,0.26424531769204845,0.5292110516354157,19.397477772439494,18.770528825127265,125.88663493023688,36.06042484259409,17.397477772439494,learned,19
39.400000000000006,-5.50449223164469,-10.476997261866927,-15.377136790659279,-0.1635100581272056,-0.4285812954835017,0.2648910208778478,0.529702481482565,19.404206817905518,18.774884522738958,125.7748830949156,36.05161335836615,17.404206817905518,learned,19
39.5,-5.520934946835041,-10.519830349832773,-15.350610327906907,-0.1653443899258192,-0.4280798905380244,0.2656385639797403,0.5302405177239918,19.41104816118103,18.779328556545334,125.663008360558,36.04280031583327,17.41104816118103,learned,19
39.6,-5.537562019191682,-10.56261212239042,-15.324004277121276,-0.16719715119245493,-0.42755481576909793,0.26648276603718757,0.5308211303716632,19.417993589701652,18.783852185708454,125.55101124179961,36.03396785521178,17.417993589701652,learned,19
39.7,-5.554375214502215,-10.605340130161494,-15.297309214714915,-0.169066878954281,-0.42700445057060304,0.2674187486652447,0.5314406810775115,19.42503519972338,18.788447014681093,125.43889201215394,36.02510072470517,17.42503519972338,learned,19
39.800000000000004,-5.571376162581146,-10.648011765442789,-15.27051619719714,-0.17095216418445314,-0.4264271709759795,0.2684418549606714,0.5320956719243745,19.43216539222651,18.793104981757505,125.32665067126507,36.016185305487234,17.43216539222651,learned,19
39.900000000000006,-5.588566346094012,-10.690624256618321,-15.24361673509702,-0.17285158128326816,-0.4258214568409972,0.2695475889775535,0.5327827746670566,19.439376841026068,18.797818327956477,125.21428703982576,36.00720932739635,17.439376841026068,learned,19
40.0,-5.60594710893929,-10.733174692373723,-15.216602783184499,-0.1747637241143687,-0.42518592546605616,0.2707316022099073,0.5334988574644686,19.44666249582315,18.80257959889597,125.1018008539075,35.998161682022086,17.44666249582315,learned,19
40.1,-5.623511170037091,-10.775663547683507,-15.189500413369387,-0.17651756401089794,-0.42459094617489584,0.2713160321894406,0.5338991583633153,19.454041368830175,18.8074096717207,124.98918893308567,35.989093569173676,17.454041368830175,learned,20
40.2,-5.641252210363746,-10.818096615374088,-15.162334735970944,-0.17830339668635234,-0.42406995958294746,0.2719978985956079,0.5344251947008113,19.461534768001552,18.812331654102604,124.87645037054668,35.980055424183774,17.461534768001552,learned,20
40.300000000000004,-5.659173475578427,-10.860476579982787,-15.135095237288624,-0.18012203843202224,-0.4235286675881856,0.2727924139679671,0.5350104504740084,19.46913721285157,18.817339422972932,124.7635876705006,35.971028608527135,17.46913721285157,learned,20
40.400000000000006,-5.677277654409409,-10.902800851501524,-15.107771241571754,-0.18196163752755734,-0.42295594981013646,0.2736878118355582,0.5356368091896231,19.47684008920393,18.82242369977801,124.65060129808123,35.96198975954733,17.47684008920393,learned,20
40.5,-5.695566645823419,-10.945066256914288,-15.080352983437479,-0.18381827007512555,-0.42235115901004794,0.27467760765401394,0.5362997725871931,19.484634995050115,18.82757554799319,124.53749150760461,35.95291987768334,17.484634995050115,learned,20
40.6,-5.714042063802481,-10.98726954543963,-15.052831277716905,-0.18569012435146567,-0.42171346556960426,0.27575671621083503,0.5369961227604643,19.492513902687403,18.832786460416493,124.42425867257819,35.943803797626366,17.492513902687403,learned,20
40.7,-5.732705354690552,-11.029407370369881,-15.02519743423909,-0.18757576398995204,-0.42104175251186643,0.2769203280707084,0.53772269125774,19.500469111360683,18.83804829155581,124.31090311167799,35.9346284755397,17.500469111360683,learned,20
40.800000000000004,-5.751557828858495,-11.071476275566965,-14.99744323361665,-0.1894737648790758,-0.42033489060961504,0.27816381548071156,0.5384764025322146,19.508493225380054,18.843353230026455,124.19742499308184,35.925382216094015,17.508493225380054,learned,20
40.900000000000006,-5.7706006513908505,-11.113472691271454,-14.96956091094762,-0.19138269080246437,-0.41959184422551554,0.27948271534929536,0.5392543354099031,19.51657913170338,18.848693776909176,124.08382433177282,35.91605454561136,17.51657913170338,learned,20
41.0,-5.789834842085838,-11.155392954126,-14.941543139982969,-0.19330112536992955,-0.4188116900045413,0.28087272269630004,0.5400537409448933,19.524719994498444,18.854062740190834,123.97010100960402,35.90663613980568,17.524719994498444,learned,20
41.1,-5.8092600498348475,-11.197234046179801,-14.913383020553738,-0.1952030209502739,-0.4180083610059705,0.2823296689846108,0.5408745244952573,19.532909300185565,18.859453476446944,123.8562518857162,35.897114937443575,17.532909300185565,learned,20
41.2,-5.828875788487494,-11.238993761129677,-14.885073948185891,-0.19711173254302541,-0.41718401259710497,0.28385177766355,0.5417262843498477,19.541141219572868,18.864860069249517,123.74227591455947,35.88748969948769,17.541141219572868,learned,20
41.300000000000004,-5.848682908341289,-11.280669149942696,-14.856609653215855,-0.1990306268967936,-0.4163217098269299,0.2854340524345153,0.5425952034485181,19.549410186008654,18.870276658564684,123.62817516747526,35.87776140964625,17.549410186008654,learned,20
41.400000000000006,-5.868682288564742,-11.322256232611835,-14.827984333969653,-0.2009568885847219,-0.41541784738286835,0.28707222131094157,0.543475960132798,19.557710433726143,18.875697170650202,123.51394943380656,35.86791915562145,17.557710433726143,learned,20
41.5,-5.888874531723559,-11.363750824704766,-14.799192584119737,-0.2028878495062609,-0.41447178515143734,0.2887625995516189,0.5443658503834559,19.56603631802377,18.881115698175357,123.3995982121075,35.857954205259546,17.56603631802377,learned,20
41.6,-5.909260023385286,-11.405148701742291,-14.770229361020029,-0.20482186822886095,-0.4134834464807154,0.2905016330603322,0.5452630163774648,19.57438239919644,18.88652657768653,123.2851210931483,35.84786118721314,17.57438239919644,learned,20
41.7,-5.929839010350406,-11.446445628069341,-14.74108996707946,-0.20675773171136544,-0.4124526946704307,0.2922859558546432,0.5461657852275177,19.582743465167283,18.891924400665207,123.17051762516854,35.837636435324264,17.582743465167283,learned,20
41.800000000000004,-5.950611621141434,-11.487637354061007,-14.71177003532648,-0.20869427433881424,-0.41137935780312257,0.2941123560046264,0.5470725309526204,19.591114522058497,18.89730400055952,123.05578724725395,35.82727721576514,17.591114522058497,learned,20
41.900000000000006,-5.97157786320895,-11.528719612397254,-14.682265509851277,-0.21063032866803547,-0.41026331682647266,0.29597774255258485,0.5479817045986002,19.59949077347186,18.902660431805753,122.94092930239138,35.81678156372178,17.59949077347186,learned,20
42.0,-5.992737629450858,-11.56968813482672,-14.652572644874454,-0.2125647539549749,-0.4091045269693887,0.2978791382842403,0.5488918560479358,19.60786762873285,18.907988977392716,122.82594306420788,35.80614822023195,17.60786762873285,learned,20
42.1,-6.014089163392782,-11.610540913417935,-14.622687763068825,-0.21446569925533346,-0.4079484068683062,0.29981806008897993,0.5498257069099147,19.61624138777847,18.91328610271722,122.71082482340782,35.79537045672369,17.61624138777847,learned,21
42.2,-6.0356311444193125,-11.65127684455365,-14.592606927268207,-0.21637365947241582,-0.40676753240988406,0.3017982018443971,0.550780846229081,19.624608845876967,18.918548715140826,122.59557302827707,35.784450322184256,17.624608845876967,learned,21
42.300000000000004,-6.057363955304027,-11.691892448812723,-14.562326593790203,-0.21828228388594767,-0.4055417473688103,0.30380797237028545,0.5517341283563647,19.632966228917876,18.923772858867377,122.48018931591318,35.77339421159741,17.632966228917876,learned,21
42.400000000000006,-6.079287497326732,-11.732383163645864,-14.531844012904912,-0.22018820917253942,-0.4042697757864583,0.30584308082705214,0.5526815440765378,19.64130956909835,18.928954450925016,122.36467308594928,35.76219814900516,17.64130956909835,learned,21
42.5,-6.101401384919882,-11.772744397632778,-14.501156778074801,-0.22208919226455312,-0.40295205389210187,0.3079010051205215,0.553621708399167,19.649635045318295,18.93408960327065,122.24902349291649,35.75085992351592,17.649635045318295,learned,21
42.6,-6.123705059289932,-11.812971605919302,-14.470262727700174,-0.2239839189972824,-0.40158924556732256,0.30997931876291634,0.5545537811479011,19.65793898719033,18.939174608951628,122.1332398115389,35.73938023498485,17.65793898719033,learned,21
42.7,-6.146197849884629,-11.853060308843851,-14.439159939065576,-0.22587145938227954,-0.40018190658902764,0.31207571580358134,0.5554770264547649,19.666217898745355,18.944205957010297,122.01732130117301,35.72776114289006,17.666217898745355,learned,21
42.800000000000004,-6.168878992088139,-11.893006078898907,-14.40784671343863,-0.22775092594646135,-0.3987305320222213,0.31418800448350287,0.5563907112789714,19.6744684433836,18.94918031412357,121.90126714551916,35.716005322788426,17.6744684433836,learned,21
42.900000000000006,-6.191747633740306,-11.932804535143077,-14.376321567688137,-0.2296214304696406,-0.397235638352874,0.3163140833143486,0.557294135095226,19.682687434683174,18.954094514088325,121.78507646418402,35.70411590988803,17.682687434683174,learned,21
43.0,-6.214802836067975,-11.972451354376972,-14.344583221711218,-0.2314821087596381,-0.3956977780515141,0.31845193704780367,0.5581866483894188,19.69087183262134,18.958945553809492,121.668748316426,35.69209645845314,17.69087183262134,learned,21
43.1,-6.238042172044516,-12.011945365928113,-14.312630007509142,-0.2333041057908537,-0.3941794689351585,0.32061149573125797,0.5591064216264269,19.699019755970063,18.963731866745842,121.55227877413171,35.67994270098842,17.699019755970063,learned,21
43.2,-6.261463929899037,-12.051286186091602,-14.28045963589102,-0.23513051830332707,-0.39263388439687774,0.3227950701142431,0.5600396281552147,19.707129590501548,18.968452048531198,121.43566596727393,35.66765862088334,17.707129590501548,learned,21
43.300000000000004,-6.28506797272712,-12.090470155701041,-14.24807050684467,-0.23694980146864264,-0.39104247838811484,0.3249865721659559,0.5609596245792797,19.715198735384703,18.973103418770265,121.31891108061882,35.655254909482174,17.715198735384703,learned,21
43.400000000000006,-6.30885343067348,-12.129492708481848,-14.215462018735707,-0.2387587603256373,-0.38940553652102616,0.3271821986034022,0.5618635141993289,19.723224517835625,18.977683335879316,121.20201308630088,35.64273221011104,17.723224517835625,learned,21
43.5,-6.332819174043834,-12.168349344283342,-14.182633840013295,-0.2405555055027176,-0.387724087673181,0.32938033497182206,0.5627506769927676,19.731204400531364,18.982189337673496,121.08497084440137,35.63009241723906,17.731204400531364,learned,21
43.6,-6.356963933445513,-12.207035664469004,-14.14958579884842,-0.24233900306590725,-0.3859992619145964,0.3315793831428945,0.5636208920285101,19.73913595990762,18.98661909985675,120.96778348595366,35.6173398811155,17.73913595990762,learned,21
43.7,-6.381286348216236,-12.245547383092344,-14.116317881271243,-0.24410859902487272,-0.38423207232516304,0.3337778177761755,0.5644740252311006,19.747016906221276,18.990970449276453,120.85045027839618,35.60447990848744,17.747016906221276,learned,21
43.800000000000004,-6.40578499995172,-12.283880311995745,-14.082830220228061,-0.2458636907616636,-0.3824234581858717,0.33597419899421305,0.5653099310958469,19.754845076507483,18.99524135137802,120.73297054702539,35.59151802408878,17.754845076507483,learned,21
43.900000000000006,-6.430458405986428,-12.322030353359878,-14.049123089760542,-0.24760368192043786,-0.3805743602354938,0.3381671543393293,0.5661284759161762,19.7626184229592,18.999429899225078,120.6153436637788,35.57845987042932,17.7626184229592,learned,21
44.0,-6.455305027775466,-12.359993509948254,-14.015196898486465,-0.24932800542298436,-0.37868573644095366,0.3403553750450077,0.5669295569945696,19.770335016658944,19.00353431612862,120.49756904972833,35.565311168826,17.770335016658944,learned,21
44.1,-6.4803222408518195,-12.397769301198423,-13.981051170499995,-0.25101550371641446,-0.37682703013600827,0.3425579552038665,0.5677616986206304,19.777994130425768,19.007554245037554,120.37964339566004,35.552067409678386,17.777994130425768,learned,22
44.2,-6.5055082300677896,-12.435357823036611,-13.946684610564262,-0.2527034803496988,-0.3749403750564455,0.3447719644862099,0.5686009508644873,19.78559509201044,19.01148925688308,120.26156550734812,35.53873242562193,17.78559509201044,learned,22
44.300000000000004,-6.530862371437252,-12.472755566239357,-13.912097015883774,-0.2543785378761307,-0.37301144281183585,0.3469786270639857,0.5694208853210199,19.793136136276434,19.015337595755394,120.14333723341576,35.52531869688117,17.793136136276434,learned,22
44.400000000000006,-6.556383249349892,-12.509958371520042,-13.877289273310453,-0.25603819367368436,-0.3710416188813948,0.34917485891700917,0.5702197134978083,19.8006155799424,19.019097713839063,120.02495837100022,35.511827980403496,17.8006155799424,learned,22
44.5,-6.582069252617657,-12.546962215565145,-13.84226247179322,-0.2576809852965877,-0.3690322739132341,0.3513597514926363,0.5709973593125975,19.808031876566865,19.022768234602008,119.90642860444683,35.498262893653624,17.808031876566865,learned,22
44.6,-6.607918655499816,-12.583763217553496,-13.807017794344574,-0.25930619822322304,-0.3669848066248247,0.35353233995905237,0.5717540276441998,19.81538357051164,19.02634789216006,119.78774780306962,35.4846284379848,17.81538357051164,learned,22
44.7,-6.633929685689509,-12.620357630774379,-13.771556516876444,-0.26091346256091763,-0.36490046661681735,0.35569170488303853,0.5724899775588224,19.822669313209047,19.029835537563184,119.66891587597534,35.47093054291731,17.822669313209047,learned,22
44.800000000000004,-6.660100526176393,-12.656741821207106,-13.735880004940554,-0.26250244163476116,-0.36278040651524435,0.3578369913260988,0.5732054322639412,19.829887847831962,19.033230122618058,119.54993271430651,35.457175389146755,17.829887847831962,learned,22
44.900000000000006,-6.686429336667061,-12.69291227310896,-13.699989706277847,-0.2640727964945957,-0.360625760678095,0.35996739374669623,0.5739006060930062,19.83703801476422,19.036530702289177,119.43079820430879,35.44336919924314,17.83703801476422,learned,22
45.0,-6.712914237752557,-12.728865588083863,-13.663887147558853,-0.26562421137416553,-0.35843766198312726,0.36208215330730914,0.574575726027245,19.844118743450174,19.039736428785858,119.3115122487402,35.42951822908973,17.844118743450174,learned,22
45.1,-6.739552746526897,-12.764601884409785,-13.627572539262474,-0.2671449636828601,-0.3562853895318151,0.3642084631333717,0.5752855943207047,19.851130088827606,19.042847720979008,119.19207198316379,35.415617070151214,17.851130088827606,learned,22
45.2,-6.76634316612035,-12.800121624954045,-13.59104518359527,-0.2686624576029386,-0.3541065181908273,0.36633706375309394,0.5759980786684274,19.858071976852333,19.04586473860207,119.07247665705684,35.4016691272549,17.858071976852333,learned,22
45.300000000000004,-6.793284511193633,-12.835421674884856,-13.55430584680289,-0.2701634219136777,-0.35189162042839334,0.3684480559416018,0.5766887869509637,19.864943267243486,19.048786416557892,118.9527285615216,35.387687906048534,17.864943267243486,learned,22
45.400000000000006,-6.820375040173531,-12.870498524978757,-13.517356402007863,-0.27164611209536266,-0.34964255187295773,0.370539180601098,0.5773567429737816,19.87174305563066,19.051612053261117,118.83282791949627,35.37367557436626,17.87174305563066,learned,22
45.5,-6.847612865269184,-12.90534882992506,-13.48019885388203,-0.27310935169748446,-0.3473607343940745,0.372610078145704,0.5780021350472321,19.87847055270728,19.054341088666263,118.71277485295992,35.35963489845928,17.87847055270728,learned,22
45.6,-6.874996023252606,-12.939969385042787,-13.44283524947241,-0.274552664481598,-0.3450476439259563,0.374660264587908,0.5786254021505448,19.885125032295917,19.0569730390355,118.59256966866248,35.34557091704656,17.885125032295917,learned,22
45.7,-6.9025225061923265,-12.9743571318686,-13.405267683556303,-0.2759759113621135,-0.3427045979992739,0.3766892820687461,0.5792270369789901,19.89170584946299,19.059507511066656,118.47221270936065,35.3314895546926,17.89170584946299,learned,22
45.800000000000004,-6.930190308019519,-13.008509137667716,-13.36749829351902,-0.2773789785336918,-0.3403328044223191,0.3786967199188121,0.579807486305258,19.898212440251662,19.06194419436981,118.35170429782056,35.3173968567049,17.898212440251662,learned,22
45.900000000000006,-6.957997401244938,-13.04242258053273,-13.329529255395755,-0.2787617436951706,-0.3379334411804431,0.380682201686488,0.5803671761022499,19.90464430165414,19.06428284431132,118.23104475028107,35.303298889027545,17.90464430165414,learned,22
46.0,-6.985941753722727,-13.076094765216112,-13.291362782241777,-0.2801241019540431,-0.3355076718554403,0.3826453837863824,0.5809065330175284,19.911001007093557,19.066523295612765,118.11023439682691,35.2892016490956,17.911001007093557,learned,22
46.1,-7.014021201990545,-13.10952628031373,-13.252999438904226,-0.2814637145053218,-0.3331200531221161,0.38461968670559477,0.5814835300992838,19.91728311903521,19.068666435591705,117.9892707554689,35.27509860775839,17.91728311903521,learned,23
46.2,-7.042234289459884,-13.142717842943966,-13.214438871480525,-0.2827968777239785,-0.3307085933089502,0.3865898477079324,0.5820600983486652,19.923490928423607,19.07071275642886,117.86815346343117,35.26099250631934,17.923490928423607,learned,23
46.300000000000004,-7.070579775609076,-13.175666822120547,-13.175682483240962,-0.2841116337902728,-0.32826843980676573,0.3885360680354031,0.5826146798635936,19.929623766392655,19.072661712941603,117.7468852186304,35.24689707625452,17.929623766392655,learned,23
46.400000000000006,-7.099055762402713,-13.208370446227491,-13.136732742423192,-0.28540689685224935,-0.325801529794349,0.3904568624060247,0.5831468897174414,19.935681320394657,19.074513234520985,117.6254666081079,35.23281420546895,17.935681320394657,learned,23
46.5,-7.127660254016519,-13.24082610476762,-13.097592189675197,-0.2866816908697113,-0.3233091687609413,0.3923522768027249,0.5836570222288854,19.94166336593874,19.07626735701521,117.50389804968842,35.21874632703252,17.94166336593874,learned,23
46.6,-7.156391184777021,-13.273031318560243,-13.058263369603083,-0.28793568759070276,-0.3207927162705823,0.3942221925598822,0.584145584685282,19.947569711695532,19.077924161037302,117.38218000199169,35.204698282777294,17.947569711695532,learned,23
46.7,-7.185246475040913,-13.304983739741147,-13.01874883635901,-0.2891688432249538,-0.3182533163716138,0.3960665050362227,0.5846130940076494,19.953400223672737,19.079483788504806,117.26031279676714,35.190675936498586,17.953400223672737,learned,23
46.800000000000004,-7.214224034920335,-13.33668112102896,-12.979051155038178,-0.2903810998275699,-0.3156919870140997,0.3978851365586239,0.5850599932453546,19.959154807634775,19.080946423739267,117.13829664873826,35.17668545000588,17.959154807634775,learned,23
46.900000000000006,-7.2433217745274305,-13.368121323175728,-12.939172896789387,-0.29157239519542005,-0.313109755591168,0.39967802190809926,0.5854867222087331,19.964833415120143,19.082312298207817,117.01613177842124,35.162732962114234,17.964833415120143,learned,23
47.0,-7.272537596523762,-13.399302308447659,-12.89911663881503,-0.2927427209548252,-0.3105076932676751,0.40144510966343827,0.5858937653902261,19.970436036996716,19.08358168501486,116.89381851363852,35.14882445983897,17.970436036996716,learned,23
47.1,-7.301869700662792,-13.430224949494004,-12.85888307960704,-0.2938980918095434,-0.3079428967744845,0.40322411352458426,0.5863400052621673,19.975963490517117,19.08475567489655,116.77135462991806,35.13495257159438,17.975963490517117,learned,23
47.2,-7.331316878087819,-13.460890088230371,-12.81847204361111,-0.29504414563816966,-0.30535761870244416,0.40499462402289904,0.5867835790667919,19.98141623276973,19.085834888698653,116.6487399867704,35.121119646588,17.98141623276973,learned,23
47.300000000000004,-7.3608776954934,-13.491295605897903,-12.777885320829228,-0.29617086848744667,-0.30275055822093544,0.4067378330487798,0.5872058826995125,19.986793911130302,19.086819134497897,116.52597740613467,35.10733955082666,17.986793911130302,learned,23
47.400000000000006,-7.390550189651549,-13.521439422853291,-12.737125683575869,-0.2972776916330192,-0.3001236193245234,0.40845287917886025,0.5876069837302893,19.99209660968198,19.0877087601668,116.40306783692358,35.09361352103767,17.99209660968198,learned,23
47.5,-7.420332335866988,-13.55131961312145,-12.696195933502167,-0.29836388417086734,-0.297478065282608,0.4101400724701072,0.587987317675811,19.99732448137901,19.08850419489066,116.28001221545685,35.07994311834224,17.99732448137901,learned,23
47.6,-7.450222066603601,-13.580934380181134,-12.655098850373179,-0.2994293832380346,-0.2948152413455341,0.4117995376337166,0.5883475514279617,20.002477706354522,19.089205902645297,116.15681164465565,35.06633199234288,18.002477706354522,learned,23
47.7,-7.480217325966805,-13.610282056033611,-12.613837199285626,-0.30047443792510964,-0.29213630253730893,0.4134313966572936,0.5886883953744809,20.00755651694045,19.089814399903567,116.03346723419979,35.052784483184496,18.00755651694045,learned,23
47.800000000000004,-7.5103160832077265,-13.639361083507538,-12.572413735790178,-0.3014993222793024,-0.28944227299559355,0.41503578436957606,0.5890105033350453,20.012561194906414,19.09033025069571,115.909980051197,35.03930494285618,18.012561194906414,learned,23
47.900000000000006,-7.540516333654523,-13.668169998563826,-12.530831199139357,-0.30250430732915523,-0.2867341208115572,0.4166128425314706,0.5893144937572982,20.01749205642593,19.09075405077411,115.78635113912817,35.0258975603312,18.01749205642593,learned,23
48.0,-7.570816101972014,-13.696707434952259,-12.489092314615846,-0.30348966152438656,-0.28401278261974167,0.4181627250873685,0.5896009667530147,20.022349458831044,19.091086434242545,115.66258154886981,35.012566311065136,18.022349458831044,learned,23
48.1,-7.60121407918632,-13.72497449349612,-12.44719779258594,-0.30446851666745095,-0.2813264436554776,0.4197256665189643,0.5899281995940737,20.027134423389075,19.091328626823692,115.53866959723746,34.999301837134865,18.027134423389075,learned,24
48.2,-7.631709418725222,-13.752972084097564,-12.40514753991738,-0.30543688576555156,-0.2786234815904061,0.42127731940078894,0.5902519085282422,20.031847525501593,19.091481314256185,115.414615600383,34.98610493309371,18.031847525501593,learned,24
48.300000000000004,-7.662300679367036,-13.780698631890118,-12.362943551735952,-0.3063869494251713,-0.27590564728360634,0.42280036109874347,0.5905565462563904,20.036488708040046,19.091544611979778,115.29042284943719,34.97298817785825,18.036488708040046,learned,24
48.400000000000006,-7.692986025940627,-13.808152730576694,-12.320588705595583,-0.3073185714189172,-0.2731745262087308,0.4242944643083547,0.590842465087812,20.0410584021578,19.09151920940437,115.16609273080297,34.9599514556233,18.0410584021578,learned,24
48.5,-7.7237635790370405,-13.835333103314042,-12.27808587020263,-0.30823109027410783,-0.2704311909273201,0.42576013880525815,0.5911100826693845,20.045557077332273,19.09140584311076,115.0416265881851,34.946995072325926,18.045557077332273,learned,24
48.6,-7.75463142991066,-13.86223858781159,-12.235437872353941,-0.3091245109308506,-0.2676768473259671,0.42719770146376174,0.5913600713512267,20.049985217136793,19.091205269126934,114.91702588694645,34.9341214923027,18.049985217136793,learned,24
48.7,-7.785587682854384,-13.888868138194084,-12.192647508112714,-0.30999912953370484,-0.2649125145475732,0.4286074612464463,0.5915931511703773,20.054343344638436,19.090918282982553,114.7922920706521,34.92133395678244,18.054343344638436,learned,24
48.800000000000004,-7.816630472894758,-13.915220798924565,-12.149717541411519,-0.31085523577812063,-0.2621390990044428,0.4299897348674396,0.5918099838029965,20.058632011398295,19.090545705435556,114.66742652860144,34.908635804224105,18.058632011398295,learned,24
48.900000000000006,-7.847757961601019,-13.941295705735683,-12.106650705682114,-0.3116930958491915,-0.2593574714286843,0.4313448435270691,0.5920111975489364,20.062851798486417,19.090088384248606,114.54243061836961,34.896030326312115,18.062851798486417,learned,24
49.0,-7.878968336619437,-13.967092077247798,-12.063449700595811,-0.3125129778015326,-0.2565684763858462,0.43267311345449777,0.5921974058333458,20.067003309477354,19.089547186951776,114.4173056881965,34.88352072269288,18.067003309477354,learned,24
49.1,-7.910260725300759,-13.992611156776547,-12.020115182735026,-0.31333338447596204,-0.253811563330453,0.43401516336373774,0.5924249163708947,20.071087681867176,19.088923395031888,114.29205022686678,34.8710973909725,18.071087681867176,learned,24
49.2,-7.941634600516409,-14.017853921279311,-11.976647085277364,-0.31414269006552376,-0.2510422384701377,0.4353446950702263,0.5926490013013517,20.075105581085445,19.088217739973253,114.1666646948313,34.85876074397225,18.075105581085445,learned,24
49.300000000000004,-7.9730885569006205,-14.042819316498935,-11.933047440601513,-0.31493500041424394,-0.2482641872714074,0.4366460966024697,0.5928566225029671,20.07905716690058,19.08743055967088,114.04115262962567,34.84652241041045,18.07905716690058,learned,24
49.400000000000006,-8.004620898514986,-14.067506529390812,-11.889319059904665,-0.31571040350362956,-0.24547865251072845,0.43791941646058635,0.5930482636616417,20.08294309586143,19.086562760238376,113.91551568024433,34.83438147129378,18.08294309586143,learned,24
49.5,-8.036229907535017,-14.09191485773772,-11.845464719925076,-0.3164683328587279,-0.24268651151892046,0.4391652744141246,0.5932243140894,20.08676404788683,19.085615276177734,113.78975543162805,34.82233742397121,18.08676404788683,learned,24
49.6,-8.067913840059191,-14.116043688729405,-11.801487145596184,-0.31720888553389237,-0.23988877888947446,0.44038410545532714,0.5933854258712679,20.090520700081616,19.08458904352024,113.66387355054582,34.81039183722239,18.090520700081616,learned,24
49.7,-8.09967097779736,-14.139892507344484,-11.757389018312097,-0.3179324217794691,-0.23708627993441928,0.4415763290204384,0.5935322933951165,20.094213759083868,19.083485025774806,113.53787165626807,34.79854698965403,18.094213759083868,learned,24
49.800000000000004,-8.131499635055661,-14.163460871204734,-11.713172978139482,-0.318639284808049,-0.23427973510083272,0.44274236265968925,0.5936655521380578,20.0978439485651,19.0823041997171,113.41175129812883,34.78680526059352,18.0978439485651,learned,24
49.900000000000006,-8.163398161064833,-14.186748410575092,-11.668841623468325,-0.31932979083661445,-0.23146983212922456,0.4438826216896948,0.5937858034171952,20.101412010966257,19.081047556888212,113.28551397892853,34.77516898599274,18.101412010966257,learned,24
50.0,-8.19536493672058,-14.209754819050431,-11.624397510662675,-0.3200042526354144,-0.22865723265583074,0.4449975202689536,0.593893630876852,20.10491870039411,19.079716096659645,113.15916117152595,34.76364043399144,18.10491870039411,learned,24
50.1,-8.227399454452097,-14.232481397688389,-11.579841197119094,-0.32068466880952323,-0.22587311350300565,0.4461266968280459,0.5940423805047232,20.10836519136156,19.07831108726474,113.0326913916857,34.75220975238648,18.10836519136156,learned,25
50.2,-8.259501459542662,-14.254929137416184,-11.53517259832006,-0.32135400164556754,-0.2230804989222958,0.44724321780976534,0.5941883533441842,20.111752184878824,19.076833258922257,112.90610506569759,34.74087701973511,18.111752184878824,learned,25
50.300000000000004,-8.291669635567814,-14.27709741704166,-11.490393674583174,-0.3220081028491689,-0.2202839430702898,0.44833319300531216,0.5943205244861177,20.115079984876914,19.075283090549114,112.77940570448492,34.729652921718774,18.115079984876914,learned,25
50.400000000000006,-8.323902466334403,-14.29898588359356,-11.445507067022845,-0.3226470797461493,-0.21748426247879796,0.44939689402956434,0.5944393247910876,20.11834937537187,19.0736615989568,112.65259487366923,34.71853592791797,18.11834937537187,learned,25
50.5,-8.356198410969228,-14.320594255812466,-11.40051537042018,-0.32327036246938096,-0.21468210825037928,0.4504349761188302,0.5945450382982636,20.121561133129813,19.071969797807068,112.52567397788546,34.70752519541196,18.121561133129813,learned,25
50.6,-8.388555902522057,-14.341922326013446,-11.35542112274561,-0.3238780492308138,-0.2118782584018577,0.45144792592519983,0.5946382236108998,20.124716023090556,19.07020869300872,112.39864442764367,34.69662196898648,18.124716023090556,learned,25
50.7,-8.420973401516676,-14.362969954498112,-11.310226813191548,-0.32447048179615284,-0.20907332055895897,0.4524362073709894,0.5947194873777231,20.12781482199953,19.068379299237883,112.27150758927473,34.68582816690242,18.12781482199953,learned,25
50.800000000000004,-8.453449397347867,-14.383737057447433,-11.264934886363335,-0.32504799529282463,-0.20626783397990264,0.45340027692338397,0.5947893994455904,20.130858313676377,19.066482634750074,112.1442648208062,34.67514574789327,18.130858313676377,learned,25
50.900000000000006,-8.485982413869351,-14.404223611578345,-11.219547740998678,-0.32561091621198374,-0.20346232928298125,0.4543405870223904,0.5948485161866961,20.133847294876347,19.0645197267118,112.01691751477289,34.664576537311866,18.133847294876347,learned,25
51.0,-8.518571010325104,-14.424429638311267,-11.174067730433308,-0.3261595792628401,-0.20065732416832,0.4552575868780131,0.594897388880885,20.1367825655653,19.062491600808748,111.88946711307405,34.65412219511271,18.1367825655653,learned,25
51.1,-8.55121496040374,-14.444356381893158,-11.128495299839415,-0.32671802725745847,-0.19787659153656714,0.4561890354890642,0.594985924970984,20.139665246093795,19.060399430817178,111.76191231361233,34.64377266403716,18.139665246093795,learned,25
51.2,-8.583914218470454,-14.464004792273045,-11.082830329658464,-0.3272657264401655,-0.19509068829078474,0.4571083699536743,0.5950725117512038,20.142496023505984,19.058243905096074,111.6342536389718,34.63352768071538,18.142496023505984,learned,25
51.300000000000004,-8.616667575202882,-14.483374579809606,-11.037074646214023,-0.32779999638940815,-0.19230421191911462,0.4580033102289418,0.5951476957322409,20.145275279000987,19.056025572388144,111.50649464320028,34.623396875669286,18.145275279000987,learned,25
51.400000000000006,-8.649473691824824,-14.50246571842581,-10.991230669314973,-0.32832091033325644,-0.18951774826119344,0.45887423864525884,0.5952118647677626,20.148003838737367,19.053745472605293,111.3786372368943,34.61337761155565,18.148003838737367,learned,25
51.5,-8.682331207673997,-14.521278240717947,-10.94530076731462,-0.32882800024201403,-0.18673190417043578,0.45972181986591626,0.5952653269249846,20.15068251526673,19.051404635486392,111.25068328444073,34.60346795770526,18.15068251526673,learned,25
51.6,-8.715238750912249,-14.539812242612243,-10.899287248845212,-0.32932147385461835,-0.1839473602696673,0.4605465719107581,0.5953086673236901,20.15331211162719,19.049004083237154,111.12263466767243,34.5936679186115,18.15331211162719,learned,25
51.7,-8.748194981366396,-14.558067878708243,-10.853192372713238,-0.3298017400255509,-0.18116460486727462,0.4613489830294754,0.5953424946389498,20.15589344266837,19.04654484634952,110.99449318360008,34.58397814507336,18.15589344266837,learned,25
51.800000000000004,-8.78119859751314,-14.576045346446335,-10.807018349179998,-0.33026917744596634,-0.17838404261283605,0.46212952580077254,0.5953673612540246,20.158427328294728,19.044027955373856,110.86626054356793,34.57439938205814,18.158427328294728,learned,25
51.900000000000006,-8.814248334150761,-14.593744882382452,-10.760767342173494,-0.330724145627058,-0.1756060510450484,0.4628886602929261,0.5953837900817955,20.16091459186639,19.04145443960693,110.73793840198269,34.56493234543863,18.16091459186639,learned,25
52.0,-8.847342961933464,-14.611166764050722,-10.714441470336169,-0.33116702106421547,-0.17283097324931143,0.4636268309512351,0.5953922904545673,20.163356062774707,19.038825329905016,110.60952837575124,34.55557764884772,18.163356062774707,learned,25
52.1,-8.880482524633408,-14.628312161192298,-10.668041070690379,-0.33162284582922774,-0.17007625018289407,0.46437925406730296,0.5954391105396545,20.16575282109603,19.036141722884448,110.48102918612881,34.54632503762393,18.16575282109603,learned,26
52.2,-8.913667195942253,-14.645181950181723,-10.621565986424685,-0.3320691999715542,-0.16731891395511106,0.4651205257540983,0.5954852441619647,20.168105544099063,19.03340426887071,110.35244131424864,34.537173541930734,18.168105544099063,learned,26
52.300000000000004,-8.946895957924426,-14.661776084452868,-10.575017880182713,-0.3325046415069776,-0.16456316007389013,0.4658396980056429,0.5955224550889555,20.17041468088206,19.03061356475918,110.22376835421427,34.528130880293965,18.17041468088206,learned,26
52.400000000000006,-8.980167718138546,-14.678094732575119,-10.528398944356013,-0.3329292153391441,-0.16180916496909814,0.466537126108788,0.5955509703897578,20.172681070097347,19.027770632605193,110.09501229893574,34.5191928524826,18.172681070097347,learned,26
52.5,-9.01348136877641,-14.694138088263571,-10.481711322150659,-0.33334242187899343,-0.15905737796671773,0.4672134305035548,0.5955709943849685,20.174905521046163,19.024876466628648,109.96617508434704,34.510356199029935,18.174905521046163,learned,26
52.6,-9.046835780143738,-14.709906401112676,-10.434957100718748,-0.33374442161911233,-0.15630834170347263,0.4678691200075849,0.5955830337615715,20.17708883006231,19.021932051591467,109.83725862878188,34.50161980602921,18.17708883006231,learned,26
52.7,-9.08022984629497,-14.725399964489043,-10.38813831761945,-0.33413555915586246,-0.15356242187934196,0.46850467263473733,0.595587623768688,20.179231796124284,19.018938372157987,109.70826473621521,34.492983402859544,18.179231796124284,learned,26
52.800000000000004,-9.113662499468774,-14.740619106218219,-10.341256963438354,-0.33451614380853045,-0.15081991536382275,0.4691205499266916,0.5955852480563983,20.181335222742106,19.01589641263011,109.57919510150181,34.48444696183423,18.181335222742106,learned,26
52.900000000000006,-9.147132696583867,-14.755564180202782,-10.29431498318445,-0.33488645751176443,-0.14808110476383438,0.4697172031436926,0.5955763628133587,20.183399907300377,19.01280714777567,109.45005134440845,34.476010567548926,18.183399907300377,learned,26
53.0,-9.180639426223934,-14.770235569216311,-10.247314277046826,-0.33524677575239975,-0.14534625829431777,0.4702950747321746,0.5955614097386431,20.18542664738716,19.009671548443546,109.32083503590395,34.46767432606588,18.18542664738716,learned,26
53.1,-9.214182949624956,-14.784634317271411,-10.200255117553752,-0.3356223508162538,-0.1426282041231321,0.47088630536973425,0.5955829745413959,20.187416471351163,19.006490630572245,109.19154474063066,34.459428769965356,18.187416471351163,learned,26
53.2,-9.24776362394914,-14.798761216923594,-10.1531373289763,-0.3359898115210688,-0.1399092888601226,0.47146766108505944,0.5956051695580933,20.189370055081234,19.0032650214987,109.06218077130568,34.451273198850735,18.189370055081234,learned,26
53.300000000000004,-9.281380577012897,-14.812616368755698,-10.10596238769358,-0.3363479273453573,-0.1371933094571684,0.47202936436722587,0.5956203935513419,20.191287846117167,18.9999953005963,108.93274669921429,34.443214675576904,18.191287846117167,learned,26
53.400000000000006,-9.315032862126827,-14.826200077310205,-10.058732240402605,-0.3366964436060103,-0.13448044255242592,0.47257179087507706,0.595628728401266,20.193170633633805,18.99668242263079,108.80324452475486,34.435249380923736,18.193170633633805,learned,26
53.5,-9.348719493020326,-14.839512676931918,-10.011448784149252,-0.33703485999824057,-0.13177114128502762,0.4730955487219215,0.5956303625152838,20.195019173193298,18.9933273137574,108.67367613393134,34.42737459706773,18.195019173193298,learned,26
53.6,-9.382439469918609,-14.85255454480648,-9.964113861467922,-0.337363356972865,-0.1290658477476119,0.4736011308881939,0.5956257708170346,20.196834206316478,18.989930888181867,108.54404333952532,34.41958947036677,18.196834206316478,learned,26
53.7,-9.416191817261279,-14.865326094441116,-9.916729267279152,-0.3376822679901624,-0.12636481247070971,0.4740889864356129,0.5956154354995211,20.198616477225393,18.986494060001533,108.41434781974492,34.4118937540903,18.198616477225393,learned,26
53.800000000000004,-9.449975589755923,-14.877827762626112,-9.869296752964146,-0.3379918831990268,-0.12366822508633842,0.4745595434272299,0.5955997844713267,20.200366728834894,18.983017737991084,108.28459114364799,34.40428732258041,18.200366728834894,learned,26
53.900000000000006,-9.483789872843772,-14.890060001984239,-9.821818027616246,-0.3382924655676081,-0.12097626521526843,0.4750132183919247,0.595579219459763,20.202085698822103,18.979502821346237,108.15477481098966,34.39677007041594,18.202085698822103,learned,26
54.0,-9.517633774317801,-14.902023284696043,-9.77429475900135,-0.33858427105165634,-0.1182891010881826,0.47545041802459026,0.5955541285555742,20.20377411959209,18.97595020096734,108.02490027853169,34.389341886804864,18.20377411959209,learned,26
54.1,-9.551507662516087,-14.913718556985259,-9.726727133995155,-0.33889219135704857,-0.11561606062143501,0.47590037564589244,0.5955637315823583,20.205432946692028,18.972360806925717,107.89496592029859,34.38199405174491,18.205432946692028,learned,27
54.2,-9.585411990527064,-14.925146556459367,-9.679114927988849,-0.3391930710461663,-0.11294362346504527,0.4763420427075039,0.5955753043720845,20.207062838254043,18.968735240020226,107.76497184860526,34.37472595028682,18.207062838254043,learned,27
54.300000000000004,-9.6193460021168,-14.936307494528592,-9.631459419499151,-0.3394858556560495,-0.1102748544593621,0.47676643216953546,0.595581581783908,20.20866422178889,18.96507404721399,107.63492155982908,34.36754361358448,18.20866422178889,learned,27
54.400000000000006,-9.653308861888945,-14.947201743721962,-9.583762321286486,-0.3397700898222479,-0.10760984646876079,0.4771738459805121,0.5955824647206146,20.210237806158023,18.961378088370196,107.50481703144614,34.3604429486584,18.210237806158023,learned,27
54.5,-9.687299696262926,-14.95782969892025,-9.53602530304488,-0.340045297411468,-0.10494900630335682,0.4775648413997056,0.5955781023147524,20.2117842677837,18.957648195645238,107.37466009920885,34.35342111646702,18.2117842677837,learned,27
54.6,-9.72131760744378,-14.968191793188453,-9.488249983853166,-0.3403116633465802,-0.10229267655810069,0.4779398720565239,0.5955689222823356,20.21330426571965,18.953885187314434,107.24445248992888,34.346477087606424,18.21330426571965,learned,27
54.7,-9.755361729301512,-14.97828848939389,-9.44043794016352,-0.34056949543255566,-0.09964101626002075,0.4782993425718445,0.5955553496067129,20.21479846654695,18.95008988546756,107.11419577899962,34.33961038971509,18.21479846654695,learned,27
54.800000000000004,-9.789431218989193,-14.988120255991817,-9.39259070875778,-0.34081905521807687,-0.09699413534826955,0.47864363530367976,0.5955377572483738,20.21626752448719,18.94626309612796,106.98389142518975,34.332820689437234,18.21626752448719,learned,27
54.900000000000006,-9.823525264393538,-14.997687577269971,-9.34470978884201,-0.34106057911305826,-0.09435213822922474,0.47897312156621913,0.5955164949825064,20.217712094182563,18.942405621696906,106.8535408118957,34.32610768389679,18.217712094182563,learned,27
55.0,-9.857643069699407,-15.006990947760642,-9.296796643109701,-0.341294296405145,-0.09171512080185538,0.4792881627271377,0.5954919000899485,20.219132820650305,18.938518252516534,106.72314527197562,34.319471092899384,18.219132820650305,learned,27
55.1,-9.891785057261586,-15.016031204722822,-9.248851388838375,-0.3415441924489416,-0.0890897984194741,0.47961531819337,0.5955000260484878,20.220530575954,18.934601829178273,106.59270300498542,34.31290290818077,18.220530575954,learned,27
55.2,-9.92595173092559,-15.02480900194496,-9.200873757828958,-0.34178804060470186,-0.0864659900588153,0.47993570202380814,0.5955113015000958,20.221905973896146,18.930656904385092,106.462213914351,34.30640271273906,18.221905973896146,learned,27
55.300000000000004,-9.960142435505986,-15.033324608579278,-9.152864848889294,-0.342024815519615,-0.08384594750285088,0.480240882191591,0.5955186162262562,20.223259407536553,18.92668397927856,106.33168134815868,34.29997577341782,18.223259407536553,learned,27
55.400000000000006,-9.99435643106699,-15.041578399948776,-9.104826172144385,-0.34225385594975655,-0.08122972374350261,0.48053106508572946,0.5955216825979958,20.224591488037056,18.922683802029223,106.20110716896089,34.2936178857363,18.224591488037056,learned,27
55.5,-10.028592919930816,-15.049570778384805,-9.056759202241665,-0.3424746994383116,-0.0786177030157037,0.4808067554269897,0.595520611773477,20.225902793563737,18.91865709544693,106.07049304652786,34.28732631354294,18.225902793563737,learned,27
55.6,-10.062851092778146,-15.05730217602104,-9.008665367844515,-0.34268752551660214,-0.07601015373619327,0.48106836155200733,0.5955157866102496,20.227193889544726,18.914604571297982,105.93984048149551,34.28110008287908,18.227193889544726,learned,27
55.7,-10.0971301603131,-15.064773046411574,-8.960546059824992,-0.3428926111396371,-0.07340716848167331,0.48131623771454557,0.5955075783282192,20.228465342295205,18.91052693984384,105.80915078627574,34.27493879949107,18.228465342295205,learned,27
55.800000000000004,-10.131429361645132,-15.071983850561082,-8.912402634625323,-0.34309018810508457,-0.07080879983145134,0.48155071530935356,0.5954963095792475,20.229717714868283,18.906424904073873,105.67842514076779,34.268842206274805,18.229717714868283,learned,27
55.900000000000006,-10.165747955441475,-15.078935047611594,-8.864236416149652,-0.3432804721512814,-0.06821509519119658,0.4817721127093771,0.595482283831188,20.230951557083156,18.90229915043132,105.54766465167152,34.26281008417374,18.230951557083156,learned,27
56.0,-10.200085223652422,-15.085627109743655,-8.816048697161023,-0.3434636911870194,-0.06562608548089105,0.48198073229101407,0.595465797975954,20.232167419599904,18.898150363271142,105.41687039468046,34.25684215451571,18.232167419599904,learned,27
56.1,-10.234441608190536,-15.092060747556388,-8.76783954811981,-0.34366280114462633,-0.06304657717645917,0.4822007337026751,0.5954800914956236,20.233366081326356,18.893979287906095,105.28604052110232,34.250930817267545,18.233366081326356,learned,28
56.2,-10.268817654345185,-15.098236526362598,-8.719608674175106,-0.3438569269174068,-0.06046888818230353,0.48241523737647196,0.5954985590915267,20.234548120848434,18.889786439471987,105.1551747803487,34.24507551075905,18.234548120848434,learned,28
56.300000000000004,-10.303212809376419,-15.104154697619379,-8.671357030863874,-0.34404497693324887,-0.05789443402539974,0.4826161263332917,0.5955140947459371,20.235713876254234,18.88557225040771,105.02427624335965,34.239280604923785,18.235713876254234,learned,28
56.400000000000006,-10.337626423686743,-15.109815584495664,-8.623085975123104,-0.3442261037674557,-0.0553232577283948,0.48280349218604074,0.5955262256421978,20.236863858007723,18.88133735373156,104.8933467104397,34.23354138532765,18.236863858007723,learned,28
56.5,-10.372057780157775,-15.115219536237419,-8.574796836590394,-0.34439983166815724,-0.052755749423903785,0.4829777937473772,0.5955350219789066,20.237998542652022,18.87708235748943,104.76238783551638,34.227854783918964,18.237998542652022,learned,28
56.6,-10.40650614676997,-15.120366933755577,-8.526490902644582,-0.34456631075254446,-0.050192146840830454,0.48313940112639064,0.5955408256625887,20.239118397475988,18.87280786280704,104.6314011270304,34.22221949806561,18.239118397475988,learned,28
56.7,-10.440970809198916,-15.125258167274296,-8.478169427602552,-0.3447257707476185,-0.047632520893557705,0.48328862692473523,0.5955439622555255,20.240223884838237,18.868514463337668,104.50038793367266,34.21663480691982,18.240223884838237,learned,28
56.800000000000004,-10.475451076868922,-15.129893640056252,-8.429833634698298,-0.34487839455457,-0.04507691185093075,0.4834257629490631,0.5955447114158919,20.241315469405134,18.864202752058354,104.36934949074364,34.21110015091779,18.241315469405134,learned,28
56.900000000000006,-10.509946271777153,-15.134273754432797,-8.381484718760476,-0.34502434462343057,-0.042525361050017446,0.48355109196176,0.5955433344876531,20.242393603538375,18.859873307366314,104.23828696293005,34.20561506212734,18.242393603538375,learned,28
57.0,-10.544455736409873,-15.138398918323219,-8.333123847201932,-0.3451637782258453,-0.03997790518994686,0.4836648882388024,0.595540083300503,20.24345873708844,18.855526702315768,104.10720147043388,34.20017909951876,18.24345873708844,learned,28
57.1,-10.578979918267578,-15.142269724048674,-8.284751066647004,-0.3453187123452328,-0.03743818862772549,0.48378928486908346,0.595565868076432,20.244511570874177,18.851163604235495,103.97609115632687,34.19478540002874,18.244511570874177,learned,28
57.2,-10.613519381266087,-15.145886647514999,-8.236366067023482,-0.34546937308496617,-0.03490022753614374,0.48390927510216547,0.5955965917898602,20.245552647085233,18.846784492276218,103.84495568607807,34.189433716267004,18.245552647085233,learned,28
57.300000000000004,-10.648073620628566,-15.14924990851432,-8.187969682039693,-0.3456142491311225,-0.032365009167191094,0.4840170013703415,0.5956250167986559,20.246582233427652,18.84238972134843,103.71379807013221,34.18412809937619,18.246582233427652,learned,28
57.400000000000006,-10.682642007246614,-15.152359793893993,-8.139563135802746,-0.3457523284302711,-0.029832703212433174,0.48411250400531386,0.5956505513555832,20.247600737379337,18.837979816764975,103.58262008343327,34.178864255207,18.247600737379337,learned,28
57.5,-10.717223840765655,-15.155216613784432,-8.091147629427724,-0.3458831734336004,-0.027303719859771706,0.484196212496368,0.5956732619301516,20.248608530587905,18.83355527722802,103.4514233087714,34.17363956827022,18.248608530587905,learned,28
57.6,-10.751818404067308,-15.157820710912347,-8.042724325787276,-0.34600693926332493,-0.02477826226920304,0.48426845837230525,0.5956934648573415,20.249605978359533,18.829116597822914,103.3202091492517,34.16845302381654,18.249605978359533,learned,28
57.7,-10.786425000987947,-15.16017244104296,-7.994294357136823,-0.3461238366822995,-0.02225637555125365,0.48432951091232407,0.595711450043496,20.25059344840654,18.82466427341317,103.18897883659129,34.16330407317268,18.25059344840654,learned,28
57.800000000000004,-10.821042951662093,-15.16227216180414,-7.945858831051737,-0.34623402926233177,-0.019738082014093414,0.4843796192268087,0.5957274632104286,20.251571302823383,18.82019879075051,103.05773348687255,34.15819230025979,18.251571302823383,learned,28
57.900000000000006,-10.855671592522413,-15.1641202326864,-7.897418829496019,-0.34633766248244324,-0.01722340651257363,0.48441902466559533,0.5957417340120355,20.252539898110197,18.815720628490713,102.92647414576028,34.15311734501235,18.252539898110197,learned,28
58.0,-10.890310276299715,-15.165717017836869,-7.8489754111506045,-0.3464348771181177,-0.014712370339065204,0.4844479609144562,0.5957544836247677,20.253499588565745,18.811230260837128,102.79520181528154,34.14807886880614,18.253499588565745,learned,28
58.1,-10.924959416501224,-15.167063031345606,-7.80052859778516,-0.3465467902744177,-0.012207922183016246,0.4844869385817741,0.5957946834857354,20.25445100845425,18.80672829481157,102.66391448392449,34.1430707724172,18.25445100845425,learned,29
58.2,-10.959619561675936,-15.168158680200577,-7.75207805854734,-0.34665496494488024,-0.00970509159179388,0.48452249080520754,0.5958404967940863,20.255394661922168,18.802215176413906,102.53261164794704,34.13809303468666,18.255394661922168,learned,29
58.300000000000004,-10.994290239643306,-15.16900415532291,-7.703624525107443,-0.3467574733585228,-0.007204449384615629,0.48454681820398837,0.5958844421970849,20.256330757606538,18.79769119662563,102.40129621898865,34.133149186567884,18.256330757606538,learned,29
58.400000000000006,-11.028970829211175,-15.169599687680602,-7.6551691219210625,-0.3468531751676754,-0.004706270233862482,0.4845598959480767,0.5959258065100245,20.257259600481113,18.79315677436915,102.26996991256776,34.12823502699826,18.257259600481113,learned,29
58.5,-11.063660628162324,-15.169945545494556,-7.60671295307111,-0.34694166882555666,-0.00221097809817187,0.48456212409118066,0.5959646483604288,20.25818146573969,18.788612309850485,102.13863422843404,34.12334814786238,18.25818146573969,learned,29
58.6,-11.09835892310366,-15.170042029581964,-7.558257089694962,-0.3470231107429624,0.0002812475638166815,0.4845537987016682,0.5960012603393815,20.25909662840972,18.78405820531389,102.00729046649957,34.11848767287698,18.25909662840972,learned,29
58.7,-11.133065019268543,-15.169889442622662,-7.509802575339563,-0.34709769365652493,0.0027703738642558475,0.484535150694129,0.5960359017468737,20.260005358963557,18.779494855549785,101.87593974960764,34.11365316395121,18.260005358963557,learned,29
58.800000000000004,-11.167778237722814,-15.169488100335002,-7.4613504314329475,-0.34716556457549674,0.005256384038022613,0.484506392852845,0.5960687909255559,20.260907932612625,18.774922658361824,101.74458308480176,34.108844313507035,18.260907932612625,learned,29
58.900000000000006,-11.202497915364802,-15.16883831191808,-7.412901658797637,-0.34722685453373076,0.007739257605303315,0.48446773126264037,0.596100131901042,20.261804615578328,18.77034199975276,101.61322140960301,34.10406087201581,18.261804615578328,learned,29
59.0,-11.237223398406059,-15.167940395884216,-7.364457237767056,-0.3472816904812237,0.010218976804397338,0.4844193654257668,0.5961301213912343,20.262695673717264,18.76575326426424,101.48185561899056,34.09930262582354,18.262695673717264,learned,29
59.1,-11.271955055184662,-15.166794788092375,-7.316017176373862,-0.34735034062989834,0.012693060359767009,0.4843805548458435,0.5961861243183795,20.26358167341614,18.761156998013167,101.35048357153597,34.094564155881365,18.26358167341614,learned,29
59.2,-11.306693410035223,-15.16540184058249,-7.267581130145118,-0.34741564024695276,0.015165801904488324,0.48433906531082505,0.5962482359066313,20.26446309029968,18.756553624744253,101.21910461798178,34.089845670573304,18.26446309029968,learned,29
59.300000000000004,-11.341438009869307,-15.16376170143485,-7.219149757642299,-0.3474752551656743,0.017636914531232006,0.4842870780753341,0.5963087184482356,20.265340073457377,18.751943372185764,101.08772157637588,34.085150299321576,18.265340073457377,learned,29
59.400000000000006,-11.376188225112855,-15.161874550394714,-7.1707241125404835,-0.3475279395724773,0.020106008364185815,0.4842245206434851,0.596366755233929,20.266212835980795,18.747326565742533,100.95633610559165,34.080473956428584,18.266212835980795,learned,29
59.5,-11.410943343769759,-15.159740612842143,-7.122305233147927,-0.3475733267007084,0.02257264096242728,0.48415177288099137,0.5964224012707966,20.267081567840624,18.742703519366852,100.82494962938686,34.07581444423182,18.267081567840624,learned,29
59.6,-11.445702643599361,-15.157360141165555,-7.073894124710932,-0.34761157509158525,0.025036646363757343,0.48406910178197576,0.5964759308629355,20.267946455976034,18.738074545713477,100.69356335613845,34.07117103300392,18.267946455976034,learned,29
59.7,-11.48046542191878,-15.154733401723206,-7.025491770124063,-0.3476428647098518,0.027497994803024027,0.4839767069938404,0.5965275802630261,20.268807695403762,18.73343996338489,100.56217831555148,34.06654340498495,18.268807695403762,learned,29
59.800000000000004,-11.51523098628968,-15.151860662735999,-6.977099131792784,-0.34766733404706174,0.029956668853029687,0.4838747701521291,0.5965775476515497,20.269665475913413,18.72880008403363,100.43079542843451,34.06193135183448,18.269665475913413,learned,29
59.900000000000006,-11.549998663365841,-15.148742189630866,-6.928717155708,-0.34768511528693,0.03241265143263084,0.48376346446736945,0.596626020986724,20.270519985324924,18.724155214461938,100.29941556105616,34.0573346655375,18.270519985324924,learned,29
60.0,-11.584767791442573,-15.14537825062871,-6.880346771329641,-0.34769634785215175,0.03486593557223009,0.48364295199293433,0.5966731842352991,20.271371409700148,18.719505658038972,100.16803955706371,34.05275308912302,18.271371409700148,learned,29
60.1,-11.619538696482778,-15.141769227571785,-6.831987983547151,-0.34772064985531115,0.03731440920296099,0.4835315426833813,0.5967451451329424,20.272220269803533,18.714851922698628,100.03666521749514,34.048181591099,18.272220269803533,learned,30
60.2,-11.654311880003661,-15.13791540171951,-6.7836404466070235,-0.34774193115195895,0.039761969552506944,0.48341793165665997,0.5968235598157896,20.273067005632228,18.710194401310535,99.90529182175666,34.04362033227991,18.273067005632228,learned,30
60.300000000000004,-11.689086903817952,-15.133816875517368,-6.7353047747164965,-0.34775746886529624,0.04220845066198241,0.483294243602879,0.5969004409100076,20.273911716169167,18.70553326831699,99.77392215263264,34.03907188270169,18.273911716169167,learned,30
60.400000000000006,-11.723863129038364,-15.129473780281842,-6.686981980223209,-0.34776593036951947,0.04465333751958942,0.483160381329361,0.5969748880512055,20.27475453712056,18.700868770360927,99.64255785149099,34.03453214110064,18.27475453712056,learned,30
60.5,-11.758639827836305,-15.124886295758188,-6.638673062436283,-0.34776697276741586,0.04709616186527648,0.48301671724259954,0.5970469537197809,20.275595579176194,18.696201141496402,99.51120029345569,34.02999904958764,18.275595579176194,learned,30
60.6,-11.793416268657893,-15.120054642669857,-6.590378988767043,-0.3477607496758376,0.04953675800531887,0.4828635003643978,0.5971168975945471,20.276434965218836,18.691530629854842,99.37985061638787,34.025472002235624,18.276434965218836,learned,30
60.7,-11.828191731590778,-15.114979041740298,-6.542100705904886,-0.3477474223116822,0.0519750862871633,0.4827009100225114,0.5971849360587875,20.277272812627494,18.68685747599573,99.24850976992109,34.02095081970688,18.277272812627494,learned,30
60.800000000000004,-11.862965513020754,-15.109659722074866,-6.49383914237842,-0.3477271094985789,0.054411113660393466,0.48252911052741976,0.5972512490371065,20.27810924339588,18.68218192313127,99.11717858642055,34.01643545420277,18.27810924339588,learned,30
60.900000000000006,-11.897736918646842,-15.104096916504204,-6.445595211582258,-0.34769991838325937,0.05684480259591543,0.48234826214421367,0.5973160058289388,20.278944377853005,18.677504211435075,98.98585782972607,34.01192593819249,18.278944377853005,learned,30
61.0,-11.932505265809596,-15.098290861584246,-6.39736980991438,-0.34766595331454603,0.059276118177115644,0.4821585198498141,0.5973793698681124,20.279778335681485,18.67282457877004,98.85454822321036,34.00742233273998,18.279778335681485,learned,30
61.1,-11.967270840425044,-15.09224188607186,-6.349162946455181,-0.3476444522739452,0.0617032220126517,0.48197752081596446,0.5974665541898537,20.280611594240174,18.668143496177617,98.72324741160723,34.002920426463255,18.280611594240174,learned,30
61.2,-12.002034116536379,-15.085950224660337,-6.300974278245121,-0.3476200013935365,0.06412985283880336,0.48179462028334114,0.5975603396544468,20.2814445730707,18.66346134218733,98.5919545078961,33.99842075701401,18.2814445730707,learned,30
61.300000000000004,-12.036794644780457,-15.079415937885642,-6.252804389223456,-0.3475894732832624,0.0665557075397858,0.48160193280583247,0.5976525126072598,20.28227731489408,18.65877823464292,98.46067219327969,33.99392577343027,18.28227731489408,learned,30
61.400000000000006,-12.071551748085767,-15.072639136575162,-6.204654262401164,-0.347551522207787,0.06898014131648722,0.4813993647206861,0.5977421424313938,20.283109886407033,18.65409435420407,98.32940204897211,33.98943174174041,18.283109886407033,learned,30
61.5,-12.106304672081023,-15.065619987435639,-6.156524869147688,-0.34750585683006147,0.0714026796804936,0.4811872826652846,0.597829293524122,20.283942340765638,18.649409879431005,98.19814537720434,33.984936937139544,18.283942340765638,learned,30
61.6,-12.141052649822086,-15.058358683250844,-6.108417148003355,-0.34745263896541495,0.07382316474318552,0.48096591796296717,0.597914216438019,20.284774727198954,18.6447249868234,98.06690323712115,33.980440995222104,18.284774727198954,learned,30
61.7,-12.175794937182218,-15.050855437293649,-6.0603320193476975,-0.34739202663576674,0.07624155206143667,0.48073543260447393,0.597997115872855,20.285607112713063,18.6400398687412,97.93567650302647,33.9759439233131,18.285607112713063,learned,30
61.800000000000004,-12.210530799347907,-15.043110457248986,-6.0122703881934285,-0.34732413760310915,0.07865780008578749,0.4804959748213234,0.5980781620286542,20.2864395558108,18.635354706993848,97.8044659368332,33.97144585204348,18.2864395558108,learned,30
61.900000000000006,-12.245259514078498,-15.035123962908983,-5.964233144419268,-0.34724907964404617,0.08107186326042345,0.48024768994113953,0.5981575160607403,20.28727212190341,18.630669689082254,97.67327223600317,33.96694697723316,18.28727212190341,learned,30
62.0,-12.27998036891222,-15.026896174065769,-5.9162211627699435,-0.3471669577219031,0.08348369875689607,0.47999071840981317,0.5982353335031143,20.28810487290099,18.625984997319083,97.5420960608614,33.96244751816827,18.28810487290099,learned,30
62.1,-12.31469360459596,-15.018427385017276,-5.868234453257173,-0.3470966806186124,0.08589183630678307,0.4797422718943637,0.598336160266932,20.288938249511926,18.621301073365743,97.41093499334254,33.957943751691154,18.288938249511926,learned,31
62.2,-12.349399665836245,-15.00971779320389,-5.820272673619911,-0.3470234594077244,0.0882998285066908,0.4794921142984688,0.5984436721764476,20.28977265356772,18.616618284168773,97.27978806800716,33.95343637515209,18.28977265356772,learned,31
62.300000000000004,-12.384098085109144,-15.000767428427935,-5.772336392430589,-0.34694385306007225,0.09070721313707421,0.47923231190724225,0.5985494503106856,20.290608079867074,18.611936700411167,97.14865790999457,33.94892762256087,18.290608079867074,learned,31
62.400000000000006,-12.418788156006485,-14.991576394997537,-5.724426577799022,-0.34685649202617314,0.09311323076911406,0.47896278377063634,0.5986525269655866,20.29144454481805,18.607256454926052,97.01754607448551,33.944413909143805,18.29144454481805,learned,31
62.5,-12.453469090629369,-14.98214485310018,-5.676544183399528,-0.34676112711005336,0.09551739783279029,0.47868389842731907,0.5987529767583273,20.292282046547264,18.602577673882944,96.88645382276415,33.93989371968121,18.292282046547264,learned,31
62.6,-12.488140096887946,-14.972472991794348,-5.628690134733915,-0.3466579294608145,0.0979195613611883,0.4783958762648371,0.5988510457387779,20.293120588080154,18.59790048959922,96.75538216353492,33.93536685090603,18.293120588080154,learned,31
62.7,-12.522800399456173,-14.962561018764973,-5.580865337513387,-0.3465470562486287,0.10031967133895771,0.47809886750585945,0.598946930672937,20.293960185245837,18.593225045795744,96.62433192012237,33.93083346041996,18.293960185245837,learned,31
62.800000000000004,-12.557449237443507,-14.9524091379717,-5.533070684177801,-0.34642862642509537,0.1027176778095449,0.47779301022024395,0.5990407959034892,20.29480085086764,18.588551480729123,96.4933038053295,33.92629381783812,18.29480085086764,learned,31
62.900000000000006,-12.59208585973829,-14.94201756361872,-5.485307051800191,-0.3463027501064024,0.10511352721907728,0.47747844017376373,0.599132797605392,20.29564260187492,18.583879935702623,96.36229846950384,33.92174825843067,18.29564260187492,learned,31
63.0,-12.6267095268704,-14.931386512704194,-5.437575305812061,-0.34616953471719725,0.1075071688937899,0.47715528870355967,0.5992230867278531,20.296485456208952,18.579210551389938,96.23131652775986,33.917197141333965,18.296485456208952,learned,31
63.1,-12.661320440005511,-14.920516261830926,-5.38987545715645,-0.3460476603914117,0.1098976116276158,0.47684049889929553,0.599335740377923,20.297329830490508,18.574543752342528,96.10035552537242,33.91263715711911,18.297329830490508,learned,31
63.2,-12.695919016376138,-14.909406960010529,-5.342207171022892,-0.3459227895531955,0.11228817512242305,0.47652406069820036,0.5994550784077907,20.298176101012622,18.569879884626694,95.96941444223386,33.90806913823653,18.298176101012622,learned,31
63.300000000000004,-12.73050477122888,-14.898058632388711,-5.294571007834747,-0.3457912359111586,0.11467815540013067,0.47619801699314984,0.5995725223416691,20.299024235203458,18.56521899342973,95.8384958577793,33.90349513996336,18.299024235203458,learned,31
63.400000000000006,-12.765076967189088,-14.886471375823021,-5.24696793127805,-0.34565161951871043,0.11706669013652175,0.4758623126197895,0.5996870788897174,20.299874198460437,18.56056116258841,95.70760131037024,33.89891170448888,18.299874198460437,learned,31
63.5,-12.799634787719697,-14.874645361676812,-5.199398890603334,-0.34550373139609813,0.11945329081267762,0.4755173231897449,0.5997988344004559,20.300725951508852,18.555906483703424,95.5767320317736,33.89431750945769,18.300725951508852,learned,31
63.6,-12.834177415352315,-14.862580792978406,-5.1518648019991815,-0.34534775237792964,0.12183780969075556,0.47516326289410427,0.5999080332408462,20.301579463052327,18.551255057340843,95.44588899356849,33.88971249498273,18.301579463052327,learned,31
63.7,-12.868704048218206,-14.850277878344059,-5.104366566287354,-0.3451838405444513,0.1242201919554825,0.4748002747759953,0.6000148671406691,20.30243470590891,18.546606986141306,95.31507298206685,33.8850969476568,18.30243470590891,learned,31
63.800000000000004,-12.903213898884133,-14.837736834771931,-5.056905068457127,-0.34501211788528285,0.1266003805842291,0.474428491502226,0.6001194976009676,20.303291658489563,18.541962376630664,95.18428467500941,33.88047126616147,18.303291658489563,learned,31
63.900000000000006,-12.937706193188205,-14.824957882985473,-5.009481183951721,-0.34483269844807135,0.1289783154125942,0.47404804368528325,0.6002220784738707,20.30415030248545,18.53732133688119,95.05352468962145,33.875835911564714,18.30415030248545,learned,31
64.0,-12.972180165350437,-14.81194125302136,-4.962095769820735,-0.3446456937019816,0.13135393955548144,0.4736590579967309,0.6003227588942599,20.305010621867208,18.5326839762091,94.92279360970628,33.87119136362837,18.305010621867208,learned,31
64.10000000000001,-13.006635985570028,-14.798687199130654,-4.914748842827976,-0.3444696541455997,0.13372686405616063,0.4732783095782592,0.600445314008477,20.305873009228577,18.528050700316467,94.79208896375607,33.86653466343041,18.305873009228577,learned,32
64.2,-13.041074047796428,-14.78519583772868,-4.867440074682236,-0.3442905257715592,0.13610010969789377,0.47289587635903896,0.6005744881971086,20.30673782666043,18.523421845705048,94.6614096958133,33.86186675153972,18.30673782666043,learned,32
64.3,-13.075493849115446,-14.771467183716595,-4.82017003162764,-0.3441044370960611,0.13847265755907437,0.4725038150075827,0.6007015862451086,20.307605011218662,18.518797428477388,94.53075834986245,33.857189526978686,18.307605011218662,learned,32
64.4,-13.109894624445587,-14.757501360028982,-4.7729396764189005,-0.3439100124662653,0.14084355468509693,0.47210210858001717,0.6008256023977165,20.30847450228742,18.514177509773013,94.40013645656973,33.85249965527766,18.30847450228742,learned,32
64.5,-13.144275532336906,-14.743298549205065,-4.725749956443906,-0.3437070817786951,0.14321231342108776,0.47169114267242884,0.6009466356140686,20.309346223643253,18.509562146031197,94.26954522854919,33.847795970453845,18.309346223643253,learned,32
64.60000000000001,-13.178635730873793,-14.728858977556229,-4.678601783933118,-0.34349583548512497,0.14557879266377804,0.471271128462194,0.6010649302621948,20.31022011600131,18.50495141239721,94.13898561198006,33.843078543598075,18.31022011600131,learned,32
64.7,-13.212974397465587,-14.714182874187827,-4.631496059708297,-0.34327643408791403,0.14794293459518434,0.4708422056530152,0.6011806756050507,20.311096125867184,18.500345387300836,94.0084583683713,33.83834777634058,18.311096125867184,learned,32
64.8,-13.247290722327307,-14.699270475655794,-4.58443366503343,-0.3430490038655222,0.15030467740994824,0.4704045048312246,0.6012940322919772,20.311974203100917,18.49574415084382,93.87796415268026,33.83360417514775,18.311974203100917,learned,32
64.9,-13.281583908712491,-14.684122024104,-4.537415474653244,-0.34281366401455066,0.15266395664246396,0.46995815486756237,0.6014051539680526,20.312854302942494,18.49114778698971,93.74750356122935,33.82884831451719,18.312854302942494,learned,32
65.0,-13.315853171050549,-14.66873777192086,-4.490442344453186,-0.3425705310838173,0.15502071142554966,0.46950328082874015,0.6015141897302865,20.31373638558926,18.48655638340764,93.61707715861978,33.82408078001362,18.31373638558926,learned,32
65.10000000000001,-13.35009865486063,-14.653117954730988,-4.443514295388013,-0.3423380966902783,0.15737528122561759,0.4690565487067104,0.6016447435746572,20.314620823020274,18.48197032932163,93.48668247414675,33.81929890657405,18.314620823020274,learned,32
65.2,-13.384320735698566,-14.637262659147382,-4.3966310089454055,-0.34210245609427575,0.1597302995979054,0.46860802621746667,0.601781805400265,20.315507966520087,18.477389954307665,93.35631843260553,33.81450371895252,18.315507966520087,learned,32
65.3,-13.418518892489374,-14.621171907521784,-4.349793058820069,-0.3418596105524646,0.16208438162472083,0.4681498248797349,0.6019166043802724,20.316397733652433,18.47281525693963,93.22598755129435,33.809696975923096,18.316397733652433,learned,32
65.4,-13.452692335937172,-14.604845845140517,-4.303001411259174,-0.34160819936710435,0.1644364966657762,0.46768197421012137,0.6020481312250922,20.317290035607588,18.46824627232852,93.09569136095493,33.8048754416539,18.317290035607588,learned,32
65.5,-13.486840203171596,-14.588284694589674,-4.256257010623813,-0.34134809020026446,0.16678616353561201,0.4672048724042353,0.6021764989009066,20.318184779570476,18.46368304314553,92.9654310639068,33.80003809783148,18.318184779570476,learned,32
65.60000000000001,-13.520961634349078,-14.571488704532385,-4.209560773335397,-0.34107948265507326,0.16913324969747578,0.46671872944568693,0.6023019525594097,20.319081881036325,18.459125620737407,92.83520759098333,33.79518512558184,18.319081881036325,learned,32
65.7,-13.555055787786841,-14.554458137601614,-4.162913594394922,-0.340802540588895,0.17147769681518907,0.4662236843648419,0.6024246808021855,20.319981266812462,18.454574065983977,92.7050216893779,33.79031701880084,18.319981266812462,learned,32
65.8,-13.589121837634593,-14.537193260155618,-4.116316359490156,-0.34051739544524334,0.17381944080629502,0.46571986804622006,0.6025448448837762,20.32088286892569,18.450028442980514,92.57487400178528,33.785434385135154,18.32088286892569,learned,32
65.9,-13.623158968286589,-14.519694346934557,-4.069769938476384,-0.3402241722664118,0.17615841572584875,0.4652074099460996,0.6026625997141056,20.321786623122897,18.445488818299644,92.44476511407878,33.78053788878567,18.321786623122897,learned,32
66.0,-13.657166379271075,-14.501961675472558,-4.023275188636035,-0.33992299317830277,0.17849455933637715,0.46468643544051597,0.6027780953936505,20.322692469047045,18.440955260393505,92.31469558200388,33.77562820017371,18.322692469047045,learned,32
66.10000000000001,-13.691144197946414,-14.483995474874973,-3.9768321332521737,-0.3396323352133495,0.18082906096360835,0.4641735227879764,0.6029148627035608,20.32360076810277,18.436428151720413,92.1846629510058,33.77070290870907,18.32360076810277,learned,33
66.2,-13.725092784268782,-14.465795801952481,-3.9304404663853347,-0.33933834177287964,0.1831640657918942,0.46365866976817083,0.6030579965855479,20.324511860814084,18.431907814297457,92.05466614105885,33.76576310381226,18.324511860814084,learned,33
66.3,-13.759011601563543,-14.447362687438726,-3.884100771509111,-0.3390369399830621,0.18549779138024494,0.4631340834131679,0.6031986874148372,20.325425645668396,18.42739422892486,91.92470764999717,33.76081040272405,18.325425645668396,learned,33
66.4,-13.792899840744212,-14.428696319460869,-3.8378140181303024,-0.33872679237299325,0.1878291422613759,0.4625998461159722,0.6033359297940595,20.326342020486194,18.422887419981635,91.79478901495551,33.75584166246834,18.326342020486194,learned,33
66.5,-13.82675662310794,-14.409796956926584,-3.7915811496786773,-0.33840780227592526,0.19015764889798345,0.462056369202681,0.6034698504452354,20.32726087472458,18.418387413952964,91.66491143526989,33.75085598333283,18.32726087472458,learned,33
66.60000000000001,-13.86058107437566,-14.390664894133806,-3.7454030816443264,-0.33808017817640285,0.1924831895631291,0.46150386324322845,0.6036006965938726,20.328182113966477,18.413894254402916,91.53507583480776,33.745853647031325,18.328182113966477,learned,33
66.7,-13.894372340291739,-14.371300426311791,-3.6992807080969214,-0.33774408757123586,0.1948057077852352,0.46094246789544613,0.6037286569184682,20.32910564759974,18.409407985851182,91.40528295518008,33.74083522081741,18.32910564759974,learned,33
66.8,-13.928129580570385,-14.351703860796988,-3.653214911930263,-0.3373996674965062,0.1971251400911665,0.4603723159374821,0.603853894385352,20.330031394809122,18.404928661380417,91.27553343557875,33.735801394244284,18.330031394809122,learned,33
66.9,-13.961851968429983,-14.33187550958246,-3.6072065625339746,-0.33704704903743826,0.1994414216795809,0.45979353865852157,0.6039765658852528,20.330959278777524,18.400456336317585,91.14582786010665,33.73075290656083,18.330959278777524,learned,33
67.0,-13.995538690825924,-14.311815691180527,-3.561256515327841,-0.3366863602145614,0.2017544915808474,0.45920626330210723,0.6040968235998762,20.33188922832041,18.395991070005877,91.01616678420756,33.7256905061523,18.33188922832041,learned,33
67.10000000000001,-14.029189865104854,-14.29152461886406,-3.515364795923233,-0.3363360795281163,0.20406649247458397,0.45862697201482266,0.6042381907846506,20.33282159099358,18.391533233000057,90.88654778268042,33.720611983252795,18.33282159099358,learned,33
67.2,-14.062805838184431,-14.271002324298024,-3.469531113281846,-0.33598233356651525,0.206378983430243,0.4580455655281043,0.6043857653605539,20.333756699848273,18.387083142780366,90.75696978306351,33.71551848007668,18.333756699848273,learned,33
67.3,-14.09638605848886,-14.250248862430453,-3.423756058793515,-0.33562102251684106,0.20868976963112004,0.4574543850358747,0.6045307313052747,20.33469444327317,18.382640771944374,90.62743526943885,33.710411484876104,18.33469444327317,learned,33
67.4,-14.12992970389314,-14.229264465160668,-3.3780406042933464,-0.33525083759255636,0.21099770295020479,0.4568535693788765,0.6046720918076122,20.335634708085713,18.378206135456786,90.49794579021693,33.7052879225263,18.335634708085713,learned,33
67.5,-14.163435883820057,-14.208049439825118,-3.332385690882802,-0.33487171579814473,0.21330233009178814,0.4562435432116559,0.6048099873402436,20.336577374582895,18.37377925222453,90.3685025475517,33.70014700215747,18.336577374582895,learned,33
67.60000000000001,-14.19690371514298,-14.186604123562574,-3.2867922321893275,-0.33448387347136266,0.21560354219666322,0.4556245179598947,0.6049446672104328,20.337522337622726,18.369360156043687,90.23910646511749,33.69498907972839,18.337522337622726,learned,33
67.7,-14.230332334758714,-14.164928856305778,-3.2412611171603203,-0.334087481877194,0.2179012870162798,0.4549966349140987,0.605076320982361,20.338469497272868,18.364948883210825,90.10975828603495,33.68981478453864,18.338469497272868,learned,33
67.8,-14.263720894930884,-14.143023991957307,-3.1957932277582586,-0.33368268363212383,0.2201955041862236,0.45436002948999393,0.605205113839853,20.339418766527068,18.360545481835995,89.98045865309533,33.684624876240555,18.339418766527068,learned,33
67.9,-14.297068561660126,-14.120889883488417,-3.1503894282504916,-0.33326961564909524,0.22248613263327946,0.4537148353876469,0.6053312050273374,20.340370058286755,18.356149997700705,89.85120815567493,33.67942014809526,18.340370058286755,learned,33
68.0,-14.330374514684081,-14.098526892252266,-3.1050505712628365,-0.33284841157726586,0.22477311503328928,0.4530611821824668,0.6054547490373262,20.34132329305955,18.351762482787926,89.72200735585908,33.67420140857095,18.34132329305955,learned,33
68.10000000000001,-14.363638864597306,-14.075935230590403,-3.0597766852006316,-0.3324375484807484,0.22705963310173208,0.4524154252020786,0.6055993044785972,20.342278815600864,18.347383307274633,89.59285386898969,33.668966640255164,18.342278815600864,learned,34
68.2,-14.396861949469894,-14.053114895708859,-3.0145674888044596,-0.3320230982224135,0.22934656868447212,0.45176736796165695,0.6057498997734584,20.34323694520233,18.343012776308743,89.46374664068357,33.66371699488443,18.34323694520233,learned,34
68.3,-14.430043204920366,-14.030065975151956,-2.9694235888309777,-0.33160097446968667,0.23163131234101625,0.45110952055899295,0.6058977394453884,20.34419756620769,18.3386508605014,89.33468814566118,33.65845385379102,18.34419756620769,learned,34
68.4,-14.463181800441816,-14.006788751110435,-2.9243459524586797,-0.33116990079879227,0.23391267440506744,0.4504420803405847,0.6060418386414974,20.345160558730587,18.334297569251888,89.20567994718014,33.65317418885506,18.345160558730587,learned,34
68.5,-14.496276839636266,-13.983283579349518,-2.8793355184607208,-0.3307298454932367,0.23619022175209808,0.44976548450591064,0.6061823509507036,20.346125795830275,18.329952914885858,89.07672325466673,33.64787729821973,18.346125795830275,learned,34
68.60000000000001,-14.529327435186133,-13.959550847299397,-2.834393191616982,-0.33028103172585777,0.2384638602351136,0.4490799453996203,0.606319527902784,20.347093166884417,18.325616926334504,88.94781899695862,33.64256359286304,18.347093166884417,learned,34
68.7,-14.56233272026293,-13.935590947978199,-2.7895198580808938,-0.3298236343609927,0.24073354373147232,0.4483856063232466,0.6064535603147796,20.348062570270415,18.32128963916193,88.81896792432936,33.637233764660785,18.348062570270415,learned,34
68.8,-14.595291843637824,-13.91140428185463,-2.7447163914330304,-0.32935780115543045,0.24299921739022196,0.4476826053901691,0.6065846156993517,20.349033912290906,18.31697109518215,88.69017068885184,33.63188861714401,18.349033912290906,learned,34
68.9,-14.628203968750313,-13.886991248466074,-2.699983652215451,-0.3288836744565331,0.24526082587719722,0.4469710788520674,0.6067128557762533,20.35000710094634,18.31266133570062,88.56142789082128,33.62652899356675,18.35000710094634,learned,34
69.0,-14.661068273475394,-13.862352262251079,-2.655322485603392,-0.3284013932251487,0.24751831769323995,0.4462511589183696,0.6068384377261368,20.35098205651991,18.308360413317818,88.43274010452785,33.62115575336128,18.35098205651991,learned,34
69.10000000000001,-14.693884865147993,-13.837487519718707,-2.610732920933515,-0.32792941003235065,0.24977597542703261,0.44553902736496104,0.6069849757366377,20.35195911142321,18.304068686555848,88.30410499484951,33.61576702638913,18.35195911142321,learned,34
69.2,-14.726654073921964,-13.81239699665457,-2.5662146927788854,-0.32745373211565976,0.2520339278620421,0.4448244109518338,0.6071373848221581,20.352938580352195,18.299786458099916,88.17552153404034,33.61036398889698,18.352938580352195,learned,34
69.3,-14.759375327965245,-13.787080815061927,-2.521768415812403,-0.32697032006720256,0.25428915897392357,0.4441000188249474,0.6072869118438441,20.353920345127293,18.29551369729736,88.04699219093104,33.60494789602573,18.353920345127293,learned,34
69.4,-14.792047791881487,-13.761539306491613,-2.477395053487271,-0.3264779319180039,0.2565404471074135,0.4433661072232165,0.6074325856140722,20.354904279127986,18.291250407262318,87.91851854617799,33.59951575741329,18.354904279127986,learned,34
69.5,-14.824670568108559,-13.735772882588208,-2.4330955375917256,-0.32597656494378413,0.25878738261733847,0.4426231249450981,0.607574572402965,20.355890253929903,18.2869965992611,87.79010181981384,33.59406694862091,18.355890253929903,learned,34
69.60000000000001,-14.85724277002737,-13.709781989455223,-2.3888707612641156,-0.325466448074996,0.2610298874215677,0.44187128501701106,0.6077131259668949,20.356878160463207,18.28275230428339,87.66174294999821,33.58860193113009,18.356878160463207,learned,34
69.7,-14.889763531042263,-13.68356706853956,-2.344721604604274,-0.32494775911423734,0.26326792324553894,0.44111073233763454,0.6078484381380178,20.35786789260296,18.278517553303413,87.53344269859046,33.583121437747515,18.35786789260296,learned,34
69.8,-14.922232002718374,-13.657128568738699,-2.300648932810873,-0.32442065037169426,0.2655014425085684,0.44034160745986606,0.6079806786585101,20.358859354051614,18.27429238525379,87.40520173140531,33.57762630479973,18.358859354051614,learned,34
69.9,-14.954647349426523,-13.63046694546938,-2.256653595715761,-0.323885269102883,0.26773039748177646,0.43956404914917613,0.6081100119073984,20.359852453991408,18.27007684307159,87.2770206640622,33.5721174183808,18.359852453991408,learned,34
70.0,-14.987008751370013,-13.603582656010985,-2.2127364287152886,-0.3233417586612445,0.26995474415512943,0.4387781915333159,0.608236597181767,20.360847106530905,18.26587097259005,87.14890008738136,33.566595661378955,18.360847106530905,learned,34
70.10000000000001,-15.01931631588377,-13.576475891284645,-2.168897465337068,-0.322808514855226,0.27217990772522793,0.43799998658239475,0.6083841119543871,20.36184364045533,18.26167512970945,87.0208377220813,33.56105931485828,18.36184364045533,learned,35
70.2,-15.051570367068052,-13.549146606586874,-2.1251364536583424,-0.322271486539386,0.2744052029502646,0.4372191192082234,0.6085373321692731,20.362842366139684,18.257489614562154,86.89283257347866,33.555509565222074,18.362842366139684,learned,35
70.3,-15.083770328201354,-13.521594951860607,-2.081454017665237,-0.321726708285145,0.27662722124221534,0.4364285232147411,0.608687563723446,20.363843158494532,18.25331438984593,86.76488710753283,33.54994753061902,18.363843158494532,learned,35
70.4,-15.115915362956002,-13.49382132384926,-2.0378511105664074,-0.3211729741630285,0.2788447174611002,0.43562851382913015,0.6088338507751214,20.364845895043132,18.2491494637728,86.63700292405917,33.544370263212336,18.364845895043132,learned,35
70.5,-15.148004577960819,-13.465826190076768,-1.9943286534398794,-0.320610308047569,0.2810573081753544,0.43481954998302763,0.6089763715880739,20.365850447580396,18.244994847503953,86.50918125614567,33.53877719888652,18.365850447580396,learned,35
70.60000000000001,-15.180037091020495,-13.437610044144094,-1.9508875291794538,-0.3200389430650573,0.2832649322052654,0.43400184421362786,0.6091153812507797,20.366856702366917,18.240850566479217,86.38142305443246,33.53316882906024,18.366856702366917,learned,35
70.7,-15.21201204159297,-13.409173384308815,-1.907528605312109,-0.3194590594059232,0.2854675604762368,0.43317554282571086,0.6092510727303813,20.367864556308042,18.236716654446095,86.2537290956929,33.527545918298614,18.367864556308042,learned,35
70.8,-15.243928585434332,-13.38051671627909,-1.8642527339980006,-0.3188708133808378,0.2876651540941712,0.4323407885204868,0.609383618031119,20.36887391508586,18.23259315226606,86.12610006277423,33.52190933896898,18.36887391508586,learned,35
70.9,-15.27578589390032,-13.351640538312495,-1.8210607548244298,-0.3182743560970937,0.2898576742328597,0.4314977215728535,0.6095131834368032,20.369884683359288,18.22848009708855,85.99853658984664,33.516259991379876,18.369884683359288,learned,35
71.0,-15.307583153480664,-13.322545366361737,-1.777953490614891,-0.3176698348118869,0.29204508558826886,0.43064647796463396,0.6096399305729693,20.370896780806714,18.224377540355043,85.87103928738833,33.51059879534152,18.370896780806714,learned,35
71.10000000000001,-15.339320472674444,-13.293231379240751,-1.7349309772253036,-0.31707554609568067,0.2942339753274561,0.42980271893143257,0.6097875952901339,20.37191052800832,18.22028582995145,85.74360593604852,33.50492416240804,18.37191052800832,learned,35
71.2,-15.370998170576058,-13.263698506169021,-1.6919929799623787,-0.3164774026821891,0.2964228023758341,0.4289561307159014,0.6099408055340819,20.37292622738925,18.216205259141883,85.6162355789187,33.49923727824471,18.37292622738925,learned,35
71.3,-15.402615668135695,-13.233946942724288,-1.6491401251405478,-0.31587153493474607,0.29860778404500454,0.4280998940215659,0.6100909395619447,20.373943758032937,18.212135795855332,85.48893068167106,33.49353913562712,18.373943758032937,learned,35
71.4,-15.434172133682296,-13.203977136872709,-1.6063733571209013,-0.3152567734332275,0.3007876589450337,0.42723438149649534,0.6102370569720067,20.37496299495192,18.20807744501232,85.36169286438437,33.48782680352803,18.37496299495192,learned,35
71.5,-15.465666680596769,-13.173789613880217,-1.563693581148982,-0.31463316625654814,0.3029620719526483,0.42636006062251697,0.6103793473279536,20.375983811385055,18.20403021855999,85.23452337489334,33.48209976912654,18.375983811385055,learned,35
71.60000000000001,-15.497098436346278,-13.143384925089777,-1.5211016670800745,-0.3140009496149889,0.3051309792867517,0.42547714290194905,0.6105180669002453,20.377006097964372,18.199994145559486,85.10742317857117,33.47635855762508,18.377006097964372,learned,35
71.7,-15.52846654865425,-13.112763621844351,-1.4785984684713185,-0.3133603053161307,0.30729436192941484,0.42458577529577757,0.6106534093943481,20.378029752309335,18.195969259538742,84.98039306948499,33.470603956790534,18.378029752309335,learned,35
71.8,-15.559770183055662,-13.081926254555583,-1.4361848211847246,-0.31271139258028186,0.3094521907571558,0.42368610158460507,0.610785548363632,20.379054676793526,18.19195559640046,84.85343374988204,33.46483684309445,18.379054676793526,learned,35
71.9,-15.591008520219475,-13.050873385742307,-1.3938615499064326,-0.31205436596023606,0.3116044367466538,0.42277826355241643,0.6109146523430591,20.380080785623512,18.18795320279948,84.72654587476184,33.459058156957994,18.380080785623512,learned,35
72.0,-15.622180756297894,-13.019605572335422,-1.3516294630244374,-0.3113893754522626,0.31375107419760134,0.4218623978110728,0.6110408843863123,20.381107993603965,18.18396212350763,84.59973007645702,33.45326882095609,18.381107993603965,learned,35
72.10000000000001,-15.653287003515288,-12.988122990354896,-1.309488599654287,-0.31073457207974003,0.31589985346442334,0.4209538144594593,0.6111880280342475,20.382136620571224,18.179982706222216,84.47298419882439,33.44746738624655,18.382136620571224,learned,36
72.2,-15.684327574912459,-12.956425542011857,-1.2674387427978218,-0.31007586403644816,0.31804835223458416,0.4200422482729149,0.611340564784678,20.38316695878247,18.17601523492228,84.34630732666548,33.441655031621735,18.38316695878247,learned,36
72.3,-15.715301892603748,-12.92451346386224,-1.225480520632118,-0.30940949404004453,0.3201924344719985,0.4191211444196105,0.6114899539606725,20.38419888932798,18.172059679740695,84.21970192719893,33.435832612732725,18.38419888932798,learned,36
72.4,-15.746209133183584,-12.892387263476849,-1.1836148635484278,-0.3087343297351878,0.32233082883416614,0.41819093183454237,0.6116352712545272,20.38523229111277,18.168116048823702,84.09316964117416,33.42999721893261,18.38523229111277,learned,36
72.5,-15.777048420975916,-12.860047522000968,-1.1418426604941487,-0.30805044108278457,0.32446321000087663,0.4172520847811506,0.611776716743607,20.386267039535863,18.164184354972033,83.96671173217231,33.424148381265766,18.386267039535863,learned,36
72.60000000000001,-15.807818895438686,-12.827494844794273,-1.100164762698114,-0.3073580660361551,0.3265895518635408,0.41630481268508845,0.6119145473092468,20.387303027357362,18.160264627935973,83.84032918188512,33.41828664342652,18.387303027357362,learned,36
72.7,-15.838519716868177,-12.79472983442247,-1.0585820069536567,-0.30665738722610875,0.32870984600674563,0.4153492624227035,0.6120489570264831,20.38834015369884,18.156356901144,83.71402280339296,33.4124128053811,18.38834015369884,learned,36
72.8,-15.869150063255802,-12.761753099039197,-1.0170952128246427,-0.3059485662900867,0.33082407360880767,0.4143855785475053,0.6121801210446449,20.38937832703388,18.152461215586833,83.58779332003277,33.406527769889244,18.38937832703388,learned,36
72.9,-15.899709127959795,-12.728565242141485,-0.9757051863707602,-0.3052317599092784,0.33293221614230756,0.41341390291651525,0.6123082090968645,20.390417457420806,18.14857761148604,83.46164140931259,33.40063247091274,18.390417457420806,learned,36
73.0,-15.930196120170876,-12.69516687747091,-0.9344127206131816,-0.30450712032425886,0.3350342579187919,0.41243437253254617,0.6124333857275281,20.391457466458487,18.144706139404967,83.33556772704786,33.39472785775455,18.391457466458487,learned,36
73.10000000000001,-15.960611155140214,-12.661558168940246,-0.8932178555987775,-0.3037926052653507,0.3371390995049332,0.411461886916068,0.6125794673456151,20.39249866614202,18.140847138922783,83.20957018398734,33.38881259993396,18.39249866614202,learned,36
73.2,-15.990954542066902,-12.627739001996815,-0.8521203952841461,-0.3030741554171523,0.3392434254902872,0.4104862789685484,0.6127307978563254,20.393541346148314,18.13700089277881,83.08364791066694,33.38288788158512,18.393541346148314,learned,36
73.3,-16.021225705510005,-12.5937096523121,-0.8111209655180573,-0.3023481385624592,0.3413427686024109,0.40950127251087814,0.6128789234076919,20.394585387654647,18.133167370905625,82.95780337666848,33.37695441201307,18.394585387654647,learned,36
73.4,-16.0514238338219,-12.55947068054229,-0.7702204836532474,-0.3016134594562193,0.343435852850628,0.40850735092022616,0.6130229357081572,20.395630670852672,18.129346581134545,82.83203824312193,33.37100929197289,18.395630670852672,learned,36
73.5,-16.08154806564562,-12.525022725574672,-0.7294198148883879,-0.3008702077759423,0.3455223839742775,0.40750499359651293,0.6131630448424797,20.396677075695056,18.125538539207888,82.70635378976533,33.36505208693872,18.396677075695056,learned,36
73.60000000000001,-16.111597555107437,-12.490366447716951,-0.688719792291522,-0.3001186220816685,0.3476023532917181,0.40649440701756107,0.6132995078024264,20.397724498783962,18.121743277004196,82.58075101564869,33.359083362550216,18.397724498783962,learned,36
73.7,-16.141571478336118,-12.455502499826252,-0.6481212335638702,-0.29935888511260744,0.3496757632461177,0.40547573728438185,0.6134325187206261,20.3987728416885,18.117960828327003,82.45523075411009,33.353103925410274,18.3987728416885,learned,36
73.8,-16.171469028107822,-12.420431537553668,-0.6076249391771853,-0.2985911599553451,0.35174260567306714,0.40444912870726524,0.6135622536965775,20.399822013263215,18.11419123240592,82.32979375089,33.3471146835044,18.399822013263215,learned,36
73.9,-16.201289413729683,-12.385154219344258,-0.5672316956333816,-0.29781560495405307,0.35380287275794436,0.40341472294558156,0.6136888837311485,20.40087192991764,18.11043453422704,82.20444070730485,33.341116587650156,18.40087192991764,learned,36
74.0,-16.231031859992072,-12.349671201780438,-0.5269422754645348,-0.29703237355613116,0.35585655921378373,0.402372656339545,0.6138125741996524,20.401922512200525,18.106690780865566,82.07917230393745,33.3351105817196,18.401922512200525,learned,36
74.10000000000001,-16.260702139115892,-12.313979532569647,-0.4867549417540431,-0.2963721748622291,0.3579761758450643,0.4013729610410881,0.6140713821373822,20.402976654373607,18.10296228588622,81.95398652266616,33.32907735187668,18.402976654373607,learned,37
74.2,-16.290305743576027,-12.27807580307126,-0.4466680553741753,-0.29569887644383347,0.36009770336396624,0.40036367179437476,0.6143282926830104,20.404036830902896,18.09925093851637,81.82888251478387,33.32300098791717,18.404036830902896,learned,37
74.3,-16.31984125135932,-12.241960316896439,-0.40668274695053697,-0.2950102436459223,0.36221130572185356,0.39934142504052755,0.6145743629554977,20.405102345411155,18.095556200861797,81.70386264947207,33.31688441488622,18.405102345411155,learned,37
74.4,-16.349307112628594,-12.205633925274014,-0.36680025653913617,-0.2943059564274296,0.3643157831610335,0.39830729976024637,0.6148094752776668,20.40617271829887,18.091877800086795,81.57892843842228,33.31072724795196,18.40617271829887,learned,37
74.5,-16.378701784065925,-12.16909755114466,-0.32702174177393317,-0.29358646129617033,0.3664109103771277,0.39726193485701755,0.6150341538371219,20.407247500832447,18.08821549672152,81.45408097824681,33.3045314910701,18.407247500832447,learned,37
74.60000000000001,-16.40802377311047,-12.132352131418884,-0.2873483086004853,-0.2928523089855888,0.36849668729835394,0.39620568647651205,0.6152489166381163,20.408326277040906,18.08456907950796,81.32932107754414,33.29830003773327,18.408326277040906,learned,37
74.7,-16.43727163760923,-12.09539860021323,-0.24778102850541472,-0.29210398651792585,0.37057312170631684,0.3951388521112901,0.6154542143154577,20.409408654458367,18.080938355047415,81.20464938514066,33.29203594253718,18.409408654458367,learned,37
74.8,-16.466443984187208,-12.05823789164424,-0.20832094689831138,-0.2913419521786203,0.3726402156851049,0.3940617233633226,0.6156504732924054,20.410494265273847,18.077323149395028,81.0800664740125,33.285742272171106,18.410494265273847,learned,37
74.9,-16.495539463299792,-12.020870938897133,-0.1689690798521042,-0.2905666489950598,0.37469797608713296,0.3929745842282956,0.6158381074936933,20.411582762364326,18.073723304428718,80.95557288733788,33.27942203698509,18.411582762364326,learned,37
75.0,-16.524556769814808,-11.983298674225807,-0.1297264131717384,-0.28977850478391715,0.3767464161173,0.3918777086946673,0.6160175179845253,20.412673820369758,18.07013867898971,80.83116916350625,33.27307814377764,18.412673820369758,learned,37
75.10000000000001,-16.553495510830544,-11.945521665737033,-0.09059304278343916,-0.28899533559632024,0.3787929305797046,0.39078865384203965,0.6162127556495923,20.413767623667137,18.066569556174667,80.70685321338645,33.26671146952466,18.413767623667137,learned,37
75.2,-16.582355545891915,-11.907540122047067,-0.051568816881626844,-0.2882043822240277,0.3808370569791716,0.3896948437525057,0.6164095238954214,20.414864353000425,18.06301617327671,80.58262413815606,33.260324845399296,18.414864353000425,learned,37
75.3,-16.611135890416335,-11.869354563765228,-0.012654531747102737,-0.2874015318513241,0.382873230917545,0.38858985052023437,0.6165984296047675,20.41596369186196,18.059478345869458,80.45848428555809,33.25392019268683,18.41596369186196,learned,37
75.4,-16.639835314592347,-11.830965855158865,0.02614873368293047,-0.2865859858078693,0.3849000604123326,0.38747442057385584,0.616778736959966,20.417065316028225,18.055955921285605,80.33443524421591,33.24749621493707,18.417065316028225,learned,37
75.5,-16.668452566838823,-11.792374939657748,0.06483996473252773,-0.28575810096889853,0.3869173263131861,0.3863491698464021,0.6169508819279699,20.418168916713622,18.05244876769956,80.21047823049882,33.24105405809871,18.418168916713622,learned,37
75.60000000000001,-16.696986436028965,-11.753582774661481,0.10341819375753403,-0.28491833219291635,0.38892507127008125,0.3852144140242978,0.6171153148756834,20.41927421355995,18.04895677850608,80.08661419859841,33.23459573782128,18.41927421355995,learned,37
75.7,-16.725435753236525,-11.71459030546248,0.14188248571008444,-0.284067070167724,0.3909233392273815,0.3840704089102396,0.6172724167714281,20.420380941604137,18.045479857316355,79.96284395654939,33.22812341646681,18.420380941604137,learned,37
75.8,-16.75379938754486,-11.675398482009768,0.1802319260314107,-0.2832046806110911,0.3929121658307509,0.38291740553469017,0.6174225462673516,20.42148885803813,18.0420179263215,79.83916824151434,33.22163930620235,18.42148885803813,learned,37
75.9,-16.78207624371862,-11.636008245870471,0.21846562903374434,-0.28233151654513394,0.39489158959508786,0.38175564759623914,0.617566050912155,20.42259773336927,18.03857091669703,79.71558776067819,33.21514556933141,18.42259773336927,learned,37
76.0,-16.810265261447057,-11.596420533023775,0.25658272951841354,-0.2814479181765647,0.3968616528997049,0.3805853692356696,0.6177032665159373,20.423707352878814,18.035138770393587,79.59210321330352,33.20864429586735,18.423707352878814,learned,37
76.10000000000001,-16.83839296916267,-11.55661765858531,0.29458896070718765,-0.2811048588565549,0.3991956721989294,0.37953791217497745,0.618406139323713,20.42482979479739,18.0317307636141,79.46871273164264,33.202047745706224,18.42482979479739,learned,38
76.2,-16.866483694582712,-11.516581550240517,0.33248873986303806,-0.2807082790985975,0.40152618717060645,0.3784563481202755,0.6190715825902495,20.42597541330892,18.028354595403435,79.34541546674403,33.195276358934784,18.42597541330892,learned,38
76.3,-16.894532392034307,-11.476313629187644,0.37027908861637115,-0.2802643307479098,0.40383183020216995,0.37734930881052864,0.619694072130589,20.42714140217473,18.025007947633068,79.22221339119734,33.18834386228407,18.42714140217473,learned,38
76.4,-16.922534440120216,-11.43581639509648,0.4079575939103961,-0.2797753236781651,0.40611241964238864,0.376219505735494,0.6202762655646894,20.428325871148655,18.021689467336856,79.09910742589157,33.181260607323665,18.428325871148655,learned,38
76.5,-16.950485429319087,-11.395092343911529,0.4455220466479659,-0.27924318127110415,0.40836810874227636,0.37506821652301414,0.6208199687267678,20.42952705546262,18.01839790697177,78.9760979791027,33.17403889394656,18.42952705546262,learned,38
76.60000000000001,-16.97838114312617,-11.354143952950835,0.4829703429713845,-0.27866984428688263,0.4105991255729899,0.3738964527385379,0.6213268716276812,20.430743292836468,18.015132101625714,78.85318515764175,33.166691545245754,18.430743292836468,learned,38
76.7,-17.00621755386237,-11.312973679043353,0.520300486125052,-0.27805714843848023,0.41280571014777173,0.3727051587977942,0.6217985747192045,20.431973021416365,18.011890967489006,78.73036893787058,33.1592311462363,18.431973021416365,learned,38
76.80000000000001,-17.033990813652053,-11.271583952009678,0.5575105678290129,-0.27740685284269495,0.41498811106993927,0.3714952504590087,0.6222366233572936,20.433214770564756,18.008673493017564,78.60764927024864,33.1516698713624,18.433214770564756,learned,38
76.9,-17.061697247321717,-11.229977178387344,0.5945987710729241,-0.2767206521030956,0.4171465934532654,0.370267612280585,0.6226425173677044,20.43446715931021,18.00547873845617,78.48502613534744,33.14401941160316,18.43446715931021,learned,38
77.0,-17.08933334593894,-11.188155737705529,0.6315633654594421,-0.2760001773871225,0.4192814385028848,0.3690230958788546,0.6230177107296275,20.435728890948916,18.0023058308854,78.36249957251856,33.1362909326317,18.435728890948916,learned,38
77.10000000000001,-17.116896718303906,-11.14612207468599,0.6684043044224381,-0.27526614760373763,0.4213910310757261,0.3677945167077073,0.6233896531126597,20.43699965462288,17.999154829414415,78.2400672137895,33.12849320315467,18.43699965462288,learned,38
77.2,-17.144385477586184,-11.103878041729331,0.705121892504394,-0.27450792325694223,0.42348881502482644,0.3665560478773516,0.623747314717614,20.438279229254007,17.996025810923886,78.11772786746108,33.120635812432944,18.438279229254007,learned,38
77.30000000000001,-17.171796898299363,-11.061425253748894,0.7417147355154157,-0.27371939979707344,0.4255660855866802,0.3652997181010609,0.6240774688062005,20.43956648536358,17.992917960125364,77.9954834367043,33.11272698064904,18.43956648536358,learned,38
77.4,-17.199127965781372,-11.018765839748085,0.7781811319291592,-0.27290088434523674,0.4276212771993422,0.3640270860605407,0.6243801476470382,20.44086028739037,17.989830502089912,77.8733351102631,33.104772256763056,18.44086028739037,learned,38
77.5,-17.22637574977125,-10.975902006030083,0.8145195068791509,-0.2720537538494366,0.42965446822336717,0.3627393086780691,0.6246567162114867,20.4421595812519,17.986762739490988,77.75128369242908,33.09677949685535,18.4421595812519,learned,38
77.60000000000001,-17.253537457814673,-10.932835932821035,0.8507283851504326,-0.27117938749612946,0.4316659710474364,0.36143718270099856,0.6249084795407541,20.443463383866675,17.983714031884777,77.6293297440856,33.08875712962194,18.443463383866675,learned,38
77.7,-17.280610430636443,-10.889569777064025,0.8868063697591424,-0.27027907137964585,0.43365609734041416,0.3601214288655226,0.6251366496331088,20.444770781850618,17.980683795078374,77.50747375390435,33.080713416114975,18.444770781850618,learned,38
77.80000000000001,-17.307592135097366,-10.846105660311878,0.9227521298453212,-0.2693540429137437,0.4356251651416927,0.35879273915468285,0.6253423978980045,20.446080920378545,17.97767148971422,77.38571624737433,33.07265621057985,18.446080920378545,learned,38
77.9,-17.334480159770465,-10.802445670589805,0.9585644071921706,-0.2684054968198276,0.4375735057864725,0.3574517738837891,0.6255268614072701,20.447393002489484,17.97467662128121,77.2640578265659,33.06459288281528,18.447393002489484,learned,38
78.0,-17.361272210429888,-10.758591865189373,0.9942420041188598,-0.26743458126912084,0.4395014594392508,0.3560991624704119,0.6256911391572925,20.44870628790776,17.971698739588838,77.14249917429413,33.05653033524812,18.44870628790776,learned,38
78.10000000000001,-17.387561155395815,-10.714578078128397,1.0297247441485524,-0.2583445065823849,0.4407620221451571,0.3535530401332237,0.6212992808898371,20.449689468880717,17.968428769407634,77.0210484486761,33.049769065030084,18.449689468880717,baseline,39
78.2,-17.412941155896988,-10.670441917143762,1.064952103421092,-0.24925575210481354,0.44194890017137595,0.3509916591461562,0.6169622396145461,20.450011574286474,17.964557507856096,76.89971102727007,33.044672645104775,18.450011574286474,baseline,39
78.30000000000001,-17.437412361381575,-10.626190758310258,1.099922581575811,-0.24016866379131838,0.44306199697995063,0.3484154762829039,0.6126812093973601,20.44967260320619,17.960084504534834,76.77848900114515,33.040539839977605,18.44967260320619,baseline,39
78.4,-17.46097495596041,-10.581831981427968,1.1346347201615572,-0.23108359305304005,0.444101244560463,0.34582489909895675,0.6084573964011439,20.44867258391225,17.955009348599127,76.65738590408343,33.03769784487632,18.44867258391225,baseline,39
78.5,-17.483629159542033,-10.537372973747551,1.1690870951861143,-0.22200090349776402,0.4450665387380312,0.3432203242464254,0.6042919956725361,20.447011576569924,17.94933167154511,76.53640412056073,33.03625239467209,18.447011576569924,baseline,39
78.60000000000001,-17.505375228152843,-10.492821142077446,1.2032783310860395,-0.212920954783974,0.44595776787046004,0.3406021594971889,0.6001862167396639,20.444689680699874,17.94305115556434,76.41555148469342,33.036218244243074,18.444689680699874,baseline,39
78.7,-17.52621345357329,-10.44818389415741,1.2372070886194706,-0.20384409934582345,0.44677482451158146,0.3379708201387596,0.5961412885555992,20.4417070247686,17.93616752165953,76.29483892301815,33.03759332244802,18.4417070247686,baseline,39
78.80000000000001,-17.546144163548888,-10.403468650765717,1.2708720695227385,-0.19477070326686394,0.4475175926904438,0.3353267252688281,0.592158454552525,20.43806377308278,17.92868053737657,76.17427838068845,33.04036936840897,18.43806377308278,baseline,39
78.9,-17.56516772184841,-10.358682854101062,1.3042720220983028,-0.18570112560541108,0.44818596718322046,0.33267029864954273,0.5882389793567334,20.43376013063041,17.92059002223561,76.05388190026437,33.044534619136314,18.43376013063041,baseline,39
79.0,-17.583284527652722,-10.313833941705525,1.3374057319015265,-0.17663571663102345,0.44877985513070795,0.3300019664077406,0.5843841481370537,20.428796328937043,17.911895831633103,75.93366125335548,33.05007581411561,18.428796328937043,baseline,39
79.10000000000001,-17.60049501692629,-10.268929369747639,1.3702720319852233,-0.16757485055429652,0.4492991676668426,0.3273221476254096,0.5805952643025284,20.423172640002672,17.902597872426114,75.81362540384345,33.05698182832074,18.423172640002672,baseline,39
79.2,-17.616799661242112,-10.223976598121226,1.4028697945177555,-0.15851887957605465,0.44974380634534195,0.32463127874763015,0.5768736375233017,20.416889367473217,17.892696092992477,75.69378414264467,33.06524378292083,18.416889367473217,baseline,39
79.30000000000001,-17.632198968550824,-10.178983100689948,1.4351979345083237,-0.14946816849793712,0.45011368339262103,0.3219297911711482,0.5732205961188934,20.409946852990902,17.882190490278543,75.57415008892936,33.07484767604426,18.409946852990902,baseline,39
79.4,-17.64669348217103,-10.133956355042756,1.4672554126009345,-0.1404230701821573,0.45040873386829483,0.31921811622863416,0.5696374916670964,20.40234547069076,17.871081103626317,75.45473486217813,33.085776643920006,18.40234547069076,baseline,39
79.5,-17.660283782457554,-10.08890384901315,1.4990412322804332,-0.13138395742759307,0.45062888437230125,0.3164966846350025,0.566125681350801,20.394085632056235,17.85936801997476,75.33554943312666,33.09801677466489,18.394085632056235,baseline,39
79.60000000000001,-17.67297048673572,-10.043833078816533,1.5305544380098581,-0.12235121174402515,0.4507740562860054,0.31376592961486616,0.5626865267827649,20.385167785129283,17.847051372914756,75.21660429681609,33.11155547508243,18.385167785129283,baseline,39
79.7,-17.684754249465186,-9.998751538805664,1.5617941217496991,-0.1133251877178796,0.45084420940111314,0.3110262820984156,0.5593214169668194,20.37559241046693,17.834131337990264,75.09790956728571,33.12638090742156,18.37559241046693,baseline,39
79.80000000000001,-17.695635758296703,-9.95366673823446,1.5927594127133489,-0.10430619187921286,0.450839293142777,0.308278199071477,0.5560317418354596,20.36536002561533,17.82060813842083,74.97947524060514,33.142481632576526,18.36536002561533,baseline,39
79.9,-17.70561573246232,-9.908586184494197,1.6234494941309094,-0.09529455656874454,0.4507592389242191,0.3055221387870863,0.5528188865046223,20.354471177143374,17.806482036224516,74.86131131537032,33.15984640948767,18.354471177143374,baseline,39
80.0,-17.714694925045478,-9.86351739615202,1.6538635902106762,-0.08629061838555857,0.45060399556991587,0.30275855428630905,0.5496842492181041,20.342926448440256,17.7917533407019,74.74342760335192,33.17846452527833,18.342926448440256,baseline,39
80.10000000000001,-17.722874148734263,-9.818467871285975,1.684000950306654,-0.07729523549778997,0.4503739777822466,0.2999874943111276,0.5466294631989125,20.33072646591808,17.77642241114832,74.6258300881614,33.19833218341053,18.33072646591808,baseline,40
80.2,-17.730154298973503,-9.773445066064596,1.7138608302921057,-0.06830920864116403,0.4500695765821152,0.2972090279421774,0.5436561211283476,20.317871908012428,17.7604896631979,74.50852603301307,33.21944387312096,18.317871908012428,baseline,40
80.30000000000001,-17.73657079602708,-9.728422491811216,1.7434136969968677,-0.06002160108422906,0.45036939956194616,0.29384655749404626,0.5410924024689351,20.30437487588661,17.743962757072413,74.39152666701494,33.24169134817383,18.30437487588661,baseline,40
80.4,-17.742191120269126,-9.683341841213405,1.7726027704775333,-0.052385221415921945,0.4512310882826336,0.2899325616189816,0.5389012866402061,20.29025814384468,17.726856146035615,74.274841386203,33.26488041549142,18.29025814384468,baseline,40
80.5,-17.747065234420006,-9.638161595910788,1.8013852098956704,-0.04509714037821221,0.45236126973134805,0.2857135784366543,0.5369326953411645,20.275538761228507,17.70918068831982,74.15847970914132,33.28886507375814,18.275538761228507,baseline,40
80.60000000000001,-17.75122085554176,-9.592861907556653,1.829736340790987,-0.038015225024813235,0.4536199742262792,0.2813062056792063,0.5351162674637815,20.260226467551725,17.690942636932405,74.04245026387282,33.31356172902654,18.260226467551725,baseline,40
80.7,-17.75467532899347,-9.547433108091354,1.857639979571104,-0.031074116527744635,0.45494344598749303,0.2767636739206182,0.5334203510993868,20.244327632330723,17.672146143329293,73.92675953425842,33.33891877949452,18.244327632330723,baseline,40
80.80000000000001,-17.757440779620083,-9.501870637759566,1.885084206238389,-0.024234731213294336,0.4562933585369916,0.27211795783952675,0.5318262255856725,20.22784692257288,17.6527942956723,73.81141348349094,33.36489984354676,18.22784692257288,baseline,40
80.9,-17.759524814784527,-9.45617447514087,1.9120608745142817,-0.017445819656459124,0.45761731551015095,0.26741249607054696,0.5303087847027268,20.210787568501665,17.632889305227156,73.69641616959369,33.39148448116743,18.210787568501665,baseline,40
81.0,-17.760933559504338,-9.410346047021449,1.9385630656033754,-0.010728909079302096,0.45893864910226484,0.26262841161073885,0.528879452914389,20.193152314315395,17.61243308098331,73.58177190167942,33.41865604113664,18.193152314315395,baseline,40
81.10000000000001,-17.761724618641892,-9.364335173740983,1.9645404685288668,-0.0050911551298617784,0.4612662250015428,0.2569156218398969,0.5280133397302678,20.174961063831564,17.59143843508166,73.46748252121193,33.44625892380892,18.174961063831564,baseline,40
81.2,-17.761945220670896,-9.318101721815765,1.9899507630616426,0.0006800555650993875,0.4633901915870643,0.2512864468161586,0.5271392704856638,20.156230345965714,17.569916062281113,73.35355081342362,33.47416127358593,18.156230345965714,baseline,40
81.30000000000001,-17.7615827381087,-9.27166538219899,2.014801806770265,0.006570376528731869,0.4653239531419002,0.24573084205259704,0.5262634301860742,20.136956737370046,17.54786397867446,73.23998367902712,33.502390129590886,18.136956737370046,baseline,40
81.4,-17.760626532748574,-9.225044002756476,2.0391000071540475,0.012554367222046526,0.4670909773485491,0.24022974492359772,0.5253969200545675,20.117137483442853,17.525280634878577,73.12678627036667,33.53097405636823,18.117137483442853,baseline,40
81.5,-17.75906804308761,-9.178253654390574,2.0628502890467644,0.018615934599674543,0.4687032910611047,0.2347726532362891,0.524545066491085,20.09677061665306,17.50216503635605,73.01396306805418,33.55993942625577,18.09677061665306,baseline,40
81.60000000000001,-17.756928036717,-9.131336415186524,2.086056630127132,0.024183936438983655,0.46962945207905876,0.22935197114271164,0.5232007374887855,20.075891768301478,17.47855434732098,72.901517731429,33.5893433835763,18.075891768301478,baseline,40
81.7,-17.754314587422414,-9.08441645745188,2.1087229251861572,0.028082724722101004,0.4687596767540789,0.22397462918402258,0.5202777224680356,20.054650862500413,17.454602077740244,72.78945327740834,33.61934276632826,18.054650862500413,baseline,40
81.80000000000001,-17.75134008040186,-9.037617594935,2.1308536073192954,0.03140432219004423,0.4672082900878648,0.2186408073695646,0.5167916605618338,20.033201030743587,17.4304647974681,72.67777312813844,33.65009215083492,18.033201030743587,baseline,40
81.9,-17.748042852326762,-8.990987665951252,2.1524527659639716,0.034536857821525484,0.465381299004159,0.21334452609337848,0.513116395007011,20.01159506903487,17.406196600436868,72.56648127287676,33.6816506837772,18.01159506903487,baseline,40
82.0,-17.74443542183144,-8.944547105580568,2.173523868434131,0.03760824670958887,0.46342100341998044,0.20807988849192888,0.5093826131957827,19.989850358873348,17.38181534935751,72.45558227915802,33.71404157114518,17.989850358873348,baseline,40
82.10000000000001,-17.740449400036596,-8.898153574205935,2.1940318336710334,0.04211201403515547,0.4644380495136835,0.20207728208568412,0.5082433978885599,19.967835577061788,17.357181834397974,72.34507742350605,33.74702246489924,17.967835577061788,baseline,41
82.2,-17.736080533300992,-8.851739007979631,2.2139459904283285,0.04526331642401284,0.4638434467881334,0.1962062621510088,0.5056643236864419,19.945510597567072,17.332250569324643,72.23496986405166,33.780444354521215,17.945510597567072,baseline,41
82.30000000000001,-17.731418200477492,-8.805418180301785,2.2332787113264203,0.047980585017403446,0.4625639439190769,0.1904495961753079,0.5025321755230415,19.92300465624293,17.3071547439148,72.1252669732664,33.81445310963644,17.92300465624293,baseline,41
82.4,-17.726488914398942,-8.759241391904652,2.252040601335466,0.05060205705747894,0.46096291091981617,0.18479004974423258,0.49919408640987994,19.900361953090897,17.281940642695023,72.01597448076016,33.84911947304833,17.900361953090897,baseline,41
82.5,-17.721297018637415,-8.713234109804034,2.270240666344762,0.053232607438522817,0.45917395195805627,0.17921338089139144,0.49577400551259865,19.877595663413253,17.25662270684275,71.90709747146181,33.884484150690454,17.877595663413253,baseline,41
82.60000000000001,-17.715840270044282,-8.667412401176989,2.2878866055980325,0.05589899660427847,0.4572514200017357,0.1737076585952172,0.49231891043265985,19.854708744423178,17.23120476651614,71.79864086527729,33.92057373826495,17.854708744423178,baseline,41
82.7,-17.710115015448537,-8.621788315474987,2.3049850119277835,0.058602643210649695,0.4552215519849465,0.16826279702992122,0.48884895422532154,19.83170097400847,17.205687240845602,71.69060962989907,33.95740728295937,17.83170097400847,baseline,41
82.80000000000001,-17.704117834276985,-8.57637180481106,2.321541540324688,0.06133745651414665,0.4530999574377705,0.1628702294769919,0.48537466626475495,19.808571294966622,17.180069549978946,71.5830088389392,33.994998947897244,17.808571294966622,baseline,41
82.9,-17.69784599385457,-8.531171490438282,2.337561059743166,0.06409576986714224,0.4508976791904041,0.15752267535944753,0.4819028720256314,19.78531858549386,17.15435092232759,71.47584367083968,34.033359263574255,17.78531858549386,baseline,41
83.0,-17.69129751168657,-8.486195004545152,2.3530477629974484,0.06687023895921583,0.4486233616503709,0.15221396340255602,0.47843875274862174,19.761941885278425,17.128530643549155,71.36911938860185,34.07249584079013,17.761941885278425,baseline,41
83.10000000000001,-17.684388122113887,-8.44130468275398,2.3679697066545486,0.07131709555841657,0.4491714910644507,0.146223200459753,0.47772626142660746,19.73830004160137,17.102460635814875,71.26283827057095,34.11217800121825,17.73830004160137,baseline,41
83.2,-17.677104178641457,-8.396437333431095,2.382300393655896,0.07435955554629084,0.4481658250277741,0.14039128210995183,0.4754909697526793,19.714348257104312,17.07609153555178,71.15700377443822,34.152269449450415,17.714348257104312,baseline,41
83.30000000000001,-17.66953943495173,-8.351703453343362,2.396053656935692,0.07693238821393024,0.44650279775414425,0.1346756806705534,0.4726741792425878,19.690217051693885,17.049557499627557,71.05162251659303,34.1929103702298,17.690217051693885,baseline,41
83.4,-17.661723265773617,-8.307151032146066,2.4092398956418037,0.07938775705846124,0.44453691978284104,0.1290512266900599,0.4696484942283948,19.66595189311737,17.022905870260956,70.9466997339525,34.234166216083004,17.66595189311737,baseline,41
83.5,-17.65366183151491,-8.262803920544684,2.4218674758449197,0.08183752866212576,0.4423966892708871,0.12350274648383569,0.46654596790071684,19.641566810247355,16.99615179304777,70.84224005299221,34.27607395866934,17.641566810247355,baseline,41
83.60000000000001,-17.645354139211122,-8.218677012715489,2.433943466283381,0.08431281425182915,0.44013290439466307,0.11801952996388496,0.4634158323048981,19.61706541087572,16.969299646694612,70.73824790030804,34.31865756529637,17.61706541087572,baseline,41
83.7,-17.63679741474334,-8.174781484529376,2.4454739717766643,0.08681809436071994,0.4377691366565031,0.11259313926457316,0.4602786259722023,19.592447991895725,16.94235030409532,70.63472769950245,34.36193427679313,17.592447991895725,baseline,41
83.80000000000001,-17.627988849126268,-8.131126653868705,2.456464322283864,0.08934957385164927,0.43531897478836523,0.10721652827469152,0.45714476929474146,19.567713931188475,16.915303585749506,70.53168392323082,34.40591715163658,17.567713931188475,baseline,41
83.9,-17.618926117487717,-8.087720687501132,2.466919196769595,0.09190136383063506,0.4327918946177105,0.10188369623632423,0.4540208941001436,19.54286247651339,16.88815907880396,70.42912108854183,34.45061617417139,17.54286247651339,baseline,41
84.0,-17.60960748582147,-8.044570903293788,2.476842717267573,0.09446751898550779,0.4301953197045808,0.09658951181928409,0.4509120302592196,19.517892987433406,16.860916397217952,70.32704373343684,34.49603884510162,17.517892987433406,baseline,41
84.10000000000001,-17.599939714069478,-8.001544955652207,2.486203532665968,0.09888722422126049,0.43031211576989714,0.09062542993835916,0.45073292385187885,19.492660352605647,16.833424171499605,70.22545408052981,34.54196369236238,17.492660352605647,baseline,42
84.2,-17.58990224963054,-7.958582114893943,2.4949770821258426,0.10185969525913413,0.4289351349693481,0.08484653490718556,0.44895398652335494,19.467115889915497,16.805629639308883,70.12435505388139,34.588261149863314,17.467115889915497,baseline,42
84.30000000000001,-17.579593833361287,-7.915789662860334,2.50317875854671,0.10430554634470963,0.42690511096001005,0.07918894275783649,0.44654060220449243,19.4413926772194,16.777669272866014,70.02375186671672,34.63506749417862,17.4413926772194,baseline,42
84.4,-17.56904805067461,-7.87321489257738,2.510819031856954,0.10660672647828004,0.4245817727783034,0.07361894627319115,0.44390812693209014,19.415539507372714,16.749593608750722,69.92364874408423,34.682445436924596,17.415539507372714,baseline,42
84.5,-17.55827319045784,-7.830880686175078,2.5179058527573943,0.10888694665292929,0.4220939403990074,0.068120067473918,0.44120290713639887,19.38957193016933,16.721419212867765,69.82404941138594,34.73042950231352,17.38957193016933,baseline,42
84.60000000000001,-17.547269664763007,-7.78880080441013,2.5244462741538882,0.11117995197992048,0.4194953750898592,0.06269103163434767,0.4384832002385244,19.363494510283555,16.693151340031736,69.72495748850744,34.77904035153372,17.363494510283555,baseline,42
84.7,-17.536058325029444,-7.746952326968312,2.530513931065798,0.11304427383709544,0.4174682238506387,0.05866414432871945,0.4364632946791563,19.3373243415544,16.664806111692258,69.62637651651578,34.82811362037787,17.3373243415544,baseline,42
84.80000000000001,-17.524668842437677,-7.705293895676732,2.5362113025039434,0.11474328857947959,0.4156954950987011,0.05528495642772725,0.43477027649852473,19.31108334161519,16.63640366101345,69.52830974839084,34.87739989656592,17.31108334161519,baseline,42
84.9,-17.513115210807882,-7.66380366217345,2.541592405177653,0.11632758731019162,0.4141049508435475,0.05233859667920222,0.4333062964980953,19.28478112174028,16.607952662763193,69.43076018295066,34.92676736177096,17.28478112174028,baseline,42
85.0,-17.50140786881093,-7.6224658116698265,2.546695320867002,0.11781774932930919,0.4126484111731574,0.04972103814884733,0.4320091607076802,19.25842463697066,16.579459348392902,69.33373018780036,34.97612068188595,17.25842463697066,baseline,42
85.10000000000001,-17.48948096879758,-7.5811550207436085,2.551535004749894,0.12072154634204313,0.4135620227723432,0.047070462017564874,0.4333853560346879,19.231905440879817,16.55080968031949,69.23721935625656,35.02517832497694,17.231905440879817,baseline,42
85.2,-17.477326296735555,-7.539806611370295,2.5561232967302203,0.12237200627236829,0.41340264863289117,0.044694917882599786,0.4334446833222742,19.205191603509565,16.521968004662792,69.14122663555104,35.073757788769825,17.205191603509565,baseline,42
85.30000000000001,-17.46503027435392,-7.4984948937781155,2.5604848004877567,0.12354813506840079,0.4128290201969871,0.0425353052179562,0.43301408035497974,19.17839384749527,16.493047290404547,69.04575165147597,35.12193241392077,17.17839384749527,baseline,42
85.4,-17.452624439029023,-7.457247867248952,2.5646386286243796,0.12456813453393915,0.41210922691578794,0.04054170651611009,0.43242902887945944,19.151553901937422,16.464090324844566,68.95079277001619,35.16972155532142,17.151553901937422,baseline,42
85.5,-17.440119019709527,-7.416075608227402,2.5685999393463135,0.12553979017579656,0.41133391332784186,0.0386849901012776,0.4318012918346997,19.124686520227968,16.435112423671832,68.8563475404169,35.21712977333329,17.124686520227968,baseline,42
85.60000000000001,-17.42751704645343,-7.374982131179422,2.5723814219236374,0.12649922117366671,0.4105337424481203,0.03694520158363437,0.4311669683151287,19.09779720332946,16.406119460151995,68.76241302796858,35.264156873698155,17.09779720332946,baseline,42
85.7,-17.414819158497266,-7.333969397936016,2.5759940072894096,0.1274580966309422,0.40971918308504357,0.03530703293987209,0.4305368299689067,19.07088824828609,16.37711402010845,68.66898604020325,35.31080186160298,17.07088824828609,baseline,42
85.80000000000001,-17.402025244780816,-7.293038657866418,2.5794472321867943,0.12841975409330147,0.40889398968043794,0.03375795632430415,0.4299133955267779,19.043960814619393,16.348097505216746,68.57606322228091,35.357064258027,17.043960814619393,baseline,42
85.9,-17.389135000528768,-7.252190898172557,2.5827494710683823,0.1293847182163067,0.40805967555953027,0.032287360082111125,0.42929660812395676,19.01701563654128,16.319070859496964,68.48364109466567,35.402944381879294,17.01701563654128,baseline,42
86.0,-17.376148114330135,-7.211426991969347,2.5859081158414483,0.1303526005700564,0.40721699733862776,0.030886092814335006,0.42868570553052077,18.990053273627684,16.290034826520067,68.3917160712494,35.448443301722754,16.990053273627684,baseline,42
86.10000000000001,-17.36307357682381,-7.170738201588392,2.588934449478984,0.1311379996576316,0.40655775566702773,0.029640931883236483,0.4282113595995817,18.96307970698893,16.26099475778381,68.30028339945548,35.49353119070896,16.96307970698893,baseline,43
86.2,-17.349918413325213,-7.130114973988384,2.5918378373607993,0.13196514203377546,0.4059057486190716,0.028427183527079472,0.42776439804790406,18.936098644296024,16.231953714404142,68.20933865502626,35.5381765621747,16.936098644296024,baseline,43
86.30000000000001,-17.336679778178222,-7.089558430947363,2.594621764495969,0.1328074091417999,0.40522409471324783,0.027251680253745775,0.42730203479012485,18.9091080323136,16.20290985930112,68.1188786916671,35.58237854784103,16.9091080323136,baseline,43
86.4,-17.323356170905754,-7.049071387853473,2.5972898956388235,0.1336645650738912,0.4045157877999324,0.026111320794170403,0.4268267091096907,18.88210770166033,16.17386330570609,68.02890015140746,35.62614156945897,16.88210770166033,baseline,43
86.5,-17.30994618916884,-7.008656373247504,2.5998455677181482,0.13453488340053055,0.40378352439759635,0.025002540302781616,0.4263401182719389,18.855097406435412,16.144814061213413,67.9393993709861,35.66947525923211,16.855097406435412,baseline,43
86.60000000000001,-17.29644860420376,-6.9683156767860055,2.602291774004698,0.13541660727696445,0.40302945781892047,0.023921977648148917,0.42584347172501674,18.8280769109927,16.11576211480654,67.85037252499727,35.71238976860353,16.8280769109927,baseline,43
86.7,-17.282862358377315,-6.928051387891173,2.6046311808750033,0.13630808631132924,0.4022553746456765,0.02286664494945693,0.42533770615410393,18.801046006014204,16.086707455846852,67.76181578412437,35.754894985634714,16.801046006014204,baseline,43
86.80000000000001,-17.26918655144982,-6.887865433003753,2.6068661846220493,0.13720781778061125,0.4014628147732621,0.021833878309313947,0.42482360474415015,18.774004518921082,16.057650088595476,67.67372537887438,35.797000482511045,16.774004518921082,baseline,43
86.9,-17.255420425208285,-6.8477595914155245,2.6089989189058542,0.13811446202359481,0.40065311969830153,0.02082129117123985,0.42430184198290505,18.74695230781181,16.028590027825928,67.5860976179735,35.83871547910583,16.74695230781181,baseline,43
87.0,-17.24156334705185,-6.80773551762104,2.6110312957316637,0.13902684142638402,0.3998274513256504,0.01982673989449621,0.42377299711686006,18.719889261306303,15.999527301556753,67.498928889478,35.880048840108394,16.719889261306303,baseline,43
87.10000000000001,-17.22763811261393,-6.76780552836135,2.6129703521728516,0.13947734665470526,0.3987721460369475,0.01895528203275855,0.4228858680562532,18.692841428478467,15.970488157678753,67.41221482180079,35.921020547116996,16.692841428478467,baseline,43
87.2,-17.213654086110182,-6.727971225511283,2.6148209841921926,0.14020291407405416,0.3979133745562616,0.01805792254331612,0.4222771593778057,18.66581829406194,15.941481991028196,67.32595143158287,35.96163363732564,16.66581829406194,baseline,43
87.30000000000001,-17.199592695571482,-6.688220524694771,2.6165816970169544,0.14102467123579912,0.39709994924175235,0.017156845839655183,0.4217471813114264,18.638797773935647,15.912486489679717,67.24013593324412,36.001871138629824,16.638797773935647,baseline,43
87.4,-17.18544722814113,-6.648551076184958,2.6182524748146534,0.14188446486797232,0.3962883060065245,0.01625917539579578,0.4212362563134172,18.611772453630977,15.88349427855502,67.15476552829081,36.041731265174796,16.611772453630977,baseline,43
87.5,-17.17121491942089,-6.6089633805677295,2.619833738543093,0.14276147991723648,0.39546485576410145,0.015366627982318047,0.4207248810662712,18.584739642842365,15.854502769740563,67.06983713844379,36.08122123075442,16.584739642842365,baseline,43
87.60000000000001,-17.156894433195703,-6.569458812009543,2.621326006948948,0.14364799876405113,0.3946257618060479,0.01447920167901799,0.42020695699997895,18.557698286943303,15.82551102208217,66.98534748813961,36.120350193095085,16.557698286943303,baseline,43
87.7,-17.142484979936853,-6.530038968194276,2.622729760594666,0.14454080731491956,0.39377036517765107,0.013596434845608884,0.4196808412495146,18.530647900454138,15.79651865858374,66.90129323386661,36.15912762482378,16.530647900454138,baseline,43
87.80000000000001,-17.127986011793837,-6.490705461706966,2.624045444652438,0.14543827904047985,0.3928990095865328,0.012717751871043674,0.4191463538634069,18.503588211653415,15.767525507690678,66.81767102204927,36.19756292268213,16.503588211653415,baseline,43
87.9,-17.113397114211693,-6.4514598576352,2.625273432582617,0.14633938846541947,0.3920123086752693,0.011842570349161302,0.4186037663970815,18.476519035771094,15.738531475139016,66.73447751019326,36.235665284314315,16.476519035771094,baseline,43
88.0,-17.098717960878275,-6.4123036582022905,2.6264140475541353,0.14724336964569223,0.39111090530699677,0.01097033591214075,0.41805346359610723,18.4494402316126,15.70953650158323,66.65170937301036,36.27344365173145,16.4494402316126,baseline,43
88.10000000000001,-17.083972013439052,-6.373250928707421,2.627471867017448,0.14767498309889168,0.38994357252073486,0.010187080319169659,0.41709431426108023,18.422378662056833,15.68056770297468,66.56936266217055,36.3109247033188,16.422378662056833,baseline,44
88.2,-17.06916845147498,-6.334304839372635,2.628449358046055,0.14839588825134786,0.3889777262340569,0.009363405215758128,0.41642848667371196,18.395343852473676,15.651634570928724,66.48743363819555,36.34811782162049,16.395343852473676,baseline,44
88.30000000000001,-17.05428779788781,-6.295452774502337,2.629343753680587,0.14921687372548084,0.38806293284970445,0.0085251219726032,0.41584996448354794,18.368312565507843,15.622713583653336,66.40591952635302,36.38500531958008,16.368312565507843,baseline,44
88.4,-17.03932318801526,-6.256691923364997,2.6301540611311793,0.1500750240704232,0.3871533783845512,0.007681590946640078,0.41529418257878487,18.34127691614791,15.593796836778674,66.32481767981967,36.42158446017764,16.34127691614791,baseline,44
88.5,-17.02427200973034,-6.218022498767823,2.630879895761609,0.1509482252839109,0.38623438678721783,0.006835695665490705,0.4147397919039017,18.31423408942873,15.564881567940416,66.24412525199304,36.45786139765021,16.31423408942873,baseline,44
88.60000000000001,-17.0091331533622,-6.179445668589324,2.6315210601314902,0.15182857045976358,0.38530148010143656,0.005988204732802043,0.41417991739355864,18.287183011327034,15.535966772930317,66.16383927775178,36.49384428146883,16.287183011327034,baseline,44
88.7,-16.993906057905406,-6.140962879173458,2.632077402435243,0.152712998621954,0.3843535538497629,0.005139263315093643,0.41361253164341305,18.260123209899508,15.507052050382699,66.0839568012673,36.529541621446235,16.260123209899508,baseline,44
88.80000000000001,-16.978590383776464,-6.102575634140521,2.632548775523901,0.15360012472416074,0.38339060403683667,0.004288821814934119,0.4130372229854937,18.23305442996276,15.478137211671365,66.00447493343265,36.56496189004162,16.23305442996276,baseline,44
88.9,-16.963185900240205,-6.064285417553037,2.6329350229352713,0.15448916918825878,0.3824129571132388,0.003436773830201313,0.4124540999662026,18.205976500771765,15.449222146930648,65.92539087151367,36.60011334752544,16.205976500771765,baseline,44
89.0,-16.94769244303461,-6.026093679945916,2.633235977962613,0.1553795911292664,0.38142101802569456,0.002583003821359673,0.41186342668413317,18.178889292220614,15.420306781663122,65.84670190169429,36.635004006572515,16.178889292220614,baseline,44
89.10000000000001,-16.932130455272272,-5.988011978100985,2.633454472757876,0.1558595338190491,0.38021277966613026,0.0017878926375301052,0.41092231463358125,18.151815657512834,15.391414130374587,65.76840478389246,36.66965702155453,16.151815657512834,baseline,44
89.2,-16.91650802770164,-5.950042937416583,2.6335914423689246,0.15658857091294584,0.37916749365802876,0.0009522656160394448,0.41023027142968554,18.124763686561923,15.36255221398788,65.69049654344511,36.70408081958368,16.124763686561923,baseline,44
89.30000000000001,-16.900808421429247,-5.912176460493356,2.6336440835148096,0.15740315209304082,0.3781613411652781,0.00010123135022916646,0.4096117216200399,18.097713583668465,15.333701002299561,65.61297516354256,36.738260354261556,16.097713583668465,baseline,44
89.4,-16.885025787516497,-5.874410522636026,2.633611300960183,0.15824912727648213,0.37715665905464685,-0.000756241155975571,0.40901161799356917,18.070658629892247,15.304853759281732,65.53583873397493,36.772193240378456,16.070658629892247,baseline,44
89.5,-16.869157936424017,-5.836745580658317,2.63349258992821,0.15910748811246142,0.37614140406124696,-0.001617318702088281,0.4084117583302511,18.043596417526043,15.276008119270376,65.45908513114081,36.80588495246365,16.043596417526043,baseline,44
89.60000000000001,-16.85320396744646,-5.799182876478881,2.633287630043924,0.15997146504998783,0.37511189804276723,-0.0024811654359364835,0.4078062798258597,18.01652601768003,15.24716320962895,65.3827120919714,36.839342754801216,16.01652601768003,baseline,44
89.7,-16.837163449497893,-5.761723879724741,2.632996159605682,0.16083845576272787,0.37406723836298283,-0.003347538623532022,0.4071934597749375,17.989447013952272,15.218318670957348,65.30671732059285,36.87257427290664,15.989447013952272,baseline,44
89.80000000000001,-16.82103613880463,-5.724370106589049,2.6326179271563888,0.16170729503617487,0.373007432071563,-0.004216385541279129,0.40657295969551505,17.962359172741394,15.189474323285157,65.23109853666885,36.905587151285175,15.962359172741394,baseline,44
89.9,-16.804821883910336,-5.687123055569828,2.632152684032917,0.16257733336677196,0.37193276338870523,-0.0050877115070483815,0.40594489110590865,17.935262332935288,15.160630054445143,65.15585349569973,36.93838888757195,15.935262332935288,baseline,44
90.0,-16.78852058679331,-5.64998419675976,2.6316001852974296,0.16344812067828976,0.3708435821170466,-0.005961533125822521,0.40530949955296847,17.9081563666413,15.131785781305373,65.08097999628636,36.97098680105032,15.9081563666413,baseline,44
90.10000000000001,-16.772148211020976,-5.612961432430893,2.630961841903627,0.16399875031087463,0.36961128647932884,-0.006804367354539629,0.40441858588785035,17.88105846609657,15.102958736679309,65.00647530572844,37.00339789375595,15.881058466096569,baseline,45
90.2,-16.755711329402402,-5.576056252699345,2.630237517878413,0.16473835500993955,0.36849161891568843,-0.00768126709558185,0.4037125223307787,17.85397476440433,15.074154931921466,64.93233691638994,37.03562802654486,15.853974764404331,baseline,45
90.30000000000001,-16.739197271177545,-5.539261921308935,2.629424901679158,0.16554231929293484,0.3673942286939595,-0.008570314669592854,0.4030585925743914,17.826890453184237,15.045359404240436,64.85856317505495,37.0676666223552,15.826890453184237,baseline,45
90.4,-16.722601621062495,-5.502577546518296,2.628523139283061,0.1663701819355956,0.36629244386884957,-0.009464172522720736,0.402416155781844,17.799800519274246,15.01656714431034,64.78515246562871,37.09951272629777,15.799800519274246,baseline,45
90.5,-16.705922705004923,-5.466003987938166,2.62753186468035,0.1672076313471065,0.3651778949368598,-0.010360560498101808,0.40177186081787875,17.772703134910724,14.987776369149493,64.71210294217988,37.131171985391966,15.772703134910724,baseline,45
90.60000000000001,-16.689159821369685,-5.429542644415051,2.6264508552849293,0.16804951490397038,0.36404812668096675,-0.011258817479500709,0.40112147657588426,17.74559756576173,14.958986397405095,64.63941260901004,37.16265149416091,15.74559756576173,baseline,45
90.7,-16.67231262824498,-5.393195061478764,2.625279936939478,0.16889379983920128,0.36290264527039834,-0.012158743321348944,0.40046383183445067,17.718483459156232,14.930196928470938,64.56707942137395,37.193958628422,15.718483459156232,baseline,45
90.80000000000001,-16.655380933661945,-5.356962806079537,2.6240189457312226,0.16973953176376627,0.3617415961280227,-0.01306027740136242,0.399798776709525,17.691360602810228,14.90140779848314,64.49510133788925,37.2251007659111,15.691360602810228,baseline,45
90.9,-16.63836462108884,-5.320847416762263,2.6226677214726806,0.17058614695018906,0.36056531523163754,-0.013963393689303463,0.3991264917826479,17.664228838928157,14.872618893372078,64.42347635218913,37.256085122562055,15.664228838928157,baseline,45
91.0,-16.621263622422703,-5.2848503976128995,2.6212261049076915,0.17143323562967233,0.35937417984590136,-0.014868062771795285,0.39844725461340436,17.637088036982494,14.843830121964306,64.35220251463392,37.28691870558764,15.637088036982494,baseline,45
91.10000000000001,-16.60408868792001,-5.248975777998567,2.619694273918867,0.17206479006804445,0.3581175726139981,-0.015767617388598908,0.3976218122213816,17.609949061911912,14.815052272456287,64.2812774044124,37.31761178349601,15.609949061911912,baseline,45
91.2,-16.586844623205252,-5.213223789352924,2.6180713018402457,0.1728159072401163,0.35692139587434146,-0.016690961942748956,0.39690906872820025,17.582815877263453,14.78628913671433,64.21069884134313,37.34816729108199,15.582815877263453,baseline,45
91.30000000000001,-16.569523444166407,-5.177591181825846,2.616355661302805,0.17360708202590786,0.3557298831654483,-0.01762098275904457,0.3962242644511418,17.555679267955774,14.75753142955602,64.14046548917189,37.37857954230885,15.555679267955774,baseline,45
91.4,-16.552122373250313,-5.142078246921301,2.6145469397306442,0.17441374047922892,0.3545279137515989,-0.018552611745540366,0.3955431631309,17.528536146996693,14.72877609365652,64.07057609306759,37.408849067970785,15.528536146996693,baseline,45
91.5,-16.53464030579198,-5.106686253566295,2.6126450477167964,0.17522698799258735,0.35331102767627703,-0.01948431629973298,0.39485797216250984,17.50138533601391,14.700022001510437,64.00102922906824,37.438981591751926,15.50138533601391,baseline,45
91.60000000000001,-16.51707674912177,-5.071416750084609,2.610650003887713,0.17604351534877138,0.35207812119338316,-0.02041565048523163,0.39416636272537364,17.474226324281616,14.671268695565699,63.9318233806752,37.468983813288034,15.474226324281616,baseline,45
91.7,-16.49943144491408,-5.036271337419748,2.6085618538782,0.17686191701642848,0.35082919607725277,-0.021346444120734213,0.3934678299270947,17.447058833369127,14.642515947253028,63.86295702236655,37.49886252416507,15.447058833369127,baseline,45
91.80000000000001,-16.481704243342392,-5.001251601148397,2.6063806554302573,0.17768145164594898,0.3495646101008378,-0.022276601287486684,0.39276247511553863,17.419882676528022,14.613763615302759,63.7944286539086,37.528624426486985,15.419882676528022,baseline,45
91.9,-16.4638950554654,-4.966359082143754,2.6041064765304327,0.17850162548729973,0.34828481873294276,-0.023206037117421027,0.39205059038361634,17.39269770539572,14.585011591990085,63.7262368137158,37.5582760249748,15.392697705395719,baseline,45
92.0,-16.446003837278113,-4.9315952798351645,2.601739396341145,0.17932204854445022,0.34699028966228396,-0.024134655159956463,0.39133251819109527,17.365503796502203,14.556259790298597,63.658380083460166,37.58782361955712,15.365503796502203,baseline,45
92.10000000000001,-16.428035846096464,-4.896960532292724,2.599278532899916,0.18003709350961872,0.34570380837313247,-0.02508162179601751,0.3905810619000839,17.338305370106312,14.527512451568525,63.590856582123095,37.617270471417974,15.338305370106312,baseline,46
92.2,-16.409994003362954,-4.862453850917518,2.5967224380001426,0.18079909281415046,0.3444288907329266,-0.02603931281873211,0.3898687196300902,17.311104183810002,14.49877112180706,63.523664636725194,37.646616315436674,15.311104183810002,baseline,46
92.30000000000001,-16.391875228961,-4.828075229655951,2.5940706031396985,0.1815757130513739,0.34314259008563464,-0.02699646767638541,0.3891598462942893,17.283896731903834,14.470032303535127,63.45680331282332,37.67586006960765,15.283896731903834,baseline,46
92.4,-16.373678460600786,-4.793826014269143,2.591323198750615,0.18235895875223437,0.34184077600450324,-0.027950697551233385,0.3884470973892849,17.25668189735816,14.441294933038522,63.39027168671264,37.70500361489466,15.25668189735816,baseline,46
92.5,-16.35540319804568,-4.7597077917307615,2.5884805489331484,0.1831455867415671,0.3405227117227858,-0.028901354849263546,0.3877283990812066,17.229459178555505,14.412558565266492,63.324068653818365,37.73405271597161,15.229459178555505,baseline,46
92.60000000000001,-16.33704917144496,-4.725722178351134,2.585543017834425,0.1839342140471721,0.3391885837743908,-0.02984825842893929,0.38700337077507296,17.202228298515358,14.383822976023199,63.258193012600735,37.76301371745094,15.202228298515358,baseline,46
92.7,-16.318616218632087,-4.691870757378638,2.5825109891593456,0.18472409634292927,0.3378388689292083,-0.030791293294129232,0.38627217977975536,17.174989068528568,14.355088024539706,63.19264354213873,37.79189293558972,15.174989068528568,baseline,46
92.80000000000001,-16.30010423983913,-4.658155058976263,2.579384855926037,0.1855147229890875,0.33647412651001996,-0.03173034896111069,0.3855351673992823,17.147741338673974,14.326353603727416,63.12741903344095,37.82069654381437,15.147741338673974,baseline,46
92.9,-16.28151318093296,-4.624576558358967,2.576165020465851,0.18630568318511276,0.33509492309221833,-0.03266530343722899,0.384792719678917,17.120484981964996,14.297619624681973,63.06251830092961,37.84943052494454,15.120484981964996,baseline,46
93.0,-16.262843026779592,-4.59113667299971,2.5728519028052688,0.18709661834862998,0.3337018080683427,-0.033596017389841006,0.38404522349592174,17.093219889114078,14.268886011771473,62.99794018501443,37.87810063695332,15.093219889114078,baseline,46
93.10000000000001,-16.244093873770908,-4.557832644088194,2.5694438461214304,0.18788573828232372,0.33237774803224407,-0.03456419585082188,0.3833675803607991,17.06594462283787,14.240151074589882,62.93368310239858,37.90670433371144,15.065944622837868,baseline,46
93.2,-16.22526683867909,-4.52466246066615,2.565939135849476,0.18865422981549815,0.33102492240704295,-0.035529026207645566,0.3826620302370372,17.038658926634596,14.21141432040141,62.86974563966189,37.935238892184586,15.038658926634596,baseline,46
93.30000000000001,-16.206363407312892,-4.491628761636093,2.562338365241885,0.18941363427195118,0.32964807203665486,-0.036485372622989454,0.38193789895875807,17.011364487313692,14.182677507310107,62.806127004245866,37.96370732698568,15.011364487313692,baseline,46
93.4,-16.187384121352807,-4.458733692299575,2.5586423659697175,0.19017131000185825,0.32825234381759877,-0.03743356780994856,0.381203358286036,16.984061987287006,14.153941389587942,62.742826375371045,37.99211271516969,14.984061987287006,baseline,46
93.5,-16.168329053092748,-4.425979019608349,2.554851940833032,0.19092925748202952,0.3268401397078283,-0.038373880086062385,0.3804615788220032,16.956751548886793,14.125206149721077,62.67984274972947,38.02046090196943,14.956751548886793,baseline,46
93.60000000000001,-16.14919815561734,-4.393366327043623,2.5509678721427917,0.19168788934576791,0.32541273390827996,-0.03930642214839896,0.3797139569907913,16.929433122160354,14.096471789210092,62.61717502850353,38.04875795496176,14.929433122160354,baseline,46
93.7,-16.129991366062313,-4.360897091683,2.5469909394159913,0.19244708413552145,0.3239710019562517,-0.040231164862460755,0.3789612604567815,16.902106607135135,14.067738253272532,62.55482209407387,38.07700980231918,14.902106607135135,baseline,46
93.80000000000001,-16.11070864275098,-4.328572710044682,2.542921925894916,0.19320655397113218,0.32251566914814395,-0.04114801569624063,0.378204030305354,16.87477189768655,14.039005475547258,62.49278284676428,38.105222174641746,14.87477189768655,baseline,46
93.9,-16.09134997392539,-4.296394509030506,2.5387616269290447,0.1939659740994176,0.3210473901623371,-0.04205685000536034,0.37744271680714303,16.847428894610108,14.010273391886082,62.43105622473144,38.13340056154851,14.847428894610108,baseline,46
94.0,-16.07191538135521,-4.264363752445206,2.534510852769017,0.19472502420951396,0.31956677614777595,-0.04295752093180347,0.3766777244216664,16.82007751175406,13.981541946912845,62.369641214771455,38.16155018657673,14.82007751175406,baseline,46
94.10000000000001,-16.05240058247,-4.232475394848734,2.5301674380898476,0.19557022577341016,0.318199253767334,-0.043909810241308,0.3760672143946857,16.792711505080213,13.952804599722354,62.30853648318158,38.18966410364299,14.792711505080213,baseline,47
94.2,-16.03280512453057,-4.200726690236479,2.525729634799063,0.1963381440602115,0.31677382030538215,-0.0448452115243567,0.3753736978539376,16.76532895816068,13.924059190055088,62.24774086114663,38.21773780643252,14.76532895816068,baseline,47
94.30000000000001,-16.01313432236202,-4.169122147606686,2.5211990997195244,0.19707707672062633,0.3153160589995699,-0.045764412815376805,0.3746437944396038,16.73793581084895,13.895311773181902,62.18725373240267,38.24577723010511,14.737935810848949,baseline,47
94.4,-15.993390071205795,-4.137664394220337,2.5165773136541247,0.1978071119700711,0.3138380505174799,-0.04667019781568584,0.3738984927259105,16.710534221997257,13.866564591033594,62.12707450023909,38.27378593182782,14.710534221997257,baseline,47
94.5,-15.973572941729799,-4.106355217983946,2.511865564621985,0.19853462057210047,0.312344531643616,-0.047563675000977274,0.37314528697677035,16.683124836665346,13.837818349197294,62.067202431251054,38.30176928874959,14.683124836665346,baseline,47
94.60000000000001,-15.953683091560379,-4.075196065474302,2.507065061479807,0.19926152354900042,0.3108375806890206,-0.048445237098560905,0.3723870262686498,16.655707801846475,13.809073243021315,62.00763672934811,38.32973257715435,14.655707801846475,baseline,47
94.7,-15.933720559580252,-4.044188221683726,2.5021769953891635,0.1999882300624449,0.3093183708298175,-0.049314946512169146,0.37162495966474046,16.628283103178468,13.780329299474994,61.94837659425389,38.35768082548111,14.628283103178468,baseline,47
94.80000000000001,-15.91368537209928,-4.0133328686933964,2.497202552855015,0.2007146454371313,0.3077877633303908,-0.050172739462227035,0.37085978473544756,16.600850683838072,13.75158649736427,61.88942124241387,38.38561882323609,14.600850683838072,baseline,47
94.9,-15.893577568931505,-3.9826311103533953,2.492142933420837,0.2014405177151422,0.30624650186684144,-0.05101849898621432,0.3700920011589391,16.57341047887841,13.722844803021268,61.830769913892624,38.41355113059553,14.573410478878412,baseline,47
95.0,-15.87339722039178,-3.952083976007998,2.486999345012009,0.20216555432373895,0.30469527855565287,-0.05185208046616657,0.3693220307235967,16.545962432323204,13.694104187185818,61.77242187381079,38.44148204084623,14.545962432323204,baseline,47
95.10000000000001,-15.85313689475879,-3.9216850611846894,2.4817694183439016,0.20304021714496817,0.30328187058230716,-0.05274546974193412,0.36876456904165344,16.518496982743574,13.665354777698084,61.71437610490335,38.469401732085096,14.518496982743574,baseline,47
95.2,-15.832794974092394,-3.8914311884436756,2.4764515664428473,0.20379736307416313,0.30179460539307545,-0.05361046863402647,0.36808617386082887,16.49101105896709,13.636593266003809,61.656631710358816,38.49730454035653,14.49101105896709,baseline,47
95.30000000000001,-15.8123794994317,-3.8613278181292117,2.471048356965184,0.20451127068818423,0.3002718805481353,-0.05445257648897094,0.36735969454023754,16.463513535559983,13.607828663639784,61.59918822449749,38.52519782968179,14.463513535559983,baseline,47
95.4,-15.791893349960446,-3.831377680413425,2.465561849065125,0.20521084009934615,0.29872998606530493,-0.055276435587831595,0.36661502669715046,16.43600759728653,13.579064240156532,61.54204517135931,38.55308506633249,14.43600759728653,baseline,47
95.5,-15.771337489364669,-3.8015823832247406,2.4599937787279487,0.20590548781218523,0.29717509447827095,-0.05608383309235307,0.36586268328933763,16.408494270080492,13.5503010769162,61.48520193784671,38.580970914614184,14.408494270080492,baseline,47
95.60000000000001,-15.750712260603905,-3.771943097235635,2.4543457571417093,0.20659819129441823,0.29560977678742284,-0.05687543340873929,0.3651065155593185,16.380973858129476,13.521539519488815,61.42865784713316,38.60885975659029,14.380973858129476,baseline,47
95.7,-15.730017819441855,-3.7424607980065048,2.448619353584945,0.20728973744137463,0.29403537200037827,-0.05765144971979657,0.36434808204615143,16.35344643074739,13.492779670871137,61.37241221099368,38.63675567326685,14.35344643074739,baseline,47
95.80000000000001,-15.70925427810289,-3.7131363491062075,2.4428161261603236,0.20798017815011668,0.2924527857949289,-0.058411944718934246,0.36358814847078924,16.32591198516569,13.464021556680578,61.31646434759645,38.66466251777087,14.325911985165689,baseline,47
95.9,-15.688421757426113,-3.6839705316815525,2.436937621794641,0.20866932989721357,0.2908627527968276,-0.05915693539589211,0.36282719469429847,16.298370504123938,13.435265183283157,61.26081358654141,38.69258391219104,14.298370504123938,baseline,47
96.0,-15.667520398041233,-3.654964057728648,2.430985393933952,0.2093569430433311,0.2892659271288606,-0.059886427756717306,0.3620655885715024,16.270821972839805,13.406510555830671,61.20545926859671,38.72052326095741,14.270821972839805,baseline,47
96.10000000000001,-15.646541267400607,-3.626110148150474,2.424957145936787,0.21022490330768998,0.28781118849365206,-0.06067751433267239,0.36154052461438924,16.243255387963952,13.377746372024562,61.150400494789,38.74846996048499,14.243255387963952,baseline,48
96.2,-15.625482148490846,-3.597405521897599,2.4188515581190586,0.21095663631589262,0.286280447286915,-0.06143313978702097,0.360878411059187,16.215667168574978,13.348968830252597,61.095636460350725,38.77641815559085,14.215667168574978,baseline,48
96.30000000000001,-15.60435235942714,-3.5688556567765772,2.4126717494800687,0.21163827793055345,0.28471604960757607,-0.062161896027347854,0.3601639778035398,16.18806746424059,13.320188214520163,61.04116669348866,38.80437516093402,14.18806746424059,baseline,48
96.4,-15.58315527276136,-3.5404630512930453,2.4064201209694147,0.21230256724373828,0.28313528935608834,-0.06286949805367321,0.3594308638981337,16.160459915211817,13.29140824121356,60.98699068486906,38.832343886406484,14.160459915211817,baseline,48
96.5,-15.561892084078863,-3.5122290193103254,2.400098674930632,0.21296031263921247,0.28154460801539616,-0.06355824669614399,0.358690830360942,16.132845736881194,13.262630171483051,60.93310778254054,38.86032823721094,14.132845736881194,baseline,48
96.60000000000001,-15.540563273010775,-3.4841544232331216,2.3937092470005155,0.2136150138414541,0.27994658189274385,-0.06422910564556959,0.3579480980029718,16.105225327407314,13.233854435065297,60.87951726456223,38.88833179248272,14.105225327407314,baseline,48
96.7,-15.51916909380816,-3.456239935476333,2.3872536066919565,0.21426767400977395,0.2783424695667424,-0.06488251236028456,0.357204292947683,16.077598814389404,13.205081183908208,60.82621838960211,38.91635785355454,14.077598814389404,baseline,48
96.80000000000001,-15.497709742281586,-3.4284861236810684,2.380733486264944,0.21491845198793724,0.2767330721862813,-0.06551872401847039,0.35646014846481416,16.04996623949429,13.176310478856246,60.77321041874942,38.9444095096524,14.049966239494289,baseline,48
96.9,-15.476185412844643,-3.4008934854064137,2.374150591902435,0.21556723007921513,0.27511901900654917,-0.06613793498114107,0.35571608305883623,16.022327623190577,13.147542355428557,60.720492627803445,38.97248965552091,14.022327623190577,baseline,48
97.0,-15.454596315976232,-3.373462458141148,2.367506619542837,0.21621380675016796,0.2735008659307619,-0.06674031420506232,0.35497239813042647,15.994682986538152,13.1187768463373,60.66806431490753,39.00060098830811,13.994682986538152,baseline,48
97.10000000000001,-15.432933621341363,-3.3461867850273848,2.3607994904741645,0.21703931611269875,0.2720116543402856,-0.06740123281755882,0.35445638803798385,15.967021650741367,13.09000300485815,60.61592460351085,39.028733956384016,13.967021650741367,baseline,48
97.2,-15.411195061402395,-3.319063426926732,2.354028109461069,0.21773104070083313,0.2704547515489572,-0.06802523289211095,0.3538078730470846,15.93934012412964,13.061217141762658,60.564072715392975,39.05688336354484,13.93934012412964,baseline,48
97.30000000000001,-15.38938980572857,-3.2920971929561347,2.3471957026049495,0.21837321666031417,0.26886926624240765,-0.06862178728008085,0.3531097474919318,15.911648254874768,13.03242921916278,60.51250817640613,39.085055269199835,13.911648254874768,baseline,48
97.4,-15.367521222447976,-3.265290146926418,2.340304725803435,0.21899756788251382,0.26727102992793245,-0.06919657455035423,0.3523945290532995,15.883949586787965,13.003642841178532,60.461230513618204,39.11325164262736,13.883949586787965,baseline,48
97.5,-15.345590568613261,-3.238643266726285,2.333357240073383,0.21961463678760945,0.2656659703788536,-0.06975196897396124,0.35167361812401565,15.856245334833423,12.974859255758696,60.4102391437404,39.141475562027175,13.856245334833423,baseline,48
97.60000000000001,-15.323598399292678,-3.2121571169700474,2.3263551322743297,0.2202278730783049,0.2640564418555939,-0.0702890125886786,0.3509510875559756,15.828535922452385,12.946078906472396,60.359533439470354,39.169729828978184,13.828535922452385,baseline,48
97.7,-15.301545046968386,-3.1858320872997865,2.3193002101033926,0.2208382926565914,0.2624435852451102,-0.07080821973446551,0.3502284838812373,15.800821509575295,12.91730196657363,60.309112768813854,39.19801699307583,13.800821509575295,baseline,48
97.80000000000001,-15.2794307845179,-3.1596684743417427,2.312194245867431,0.22144608351090694,0.26082812331640426,-0.07130992550184606,0.349506485333471,15.773102174183897,12.88852852307576,60.25897650625913,39.22633944107046,13.773102174183897,baseline,48
97.9,-15.257255878299475,-3.133666510344483,2.305038968101144,0.22205115936877817,0.2592106212325328,-0.07179440538395622,0.34878546440643127,15.745377968738103,12.859758633373582,60.209124035339734,39.25469939041428,13.745377968738103,baseline,48
98.0,-15.235020608874038,-3.1078263748204336,2.297836094163358,0.2226533486445901,0.2575915768455507,-0.07226191422476733,0.34806568111759345,15.717648947742983,12.830992354110492,60.159554748256305,39.28309890381183,13.717648947742983,baseline,48
98.10000000000001,-15.212717349408194,-3.0821427749469876,2.2905838610604405,0.22341108257523648,0.2560796611662704,-0.07278169621965616,0.34754349365954373,15.689905916311083,12.802220259245832,60.11026784572837,39.31153045754075,13.689905916311083,baseline,49
98.2,-15.190344175556675,-3.056613051216118,2.283281368203461,0.22405158295718505,0.25451422322758643,-0.07326705176618983,0.34690728231801593,15.66214587223342,12.773439171569194,60.06126262617153,39.33998980007816,13.66214587223342,baseline,49
98.30000000000001,-15.167909158859402,-3.0312409544130787,2.2759316358715296,0.22464790502698245,0.2529271947975006,-0.07372645145489226,0.34622887913239636,15.634377339257323,12.74465769776209,60.01253866771176,39.368480949580864,13.634377339257323,baseline,49
98.4,-15.145415343111381,-3.006027990835719,2.268537010997534,0.22522756932747792,0.2513316010895151,-0.07416485127572715,0.3455364768821575,15.606603421863039,12.715878982934637,59.96409550862393,39.397004802663595,13.606603421863039,baseline,49
98.5,-15.122863934608176,-2.980974768404849,2.2610994884744287,0.22579976526507517,0.2497323951560858,-0.07458446077105912,0.3448400280893564,15.578825214094879,12.687104139387731,59.91593256720465,39.42556360414814,13.578825214094879,baseline,49
98.60000000000001,-15.100255527999252,-2.9560815492877737,2.253620892763138,0.22636752093020385,0.2481315510419818,-0.07498631968835617,0.3441430942137155,15.551043124665627,12.658333582949004,59.86804921140264,39.45415940146734,13.551043124665627,baseline,49
98.7,-15.077590522821993,-2.931348449201323,2.2461029682308435,0.22693173630426905,0.2465300331490991,-0.07537099348836535,0.34344702189128007,15.52325733370487,12.62956749502888,59.82044479624654,39.48279403868481,13.52325733370487,baseline,49
98.80000000000001,-15.054869264829904,-2.906775504583493,2.2385474173352122,0.22749258344821247,0.24492845849203632,-0.07573888553861118,0.34275239471936286,15.495467948881856,12.600805980803191,59.77311867505107,39.51146922516292,13.495467948881856,baseline,49
98.9,-15.032092094421387,-2.882362696924247,2.2309558978304267,0.22804999181081928,0.2433273124370048,-0.07609034421672561,0.3420595273132299,15.46767505702944,12.572049121098852,59.72607020245258,39.540186525607574,13.46767505702944,baseline,49
99.0,-15.009259362472221,-2.858109961845912,2.223330036737025,0.22860381486154077,0.24172702310597766,-0.07642569833736101,0.34136863540061907,15.439878743572436,12.543296992473175,59.679298734252534,39.56894735995294,13.439878743572436,baseline,49
99.10000000000001,-14.986365400254726,-2.834013173240237,2.2156684575602412,0.22927467590062184,0.2402081986674841,-0.07680486477951733,0.3408311062244945,15.412072063479284,12.514542456212702,59.632803413956225,39.59774671199446,13.412072063479284,baseline,49
99.2,-14.963408909039572,-2.8100700977956876,2.207970403134823,0.22985436666459938,0.2386528852234095,-0.07715510283745648,0.34020749461777067,15.38425277466441,12.485783114427873,59.58658350454572,39.62658130132386,13.38425277466441,baseline,49
99.30000000000001,-14.940396222984418,-2.786283247405663,2.2002384634688497,0.23039856973816053,0.2370837529089503,-0.077482561338361,0.33955228484334354,15.356427414300121,12.457025551581799,59.54063855369745,39.655452555307555,13.356427414300121,baseline,49
99.4,-14.917329831747338,-2.76265352696646,2.1924747321754694,0.23092845570637022,0.23551032707398029,-0.07779096031579368,0.3388871483551354,15.328598411806189,12.428272216198966,59.4949680275742,39.684360115868344,13.328598411806189,baseline,49
99.5,-14.89421081286855,-2.739181178214494,2.1846810206770897,0.2314511236096091,0.23393633967566144,-0.07808216551478761,0.3382198371066896,15.300766661424573,12.399524004983029,59.44957126235557,39.71330531882459,13.300766661424573,baseline,49
99.60000000000001,-14.871039770776406,-2.7158661822904833,2.176858998835087,0.23196893079308903,0.23236328953003754,-0.0783571572664073,0.3375531473255456,15.272932530622008,12.370781279299765,59.40444753374399,39.74228942558493,13.272932530622008,baseline,49
99.7,-14.8478171559982,-2.6927084083436057,2.1690102592110634,0.23248257727458066,0.23079191626503867,-0.07861653945820905,0.3368881381496002,15.245096207465588,12.342044216372443,59.35959609115745,39.77131354034665,13.245096207465588,baseline,49
99.80000000000001,-14.824543378315866,-2.669707664870657,2.1611363356932998,0.2329921923034581,0.22922269583152574,-0.07886078842024169,0.33622526661288543,15.217257823040647,12.313312932878649,59.31501616982186,39.80037863772818,13.217257823040647,baseline,49
99.9,-14.801218844018877,-2.6468637178768404,2.153238725848496,0.23349771504977895,0.2276560028121689,-0.07909033482135414,0.3355647770729758,15.18941749442835,12.284587528929602,59.27070699791261,39.82948556591962,13.18941749442835,baseline,49
100.0,-14.77784396824427,-2.6241762980935164,2.1453188750892878,0.23399902399759795,0.22609216622860548,-0.07930558585383315,0.33490683302881635,15.161575335995389,12.2558680989801,59.226667802448304,39.85863501937555,13.161575335995389,baseline,49
100.10000000000001,-14.754415509756655,-2.6016425035195425,2.1373757869005203,0.23456942851219498,0.22458337607090623,-0.07955514058393068,0.334349413029652,15.133727102240735,12.227150238160807,59.18289756811953,39.88782449068734,13.133727102240735,baseline,50
100.2,-14.730932973325253,-2.579260546423029,2.129408795386553,0.23508056308442984,0.22305550291740456,-0.0797836005270601,0.3337394963663881,15.105871475979304,12.198432489826457,59.13939543551872,39.917051538777535,13.105871475979304,baseline,50
100.30000000000001,-14.707400555489585,-2.557031692471355,2.1214198730885983,0.2355670539176898,0.22152135301635809,-0.07999380681853382,0.33311042592956863,15.078012616185648,12.169719023909963,59.09616089291338,39.94631466909665,13.078012616185648,baseline,50
100.4,-14.683820044388995,-2.534956276824232,2.113410738296807,0.236042423272506,0.2199867678842176,-0.0801878415808711,0.33247600449641534,15.050152137774516,12.141011453080212,59.05319334444408,39.9756121278528,13.050152137774516,baseline,50
100.5,-14.660192325944081,-2.5130342192715034,2.1053829407319427,0.23651121175292217,0.2184542083307646,-0.08036702014413258,0.3318413059718517,15.02229068245001,12.112310406869529,59.010492077764404,40.004944370501576,13.02229068245001,baseline,50
100.60000000000001,-14.636517981765792,-2.491265265562106,2.0973379304632545,0.2369749414724988,0.21692470653227744,-0.08053211638715314,0.33120820183051464,14.994428553583143,12.083616170580507,58.9680563389676,40.03431195924809,12.994428553583143,baseline,50
100.7,-14.612797495909035,-2.4696490820497274,2.0892770923674107,0.23743405646857504,0.21539881687988188,-0.08068363479171226,0.3305774196880025,14.966565939239558,12.054928910539102,58.925885364215034,40.06371538632183,12.966565939239558,baseline,50
100.80000000000001,-14.589031325653195,-2.4481852884346154,2.0812017591670156,0.23788862322909396,0.21387692921093077,-0.08082198455112448,0.32994928564449644,14.938702988872823,12.026248751619876,58.88397838810536,40.09315507978145,12.938702988872823,baseline,50
100.9,-14.565219929907471,-2.4268734676297754,2.0731132309883833,0.23833858121794935,0.212359367043536,-0.08094753911813042,0.3293239805380069,14.910839845661219,11.997575810284069,58.84233464568387,40.12263138573479,12.910839845661219,baseline,50
101.0,-14.54136377433315,-2.405713173095137,2.0650127697736025,0.23878383026975064,0.2108464213288528,-0.08106065522174617,0.3287016288527576,14.882976652135818,11.968910200265562,58.80095337217422,40.15214455415985,12.882976652135818,baseline,50
101.10000000000001,-14.517462183255702,-2.3847026178846136,2.056899793446064,0.23924731136783325,0.2093645293803751,-0.08119786712750487,0.3281247869111062,14.855111967881077,11.940250352431871,58.75983347125286,40.1816947102666,12.855111967881077,baseline,50
101.2,-14.493515542475507,-2.3638404046359938,2.0487737394869328,0.23968482544065836,0.20787961779958258,-0.0813222240622549,0.3275302355042218,14.827245464825218,11.91159581329584,58.71897405384319,40.2112802638003,12.827245464825218,baseline,50
101.30000000000001,-14.469525798922405,-2.343126646403107,2.040635938756168,0.2401093710201553,0.2063954590841284,-0.081432769195075,0.32692949007549177,14.799378850523038,11.882948269170162,58.67837466768514,40.24089704324865,12.799378850523038,baseline,50
101.4,-14.445493972627446,-2.322561145418149,2.032487756572664,0.2405264857828098,0.20491448966694442,-0.0815298752240331,0.3263281461850003,14.771512883521435,11.854308458626974,58.63803470930493,40.270542237479624,12.771512883521435,baseline,50
101.5,-14.421420716214925,-2.302143520450045,2.0243304995819926,0.24093797550393872,0.20343795080698807,-0.08161427609872211,0.3257284113054947,14.743647928323607,11.825676722161461,58.59795343741626,40.30021562490772,12.743647928323607,baseline,50
101.60000000000001,-14.397306562634185,-2.281873300064035,2.016165410168469,0.24134444272464928,0.2019664077820649,-0.08168654779266905,0.3251311458423306,14.71578421210281,11.79705325924102,58.5581300559733,40.32991719839311,12.71578421210281,baseline,50
101.7,-14.373152005719021,-2.2617499677071464,2.0079936757683754,0.24174603554105129,0.20050021081507943,-0.08174713313010035,0.3245367067246737,14.6879219121649,11.768438216838277,58.518563747518584,40.35964692403024,12.6879219121649,baseline,50
101.80000000000001,-14.348957534413785,-2.2417729747321573,1.9998164474964142,0.24214273804438277,0.1990396372099373,-0.08179642911814652,0.3239452709714621,14.660061194221761,11.739831728429673,58.47925368411185,40.38940472663174,12.660061194221761,baseline,50
101.9,-14.32472364185378,-2.22194174604374,1.9916348373517394,0.24253447922746435,0.19758493055879778,-0.08183481560194962,0.3233569474167323,14.63220222193671,11.711233923567873,58.44019903161966,40.41919045585263,12.63220222193671,baseline,50
102.0,-14.300450827460736,-2.202255684285774,1.9834499154239893,0.2429211706583698,0.19613631455173247,-0.08186266320523825,0.32277181516827524,14.604345159389615,11.682644930400928,58.401398951109684,40.44900387021897,12.604345159389615,baseline,50
102.10000000000001,-14.276140968082473,-2.1827139793895185,1.9752615224570036,0.24327539111983623,0.19469780714415108,-0.08190419570972297,0.3221776672988166,14.576491324680447,11.654065965575684,58.36285218932044,40.478847438617954,12.576491324680447,baseline,51
102.2,-14.251795374788344,-2.163315584650263,1.9670692067593336,0.24363586824813716,0.19327010501972933,-0.08194122799038006,0.3215993386745879,14.548641413816272,11.625497612535984,58.324557757259626,40.508720225605806,12.548641413816272,baseline,51
102.30000000000001,-14.22741378727369,-2.144059617392486,1.9588736426085234,0.2439952686689278,0.19184926432338112,-0.08196912157865607,0.32102767520358944,14.520794766986588,11.596939162611097,58.28651519216872,40.53861543349689,12.520794766986588,baseline,51
102.4,-14.202996426261961,-2.1249454182107,1.9506758078932762,0.2443513618033207,0.1904347560965862,-0.08198662508665741,0.3204602799689904,14.49295127371526,11.568390469927655,58.24872382309852,40.568529159679706,12.49295127371526,baseline,51
102.5,-14.17854367219843,-2.105972347984789,1.9424767373129725,0.24470312858821766,0.18902669366453312,-0.08199389256033139,0.31989640585008483,14.465110994040687,11.53985156042859,58.21118283218432,40.59846046560736,12.465110994040687,baseline,51
102.60000000000001,-14.15405597910285,-2.0871397569717374,1.9342774311080575,0.24505014536415393,0.18762518576454154,-0.0819912911418103,0.31933580428644825,14.437274057286684,11.511322527432982,58.17389134110407,40.628408752452174,12.437274057286684,baseline,51
102.7,-14.129533833824098,-2.068446982302703,1.9260788634419441,0.24539219595264833,0.1862303744253185,-0.08197919273745156,0.31877840302464266,14.409440623007365,11.48280349326898,58.13684844271847,40.65837347152509,12.409440623007365,baseline,51
102.80000000000001,-14.104977738112211,-2.0498933469643816,1.9178819600492716,0.24572914379508642,0.18484241607135407,-0.08195797220823554,0.3182241978508984,14.381610860374867,11.454294588082632,58.100053211310815,40.6883540518179,12.381610860374867,baseline,51
102.9,-14.080388208734803,-2.031478157674428,1.9096876168623567,0.24606088811244836,0.18346146363385696,-0.08192800228607752,0.31767320764576823,14.353784950589993,11.425795952815497,58.063504706318426,40.71834987526579,12.353784950589993,baseline,51
103.0,-14.05576576932799,-2.0132007065112703,1.9014966897666454,0.24638734628783762,0.18208765918256622,-0.08188964932479897,0.317125455780339,14.325963077856352,11.397307729992006,58.02720197344298,40.74836024871286,12.325963077856352,baseline,51
103.10000000000001,-14.03111466486007,-1.9950609912048094,1.89330939296633,0.24663418221955885,0.18070681945553776,-0.08185543013932091,0.31651806564577023,14.29814909540997,11.368833694157574,57.99114355872045,40.77838965861505,12.29814909540997,baseline,51
103.2,-14.006437161937356,-1.977058292075526,1.885125351138413,0.2469153337990459,0.179347296671604,-0.08182452204047833,0.31595551474164735,14.270344741843804,11.340375482295327,57.95532831573839,40.808437722357546,12.270344741843804,baseline,51
103.30000000000001,-13.981731034000404,-1.9591909627779387,1.8769446276128292,0.24720669706430495,0.17799941061408128,-0.0817891008713354,0.3154114745435632,14.242547281679828,11.311930289162985,57.91975571285082,40.83849540420314,12.242547281679828,baseline,51
103.4,-13.956995706656016,-1.9414579826407135,1.8687678072601557,0.24749933233106872,0.1766603231201896,-0.08174647932646795,0.3148766046430367,14.214755761933645,11.283497114436182,57.884424967940994,40.86855784351765,12.214755761933645,baseline,51
103.5,-13.932231239043176,-1.9238585161510855,1.8605956304818392,0.24778950505403166,0.1753291382729963,-0.08169619646181625,0.3143472825694555,14.186969901585952,11.25507563520773,57.84933514991755,40.8986234632205,12.186969901585952,baseline,51
103.60000000000001,-13.90743795526214,-1.90639179199934,1.8524288618937135,0.2480756668892525,0.17400549089106926,-0.08163832166550705,0.3138220242862985,14.159189695474995,11.226665805165505,57.81448527371339,40.928691198429156,12.159189695474995,baseline,51
103.7,-13.882616290124133,-1.8890570611110888,1.8442682540044188,0.24835713953892755,0.17268927698064904,-0.08157306115521215,0.3133002065915208,14.131415252255596,11.19826769151985,57.77987433530508,40.958760107706816,12.131415252255596,baseline,51
103.80000000000001,-13.857766728266142,-1.8718535801162943,1.8361145248636603,0.24863360579673685,0.17138050705550922,-0.0815006766868955,0.31278156664118245,14.103646729440213,11.169881409363876,57.745501324813475,40.988829283330325,12.103646729440213,baseline,51
103.9,-13.832889778655954,-1.854780601337552,1.8279683785513043,0.2489049047211568,0.17007923503429878,-0.08142144751728443,0.312265992224434,14.0758843097166,11.141507098619568,57.7113652318972,41.018897830237805,12.0758843097166,baseline,51
104.0,-13.807985962601379,-1.8378373722080141,1.8198304828256369,0.2491709453491033,0.16878552801356964,-0.08133565301835445,0.31175343289995616,14.048128186214083,11.11314490865184,57.67746504721152,41.04896481571869,12.048128186214083,baseline,51
104.10000000000001,-13.783061368740164,-1.8210244813235477,1.811701356433332,0.2493204389400045,0.16747259295779512,-0.08124608532434391,0.311140927950301,14.02038418378539,11.08480060481462,57.64379918024024,41.07903640287205,12.02038418378539,baseline,52
104.2,-13.758119160193019,-1.8043415201827884,1.8035807507112622,0.24952326698570865,0.1661868547503287,-0.0811652299945717,0.31059254018585153,13.992655025829158,11.05647682178658,57.61036641658387,41.1091128619211,11.992655025829158,baseline,52
104.30000000000001,-13.73315569886472,-1.787786400411278,1.7954682828858495,0.249745502658109,0.16491574606858958,-0.08108338081669351,0.3100718207834694,13.96493652035716,11.028169287076473,57.57716627854416,41.139183736537994,11.96493652035716,baseline,52
104.4,-13.708169714082032,-1.7713578656548634,1.7873642314225435,0.24997375740734845,0.1636551519705182,-0.08099687563942239,0.3095648268492229,13.937227001597625,10.99987628155743,57.544197992961664,41.1692436733907,11.937227001597625,baseline,52
104.5,-13.683160899439827,-1.7550549443112686,1.7792691132053733,0.2502021012292621,0.16240348083557601,-0.08090472861510453,0.3090656195039056,13.909525823503724,10.971597114280037,57.51146062720231,41.19929081181412,11.909525823503724,baseline,52
104.60000000000001,-13.658129380550236,-1.7388767816592008,1.7711835037916899,0.2504278505959389,0.16115997733811513,-0.08080669706217701,0.30857149729004807,13.881832791160786,10.943331547497106,57.4789531861788,41.22932390101188,11.881832791160786,baseline,52
104.7,-13.633075480000116,-1.7228225781582296,1.763107992708683,0.25064974293625275,0.15992431180261357,-0.08070279639179309,0.3080811913846809,13.854147915810103,10.91507955047258,57.44667464554587,41.25934190270481,11.854147915810103,baseline,52
104.80000000000001,-13.607999613741413,-1.7068915559211746,1.7550431583076715,0.2508671672877301,0.15869635626741338,-0.08059316478187618,0.30759409507512075,13.826471305390397,10.886841189083983,57.41462396503169,41.2893438634678,11.826471305390397,baseline,52
104.9,-13.582902244175784,-1.691082946024835,1.7469895640388131,0.251079821241016,0.15747607224724572,-0.08047799500916618,0.3071099113437007,13.798803116286285,10.858616577491693,57.382800095152525,41.31932886226631,11.798803116286285,baseline,52
105.0,-13.55778385605663,-1.6753959809429944,1.7389477547258139,0.2512875536044539,0.15626346040225653,-0.0803575012346746,0.30662849126928765,13.77114352819604,10.83040585286793,57.35120198047716,41.349295972092925,11.77114352819604,baseline,52
105.10000000000001,-13.532651670160703,-1.6598315882729366,1.7309184595942497,0.25135573805788386,0.15502479746754738,-0.0802276276033158,0.3060210239760235,13.743499584934547,10.802216014324646,57.31982788921601,41.37925263430202,11.743499584934547,baseline,52
105.2,-13.507509621558711,-1.6443896220298484,1.7229015976190567,0.25148483561103724,0.15381484691929373,-0.0801089001767932,0.3054849678178152,13.715874865301846,10.774050565653878,57.28867652119124,41.409199840335404,11.715874865301846,baseline,52
105.30000000000001,-13.482353385537863,-1.6290678473887965,1.714896542020142,0.2516394998401828,0.15262092142448502,-0.07999150276280487,0.30498233399744323,13.688264499700205,10.745904554783914,57.257747414051174,41.43912648322276,11.688264499700205,baseline,52
105.4,-13.457181162200868,-1.6138648848282173,1.706903362646699,0.25180460395582216,0.151438604153497,-0.0798714344672362,0.30449738167209583,13.660666301033421,10.717775740095746,57.227039756941885,41.469027065510915,11.660666301033421,baseline,52
105.5,-13.431992272031493,-1.598779670894146,1.698922386392951,0.2519728397141796,0.15026593326190943,-0.07974740485585328,0.3040227149966654,13.63307925990916,10.689663066475777,57.19655257441092,41.49889955237519,11.63307925990916,baseline,52
105.60000000000001,-13.406786584877409,-1.5838112948695198,1.6909540360793471,0.25214055445733596,0.1491018607687993,-0.07961893222703113,0.3035546053937311,13.605502941910608,10.661566057248518,57.166284826334596,41.528742610995955,11.605502941910608,baseline,52
105.7,-13.381564246956259,-1.5689589227549732,1.6829987624660134,0.2523058578402876,0.14794584915378187,-0.07948586279726721,0.3030911126492873,13.577937200884847,10.633484525283096,57.13623544107622,41.55855515906812,11.577937200884847,baseline,52
105.80000000000001,-13.356325549539179,-1.554221763042733,1.675057027488947,0.25246775353825196,0.14679762760409557,-0.07934821598352848,0.30263121026525164,13.550382043297848,10.605418436916752,57.10640332970479,41.58833627523022,11.550382043297848,baseline,52
105.9,-13.331070859683678,-1.5395990429678932,1.6671292809769511,0.25262571409384355,0.1456570597480169,-0.07920609981948094,0.302174348223795,13.522837554245251,10.577367837056798,57.07678739348796,41.61808508332426,11.522837554245251,baseline,52
106.0,-13.305800584726967,-1.5250900003593415,1.6592159606516361,0.25277946289917674,0.14452407771653872,-0.07905966533763661,0.3017202289981756,13.495303861484473,10.549332813284254,57.04738652767234,41.64780072941704,11.495303861484473,baseline,52
106.10000000000001,-13.280522574554197,-1.5106957422103733,1.6513179410248995,0.2527803904262463,0.14336154066897197,-0.07890005504863928,0.3011240206521312,13.467788698265462,10.52132106599745,57.01819887959815,41.677491616203085,11.467788698265462,baseline,53
106.2,-13.255241404869594,-1.496416345005855,1.6434352956712246,0.2528426786055061,0.142226787216466,-0.07875221773880693,0.30059905343348237,13.440296356480681,10.493336824900377,56.9892230749418,41.70715946255948,11.440296356480681,baseline,53
106.30000000000001,-13.229952517780475,-1.482249598717317,1.635567287914455,0.2529347509665587,0.141108469906793,-0.07860732547015843,0.3001111463166985,13.412821770564143,10.46537494513391,56.96045865757379,41.73679302966328,11.412821770564143,baseline,53
106.4,-13.204653698718175,-1.4681940728332847,1.6277138208970428,0.25304132849171895,0.1400023738264821,-0.07846138749367579,0.29964440246621793,13.385362356743041,10.437432789196995,56.9319047808619,41.766386834235355,11.385362356743041,baseline,53
106.5,-13.17934390483424,-1.4542486516293138,1.6198750771582127,0.25315425935210856,0.1389063740104442,-0.07831293687878671,0.2991905343613412,13.357916760043665,10.409508957643007,56.903560431019336,41.79593881008605,11.357916760043665,baseline,53
106.60000000000001,-13.15402272331994,-1.4404123881831765,1.612051334232092,0.2532690811484722,0.13781921757653504,-0.07816130228125376,0.29874496376257326,13.330484280694694,10.381602709501493,56.875424526902755,41.825447580676865,11.330484280694694,baseline,53
106.7,-13.128690090961754,-1.4266844331286848,1.6042429311200976,0.25338328920758724,0.1367401949159263,-0.07800617761024997,0.29830510538819677,13.303064585211104,10.353713672519989,56.84749595165719,41.854912114465414,11.303064585211104,baseline,53
106.80000000000001,-13.103346140123904,-1.4130639943759888,1.5964502207934856,0.2534954612472288,0.13566890388631483,-0.07784746810991107,0.2978694825687638,13.275657544075674,10.32584167934169,56.8197735667834,41.88433156510487,11.275657544075674,baseline,53
106.9,-13.077991114463657,-1.3995503096375614,1.588673559948802,0.2536047876740376,0.13460511167409542,-0.07768519728416651,0.29743724430048984,13.248263144249414,10.297986679564866,56.79225621993141,41.913705177143676,11.248263144249414,baseline,53
107.0,-13.05262532189954,-1.38614263641648,1.5809132996946573,0.2537108095592665,0.13354867940798548,-0.07751945269454759,0.29700789586288356,13.220881440491636,10.270148690848586,56.76494274940887,41.943032245746785,11.220881440491636,baseline,53
107.10000000000001,-13.027257163426839,-1.3728422310668975,1.5731704467907548,0.25365206994922496,0.13245993873252745,-0.07733701752276276,0.2964220339952271,13.193520767714448,10.242336025904999,56.73783118514975,41.97232207324393,11.193520767714448,baseline,53
107.2,-13.001891763415188,-1.3596493571531028,1.5654452247545123,0.253655666884627,0.1313979804702018,-0.077166881581478,0.29590767855421096,13.166186029130731,10.214553537633748,56.71092006569469,42.001577118498105,11.166186029130731,baseline,53
107.30000000000001,-12.976524308440275,-1.3465618493501097,1.5577367963269353,0.2536931801261981,0.13035256559459987,-0.0770010854314988,0.2954338981181189,13.13887194047866,10.186795866103129,56.68420891601284,42.030786132320884,11.13887194047866,baseline,53
107.4,-12.951152190100402,-1.3335782589856535,1.5500449370592833,0.2537489472609546,0.12931961996193583,-0.07683561397037364,0.2949844130074444,13.111575547236296,10.1590600052506,56.657696849230156,42.059943751473845,11.111575547236296,baseline,53
107.5,-12.925774034112692,-1.3206974514760077,1.542369688861072,0.25381394431695636,0.12829688359993846,-0.0766688263498487,0.2945500256408925,13.084295181491227,10.131344244063488,56.631382816843185,42.08904791226018,11.084295181491227,baseline,53
107.60000000000001,-12.900389178306796,-1.3079184771049768,1.5347112268209457,0.2538829477871898,0.1272829492373127,-0.07649987827696583,0.2941253673521749,13.057029916648654,10.103647617292339,56.605265709381534,42.11809732149358,11.057029916648654,baseline,53
107.7,-12.874997375183739,-1.2952404981479049,1.527069792151451,0.25395289764499035,0.1262769817210177,-0.07632832644013467,0.2937072756198065,13.029779257882002,10.075969593941302,56.579344388475675,42.14709105519793,11.029779257882002,baseline,53
107.80000000000001,-12.849598620203324,-1.2826627420727164,1.519445652142167,0.2540219936628508,0.1252784864187522,-0.07615397128278537,0.2932938795235287,13.002542962822558,10.048309896635676,56.55361770188914,42.17602839677723,11.002542962822558,baseline,53
107.9,-12.824193051666953,-1.2701844770926982,1.511839092709124,0.2540891771299439,0.12428716537451445,-0.07597675532463957,0.29288406710004566,12.975320939171938,10.020668399089555,56.5280844917417,42.204908775188194,10.975320939171938,baseline,53
108.0,-12.798780891578645,-1.2578049949370325,1.5042503969743848,0.2541538277294952,0.12330283447965482,-0.0757967020311363,0.29247717377441257,12.948113181955307,9.993045062604937,56.50274359872549,42.233731674813285,10.948113181955307,baseline,53
108.10000000000001,-12.773371172021143,-1.245525706326589,1.4966807216405869,0.25404033051345976,0.12228350398932947,-0.0755962724465638,0.2918981693726621,12.920928703691223,9.965448887719251,56.47759299123956,42.26250733264216,10.920928703691223,baseline,54
108.2,-12.747969480813481,-1.2333470277953893,1.4891304289922118,0.25399328681237565,0.12129053121427533,-0.07540907263798378,0.29139408186185856,12.893772923751767,9.937885254136985,56.452631188713426,42.291238900479044,10.893772923751767,baseline,54
108.30000000000001,-12.722570584854111,-1.2212668186984956,1.481598581187427,0.2539844352746745,0.1203140887845997,-0.07522739015005696,0.2909342426574307,12.866640170799275,9.910348418481611,56.42785778224013,42.31991512827334,10.866640170799275,baseline,54
108.4,-12.697171502746642,-1.2092836296651512,1.4740848364308476,0.25399702667545554,0.11935008737584946,-0.07504706449319139,0.29050128193459007,12.8395271397405,9.88283502622871,56.40327192317656,42.34853078306767,10.8395271397405,baseline,54
108.5,-12.671770587563515,-1.1973963370546699,1.4665891472250223,0.25402110445790127,0.11839615823829289,-0.07486627721795353,0.2900850414276378,12.812431913520165,9.85534312001408,56.378872599253015,42.37708391461067,10.812431913520165,baseline,54
108.60000000000001,-12.646366984699853,-1.1856040076818317,1.4591116104274988,0.2540507875821542,0.11745080338201251,-0.07468404294845651,0.2896794783158101,12.785353396227341,9.827871568056986,56.3546587336117,42.405573332163996,10.785353396227341,baseline,54
108.7,-12.620960308238864,-1.173905829899013,1.4516523946076632,0.2540825822062446,0.11651312264725372,-0.0744998185530114,0.2892809867482456,12.758290977806624,9.800419726978468,56.330629216872744,42.43399822910077,10.758290977806624,baseline,54
108.80000000000001,-12.595550450845622,-1.162301064003259,1.4442117158323526,0.2541144094353897,0.11558257749039451,-0.0743133343366771,0.28888741225995757,12.731244338371953,9.772987245374576,56.30678292330057,42.46235805538862,10.731244338371953,baseline,54
108.9,-12.570137471193448,-1.150789011735469,1.436789802275598,0.25414503382863785,0.11465884081575085,-0.074124483043417,0.2884974644315353,12.704213329842815,9.74557394425773,56.283118720202445,42.490652368056125,10.704213329842815,baseline,54
109.0,-12.544721526093781,-1.139369003009051,1.4293868960812688,0.2541737238203512,0.11374171038225062,-0.07393325174326786,0.2881103682180101,12.67719790769819,9.71817974902629,56.25963547307314,42.51888081938287,10.67719790769819,baseline,54
109.10000000000001,-12.51931225543376,-1.1280425728764385,1.422004302032292,0.25401150536326284,0.11278748842667527,-0.0737181919995884,0.2875364920044002,12.650207730716282,9.69081431550886,56.23633111572977,42.547054469474624,10.650207730716282,baseline,54
109.2,-12.493915624916553,-1.1168102549854666,1.414642502553761,0.25392094842376256,0.11185937461620123,-0.07351733979571784,0.28704209967980265,12.623248638849125,9.663483453119115,56.21320417020237,42.575177030669366,10.623248638849125,baseline,54
109.30000000000001,-12.468525949981995,-1.1056699266191572,1.407300466671586,0.25387240589955945,0.11094764561332901,-0.07332296763908223,0.28659524791554625,12.596314538606064,9.636180999524994,56.19025430049237,42.603237126011315,10.596314538606064,baseline,54
109.4,-12.443139928160235,-1.0946201565675437,1.3999777594581246,0.25384790037173555,0.1100481857961514,-0.07313077227791166,0.28617733937914547,12.569401826893627,9.608903304589731,56.167480701917555,42.631229575530426,10.569401826893627,baseline,54
109.5,-12.417755694128573,-1.0836598400492221,1.3926742626354098,0.2538366517987752,0.10915856960704176,-0.07293879801216158,0.2857773737903806,12.542508390661142,9.58164821755807,56.144882404695664,42.65915242847226,10.542508390661142,baseline,54
109.60000000000001,-12.392372243455611,-1.0727880680933595,1.3853900050744414,0.2538322482022523,0.10827725922822906,-0.07274595920984112,0.285388769356376,12.515633005388608,9.554414480481734,56.122458372203525,42.687004491161844,10.515633005388608,baseline,54
109.7,-12.366989082540385,-1.0620040586218238,1.3781251069158316,0.25383086127182497,0.10740332788543075,-0.07255164512214254,0.2850075826794633,12.488774975893916,9.52720136783472,56.10020753327666,42.714785013792685,10.488774975893916,baseline,54
109.80000000000001,-12.341606023604982,-1.051307101501152,1.3708797292783856,0.25383020415750057,0.10653621886877457,-0.07235553968197354,0.28463145046913474,12.461933922778435,9.500008471262856,56.07812879907747,42.74249347623391,10.461933922778435,baseline,54
109.9,-12.316223062807694,-1.040696530137211,1.3636540593579412,0.2538289137251595,0.1056755936344797,-0.07215750267493319,0.28425895540013707,12.435109657509225,9.47283557428466,56.056221072901444,42.77012950244488,10.435109657509225,baseline,54
110.0,-12.290840303176083,-1.0301717082038522,1.3564482918009162,0.25382618109802235,0.10482124272129183,-0.07195749699910124,0.28388924690945533,12.408302102821755,9.44568257225672,56.03448325566312,42.797692800911335,10.408302102821755,baseline,54
110.10000000000001,-12.265467916149646,-1.0197342545725405,1.349263858050108,0.253621423884283,0.10392845909387756,-0.07173075169435036,0.2833200522401397,12.381521478020591,9.418559688922045,56.01291327443251,42.82519508591603,10.381521478020591,baseline,55
110.2,-12.240112178376876,-1.0093847862444818,1.3421013513579965,0.2534932203539986,0.10306144001864709,-0.07151905443422195,0.28283466607069807,12.354773968926697,9.391473087487789,55.991509669505064,42.85264055122476,10.354773968926697,baseline,55
110.30000000000001,-12.214766995050013,-0.9991212093736976,1.3349596485495567,0.25341035013517527,0.1022105562032437,-0.07131465731657143,0.28239968785958064,12.32805309842714,9.364416224588641,55.9702721706458,42.88001767489478,10.32805309842714,baseline,55
110.4,-12.189428783138283,-0.988942117895931,1.3278382383286953,0.2533537954327833,0.1013717275681254,-0.0711131616943695,0.28199548680167275,12.301355004995035,9.33738519394411,55.94920001799925,42.90732130697635,10.301355004995035,baseline,55
110.5,-12.164095474523492,-0.9788464256562293,1.3207369362935424,0.25331229530355304,0.10054255535132531,-0.07091254822342906,0.28161057132868594,12.274677392633704,9.310377663988287,55.92829228336752,42.934549467318625,10.274677392633704,baseline,55
110.60000000000001,-12.138765935203992,-0.9688332509249449,1.313655716367066,0.2532784200531567,0.09972135430132395,-0.07071152981878273,0.2812373144119145,12.248018927112682,9.283392269407049,55.90754796014928,42.961701007922684,10.248018927112682,baseline,55
110.7,-12.113439575885423,-0.9589018393307924,1.3065946474671364,0.2532486950273962,0.09890727565375301,-0.07050954786584682,0.2808721186778296,12.221378836648872,9.256428210361513,55.88696600384108,42.98877523842215,10.221378836648872,baseline,55
110.80000000000001,-12.088116044993512,-0.9490514975041151,1.2995538301765919,0.2532218577480264,0.09809998117583102,-0.0703064711617912,0.2805136635447263,12.194756595343387,9.229484934150442,55.8665453556296,43.01577167343158,10.194756595343387,baseline,55
110.9,-12.06279528781306,-0.9392815944738686,1.2925334172323346,0.25319322774168856,0.09729849098287346,-0.0701015053868446,0.28015714872067904,12.168151983931851,9.202562196322624,55.846284938198096,43.042690091611576,10.168151983931851,baseline,55
111.0,-12.03747761726845,-0.9295915747061372,1.285533613525331,0.25316013274120486,0.0965023168066307,-0.06989427144030395,0.27979985550168296,12.141565160781663,9.175660131559818,55.82618369256156,43.06953041464432,10.141565160781663,baseline,55
111.10000000000001,-12.012173799215816,-0.9199831387959421,1.2785559818148613,0.2529161321322429,0.09566707272862007,-0.06965797582220633,0.27923286391978347,12.115006964788353,9.148789589971749,55.80623954591729,43.09630504763734,10.115006964788353,baseline,55
111.2,-11.986890298547223,-0.9104569535702467,1.2716011917218566,0.2527538064005663,0.09485719048551128,-0.06943748942393174,0.2787542612665826,12.088483795931499,9.121956955238007,55.78645103519702,43.12301867424604,10.088483795931499,baseline,55
111.30000000000001,-11.961620605085045,-0.9010109631344676,1.2646680530160666,0.25264000265994835,0.09406310657978333,-0.06922500163777691,0.27832883396300967,12.061988788753,9.095155298811164,55.76681794134504,43.14965975824177,10.061988788753,baseline,55
111.4,-11.936360875028186,-0.8916437923908234,1.257755988277495,0.2525545490716665,0.09328076562255087,-0.06901600116330689,0.2779358017753302,12.03551784168262,9.068380476539982,55.74733954192243,43.176223222276114,10.03551784168262,baseline,55
111.5,-11.911108882748522,-0.8823543908074498,1.25086475815624,0.2524852533018831,0.09250772254765942,-0.06880832368204931,0.2775627267372269,12.009068520533356,9.041630020874226,55.728014949160595,43.20270712329625,10.009068520533356,baseline,55
111.60000000000001,-11.885863377479836,-0.873141904361546,1.2439942909404635,0.25242481342498524,0.09174242246852701,-0.0686007304036088,0.2772021261190846,11.98263939243608,9.014902470037152,55.70884320457475,43.22911031366934,9.98263939243608,baseline,55
111.7,-11.860623692627996,-0.8640056094154716,1.2371446155011654,0.25236884967471,0.09098392220486097,-0.0683925061277499,0.2768494993319491,11.956229626052416,8.988196966863015,55.68982331119519,43.255432131056274,9.956229626052416,baseline,55
111.80000000000001,-11.835389512125403,-0.8549448517151177,1.230315813794732,0.25231473549716504,0.0902316494244138,-0.06818326059234872,0.27650213983233257,11.929838750162366,8.961513015787187,55.670954251752335,43.281672161584986,9.929838750162366,baseline,55
111.9,-11.810160729219206,-0.8459590282291174,1.22350799664855,0.25226089758108966,0.08948525106917447,-0.06797279768278557,0.2761584179998051,11.903466509605376,8.934850338420985,55.65223499947931,43.307830176884316,9.903466509605376,baseline,55
112.0,-11.784937363583595,-0.8370475615374744,1.216721293516457,0.25220639570940095,0.08874450457842709,-0.06776103598923727,0.2758173510276903,11.877112780047215,8.90820878787982,55.63366452426131,43.333906040400095,9.877112780047215,baseline,55
112.10000000000001,-11.759730409248732,-0.8282121480442584,1.2099573099985719,0.251932637460843,0.0879644358409345,-0.06751834043204075,0.2752571926135398,11.850788638415438,8.881599456004759,55.615240778369895,43.3599124406992,9.850788638415438,baseline,56
112.2,-11.734546615509316,-0.8194535127840936,1.2032167967408895,0.2517432002223616,0.08720882462228882,-0.06729168726637215,0.2747875345159463,11.824500792470468,8.855029039934248,55.59696234506353,43.385854417749776,9.824500792470468,baseline,56
112.30000000000001,-11.709379247156903,-0.8107696762308478,1.1964985271915793,0.25160414271463494,0.08646841501735969,-0.06707343407467933,0.27437251499622023,11.798242180393478,8.82849041820143,55.57882904105949,43.41172059330422,9.798242180393478,baseline,56
112.4,-11.684224306955002,-0.8021593140438199,1.189801893197,0.2514946498821996,0.08573928980045668,-0.06685906021662297,0.27399072733927854,11.77200856971318,8.80197931852095,55.560840176870926,43.43750605212394,9.77200856971318,baseline,56
112.5,-11.659079465898685,-0.7936214180663228,1.1831266088411212,0.2514021641412251,0.0850190799232357,-0.06664637217319576,0.2736293679591669,11.745797440782889,8.775493189816157,55.542994903863594,43.463208890558164,9.745797440782889,baseline,56
112.60000000000001,-11.633943399821874,-0.7851551715284586,1.1764725735411048,0.25131915565693574,0.08430627718930896,-0.06643410420683488,0.27328072851081225,11.719607305278247,8.749030517205894,55.52529230533793,43.48882803635227,9.719607305278247,baseline,56
112.7,-11.608815387124196,-0.7767598815262318,1.169839782640338,0.2512411014535281,0.08359996410038745,-0.0662215202460895,0.2729401670712307,11.69343729289759,8.722590406535375,55.50773142682648,43.51436286648064,9.69343729289759,baseline,56
112.80000000000001,-11.583695068198722,-0.7684349254705012,1.163228285498917,0.25116528485157613,0.0828995812639365,-0.0660082125726151,0.2726048880987664,11.667286904498363,8.696172336303293,55.49031129369828,43.53981301679557,9.667286904498363,baseline,56
112.9,-11.558582300960552,-0.7601797287352383,1.156638165935874,0.2510900727685135,0.0822047812192788,-0.06579396951802254,0.2722732030941447,11.641155865074483,8.669776010324297,55.47303092181748,43.565178313327046,9.641155865074483,baseline,56
113.0,-11.533477073826361,-0.7519937441684306,1.1500695245340466,0.25101448520463393,0.08151534300152034,-0.06557869574592241,0.2719440903254549,11.615044034139892,8.64340126755958,55.45588932372129,43.59045867760772,9.615044034139892,baseline,56
113.10000000000001,-11.508390639617573,-0.7438786611892283,1.1435240134596825,0.25071417784848354,0.08078699718120833,-0.06533125481591062,0.2713895921799859,11.588962755396576,8.61705946992729,55.438884485223106,43.615667072074956,9.588962755396576,baseline,56
113.2,-11.483329958864488,-0.7358352420851588,1.1370024532079697,0.250499434689542,0.08008196168486155,-0.06509975053811505,0.2709263089609434,11.5629189665175,8.590757549428526,55.42201502375329,43.64080891969899,9.5629189665175,baseline,56
113.30000000000001,-11.458288105670363,-0.7278615888208151,1.1305036013945937,0.2503376339581945,0.07939163420902305,-0.06487708915929576,0.270519868504976,11.536905442873051,8.564488225444158,55.40528079137037,43.66587306305981,9.536905442873051,baseline,56
113.4,-11.433260887279175,-0.7199564222246408,1.124026800505817,0.2502067525842832,0.07871217747235011,-0.06465867860191,0.27014768301756087,11.510917774649668,8.538247050248112,55.388681137626925,43.69085466640068,9.510917774649668,baseline,56
113.5,-11.408245861588512,-0.7121187718585134,1.1175717432051897,0.25009378122749726,0.07804129012809762,-0.06444229062713222,0.26979649959700536,11.48495334709268,8.512031380073989,55.37221526626808,43.71575187677918,9.48495334709268,baseline,56
113.60000000000001,-11.383241628005635,-0.7043478549458086,1.111138287000358,0.24999091853816624,0.07737750287876959,-0.06422663030374957,0.26945834064560814,11.459010609785002,8.485839639489509,55.35588231114627,43.74056360671446,9.459010609785002,baseline,56
113.7,-11.358247409807518,-0.6966430055908859,1.1047264002263546,0.24989347744075194,0.07671992070145377,-0.06401093987903107,0.2691284019275295,11.433088651759636,8.459670895498823,55.339681366767834,43.7652892486354,9.433088651759636,baseline,56
113.80000000000001,-11.333262805710547,-0.6890036310069263,1.0983361061662436,0.24979864148602954,0.07606799619536693,-0.06379479458552416,0.26880378931416404,11.407186946348835,8.433524600941647,55.32361150638102,43.789928476866066,9.407186946348835,baseline,56
113.9,-11.30828768532956,-0.6814291891641915,1.0919674690812826,0.24970380596412575,0.0754212588456897,-0.06357781357043661,0.268481834352411,11.381305244459131,8.407400487402487,55.30767179592132,43.81448115304102,9.381305244459131,baseline,56
114.0,-11.28332201106241,-0.6739191589877009,1.0856205597519875,0.24960972510994267,0.07477978395782157,-0.06336022025800712,0.2681632869528989,11.355443392396987,8.381298382205344,55.291861301521585,43.838947186235785,9.355443392396987,baseline,56
114.10000000000001,-11.258377438760363,-0.6664752550423145,1.0792971132323146,0.24928172735129578,0.07409898560802991,-0.06310850929967499,0.26760927339203316,11.329613147755914,8.355230065368726,55.276177970437296,43.863340317959214,9.329613147755914,baseline,57
114.2,-11.233460909104906,-0.659098241943866,1.0729979695752263,0.24904889256591986,0.07344186354309286,-0.06287417064392861,0.26715579638696824,11.303821439302466,8.329202463441781,55.26062047244822,43.8876661372143,9.303821439302466,baseline,57
114.30000000000001,-11.208565007138532,-0.6517862384207547,1.0667218156158924,0.2488691832005154,0.07279872719015675,-0.06264874600952881,0.26675904933847144,11.278060571381763,8.303207826432189,55.24518880304222,43.91191301225473,9.278060571381763,baseline,57
114.4,-11.18368550890591,-0.6445380300283432,1.0604679817333817,0.24872082523613,0.07216592628460464,-0.062427772802987794,0.26639669036945257,11.252326122831072,8.27724169763763,55.229882352294624,43.936076295788595,9.252326122831072,baseline,57
114.5,-11.158819935284555,-0.6373526928946376,1.0542361345142126,0.2485906953551536,0.07154126963597392,-0.06220902851250383,0.2660553519603682,11.22661545749918,8.251301413646951,55.21470035909813,43.960154190604335,9.22661545749918,baseline,57
114.60000000000001,-11.133966857101768,-0.630229483358562,1.0480261156335473,0.24847092849269256,0.07092336462208429,-0.061991223459770275,0.26572699851798465,11.20092701144798,8.225385387516768,55.19964199759278,43.984145693868214,9.20092701144798,baseline,57
114.7,-11.109125473420136,-0.6231677690520883,1.0418378682807088,0.24835680297458734,0.07031136133519186,-0.06177360241998156,0.2654067954527688,11.17525986258759,8.199492676735579,55.184706405789086,44.008050241173905,9.17525986258759,baseline,57
114.80000000000001,-11.084295362350531,-0.6161669865250587,1.0356713943183422,0.24824548467646576,0.06970473860299996,-0.061555739403732275,0.26509183370957723,11.14961347635505,8.173622727898259,55.169892702358524,44.0318675489887,9.14961347635505,baseline,57
114.9,-11.059476327616721,-0.6092266133055091,1.029526730068028,0.2481352756841212,0.06910317048442272,-0.06133740592851759,0.26478036289701273,11.12398754922887,8.147775219635026,55.15519999684066,44.055597501815086,9.12398754922887,baseline,57
115.0,-11.034668309206609,-0.6023461543954909,1.0234039295464754,0.24802516162666213,0.06850644755928494,-0.06111849063043788,0.26447132936117645,11.098381917510986,8.121949971016516,55.14062739560906,44.0792400865358,9.098381917510986,baseline,57
115.10000000000001,-11.009883078862913,-0.5955272852443159,1.0173047352582216,0.24767947656367534,0.06787163346050132,-0.0608652200042509,0.26392471795119665,11.072808455043425,8.096158879919766,55.12617292110895,44.10280904299591,9.072808455043425,baseline,57
115.2,-10.985127801337512,-0.5887708030641079,1.011230050586164,0.24742612368781877,0.06725862881950644,-0.06062830783908966,0.2634752389604977,11.047274328334007,8.070409114626253,55.11183525728233,44.126310473728644,9.047274328334007,baseline,57
115.30000000000001,-10.960395091300597,-0.5820749420672655,1.0051785977557302,0.24722813858260612,0.06665911052864772,-0.06040062922111571,0.2630844456325715,11.021771899698116,8.044692987378166,55.097614397531046,44.14973327769137,9.021771899698116,baseline,57
115.4,-10.935680540540488,-0.5754385315813124,0.9991496754810214,0.24706294439127505,0.06606958963021961,-0.06017772361437461,0.2627292286453868,10.996296579412462,8.019005874742534,55.08350980483517,44.17307275291506,8.996296579412462,baseline,57
115.5,-10.910981550638098,-0.5688606784678996,0.9931429158896208,0.24691692806683213,0.06548793297953866,-0.059957342675268255,0.26239573485972145,10.970845624711599,7.993345008031685,55.06952078367185,44.19632702274721,8.970845624711599,baseline,57
115.60000000000001,-10.886296612181468,-0.5623406656086445,0.9871581355109811,0.24678192110664635,0.06491278159269265,-0.05973816824481914,0.2620756275284559,10.945417403511682,7.967708733632749,55.05564656725187,44.21949504222003,8.945417403511682,baseline,57
115.7,-10.861624869256048,-0.5558778834529221,0.981195249594748,0.24665301619235913,0.06434330469581355,-0.0595194242707785,0.2617638881157816,10.920010949609019,7.94209606615562,55.04188634819122,44.242576200269724,8.920010949609019,baseline,57
115.80000000000001,-10.836965859401971,-0.5494717904366553,0.9752542423084378,0.2465272659217699,0.06377899094314646,-0.059300668912559376,0.26145749532584833,10.894625699099082,7.916506424367907,55.028239296935965,44.26557021829817,8.894625699099082,baseline,57
115.9,-10.812319355347427,-0.5431218869052827,0.9693351220339537,0.24640290149697366,0.06321951794942446,-0.05908166049830604,0.2611546283777525,10.86926132747137,7.890939467058416,55.01470457275155,44.28847695966134,8.86926132747137,baseline,57
116.0,-10.787685271672672,-0.536827698815614,0.9634379195049405,0.24627886301776547,0.06266467642270926,-0.05886227602390813,0.26085418834897184,10.843917655700784,7.865394999209076,55.00128132987131,44.31129640758711,8.843917655700784,baseline,57
116.10000000000001,-10.763075527676847,-0.5305908713489771,0.957564395852387,0.2459160726306881,0.062072586898717245,-0.05860808987130798,0.26031256024395744,10.818606706015302,7.8398850688883295,54.98796762295369,44.334042555957076,8.818606706015302,baseline,58
116.2,-10.738497365964577,-0.5244122063741088,0.9517154823988676,0.24564723505088218,0.0615013013019527,-0.05837007915175674,0.25986927538699006,10.793335730924895,7.8144169331225575,54.974762168771846,44.35672180665706,8.793335730924895,baseline,58
116.30000000000001,-10.713943267604918,-0.5182900233194232,0.9458899032324553,0.24543481439799544,0.06094288881093365,-0.0581414039661939,0.2594854652391159,10.768096981303906,7.788982795791553,54.96166500474212,44.37932327340726,8.768096981303906,baseline,58
116.4,-10.689408735823235,-0.5122232013382018,0.9400869440287352,0.24525590997153027,0.06039403555139802,-0.05791768138444965,0.25913772153644,10.742885794413741,7.76357796231075,54.94867563034277,44.401842377624526,8.742885794413741,baseline,58
116.5,-10.664891112333862,-0.50621088873595,0.9343062238767743,0.2450966556691493,0.0598526996081894,-0.05769666880170305,0.2588119430424398,10.717699381013983,7.738199619277364,54.935793381892935,44.4242773591257,8.717699381013983,baseline,58
116.60000000000001,-10.640388847328722,-0.5002523977309465,0.928547534160316,0.24494874070954792,0.05931757835786211,-0.057477046946608885,0.25849965493813937,10.692536079293266,7.712846084488908,54.923017518254895,44.44662724299715,8.692536079293266,baseline,58
116.7,-10.615901056546136,-0.49434714764356613,0.9228107770904899,0.2448071770066416,0.05878787203528577,-0.057258035775055706,0.2581957599830327,10.667394905743157,7.687516356782484,54.910347251847256,44.46889158095904,8.667394905743157,baseline,58
116.80000000000001,-10.59142725316633,-0.48849462112411857,0.9170959144830704,0.24466899465345227,0.05826308738252857,-0.057039191194221364,0.25789721523926185,10.642275281646459,7.662209841249796,54.897781768690386,44.491070232344775,8.642275281646459,baseline,58
116.9,-10.566967188191484,-0.48269434459507465,0.9114029360935092,0.24453241249471092,0.057742909464517135,-0.05682026580770824,0.2576021874137902,10.617176870455694,7.636926185933086,54.88532024236188,44.51316323449952,8.617176870455694,baseline,58
117.0,-10.542520755778241,-0.4769458631053567,0.9057318661361933,0.24439634717050426,0.0572271294710724,-0.056601126614677554,0.25730955363498514,10.592099482901531,7.611665187133065,54.872961844401765,44.53517075759305,8.592099482901531,baseline,58
117.10000000000001,-10.518099970809999,-0.4712507897056639,0.9000844545662403,0.24401942723571055,0.0566750408426279,-0.05634698242719615,0.256773292130643,10.56705523445881,7.586438986984824,54.86070464049116,44.55710708341802,8.56705523445881,baseline,58
117.2,-10.493712120682176,-0.4656099318526685,0.8944616690278053,0.24373766973558628,0.05614270094843762,-0.05610869862949955,0.25633618663742236,10.542051430236521,7.561254898074711,54.848547364455264,44.57897909160202,8.542051430236521,baseline,58
117.30000000000001,-10.469349587965553,-0.46002169512212276,0.8888622419908643,0.2435130851523502,0.05562258404040858,-0.05587975570328535,0.25595906233850546,10.517080243121404,7.536105049192271,54.836490098196684,44.600776125182335,8.517080243121404,baseline,58
117.4,-10.445007814635574,-0.45448501221835613,0.8832854581996799,0.243322488436805,0.05511155861616732,-0.05565586094137575,0.2556182546871567,10.492136964164942,7.510984701554311,54.82453240445525,44.622493660705814,8.492136964164942,baseline,58
117.5,-10.420684100799917,-0.44899907195940614,0.8777309218421578,0.24315190391032865,0.0546077022812769,-0.05543481100346345,0.25529956481484256,10.467218774175041,7.48589101320898,54.81267369410379,44.64412984817983,8.467218774175041,baseline,58
117.60000000000001,-10.396376863922342,-0.4435632200911641,0.8721984159201384,0.24299294265143484,0.05410978744291831,-0.055215305561935615,0.25499444943727545,10.44232398959403,7.460822281767402,54.80091330743915,44.66568362514312,8.44232398959403,baseline,58
117.7,-10.37208519464184,-0.43817689968273044,0.8666878202930093,0.24284056487238354,0.053617061055320964,-0.05499657530393325,0.25469776692956997,10.41745161055084,7.435777490640588,54.78925054476615,44.68715434461107,8.41745161055084,baseline,58
117.80000000000001,-10.347808585320308,-0.4328396152704954,0.8611990818753839,0.2426917437173087,0.05312905652478286,-0.05477817770700233,0.25440642261676755,10.392601046398307,7.410756034149103,54.77768468503988,44.70854167961984,8.392601046398307,baseline,58
117.9,-10.32354677105468,-0.42755091190338135,0.8557321773841977,0.2425446630748151,0.05264547712069316,-0.05455986593128957,0.25411855268315475,10.367771953309623,7.385757554205631,54.766214996911806,44.72984546646283,8.367771953309623,baseline,58
118.0,-10.299299632584734,-0.422310353256762,0.850287108682096,0.24239823541574862,0.05216612807398587,-0.05434150969075159,0.2538330339541531,10.342964136233812,7.360781842162586,54.75484074506361,44.751065644527266,8.342964136233812,baseline,58
118.10000000000001,-10.275079236147576,-0.4171195039525628,0.8448656182736158,0.24200979056141508,0.05165154741898704,-0.05408823135163583,0.2533025026506922,10.318189758995013,7.335841089182896,54.74356008428261,44.77221640866204,8.318189758995013,baseline,59
118.2,-10.25089289539028,-0.41197917191311717,0.8394686840474606,0.24171713009151413,0.051155704236215106,-0.05385040891549835,0.2528713973464525,10.29345615730448,7.310942640317172,54.73237182515135,44.7933047454637,8.29345615730448,baseline,59
118.30000000000001,-10.226732937604538,-0.40688783721998334,0.8340950654819608,0.24148214828042686,0.05067150755143925,-0.05362191513549189,0.25250057306561413,10.26875546828458,7.286078591519394,54.72127611638503,44.814320108180446,8.26875546828458,baseline,59
118.4,-10.202594760092325,-0.40184448612853885,0.8287440408021212,0.24128152343960713,0.050196009236762505,-0.05339857300480136,0.25216625566396456,10.24408295138517,7.261244173990181,54.710272586611005,44.835257936838964,8.24408295138517,baseline,59
118.5,-10.178475630949833,-0.39684833912178874,0.8234152002260089,0.24110118554520032,0.04972739677039162,-0.05317821944129576,0.2518541615376003,10.219435765543349,7.236436525000932,54.69936071069312,44.85611624825368,8.219435765543349,baseline,59
118.60000000000001,-10.154373944198596,-0.39189876709133387,0.8181083099916577,0.24093268441076565,0.04926450943557629,-0.05295957392762682,0.2515556931931801,10.194812212549307,7.21165392846557,54.68853988876009,44.87689386650233,8.194812212549307,baseline,59
118.7,-10.130288769403705,-0.38699523033574224,0.8128232378512621,0.2407709425608887,0.04880663223308786,-0.05274187678662887,0.25126567552805656,10.17021127980144,7.18689535608932,54.677809477271936,44.8975900594297,8.17021127980144,baseline,59
118.80000000000001,-10.106219583773054,-0.3821372566744685,0.8075599111616611,0.2406129099805139,0.04835331897745369,-0.05252468833048739,0.2509809928852006,10.145632369078436,7.162160195489472,54.667168808537205,44.918204435764785,8.145632369078436,baseline,59
118.9,-10.082166107487865,-0.37732439721003175,0.802318288013339,0.24045675692986768,0.04790428322122317,-0.052307761134342975,0.2506997690047921,10.121075128413363,7.137448081076344,54.656617202522995,44.938736708802644,8.121075128413363,baseline,59
119.0,-10.058128207048867,-0.3725562379695475,0.797098352573812,0.24030139096915623,0.04745933481153128,-0.05209096210900936,0.25042087631806287,10.096539355816821,7.1127587981924965,54.64615397369745,44.95918678741538,8.096539355816821,baseline,59
119.10000000000001,-10.034117984643672,-0.367834291420877,0.7919018305838108,0.23990316604667986,0.04698029276616852,-0.05183943347505097,0.24989598606346197,10.07203724700106,7.088104570131188,54.635777315275305,44.9795689295471,8.07203724700106,baseline,59
119.2,-10.010142761777388,-0.3631593552418053,0.7867297092452645,0.23960141960150771,0.04651903698773615,-0.05160298524565079,0.2494708984302317,10.047576148697408,7.063492754523691,54.62548607544876,44.99989033963255,8.047576148697408,baseline,59
119.30000000000001,-9.98619481312926,-0.35852998681366444,0.781580769456923,0.23935768481396183,0.046068853561389,-0.05137581461721037,0.24910623210899915,10.023148162947567,7.038915414864967,54.61528045321172,45.02014063471846,8.023148162947567,baseline,59
119.4,-9.96226950926939,-0.3539452189579606,0.7764542857185006,0.2391485335885039,0.04562697411825585,-0.05115386247617367,0.24877813314467787,9.998748534249293,7.014367768768334,54.60516012848615,45.04031524869271,7.998748534249293,baseline,59
119.5,-9.938364097324666,-0.34940430987626314,0.7713498407974839,0.23895984677682727,0.04519169455453209,-0.0509350133122908,0.24847227855323847,9.974374410440504,6.989846943653511,54.59512462608501,45.06041217259375,7.974374410440504,baseline,59
119.60000000000001,-9.914476954902057,-0.3449066518805921,0.7662671897560358,0.23878314415283464,0.04476192092062253,-0.05071801144904449,0.24818004791151702,9.950024085091053,6.9653512161613005,54.58517339452465,45.08043016103245,7.950024085091053,baseline,59
119.7,-9.890607138717314,-0.3404517280869186,0.7612061873078346,0.23861332777274635,0.04433697631729626,-0.050502109594560446,0.2478962499378431,9.925696540354183,6.940879553694554,54.575305837616106,45.10036844108541,7.925696540354183,baseline,59
119.80000000000001,-9.866754113230854,-0.3360390798188746,0.7561667393893003,0.238447333989674,0.0439164350967835,-0.050286872873088244,0.247617757727,9.90139117154161,6.91643133794423,54.56552133429525,45.120226515657414,7.90139117154161,baseline,59
119.9,-9.842917588248383,-0.3316682786680758,0.7511487947776914,0.23828332383210304,0.04350002157160389,-0.05007205378670709,0.2473426871035887,9.87710762359204,6.892006201283462,54.55581925057589,45.14000409307077,7.877107623592041,baseline,59
120.0,-9.819097419909667,-0.3273389218375087,0.7461523171514273,0.2381201963721245,0.04308754993610263,-0.04985751651596837,0.2470699027257981,9.85284569004391,6.867603925122565,54.54619894651762,45.15970098718737,7.85284569004391,baseline,59
120.10000000000001,-9.79530575091485,-0.32305247616022825,0.741179016418755,0.23771330950837744,0.04264208319635306,-0.04960845683438947,0.2465501242470582,9.828617603235882,6.843236769625112,54.53665865146903,45.179331557416894,7.828617603235882,baseline,60
120.2,-9.771549898490775,-0.3188097239471972,0.7362298872321844,0.23740387732700274,0.04221352735550395,-0.049374138288161847,0.2461308359255032,9.804430707880611,6.818912091726043,54.52719724911721,45.19890321598035,7.804430707880611,baseline,60
120.30000000000001,-9.747822077129968,-0.3146093003451824,0.7313037300482392,0.2371526979306381,0.0417954842883753,-0.04914902040055424,0.24577203024147073,9.780277061762032,6.7946219131051535,54.51781498529006,45.218405751909714,7.780277061762032,baseline,60
120.4,-9.724117637204472,-0.31045028287917376,0.726399821229279,0.23693625142827449,0.04138535646784145,-0.048929162059728006,0.24544978686224184,9.75615190024288,6.770361443629574,54.50851158839237,45.23783460501933,7.75615190024288,baseline,60
120.5,-9.700433812278789,-0.30633196188136935,0.7215177407488227,0.23674040239261032,0.04098154690437021,-0.04871250089751247,0.24514977678019675,9.732052366663826,6.7461278074028685,54.49928663108932,45.25718772954254,7.732052366663826,baseline,60
120.60000000000001,-9.676768967183307,-0.30225375667214394,0.7166572250425816,0.23655665988440255,0.040583027106704625,-0.04849780968012671,0.24486337612754225,9.707976748832376,6.721919275978417,54.490139608242124,45.27646379087331,7.707976748832376,baseline,60
120.7,-9.653122146788519,-0.2982151689939201,0.7118181204423308,0.23637990991080454,0.04018915719195886,-0.04828435471427462,0.244585381974095,9.683924024094113,6.697734812882337,54.48106996897806,45.29566197295124,7.683924024094113,baseline,60
120.80000000000001,-9.629492805339396,-0.29421575646847486,0.7070003189146519,0.23620707875457392,0.03979953191337669,-0.04807170687803332,0.24431265991851697,9.659893583802202,6.673573796576055,54.47207713683836,45.314781712534604,7.6598935838022015,baseline,60
120.9,-9.6058806439396,-0.2902551065199077,0.702203756198287,0.23603631720247567,0.0394138860166798,-0.04785961910279493,0.24404331703635762,9.635885070282507,6.649435857578876,54.46316052185231,45.33382266750851,7.635885070282507,baseline,60
121.0,-9.582285510958172,-0.286332830786705,0.6974283820018172,0.23586651182550536,0.03903203802652351,-0.047647952568390904,0.2437762063393285,9.611898275134154,6.62532077606646,54.45431952761317,45.35278459501516,7.611898275134154,baseline,60
121.10000000000001,-9.55871962045785,-0.28245035372674465,0.6926758885383606,0.23545143716111813,0.03861820206688706,-0.047401917757476715,0.24326053234999193,9.587945497936909,6.601240879460583,54.44555241701609,45.37168195271365,7.587945497936909,baseline,60
121.2,-9.5351903224946,-0.2786084534600377,0.6879472816362977,0.23513467656807735,0.03822043446314938,-0.04717025397564389,0.24284594004317425,9.564034118448388,6.577203561079529,54.43685810700403,45.39052242618503,7.564034118448388,baseline,60
121.30000000000001,-9.511689753853716,-0.27480582147836685,0.6832413822412491,0.2348768512397215,0.037832688992050945,-0.04694776766798619,0.2424923514127048,9.540156130771189,6.553200781020585,54.42823688915851,45.40929589037352,7.540156130771189,baseline,60
121.4,-9.488213214790449,-0.2710415879264474,0.6785574639216065,0.23465409607673282,0.037452504175979714,-0.046730597928117096,0.24217552241578766,9.516306730215957,6.529227710442546,54.41968853900504,45.427997813706426,7.516306730215957,baseline,60
121.5,-9.46475791465491,-0.26731506548821926,0.6738951029255986,0.23445206993586565,0.03707836682971902,-0.046516708301514394,0.24188092635670846,9.492483043809289,6.505281458098287,54.41121267485422,45.44662606689786,7.492483043809289,baseline,60
121.60000000000001,-9.441322209720965,-0.26362570468336344,0.669254026375711,0.23426219950049312,0.036709304627140046,-0.04630488978223592,0.24159986336660463,9.468683357878236,6.48136029498704,54.402808835523636,45.46517928440339,7.468683357878236,baseline,60
121.7,-9.417905135662295,-0.259973025880754,0.6646340619772673,0.23407945025454438,0.03634472225222091,-0.0460944379853996,0.24132721578854435,9.444906646169681,6.45746318153549,54.39447651333251,45.48365654580517,7.444906646169681,baseline,60
121.80000000000001,-9.394506136362907,-0.25635659974068403,0.6600350979715586,0.23390070988392744,0.03598423180116333,-0.045884925996563256,0.2410598130262179,9.42115229592141,6.433589493025476,54.38621517449401,45.5020572547942,7.421152295921409,baseline,60
121.9,-9.371124903904274,-0.2527760313823819,0.655457048676908,0.23372411827325978,0.03562757768042968,-0.0456761074382434,0.24079575275468987,9.397419945350775,6.409738856291332,54.37802427103552,45.52038097553626,7.397419945350775,baseline,60
122.0,-9.347761278739199,-0.2492309445515275,0.650899856351316,0.23354856724728268,0.0352745843660576,-0.04546784349622824,0.24053389440503836,9.37370938375071,6.385911050005388,54.36990324807097,45.5386274266735,7.373709383750709,baseline,60
122.10000000000001,-9.324427399900742,-0.24572270922362804,0.6463651722297072,0.23312915780622562,0.03489081204589291,-0.045225845527612336,0.24002489472625402,9.350032829980837,6.362118320364295,54.361850403592314,45.55681105594837,7.350032829980837,baseline,61
122.2,-9.301130581414327,-0.2422520900145173,0.6418540012091398,0.23280737628521808,0.03452215867940444,-0.04499761353855537,0.23961602433238535,9.32639762858658,6.3383680263944475,54.35386468617198,45.57493976826812,7.32639762858658,baseline,61
122.30000000000001,-9.27786300110165,-0.23881786037236452,0.6373652024194598,0.23254439453267212,0.034162983295144375,-0.04477840420799769,0.2392678631567687,9.302795829152597,6.31465218616901,54.345946427380646,45.593003687895994,7.302795829152597,baseline,61
122.4,-9.254619965446182,-0.23541918490082026,0.6328980615362525,0.23231649519102082,0.03381099970742508,-0.0445645089961867,0.23895634141224692,9.279222642751428,6.290965987912644,54.33809544726774,45.61099826821719,7.279222642751428,baseline,61
122.5,-9.23139867989812,-0.2320554181933403,0.6284521417692304,0.2321093963348709,0.03346479909824282,-0.044353957253440233,0.2386670026829514,9.255675199510405,6.267306544237585,54.330311407807564,45.62892131679575,7.255675199510405,baseline,61
122.60000000000001,-9.208197492174804,-0.22872602753341198,0.6240271693095565,0.2319145315055924,0.033123470952708296,-0.04414557275075453,0.23839116142362637,9.232151783771867,6.243672125084184,54.32259388992556,45.64677140971118,7.232151783771867,baseline,61
122.7,-9.185015436378308,-0.22543055098503828,0.619622964411974,0.23172676490984312,0.032786445607743256,-0.04393865235489425,0.2381236018582271,9.208651373455936,6.2200616958019035,54.31494242669195,45.664547568776506,7.208651373455936,baseline,61
122.80000000000001,-9.161851956159808,-0.2221685815602541,0.6152393966913223,0.2315430196649306,0.03245335802725824,-0.04373278207244134,0.23786119193890265,9.185173360392437,6.196474636719176,54.307356524195605,45.6822491181877,7.185173360392437,baseline,61
122.9,-9.138706741854548,-0.21893973741680384,0.6108763758093119,0.23136145380178946,0.03212396529330533,-0.04352772080742568,0.23760204950743216,9.161717386427059,6.172910579105495,54.29983567402013,45.69987558919256,7.161717386427059,baseline,61
123.0,-9.115579630248249,-0.21574365440756083,0.6065338291227818,0.23118096498777937,0.0317980976731359,-0.04332333016267741,0.23734504107879634,9.138283241708164,6.149369302960652,54.29237936051393,45.71742661437394,7.138283241708164,baseline,61
123.10000000000001,-9.09248268941883,-0.21258165314793587,0.6022133734077215,0.23075801425590786,0.03144262250821108,-0.043085840156743695,0.23684232999093743,9.114883069120925,6.125862978163511,54.28498591558453,45.73491667784908,7.114883069120925,baseline,61
123.2,-9.06942319078371,-0.20945448148995638,0.5979160079732537,0.2304321349983658,0.031101388936965516,-0.042861540511678106,0.23643894960168407,9.091524170673049,6.102398921836396,54.27765431805438,45.752353873533046,7.091524170673049,baseline,61
123.30000000000001,-9.04639335803222,-0.2063609817996621,0.5936406310647726,0.23016469289319197,0.03076909850470168,-0.042646068823711455,0.2360957654502218,9.068198654744489,6.078969213091677,54.2703849366083,45.76972853547005,7.068198654744489,baseline,61
123.4,-9.023388526285999,-0.20330036990344524,0.5893865386024117,0.22993212723113984,0.030443632490673236,-0.04243586761025026,0.23578889022195032,9.044901769980612,6.055569079028198,54.26317763298164,45.787036159808416,7.044901769980612,baseline,61
123.5,-9.000405916012824,-0.2002720246091485,0.5851532984524965,0.22972026268421405,0.030123685584137402,-0.042229038786022494,0.23550398560888022,9.021630668539336,6.032195655269529,54.25603211026756,45.804274495208816,7.021630668539336,baseline,61
123.60000000000001,-8.977443883311935,-0.1972754430025816,0.5809406274929643,0.22952057953134372,0.02980840930993773,-0.04202444441375234,0.2352324204319575,8.998383648805971,6.008847226484215,54.24894798908819,45.82144206094296,6.998383648805971,baseline,61
123.7,-8.954501466243528,-0.19431018084287643,0.5767483422532678,0.22932795367255807,0.02949726911354309,-0.04182140046565121,0.23496899531152635,8.975159698057109,5.985522768160473,54.24192484124309,45.838537836151744,6.975159698057109,baseline,61
123.80000000000001,-8.931578112998977,-0.1913758423179388,0.5725763021036983,0.22913929823543952,0.029189918534606014,-0.041619500153842165,0.23471057098678427,8.951958217248114,5.962221670263707,54.234962210903284,45.85556105069189,6.951958217248114,baseline,61
123.9,-8.90867352008354,-0.18847205955535173,0.5684244083240628,0.22895274748247324,0.028886123773706706,-0.041418502139126234,0.2344552431614441,8.928778858984538,5.938943575430566,54.2280596272235,45.872511179038206,6.928778858984538,baseline,61
124.0,-8.885787533945404,-0.18559848796576262,0.5642925770953298,0.22876716576153464,0.028585718608261756,-0.04121826315902937,0.23420184597215107,8.905621427487226,5.9156882783026346,54.22121661168044,45.889387810694295,6.905621427487226,baseline,61
124.10000000000001,-8.86293182731606,-0.18275637179613113,0.5601823423057795,0.22834713447808244,0.028257262425154934,-0.04098651224356471,0.23371089168031392,8.882497662466074,5.8924675442312715,54.214431547320274,45.90620511813993,6.882497662466074,baseline,62
124.2,-8.840113670798019,-0.17994645331054926,0.5560947023332119,0.22801617976690175,0.027941678402200507,-0.04076635567361151,0.23331097570052603,8.8594148653651,5.869288690451682,54.20770343224053,45.92297150129953,6.8594148653651,baseline,62
124.30000000000001,-8.8173257074086,-0.1771676680073142,0.5520286504179239,0.22774326638710204,0.027634533308511535,-0.04055481382525388,0.23297071863272167,8.836365578901653,5.8461442335565375,54.20103264595475,45.939677892264584,6.836365578901653,baseline,62
124.4,-8.794563327450305,-0.17441927082836628,0.54798349365592,0.22750452295657989,0.027333846935608433,-0.04034842201721843,0.23266594575330488,8.813345114761445,5.823029464736341,54.19441909598397,45.956319726064706,6.813345114761445,baseline,62
124.5,-8.77182381961029,-0.17170068062841892,0.543958812020719,0.22728582607787295,0.02703840987351219,-0.040145348187899985,0.2323823817020492,8.790350700352388,5.79994159604422,54.187862527600345,45.972894772635385,6.790350700352388,baseline,62
124.60000000000001,-8.749105599476025,-0.1690114103257656,0.5399543261155486,0.22707877084745326,0.026747439248764132,-0.039944502184623754,0.23211151830689902,8.767380699039705,5.776878977877049,54.18136260046643,45.98940147249922,6.767380699039705,baseline,62
124.7,-8.72640775644686,-0.16635103896260262,0.5359698450192809,0.22687829118309652,0.026460438806528874,-0.03974522548312412,0.23184821927437868,8.744434154061077,5.753840642217049,54.17491892348581,46.005838737103375,6.744434154061077,baseline,62
124.80000000000001,-8.703729785978794,-0.16371918376535177,0.5320052346214652,0.22668131223260493,0.02617708374955946,-0.03954712196462294,0.2315893604741201,8.72151051871933,5.7308260322800875,54.1685310766488,46.02220579329869,6.721510518719329,baseline,62
124.9,-8.681071432540193,-0.16111548990011215,0.5280603878200054,0.22648594903396,0.025897151306860305,-0.03934995158424511,0.23133302022259247,8.698609497565448,5.70783484308145,54.16219862397698,46.03850203615514,6.698609497565448,baseline,62
125.0,-8.658432593336329,-0.1585396295413375,0.5241352198645473,0.226291032250811,0.02562048091867264,-0.03915356719294684,0.23107800012890506,8.675730949965336,5.684866925106379,54.15592112098016,46.05472704830465,6.675730949965336,baseline,62
125.10000000000001,-8.63582390465308,-0.15599274542182684,0.5202310979366302,0.22588291889860976,0.0253178441672458,-0.03892896430082131,0.23060691781680678,8.652885567489157,5.66193299290478,54.14969699984809,46.07089436063717,6.652885567489157,baseline,62
125.2,-8.613251693663187,-0.15347551926970482,0.5163488946855068,0.22556149186305333,0.025027190334008284,-0.03871521677088047,0.23022427082546534,8.630079701512022,5.639039412211152,54.14352531580361,46.08701192819512,6.630079701512022,baseline,62
125.30000000000001,-8.590709147742018,-0.15098698809742928,0.5124876974150538,0.22528961116874957,0.02474395456799071,-0.038508838695713865,0.22989258980211102,8.607306452757152,5.616179260424546,54.13740647902661,46.10307116595814,6.607306452757152,baseline,62
125.4,-8.568192454637028,-0.14852649345993996,0.5086469314992428,0.22504445333487808,0.024466404953696896,-0.03830661418366928,0.22958877942610542,8.584561943388959,5.593348642098026,54.13134041385038,46.119068087089246,6.584561943388959,baseline,62
125.5,-8.5456995657878,-0.14609351847320795,0.5048262560740113,0.2248135224748848,0.024193564364431007,-0.03810697513545871,0.22930021805091216,8.561844073192841,5.570545443575573,54.125326890872515,46.1350007746968,6.561844073192841,baseline,62
125.60000000000001,-8.523229376063682,-0.1436876179650426,0.5010254587978125,0.2245904632616917,0.023924858915662994,-0.03790912701734836,0.22902047282601856,8.539151693166888,5.547768504771341,54.119365598625244,46.15086794655613,6.539151693166888,baseline,62
125.7,-8.500781263341196,-0.14130839984863997,0.49724437668919563,0.2243719994812313,0.023659947525060246,-0.037712659867002174,0.22874621741646015,8.516484140840605,5.525017153017932,54.11345617579565,46.16666861382431,6.516484140840605,baseline,62
125.80000000000001,-8.478354854742065,-0.13895549345761538,0.4934828830882907,0.22415636269773095,0.02339860602642827,-0.03751735551132658,0.22847564786300528,8.493841005575247,5.502290968273046,54.10759823107365,46.18240200700264,6.493841005575247,baseline,62
125.9,-8.45594992279075,-0.1366285514086485,0.48974086809903383,0.2239424953976237,0.02314066787343738,-0.03732308524571652,0.2282076783256919,8.471222023751434,5.47958967797287,54.101791354328064,46.198067520203765,6.471222023751434,baseline,62
126.0,-8.433566321851686,-0.13432723749428988,0.4860182339325547,0.22372972595952206,0.022885999394399326,-0.037129768227829776,0.22794161299520463,8.448627014818369,5.456913092986604,54.09603512264351,46.213664665212676,6.448627014818369,baseline,62
126.10000000000001,-8.411212852224708,-0.1320525761693716,0.48231608513742685,0.2233398494833292,0.022607855860013917,-0.03691327845918247,0.22749592005226918,8.426064819017556,5.434270072506253,54.09032794232875,46.229206390541975,6.426064819017556,baseline,63
126.2,-8.388895517447963,-0.129805245436728,0.4786352552473545,0.2230070478270554,0.022339339305793415,-0.03670345725162937,0.22710863751821533,8.403541462500623,5.41166665707334,54.084668849221266,46.24470106096972,6.403541462500623,baseline,63
126.30000000000001,-8.366609651595354,-0.12758444249629974,0.47497512865811586,0.22271046273416473,0.022077212130146913,-0.03649919142130116,0.2267587803837242,8.381052214667285,5.389098098514007,54.07905828416701,46.26014141179637,6.381052214667285,baseline,63
126.4,-8.344352193875238,-0.12538957875221968,0.4713352359831333,0.22243889361263003,0.02182056183784254,-0.03629883942699936,0.22643498858232386,8.358593959905544,5.366561266147812,54.07349619713103,46.27552398388976,6.358593959905544,baseline,63
126.5,-8.322121014585719,-0.12322013638913631,0.4677152242511511,0.22218489516791912,0.021568749813683688,-0.03610151800097466,0.2261297375651402,8.336164520594425,5.344053969310469,54.06798238097138,46.29084678230033,6.336164520594425,baseline,63
126.60000000000001,-8.299914615927264,-0.12107565812766552,0.4641148252412677,0.22194327957186452,0.021321269944784484,-0.035906606126171275,0.22583777421563736,8.313762356339206,5.321574656257226,54.062516547407206,46.30610829479497,6.313762356339206,baseline,63
126.7,-8.277731942944229,-0.11895573046058416,0.4605338191613555,0.2217103830574538,0.021077743665199412,-0.03571366041084421,0.22555538294050945,8.291386372835365,5.299122222215168,54.05709836252537,46.32130725728601,6.291386372835365,baseline,63
126.80000000000001,-8.25557225337252,-0.11685996875166893,0.45697202533483505,0.22148361824909923,0.020837882825593932,-0.03552236834926581,0.22527993511741526,8.269035791123986,5.2766958785450555,54.051727468131936,46.33644261150899,6.2690357911239865,baseline,63
126.9,-8.233435025904328,-0.11478802468627691,0.45342928916215897,0.22126114920779177,0.020601462242192444,-0.035332508023483436,0.22500956094908212,8.246710055329316,5.2542950603524075,54.046403493568356,46.351513504148684,6.2467100553293164,baseline,63
127.0,-8.211319895228371,-0.11273955833166838,0.4499054756015539,0.22104167131675553,0.02036830182725178,-0.03514392159497869,0.22474292737015023,8.224408767003398,5.231919360559003,54.04112606202137,46.36651915425471,6.224408767003398,baseline,63
127.10000000000001,-8.189235069788992,-0.11071556434035301,0.44640159234404564,0.22065502080050647,0.020112153779852777,-0.034933884699074734,0.224306739163817,8.202140168644792,5.209577039200252,54.03589364779144,46.38147209505081,6.202140168644792,baseline,63
127.2,-8.167186402948573,-0.10871674213558435,0.4429184403270483,0.2203185132701501,0.019864801054294598,-0.03472926921327032,0.2239218161559606,8.179910134916543,5.187273985208313,54.030705343179434,46.3963807306134,6.179910134916543,baseline,63
127.30000000000001,-8.145169598283246,-0.10674234945327044,0.43945548217743635,0.2200177799183763,0.019623561842084237,-0.0345300817381205,0.2235737779893305,8.157714314364059,5.165005832047123,54.025561630203896,46.41123819662138,6.157714314364059,baseline,63
127.4,-8.123181592440233,-0.10479181539267302,0.43601224292069674,0.21974253075209757,0.019387613555551825,-0.034334863553701495,0.22325219424670223,8.135549593254893,5.142769451343164,54.02046251538503,46.42604074858846,6.135549593254893,baseline,63
127.5,-8.101220206124708,-0.10286463797092438,0.4325883677229285,0.21948539564512287,0.01915635489901159,-0.03414276867336261,0.22294962096221593,8.113413748710055,5.12056260785952,54.015407847579546,46.440786159182295,6.113413748710055,baseline,63
127.60000000000001,-8.079283891245723,-0.1009603776037693,0.4291835790500045,0.21924111795947382,0.018929300427114926,-0.03395318640186319,0.22266073988384114,8.091305193707298,5.098383703708496,54.010397389810066,46.45547269243852,6.0913051937072975,baseline,63
127.7,-8.057371548376977,-0.09907863009721041,0.42579764407128096,0.21900594841016835,0.01870608279297709,-0.03376567537136887,0.22238175241188227,8.069222792638298,5.07623159311822,54.00543085392288,46.47009883973948,6.069222792638298,baseline,63
127.80000000000001,-8.035482400562614,-0.09721902664750814,0.4224303727969527,0.21877721848375362,0.018486419725301427,-0.033579920438179284,0.2221099504713432,8.047165735136513,5.054105456495688,54.00050792224614,46.484663393462746,6.047165735136513,baseline,63
127.9,-8.013615899253637,-0.0953812226653099,0.4190816003829241,0.2185530258194086,0.018270088907988594,-0.03339569576179219,0.22184339913312515,8.02513344102061,5.032004704952638,53.99562826036257,46.499165318187345,6.0251334410206105,baseline,63
128.0,-7.9917716584168375,-0.09356489311903715,0.41575118340551853,0.2183320148081181,0.018056911436308554,-0.03321283873631647,0.2215807153109574,8.003125494205504,5.009928914216353,53.99079152455663,46.513603737335174,6.003125494205504,baseline,63
128.1,-7.96995776379481,-0.09177101217210293,0.41244009509682655,0.2179460731951227,0.017821295976614828,-0.03300903640181785,0.22115082160289712,7.981150011583026,4.987886218091074,53.98599622223696,46.52799110442162,5.981150011583026,baseline,64
128.20000000000002,-7.9481799902860075,-0.09000026993453503,0.40914913546293974,0.2176095988086682,0.017594069463394753,-0.03281030686212059,0.2207713863034311,7.959212789065338,4.965882427112546,53.98124147071575,46.542336044202806,5.959212789065338,baseline,64
128.3,-7.92643409431912,-0.08825196046382189,0.40587778110057116,0.21730854078869882,0.017372676590018316,-0.032616898477507414,0.22042838714173585,7.937309533670802,4.943913234208979,53.97652777485423,46.556631821775795,5.937309533670802,baseline,64
128.4,-7.904717038618401,-0.08652553148567677,0.4026255737990141,0.21703277250512157,0.01715634220107113,-0.03242743063473799,0.22011156870221713,7.915437162968317,4.921975543335168,53.97185517059048,46.5708747133958,5.915437162968317,baseline,64
128.5,-7.883026659488678,-0.08482051361352205,0.3993921559303999,0.21677501488359802,0.01694450366214441,-0.03224109323140874,0.2198135832356521,7.89359347369483,4.900067139440597,53.9672235356099,46.58506244131308,5.89359347369483,baseline,64
128.6,-7.861361416289583,-0.08313647378236055,0.39617724530398846,0.2165300660425112,0.016736704442581563,-0.032057299559231416,0.21952917170846087,7.871776889654342,4.878186435834396,53.962632660743125,46.599193120755444,5.871776889654342,baseline,64
128.70000000000002,-7.839720213087276,-0.0814730292186141,0.39298060815781355,0.2162942090794424,0.01653259687425967,-0.03187562333036179,0.2192545712257955,7.849986282304406,4.856332294421757,53.95808228497291,46.61326521213392,5.849986282304406,baseline,64
128.8,-7.818102274555713,-0.07982982415705919,0.38980204705148935,0.21606479503336956,0.01633191171971515,-0.031695758661181475,0.21898709576214856,7.828220845896192,4.834503900586845,53.95357211727689,46.62727740706459,5.828220845896192,baseline,64
128.9,-7.796507048187777,-0.07820652890950441,0.38664139434695244,0.21583993404809595,0.016134435345124626,-0.03151748489041525,0.2187248248087308,7.80647999942537,4.812700665146509,53.949101849519366,46.64122862780281,5.80647999942537,baseline,64
129.0,-7.774934149114415,-0.07660282868891954,0.38349849730730057,0.21561827871579303,0.01593999447032759,-0.03134064195982789,0.21846638500815085,7.78476333062641,4.790922167931671,53.94467116396314,46.655117889530565,5.78476333062641,baseline,64
129.1,-7.753391563659534,-0.07501967251300812,0.3803743086755276,0.21523363401976375,0.015723694664561246,-0.03114328454559995,0.21804278469957716,7.7630788547709075,4.769176440794991,53.9402785923906,46.66895766325862,5.7630788547709075,baseline,64
129.20000000000002,-7.731884997338057,-0.07345774490386248,0.37726961728185415,0.21489789975974696,0.015515408195619465,-0.03095069178651235,0.21766897007770913,7.741432297480336,4.747469223959576,53.93592327186973,46.68275674812186,5.741432297480336,baseline,64
129.3,-7.710410252446309,-0.07191636320203543,0.3741839248687029,0.21459720948549577,0.0153126813389318,-0.030763309145317184,0.21733113379891014,7.71981941718558,4.725796262988667,53.93160572994241,46.69650857228743,5.71981941718558,baseline,64
129.4,-7.688964323839173,-0.07039501424878836,0.37111677695065737,0.21432156634333335,0.015114782354552441,-0.03057982575267202,0.21701916087882453,7.698237167912984,4.704154498993616,53.92732603037419,46.71020943003893,5.698237167912984,baseline,64
129.5,-7.667545067612082,-0.06889323890209198,0.3680678214877844,0.2140637784698549,0.014921185337802644,-0.03039946670799938,0.21672579588227825,7.6766833700136115,4.682541741166976,53.92308407772011,46.72385695761508,5.6766833700136115,baseline,64
129.6,-7.64615095499903,-0.06741062738001347,0.3650367730297148,0.21381870286093985,0.014731461441149297,-0.03022166882785389,0.2164458429170388,7.6551564624754915,4.660956418481738,53.91887968856188,46.737449205535206,5.6551564624754915,baseline,64
129.70000000000002,-7.624780896818265,-0.06594681087881327,0.3620233992114663,0.21358266522120423,0.014545282406794955,-0.030046021959239787,0.21617558502028286,7.633655326770162,4.63939740343688,53.91471262696404,46.7509845881664,5.633655326770162,baseline,64
129.8,-7.603434122400358,-0.0645014476031065,0.3590274956077337,0.21335304137101133,0.014362391958272182,-0.029872230050226684,0.2159123634560957,7.61217916453806,4.617863889140217,53.910582626578034,46.764461698952324,5.61217916453806,baseline,64
129.9,-7.582110083429143,-0.06307421997189522,0.35604888992384076,0.2131279605621803,0.014182585378612242,-0.029700078432447364,0.21565427878970878,7.590727401670999,4.596355293697832,53.90648940364377,46.77787938463242,5.590727401670999,baseline,64
130.0,-7.560808392940089,-0.06166482623666525,0.3530874252319336,0.21290608887675522,0.014005695290376685,-0.02952941022373494,0.21539997272405884,7.569299626478331,4.574871197942569,53.90243266453801,46.79123660269288,5.569299626478331,baseline,64
130.1,-7.539536938071251,-0.060274193063378334,0.3501440300606191,0.21252318753488458,0.013807500485869102,-0.029338652244215214,0.21498257795728934,7.5479037527433634,4.5534195317639945,53.89841096454142,46.80454582003471,5.5479037527433634,baseline,65
130.20000000000002,-7.5183013554196805,-0.05890299379825592,0.3472194876521826,0.2121886775962337,0.013616966693199933,-0.029152363959166476,0.21461434482897418,7.526545436399706,4.532005965758558,53.894423459422526,46.81781603325265,5.526545436399706,baseline,65
130.3,-7.497097491053864,-0.05755058489739895,0.3443133197724819,0.2118888151782505,0.01343172862082055,-0.02897116923709807,0.21428161371977472,7.505220484593436,4.510626295320612,53.890470697231535,46.83104087651718,5.505220484593436,baseline,65
130.4,-7.4759223747532815,-0.056216465309262276,0.3414250798523426,0.21161372406601997,0.013251094457623742,-0.028793823783315225,0.21397440035078755,7.483925890163584,4.489277500995132,53.88655276752877,46.8442165719406,5.483925890163584,baseline,65
130.5,-7.454773884033784,-0.054900203831493855,0.33855441864579916,0.21135630504945846,0.01307457280141327,-0.028619587095419608,0.2136855467822087,7.462659498385109,4.467957417504645,53.88266959977627,46.85734072642294,5.462659498385109,baseline,65
130.6,-7.433650506427512,-0.05360140837728977,0.3357010525651276,0.21111148119709683,0.012901761418414835,-0.028447919892248794,0.2134099273396757,7.441419767717943,4.4466644938446045,53.878821034429826,46.87041133764764,5.441419767717943,baseline,65
130.70000000000002,-7.412551160436124,-0.052319721318781376,0.33286474645137787,0.21087562403788382,0.012732350410705827,-0.028278428363796806,0.21314387411106686,7.420205590059614,4.425397613337721,53.875006858869114,46.88342672580534,5.420205590059614,baseline,65
130.8,-7.3914750828407705,-0.051054819487035275,0.33004529401659966,0.21064614189218245,0.012566096214490872,-0.02811082674423913,0.2128847633072361,7.399016177232709,4.404155979743078,53.871226829695566,46.8963854429157,5.399016177232709,baseline,65
130.9,-7.370421727653593,-0.04980639461427927,0.32724251691251993,0.2104211849457407,0.012402802697121181,-0.027944906645796547,0.2126307183737938,7.3778509598180335,4.382939016158716,53.86748068583563,46.909286233152216,5.3778509598180335,baseline,65
131.0,-7.349390707910061,-0.04857415705919266,0.3244562572799623,0.21019943337141278,0.012242308381685147,-0.027780514510717707,0.21238039667223402,7.356709528664081,4.36174630643238,53.86376815614208,46.922128015802734,5.356709528664081,baseline,65
131.1,-7.328389812493697,-0.04735901765525341,0.3216874161735177,0.20981867887339795,0.012061036135911118,-0.02759646079601104,0.21196912804773158,7.335599696966777,4.340585679280722,53.86008781885953,46.93492324588557,5.335599696966777,baseline,65
131.20000000000002,-7.3074245965108275,-0.04616163671016693,0.31893677171319723,0.2094858533821902,0.01188709533311703,-0.027416595634974675,0.2116064637928974,7.3145270383495085,4.319462723034088,53.85643884767884,46.94768112575249,5.3145270383495085,baseline,65
131.3,-7.2864909544587135,-0.04498139675706625,0.31620386615395546,0.20918721495775985,0.011718196988438071,-0.02724169945235364,0.2112787666366316,7.293487412783652,4.298373286916958,53.85282180908149,46.960395448972136,5.293487412783652,baseline,65
131.4,-7.265585952904075,-0.04381782375276089,0.31348826130852103,0.2089130271315505,0.011553686648238345,-0.02707059325528895,0.21097620150061222,7.272477853571896,4.277314392614744,53.84923681643907,46.97306243517965,5.272477853571896,baseline,65
131.5,-7.244707497069612,-0.04267050605267286,0.31078961305320263,0.20865629690541201,0.011393105879154384,-0.02690257155856004,0.21069172137584458,7.251496236899333,4.25628390633749,53.84568382224204,46.985679641021434,5.251496236899333,baseline,65
131.6,-7.223854092648253,-0.04153906647115946,0.30810763873159885,0.20841202079038537,0.011236077604830967,-0.026737119286044914,0.2104202780094875,7.230541042201405,4.2352802985244615,53.842162689088426,46.998244989565876,5.230541042201405,baseline,65
131.70000000000002,-7.203024671180174,-0.04042316600680351,0.3054420999251306,0.2081766184668685,0.011082309325368718,-0.02657385859667096,0.2101582546963101,7.2096111769211895,4.214302468417033,53.838673226017804,47.01075672879482,5.2096111769211895,baseline,65
131.8,-7.182218475267291,-0.03932249266654253,0.30279279267415404,0.20794752599998292,0.010931569525316409,-0.026412513566662153,0.20990305775454896,7.188705861293515,4.193349628708771,53.83521521099234,47.02321337241619,5.188705861293515,baseline,65
131.9,-7.161434963811189,-0.03823674935847521,0.30015953397378325,0.2077229132504375,0.010783670303711676,-0.026252881886487507,0.20965283218171368,7.167824532990063,4.172421209905239,53.83178840408573,47.03561357627862,5.167824532990063,baseline,65
132.0,-7.140673756133765,-0.03716566227376461,0.2975421599112451,0.2075014696111853,0.010638455765098304,-0.026094812731678782,0.20940624604669505,7.146966791227897,4.151516804507938,53.82839255511379,47.047956186097686,5.146966791227897,baseline,65
132.1,-7.119942556833848,-0.03611011803150177,0.2949415538460016,0.20712271836304155,0.010472952686665983,-0.025917475293257806,0.20900052326644927,7.12614036301721,4.13064415465917,53.825026264794346,47.06025368095347,5.12614036301721,baseline,66
132.20000000000002,-7.099246839759871,-0.03507077135145664,0.2923584855161607,0.2067918350223556,0.010314484557677979,-0.025744092391318404,0.2086432599358447,7.105350739752191,4.109808766395072,53.82168872406499,47.07251547863448,5.105350739752191,baseline,66
132.3,-7.078582520363852,-0.03404702804982662,0.2897925120778382,0.20649476873458578,0.010160822363532692,-0.025575562685019777,0.20832052523097358,7.08459380612439,4.089006514496274,53.81838051596263,47.08473549225869,5.08459380612439,baseline,66
132.4,-7.05794670782052,-0.03303844202309847,0.2872432069852948,0.20622168985784436,0.010011339311232917,-0.025410746364407145,0.20802239858588742,7.063866641510514,4.06823446744677,53.815101775835416,47.096909969410056,5.063866641510514,baseline,66
132.5,-7.037337356014177,-0.03204461559653282,0.28471023216843605,0.20596558158279993,0.009865605086802547,-0.025248958853954912,0.20774181303646713,7.043167173654388,4.047490543529124,53.81185247743295,47.10903639159815,5.043167173654388,baseline,66
132.6,-7.0167530190665275,-0.031065193004906178,0.28219330962747335,0.20572137424773362,0.009723264231171713,-0.025089694612604803,0.2074736572807233,7.022493933126191,4.02677326483563,53.80863250383697,47.12111265378661,5.022493933126191,baseline,66
132.70000000000002,-6.996192700928077,-0.030099849216639996,0.27969220699742436,0.20548522350456264,0.009584035862101343,-0.024932560890018437,0.20721405216505126,7.001845902338701,4.0060816060745434,53.80544168419031,47.133136965654344,5.001845902338701,baseline,66
132.8,-6.975655747810379,-0.029148281551897526,0.2772067287005484,0.20525406415575412,0.009447691714051057,-0.024777239909730787,0.20695990275587814,6.981222407624202,3.985414886539667,53.80227981634415,47.145107805903336,4.981222407624202,baseline,66
132.9,-6.955141787417233,-0.028210214339196682,0.27473670430481434,0.20502536400078508,0.00931404271006889,-0.02462346482326678,0.20670865075066905,6.960623058028837,3.9647727086756586,53.79914668010464,47.15702386529263,4.960623058028837,baseline,66
133.0,-6.934650675859302,-0.027285384945571423,0.27228199085220695,0.2047970882731069,0.009182933513666012,-0.024471016605419758,0.20645823860229426,6.940047692269121,3.944154905149408,53.79604204491742,47.168884038149535,4.940047692269121,baseline,66
133.1,-6.9141895622015,-0.026374652981758118,0.2698434037156403,0.20442540078771482,0.009032225842354486,-0.024300915447468874,0.2060627576309464,6.919503478350518,3.9235686579561624,53.79296453472491,47.18070056523185,4.919503478350518,baseline,66
133.20000000000002,-6.8937636921182275,-0.025478661991655827,0.26742168609052896,0.20409219600175166,0.008888035887332136,-0.024133631928725502,0.2057062318959324,6.898995677863259,3.9030192429024173,53.78991335678615,47.1924829619759,4.898995677863259,baseline,66
133.3,-6.873369710985571,-0.0245968671515584,0.26501648407429457,0.20378764197935104,0.008748352953460466,-0.023970619215363725,0.20537898453461698,6.878520911256914,3.8825032724629116,53.78688910772356,47.204225752109366,4.878520911256914,baseline,66
133.4,-6.853005308657885,-0.023728840984404087,0.2626274302601814,0.20350063148838948,0.008612581715267057,-0.023810665641945717,0.20506982073988358,6.858076843074352,3.8620184015052765,53.78389194363831,47.21592537711684,4.858076843074352,baseline,66
133.5,-6.832669041585177,-0.02287421654909849,0.2602542480453849,0.20322490836984863,0.00848036906449291,-0.023653181050979584,0.20477244203074252,6.837662007970627,3.8415631565462833,53.780921858451194,47.22757960081929,4.837662007970627,baseline,66
133.6,-6.812359957024455,-0.022032645530998707,0.2578967083245516,0.20295702285508332,0.008351443349002825,-0.023497829745920386,0.2044833678688286,6.817275433316742,3.821136557564678,53.7779787548579,47.239186472515115,4.817275433316742,baseline,66
133.70000000000002,-6.7920773648656905,-0.02120381500571966,0.25555460760369897,0.20269502262210873,0.008225595985343087,-0.023344410769458694,0.20420062227932728,6.796916410370156,3.8007378889322263,53.77506248146291,47.25074430016831,4.796916410370156,baseline,66
133.8,-6.771820749156177,-0.02038742322474718,0.25322775868698955,0.20243753741919585,0.008102651010949353,-0.023192777238002036,0.2039228148730915,6.776584405399044,3.780366610338268,53.772172855574155,47.2622515149235,4.776584405399044,baseline,66
133.9,-6.751589706167579,-0.01958318706601858,0.25091599067673087,0.2021835393790839,0.007982454271240893,-0.023042813468432715,0.20364889988553095,6.756278997793161,3.760022295015747,53.769309676437025,47.27370673282849,4.756278997793161,baseline,66
134.0,-6.731383927632123,-0.018790840171277523,0.2486191401258111,0.20193224670838478,0.007864868772355966,-0.022894425872216247,0.20337807934367155,6.735999862952442,3.7397046123861934,53.766472732840064,47.28510866540612,4.735999862952442,baseline,66
134.1,-6.711209240369499,-0.01801123283803463,0.24633786547929049,0.20156170992484354,0.007727784768546999,-0.022731258232623508,0.20298658001477332,6.715752840635083,3.7194194136022345,53.76366067180089,47.29646883087668,4.715752840635083,baseline,67
134.20000000000002,-6.691070133354515,-0.017245031893253326,0.244072824716568,0.20122064377191692,0.007596751168484272,-0.022569745189893117,0.20262490347002576,6.695542432421658,3.699171213154622,53.760872717475124,47.30779663056819,4.695542432421658,baseline,67
134.3,-6.670963975600898,-0.016491716727614403,0.24182375147938728,0.20090272316772773,0.007470012095656995,-0.022411915994589995,0.20228692304611898,6.6753659875144775,3.67895735415073,53.758109479618014,47.31908716357623,4.6753659875144775,baseline,67
134.4,-6.650888740085065,-0.015750883147120476,0.2395903104916215,0.20060221426658295,0.007347118506414936,-0.022257107475501844,0.20196684716106109,6.65522145688569,3.658775778820192,53.7553711332771,47.33033701934185,4.65522145688569,baseline,67
134.5,-6.6308428891934454,-0.015022159554064274,0.23737221909686923,0.20031502007965293,0.007227771952131851,-0.022104948976359253,0.20166054826403512,6.635107282994294,3.638624921819127,53.7526576909747,47.34154380766514,4.635107282994294,baseline,67
134.6,-6.6108252396807075,-0.014305206015706062,0.23516922490671277,0.20003818713375712,0.0071117054306963755,-0.021955163205336584,0.2013650462649017,6.615022263973255,3.618503573962255,53.74996907346268,47.35270538645083,4.615022263973255,baseline,67
134.70000000000002,-6.59083486860618,-0.013599708676338196,0.23298110160976648,0.19976944369212304,0.006998693348406807,-0.02180752792966876,0.2010780460817357,6.59496545942573,3.598410788025923,53.747305147105905,47.363819845960656,4.59496545942573,baseline,67
134.8,-6.570871056523174,-0.012905365787446499,0.23080764338374138,0.19950701972245113,0.0068885417876697755,-0.021661864787607628,0.20079775723989443,6.574936133390532,3.578345821608833,53.74466574670396,47.374885436929546,4.574936133390532,baseline,67
134.9,-6.550933240912855,-0.012221905402839184,0.22864865884184837,0.19924953568439785,0.006781081452549119,-0.021518028842854194,0.2005227820009391,6.5549337076021486,3.5583080903122655,53.74205068871895,47.3859006019387,4.5549337076021486,baseline,67
135.0,-6.531020979396999,-0.01154906302690506,0.2265039742924273,0.19899591743320463,0.006676163225012102,-0.021375901671345437,0.20025202990919425,6.534957724771508,3.53829713113085,53.73945977890453,47.396863937846774,4.534957724771508,baseline,67
135.1,-6.511139891576022,-0.010887697339057922,0.22437420720234513,0.19862605529092678,0.006551683144091012,-0.02121962205219207,0.19986372045094314,6.515013815371663,3.518318584924837,53.73689168501133,47.4077868137649,4.515013815371663,baseline,67
135.20000000000002,-6.491294281091541,-0.010238481685519218,0.22225999552756548,0.19828635515980236,0.006433041777978692,-0.02106483109254897,0.1995058640191664,6.495106294422816,3.4983767792079856,53.73434564608432,47.418678770108855,4.495106294422816,baseline,67
135.3,-6.471481499262154,-0.0096009261906147,0.22016108175739646,0.1979694982265,0.006318548354178026,-0.020913640099287978,0.19917134990645322,6.475232495825663,3.478469042470224,53.731822283059515,47.429535112240195,4.475232495825663,baseline,67
135.4,-6.451699534896761,-0.008974632248282433,0.2180771380662918,0.19767000846557298,0.006207763305602896,-0.020765441920643914,0.19885465081359732,6.4553903887184285,3.4585933356464005,53.7293217878292,47.440352387226646,4.4553903887184285,baseline,67
135.5,-6.431946845259517,-0.008359245024621487,0.216007883194834,0.19738399408769897,0.006100402439343231,-0.02061989547107637,0.1985518474383274,6.435578412452416,3.4387480906961545,53.72684418946884,47.45112814965801,4.435578412452416,baseline,67
135.6,-6.412222231272608,-0.007754434831440449,0.21395306335762143,0.19710851799312334,0.005996207781966529,-0.020476733467266042,0.19825997827776384,6.415795351147535,3.4189320847555136,53.724389424806056,47.461860163623236,4.415795351147535,baseline,67
135.70000000000002,-6.392524751834571,-0.00715989526361227,0.21191245038062334,0.19684128000793413,0.005894959523299757,-0.020335737475724133,0.19797672156499824,6.396040247961558,3.3991443544716846,53.72195737603502,47.4725464222317,4.396040247961558,baseline,67
135.8,-6.372853674925864,-0.006575344130396843,0.20988583844155073,0.1965804816093716,0.005796468109218238,-0.020196730568969524,0.1977002597823008,6.376312356083635,3.3793841469696297,53.71954789360027,47.48318515413855,4.376312356083635,baseline,67
135.9,-6.353208450600505,-0.006000512279570103,0.20787303801625967,0.19632421402361702,0.005700560716494407,-0.020059524488926124,0.1974286654141066,6.356611111501426,3.359650892467901,53.717160809406586,47.49377472852037,4.356611111501426,baseline,67
136.0,-6.333588628098369,-0.005435149185359478,0.20587386889383197,0.1960724751528604,0.005607108781341581,-0.019924096606794464,0.19716192534830787,6.336936049915366,3.3399441211084273,53.71479594484146,47.50431363523452,4.336936049915366,baseline,67
136.1,-6.3139996491372585,-0.004880096763372421,0.20388892758637667,0.19570731598319135,0.005494401093781411,-0.01977491452597021,0.19678056107561406,6.31729262259096,3.320269293990868,53.712451987766514,47.514813160726504,4.31729262259096,baseline,68
136.20000000000002,-6.2944457503035665,-0.004336034879088402,0.20191884459927678,0.19537087725723457,0.005387315543126897,-0.019626952634748843,0.19642815510702458,6.297685076638669,3.3006306704470902,53.71012819136097,47.525283049385784,4.297685076638669,baseline,68
136.3,-6.274924382101744,-0.0038024820387363434,0.19996338337659836,0.19505669785877955,0.005284218652595278,-0.019482484168331503,0.19609845877953488,6.278110847592294,3.2810256814059784,53.707825186086545,47.53571880748546,4.278110847592294,baseline,68
136.4,-6.255433565936983,-0.0032790564000606537,0.19802222168073058,0.19475984492162204,0.005184688432211259,-0.019340975687675163,0.19578649475534468,6.258567939260653,3.261452322926004,53.705543178804774,47.54611696019317,4.258567939260653,baseline,68
136.5,-6.235971760936081,-0.0027654189616441727,0.19609507825225592,0.19447646316186792,0.005088451952759131,-0.019202100298358192,0.19548838257833412,6.239054794634284,3.2419090309310894,53.70328221361964,47.556474979276096,4.239054794634284,baseline,68
136.6,-6.216537768021226,-0.0022612549364566803,0.19418170535936952,0.19420361449782025,0.004995260940103042,-0.019065598781448964,0.19520116181204683,6.2195701997167365,3.2223945849441114,53.7010422420422,47.56679062467843,4.2195701997167365,baseline,68
136.70000000000002,-6.197130654938519,-0.0017662663012742996,0.19228187389671803,0.19393886766554247,0.004904901667963388,-0.018931248035828924,0.19492238097242517,6.200113208087784,3.2029080323158645,53.69882316078228,47.57706178890424,4.200113208087784,baseline,68
136.8,-6.17774971248582,-0.0012801829725503922,0.1903953803703189,0.19368020050389173,0.004817188764284244,-0.01879885712940926,0.1946499997538926,6.1806830973488225,3.183448644935004,53.69662483469604,47.58728665484349,4.1806830973488225,baseline,68
136.9,-6.158394415862858,-0.0008027432486414909,0.18852203618735075,0.1934259650793913,0.004731960514566767,-0.01866826470827471,0.19438235394300463,6.161279330127452,3.164015879966255,53.69444711010003,47.597463519067965,4.161279330127452,baseline,68
137.0,-6.139064414892346,-0.00033371057361364365,0.18666166998445988,0.19317429754432405,0.004649069575618568,-0.018539291112779074,0.1941175633337343,6.141901544359176,3.1446093702155693,53.69228982244362,47.60759088638282,4.141901544359176,baseline,68
137.1,-6.119765038602054,0.00012608151882886887,0.1848148643039167,0.1928134219877436,0.004547285415822213,-0.018397035513725086,0.19374246932195816,6.1225550775522,3.1252344625720325,53.69015167968901,47.61768003027291,4.1225550775522,baseline,68
137.20000000000002,-6.100500412750989,0.0005759689956903458,0.18298223707824945,0.19247929993077958,0.004450924950610209,-0.01825571103031305,0.19339431899614132,6.103244064987196,3.105895304142672,53.68803194903493,47.62774077591759,4.103244064987196,baseline,68
137.3,-6.081268297042698,0.0010164128616452217,0.1811635885387659,0.19216324044522617,0.004358373193821755,-0.01811748634645065,0.19306462572625846,6.083966253976426,3.0865896386250884,53.68593126869204,47.63776899022006,4.083966253976426,baseline,68
137.4,-6.062067263759673,0.001447770744562149,0.17935864254832268,0.1918576323570791,0.004269213789336891,-0.017981637332520877,0.1927457303319622,6.064720202040948,3.067316016729537,53.683849859352264,47.64776144463698,4.064720202040948,baseline,68
137.5,-6.042896448168904,0.0018703723326325417,0.17756717884913087,0.19155888669101384,0.004183225365761744,-0.017847867637568567,0.1924340220022686,6.045505031392287,3.0480735548172113,53.681787778969344,47.657715928542686,4.045505031392287,baseline,68
137.6,-6.0237552504986525,0.002284524030983448,0.17578899580985308,0.19126529914458093,0.004100215819806001,-0.017716025383767896,0.1921277803495198,6.026320129897512,3.028861635171877,53.67974499284042,47.66763040247854,4.026320129897512,baseline,68
137.70000000000002,-6.004643206484616,0.002690514549612999,0.17402390483766794,0.1909757885951186,0.004020018163280124,-0.01758600562511722,0.1918259105788558,6.0071650214976895,3.009679776421014,53.677721411614016,47.6775029758351,4.0071650214976895,baseline,68
137.8,-5.985559950117022,0.0030886195600032806,0.17227173037827015,0.19068957696445463,0.003942481905827649,-0.01745772556554524,0.19152762231172382,5.988039328954278,2.9905275963282905,53.675716914266246,47.687331919574845,3.9880393289542777,baseline,68
137.9,-5.966503879521042,0.003473004326224327,0.1705526546575129,0.19043200363311488,0.0037460514757282903,-0.016923918979479907,0.1912192457442647,5.968942017988567,2.9714046403987404,53.66461658449808,47.70315775153983,3.9689420179885673,baseline,68
138.0,-5.947474426124245,0.003851287066936493,0.16887640673667192,0.19015748183680434,0.003820175283955208,-0.016601526121181286,0.19091902028678803,5.949872782048896,2.9523108856996765,53.63559072028312,47.728382723126735,3.949872782048896,baseline,68
138.1,-5.928477072622627,0.004231760278344154,0.16723223216831684,0.1897899181455118,0.0037899790997005588,-0.016282377162761895,0.19052478258044717,5.9308367814232765,2.9332511812232247,53.58909392527798,47.75876315146776,3.9308367814232765,baseline,69
138.20000000000002,-5.909515500999987,0.004610277712345123,0.16561940358951688,0.18944184444703902,0.0037810195612041414,-0.015974690285499835,0.19015177955027393,5.91183765829755,2.9142291419970974,53.52538189410214,47.791812144781765,3.91183765829755,baseline,69
138.3,-5.89058811403811,0.004987935535609722,0.16403621435165405,0.18910622522930623,0.0037727725394691835,-0.0156896327404098,0.18979347409392297,5.892873754660521,2.8952430647767944,53.444591221763424,47.82614382341698,3.8928737546605214,baseline,69
138.4,-5.871695143170655,0.005364704877138138,0.16248063603416085,0.18875354217089757,0.0037632459962956125,-0.015422550606215644,0.18941994818310642,5.873945232250497,2.8762930539940483,53.346796495616054,47.86094847062167,3.873945232250497,baseline,69
138.5,-5.852851086761802,0.005740491673350334,0.16095079388469458,0.18812788299940228,0.003753304551029568,-0.01517489861974217,0.18877623050852832,5.855066520126443,2.857393468623942,53.23203674119593,47.89576436032587,3.855066520126443,baseline,69
138.6,-5.834075546357781,0.00611528754234314,0.15944474283605814,0.1873832371618019,0.0037435080677078593,-0.01494679304619627,0.1880156856335527,5.8362571484959105,2.8385637609930368,53.10033197694215,47.930321577660735,3.8362571484959105,baseline,69
138.70000000000002,-5.815374585799873,0.006489100866019726,0.1579606244340539,0.18663627154226275,0.0037336465973006098,-0.014736284563747508,0.1872543619114239,5.8175231190317325,2.8198098740286466,52.95169191412047,47.964467004798315,3.8175231190317325,baseline,69
138.8,-5.796748088672757,0.0068619102239608765,0.1564966975711286,0.18589396415343323,0.0037233736176029725,-0.01454301816617327,0.1864991388643814,5.798864259981764,2.8011315880653145,52.786120718021024,47.998113664145556,3.798864259981764,baseline,69
138.9,-5.778195660095662,0.007233656011521816,0.15505130123347044,0.18515488452362386,0.003712330548274085,-0.014365729444539822,0.1857484504471837,5.7802801245391064,2.7825284109183603,52.60361962875965,48.03121043518668,3.7802801245391064,baseline,69
139.0,-5.759717175737023,0.007604238577187061,0.15362288430333138,0.18441506547082606,0.0037001498098470677,-0.014203463609471528,0.18499823204487648,5.761770540337934,2.764000127547744,52.404188396453655,48.06372717849305,3.761770540337934,baseline,69
139.1,-5.741313321981579,0.007969796657562256,0.15221541840583086,0.18366222746443206,0.0036119194666192197,-0.013946634251683914,0.1842264051822658,5.743336287596468,2.7455476285311287,52.18780163197033,48.09592918982689,3.7433362875964677,baseline,69
139.20000000000002,-5.722983668092638,0.008329546079039574,0.15082960622385144,0.18293108999210544,0.0035838097417701274,-0.013770546655533332,0.18348366503086103,5.724976944644109,2.727170513215256,51.954450072648974,48.12798537300157,3.7249769446441086,baseline,69
139.3,-5.704726924188435,0.008685913868248463,0.1494600255973637,0.18220401158859764,0.003544278433455975,-0.013622022879990424,0.18274688302659137,5.706691074862186,2.708867194747857,51.704154845832186,48.15968622230002,3.706691074862186,baseline,69
139.4,-5.686542971991003,0.009038218297064304,0.1481046723201871,0.18147525152665553,0.0035025205875646283,-0.013486048032050977,0.18200936255767722,5.688478500939713,2.6906374381746985,51.43692149795674,48.1908996356825,3.6884785009397127,baseline,69
139.5,-5.668431534897536,0.009386345744132996,0.1467622402124107,0.1807537019173483,0.0034606525533638624,-0.013363634727735042,0.18128006952242992,5.670338907372241,2.6724808914329423,51.15274994275901,48.22157913637018,3.6703389073722414,baseline,69
139.6,-5.650392225012183,0.00973026268184185,0.1454314044676721,0.18003269201351269,0.0034183043959805847,-0.01325418279477297,0.18055228705317788,5.652271867832919,2.6543970912096646,50.85163975971709,48.25169581481271,3.652271867832919,baseline,69
139.70000000000002,-5.632424912415445,0.010069900192320347,0.14411092922091484,0.17931374926096177,0.0033750819367363836,-0.013156451907232471,0.17982742860556636,5.634277216893834,2.6363858371483224,50.533590432266344,48.28123149718234,3.6342772168938344,baseline,69
139.8,-5.614529152866453,0.01040517259389162,0.14279965171590447,0.17860163464459552,0.003330911127174979,-0.01307028606471937,0.1791102209380367,5.616354477464379,2.6184466195314093,50.198601494957,48.310173101826145,3.6163544774643794,baseline,69
139.9,-5.596704711206257,0.010735970921814442,0.14149646507576108,0.17788739026896616,0.0032855298809531925,-0.01299466462420808,0.17839164675510386,5.59850338350696,2.600579140864846,49.84667256167096,48.33851091628746,3.5985033835069604,baseline,69
140.0,-5.578951310832053,0.011062164790928364,0.140200340654701,0.17718077519926032,0.003238846625644229,-0.012929105138790824,0.17768139741505065,5.580723630107859,2.5827830668973966,49.47780335413512,48.366237768239266,3.580723630107859,baseline,69
140.1,-5.561269303318113,0.011380886659026146,0.1389154065400362,0.1764595015442855,0.003136274941895498,-0.012770753384922184,0.17694881759364023,5.5630156640785815,2.5650589581674303,49.09197256883929,48.39360612383067,3.5630156640785815,baseline,70
140.20000000000002,-5.543658602051437,0.011692008003592491,0.1376425821799785,0.1757546857639688,0.00308666272129836,-0.012687079725463834,0.17623903950801237,5.545379417098457,2.5474067730283276,48.68917181075157,48.420783217690705,3.5453794170984567,baseline,70
140.3,-5.526118116918951,0.011997629888355732,0.13637710106559098,0.17505514653451631,0.0030262202470324718,-0.012623915018146642,0.1755358241715631,5.527813681642847,2.529825171319975,48.26941946460134,48.44758615721237,3.527813681642847,baseline,70
140.4,-5.5086475079879165,0.01229709293693304,0.1351175168529153,0.17435714587922102,0.0029634189127402573,-0.012569171267890701,0.17483472263015123,5.51031807876067,2.5123137306453547,47.83272231161439,48.47389275468876,3.51031807876067,baseline,70
140.5,-5.491246644873172,0.012590231373906136,0.13386295409873128,0.17366025196740908,0.0028997282582933466,-0.012523527208104925,0.1741353791482021,5.492892454730654,2.494872271279218,47.3790829388277,48.4996562136195,3.4928924547306544,baseline,70
140.6,-5.47391523886472,0.012876943685114384,0.13261246448382735,0.17296797948443857,0.002834857067396675,-0.01248775293284805,0.17344135122522997,5.475536496425765,2.477500452169934,46.90850334050731,48.52484809543827,3.4755364964257653,baseline,70
140.70000000000002,-5.456652880646288,0.013157106935977936,0.1313651369418949,0.17227929311264573,0.0027686817880067357,-0.012460311849636333,0.17275149726015784,5.458249771541435,2.460197814130887,46.420985204772784,48.54945320207825,3.4582497715414346,baseline,70
140.8,-5.439459266606718,0.013430586084723473,0.13012013561092317,0.17159308767000758,0.0027011760132316723,-0.012441279802045763,0.17206472483078616,5.44103195574219,2.442964007873913,45.91654340220864,48.57347039272726,3.44103195574219,baseline,70
140.9,-5.4223342328332365,0.013697246089577675,0.12887666444294155,0.17090767182711902,0.002632272209274892,-0.012429724490016744,0.1713792846211223,5.423882865783845,2.425798826107425,45.39936919121558,48.59689988944581,3.4238828657838454,baseline,70
141.0,-5.405277538578957,0.013956953771412373,0.12763398583047092,0.17022631468158322,0.002562079117302636,-0.012425434205290487,0.17069842961980264,5.406802243467366,2.408701988310301,44.87707916054861,48.61975222387192,3.406802243467366,baseline,70
141.1,-5.3882892918772995,0.014206744730472565,0.12639696430414915,0.16953868622828527,0.0024342261859492402,-0.012316424971517664,0.17000289970825896,5.389790303633409,2.3916738418682666,44.355002219668556,48.64225740312982,3.3897903036334087,baseline,70
141.20000000000002,-5.371369246393442,0.014446485787630081,0.12516824272461236,0.16886232094290907,0.0023609185289899135,-0.01225957106868196,0.16932322479008785,5.37284685907198,2.3747142760085858,43.83610411981538,48.664621150148015,3.37284685907198,baseline,70
141.3,-5.354516698047519,0.014678637497127056,0.12394434190355241,0.16818873764202202,0.002282416390243488,-0.01221995819702405,0.16864752673114533,5.355971128745783,2.3578224156355088,43.3220423157233,48.686768146707195,3.355971128745783,baseline,70
141.4,-5.337731373030692,0.014902916736900806,0.12272401642985642,0.1675178416051696,0.0022034714281302208,-0.012188050378604863,0.1679750907558043,5.339162808135004,2.3409979183219938,42.81370922221684,48.70861765317378,3.339162808135004,baseline,70
141.5,-5.321013002190739,0.015119335614144802,0.12150651728734374,0.1668496512918195,0.0021251724731180016,-0.01216341520407232,0.1673059208864675,5.3224216102762485,2.3242404747338816,42.31157448364086,48.730139111027896,3.3224216102762485,baseline,70
141.6,-5.304361316841096,0.01532795187085867,0.12029114761389792,0.16618416542163425,0.002047458293431312,-0.012145426501304162,0.1666399721172775,5.305747250473116,2.3075497794969566,41.81586449730534,48.75131436430444,3.3057472504731162,baseline,70
141.70000000000002,-5.28777604456991,0.015528826974332333,0.11907727573998272,0.16552137050159232,0.0019702763723239906,-0.012133440558239682,0.1659771865693869,5.28913944225261,2.2909255274174227,41.326663768372,48.77213083578885,3.28913944225261,baseline,70
141.8,-5.271256919018924,0.01572201121598482,0.11786433099769056,0.16486123222774104,0.001893631679095537,-0.012126870142809517,0.16531749064163115,5.272597906958494,2.2743674229001667,40.84397820408649,48.792579187210315,3.2725979069584943,baseline,70
141.9,-5.254803675226867,0.01590755581855774,0.11665179766714573,0.16420371319458815,0.001817478388022884,-0.012125179622025636,0.16466081086721238,5.256122368953076,2.2578751750368498,40.36776620667666,48.81265181299283,3.2561223689530756,baseline,70
142.0,-5.238416056148708,0.016085509210824966,0.11543921730481088,0.16354876042684893,0.0017418185677982089,-0.012127797589285227,0.16400705607823288,5.239712562136887,2.2414485041871592,39.89795734623621,48.832342308112494,3.239712562136887,baseline,70
142.1,-5.222094077151269,0.016254322603344917,0.11422884021885693,0.16289088245136588,0.0016347741651474112,-0.012081004976202885,0.16334645007954954,5.223368547360927,2.225087530559593,39.43447899808208,48.851581064198164,3.223368547360927,baseline,71
142.20000000000002,-5.205837483517826,0.01641338039189577,0.11302456283010542,0.16224105532375602,0.0015467735785692938,-0.012005829333597179,0.16269201725670773,5.2070901524419595,2.2087921936096837,38.97724263673035,48.87040115418682,3.2070901524419595,baseline,71
142.3,-5.18964573321864,0.016564005985856056,0.11182740703225136,0.16159404232364188,0.001466158592356396,-0.011938573450893063,0.16204108636872092,5.190876859604001,2.1925620110410677,38.52614321563305,48.888915780323025,3.1908768596040007,baseline,71
142.4,-5.173518558964133,0.016706695780158043,0.11063662450760603,0.16094952695273618,0.001387978044041988,-0.01187835157851366,0.16139322149824964,5.174728384786263,2.176396678578574,38.08108233097867,48.90713827012104,3.1747283847862633,baseline,71
142.5,-5.157455711159855,0.016841677017509937,0.10945156333036721,0.16030753246776386,0.001312014939085349,-0.011824120182475438,0.1607483628756236,5.1586444633620205,2.1602959131601622,37.6419567100408,48.925067847108586,3.1586444633620205,baseline,71
142.6,-5.1414569350890815,0.016969170421361923,0.10827165050432086,0.15966808471840319,0.0012381977836007528,-0.01177537050992714,0.16010649506513017,5.142624827694835,2.144259431106423,37.20866443167545,48.942701976596396,3.142624827694835,baseline,71
142.70000000000002,-5.125521975569427,0.01708938181400299,0.10709636099636555,0.1590311949444439,0.0011663861786009291,-0.01173164539469472,0.1594675920864243,5.126669211052588,2.1282869510801423,36.78111111117337,48.96003681433918,3.1266692110525884,baseline,71
142.8,-5.109650578349829,0.01720250863581896,0.10592521564103663,0.15839686167813632,0.0010964743120815829,-0.011692468627375349,0.15883161482526664,5.110777348940443,2.112378195386359,36.35919797570608,48.97706781606563,3.1107773489404433,baseline,71
142.9,-5.093842486850917,0.017308734357357025,0.10475778393447399,0.1577650743915917,0.0010283857452291444,-0.011657349935647255,0.1581985147924834,5.094948975841413,2.096532886773291,35.942828054444995,48.99379039294262,3.0949489758414126,baseline,71
143.0,-5.078097446355969,0.017408239655196667,0.10359368426725268,0.15713582053728573,0.0009620208368334897,-0.011625819075837204,0.15756824314943882,5.079183829407532,2.0807507526801845,35.531913280478456,49.01020012861873,3.0791838294075324,baseline,71
143.1,-5.06241551367566,0.01749980542808771,0.10243463283404708,0.15650292134367247,0.0008697251850331443,-0.011556301512631163,0.15693141468696462,5.0634819966400455,2.0650319242674926,35.12636849465093,49.02623305776789,3.0634819966400455,baseline,71
143.20000000000002,-5.04679643874988,0.017582809552550316,0.1012838224414736,0.1558786723377074,0.0007908442710370808,-0.011461018892782048,0.156301442342955,5.047843288183438,2.049376302575812,34.72610495411515,49.04190901243767,3.0478432881834383,baseline,71
143.3,-5.031239659059793,0.017658287659287453,0.10014221980236471,0.15525701833939665,0.0007191588883890455,-0.011372133898778418,0.15567461052643825,5.032267161648526,2.033783378791199,34.33103509765162,49.05732510022791,3.0322671616485257,baseline,71
143.4,-5.015744921285659,0.017726761288940907,0.09900919813662767,0.1546378510904845,0.0006507556808473554,-0.011289388898348214,0.1550507619282703,5.016753350004795,2.018252869952222,33.94107092455138,49.07249925362564,3.0167533500047954,baseline,71
143.5,-5.000311974901706,0.017788547091186047,0.09788418048992753,0.15402115970199368,0.0005853957536057461,-0.011212048879073205,0.1544298234286438,5.001301589740734,2.0027844971771085,33.556122676032544,49.08743462115323,3.0013015897407342,baseline,71
143.6,-4.984940574970096,0.017843945883214474,0.09676664671860635,0.15340693198883412,0.0005229317026304284,-0.011139701211413743,0.15381174591971825,4.985911624397793,1.9873779903391462,33.17611009135909,49.10213082070584,2.985911624397793,baseline,71
143.70000000000002,-4.9696304756216705,0.017893231473863125,0.09565611882135272,0.1527951638122602,0.0004632054138417266,-0.011071920887712562,0.1531964884578449,4.97058319767693,1.9720330806804915,32.80095652053644,49.11658544250292,2.9705831976769304,baseline,71
143.8,-4.954381430521607,0.017936675809323788,0.09455216047354043,0.1521858373195961,0.0004060879030026672,-0.01100829058942316,0.15258399801339823,4.95531605394516,1.9567495014326661,32.43058059023841,49.13079506767581,2.95531605394516,baseline,71
143.9,-4.9391931989230216,0.017974532209336758,0.09345437586307526,0.15157892943015253,0.0003514679152260013,-0.010948442085173189,0.1519742207118661,4.940109944167593,1.9415269936123483,32.06490314076043,49.14475594698562,2.9401099441675926,baseline,71
144.0,-4.924065535888076,0.018007046543061733,0.09236240177415311,0.15097444366530202,0.00029921922770101693,-0.010892059100784716,0.15136713356488146,4.924964615985319,1.9263652959340196,31.703853900284063,49.158464239615256,2.924964615985319,baseline,71
144.1,-4.908998552709818,0.01803318690508604,0.09127770038321614,0.15036530209219695,0.00022404810836537342,-0.010802929363055037,0.15075303497328227,4.909880202705998,1.9112645784049316,31.34736624269067,49.17187276587522,2.909880202705998,baseline,72
144.20000000000002,-4.893992014694959,0.0180523544549942,0.09020289313048124,0.1497655741333542,0.00015979374779502266,-0.010694176744668124,0.15014698846723915,4.894856513660896,1.896224723274841,30.995366905567977,49.18499886148401,2.894856513660896,baseline,72
144.3,-4.87904532533139,0.01806541718542576,0.08913866966031492,0.1491683555295904,0.00010197767237384069,-0.010591260798587493,0.14954391828540417,4.879892964847178,1.8812451717882608,30.647781659911395,49.19791776600958,2.879892964847178,baseline,72
144.4,-4.864158235490322,0.018072882667183876,0.08808445720933378,0.14857353081973376,4.7772700061358387e-05,-0.010493944223442124,0.14894367797203734,4.8649892950116636,1.866325648871642,30.30454524932518,49.21064462524329,2.8649892950116636,baseline,72
144.5,-4.849330510478467,0.018075094558298588,0.08703972515650094,0.14798109872587253,-3.0672073947171413e-06,-0.01040164109499022,0.14834621574881238,4.850145257892382,1.8514658948479599,29.965590243392498,49.223182641349155,2.8501452578923816,baseline,72
144.6,-4.834561908617616,0.018072383478283882,0.0860039908438921,0.1473910438475217,-5.069986854037511e-05,-0.010313988365389198,0.1477514830143512,4.8353606014176505,1.836665645684149,29.630845777648716,49.235531549491284,2.8353606014176505,baseline,72
144.70000000000002,-4.8198521956801414,0.018065061420202255,0.08497680420987308,0.14680335150932963,-9.530102958993294e-05,-0.010230671116907453,0.14715943642240673,4.820635081802036,1.8219246465811012,29.300246571726817,49.24768910515952,2.8206350818020356,baseline,72
144.8,-4.805201133713126,0.01805342175066471,0.08395774639211595,0.14621800820383032,-0.00013703917433798067,-0.010151407897656062,0.146570037132885,4.805968452315731,1.8072426407030424,28.9737338158455,49.25965206411867,2.8059684523157307,baseline,72
144.9,-4.790608489420265,0.01803774479776621,0.08294642483815551,0.1456350098586071,-0.00017606903103755745,-0.01007594012219922,0.14598325817081365,4.79136047157134,1.7926193773399708,28.65124799195692,49.271416704815394,2.7913604715713403,baseline,72
145.0,-4.7760740257799625,0.018018292263150215,0.08194247190840542,0.14505434462418562,-0.00021252511219045105,-0.010004021567766261,0.14539906639591485,4.776810895073046,1.7780546033822424,28.332724889639152,49.2829791641482,2.776810895073046,baseline,72
145.1,-4.761597914155573,0.017994113266468048,0.08094711904413998,0.14446803385028475,-0.0002705622580065521,-0.009903883391860652,0.14480736484979642,4.762319909485764,1.7635485350142925,28.01810608767173,49.294303997028216,2.762319909485764,baseline,72
145.20000000000002,-4.747179924044758,0.01796457450836897,0.0799625322688371,0.14389188130440841,-0.0003196937546708202,-0.009788701735006138,0.14422480504779908,4.747887315823503,1.749101031812959,27.70733790980158,49.3054068009836,2.747887315823503,baseline,72
145.3,-4.732819425873458,0.017930411733686924,0.07898919307626784,0.14331816894260926,-0.00036309226724009786,-0.009678932973951981,0.14364508738056822,4.733512491819679,1.7347114904133776,27.400365537546655,49.316346957225306,2.7335124918196794,baseline,72
145.4,-4.718516187276691,0.017892089672386646,0.07802656991407275,0.14274676581843426,-0.00040283946360952604,-0.009574373183839035,0.14306806091200008,4.719195194318366,1.720379655313738,27.09713068025452,49.32713713034729,2.719195194318366,baseline,72
145.5,-4.704269973561168,0.017849965952336788,0.07707416277844459,0.1421776393648312,-0.00043915869567165444,-0.009474606720997739,0.14249365658945506,4.704935178299664,1.706105269505572,26.797573261871335,49.337780077182174,2.704935178299664,baseline,72
145.6,-4.69008055748418,0.017804373055696487,0.07613150530960411,0.14161078372145275,-0.0004722400011377267,-0.00937937331382589,0.1419218437048464,4.690732206968517,1.6918880851246185,26.501639503950276,49.34827518117924,2.6907322069685167,baseline,72
145.70000000000002,-4.675947715062648,0.01775562483817339,0.07519815617706627,0.14104619546969016,-0.0005022700909460714,-0.009288426144681762,0.14135259598593694,4.676586047418076,1.6777278589001063,26.20928032061966,49.358619946850155,2.676586047418076,baseline,72
145.8,-4.661871219519526,0.017704016529023647,0.07427369977813214,0.14048385485406353,-0.000529422572609987,-0.009201520069074822,0.1407858719279018,4.662496464563214,1.6636243461032023,25.920447699781896,49.36881096487269,2.6624964645632136,baseline,72
145.9,-4.647850845940411,0.017649829387664795,0.07335774402599782,0.13992376767897532,-0.0005538540785969381,-0.009118407323158386,0.1402216562016412,4.6484632257548295,1.6495773051156246,25.63508861713704,49.37884439573796,2.6484632257548295,baseline,72
146.0,-4.63388636847958,0.017593329772353172,0.07244992151390761,0.1393659116803192,-0.0005757012611923829,-0.009038846014181071,0.1396599065863097,4.634486097979011,1.6355864946505394,25.35314900792314,49.38871631025182,2.6344860979790106,baseline,72
146.1,-4.619977993424982,0.017533589154481888,0.07155127206351608,0.13880171264368635,-0.0006186283939489259,-0.008934890083899008,0.13909036772804087,4.6205652977762,1.6216521545830276,25.07458264114168,49.39839978506427,2.6205652977762,baseline,73
146.20000000000002,-4.606125507969409,0.0174699192866683,0.0706636015092954,0.13824812245325768,-0.0006542404830160283,-0.008819276786339649,0.13853068625937942,4.606700634708598,1.607774141478877,24.799345919919194,49.40790917242388,2.6067006347085977,baseline,73
146.3,-4.5923282615840435,0.017402946949005127,0.06978723721113056,0.13769693618127277,-0.0006847164180729741,-0.008708757976966438,0.13797375669229298,4.592891462160149,1.5939518228852885,24.52739419057991,49.417292141917294,2.592891462160149,baseline,73
146.4,-4.578586023300886,0.017333105206489563,0.06892167683690786,0.13714796884124708,-0.0007116372849149093,-0.008603193670089554,0.1374193826438979,4.579137539629088,1.5801849470979707,24.25867926885985,49.426559083107115,2.5791375396290883,baseline,73
146.5,-4.564898568671197,0.017260736785829067,0.06806644122116268,0.1366012267684917,-0.0007352256531953797,-0.008502259220480046,0.13686754225626413,4.56543863344052,1.5664732693806378,23.99315091938612,49.435712011635694,2.56543863344052,baseline,73
146.6,-4.551265681628138,0.01718616858124733,0.06722107960376889,0.13605668499870946,-0.0007556761942424955,-0.008405713348119502,0.13631818879459684,4.551794518945208,1.5528165548224977,23.7307637790692,49.44474980744502,2.551794518945208,baseline,73
146.70000000000002,-4.537687133997679,0.017109704203903675,0.06638516462408006,0.13551435466640815,-0.0007731743050895942,-0.00831331376483688,0.13577131252555427,4.538204959905202,1.5392145575331941,23.471476385778015,49.453669684351006,2.538204959905202,baseline,73
146.8,-4.524162714369595,0.017031626775860786,0.06555829383432865,0.13497417759709338,-0.000787893204316852,-0.00822482977052034,0.135226836162306,4.524669737372349,1.5256670495477027,23.215249604770943,49.46246808223118,2.5246697373723492,baseline,73
146.9,-4.510692204814404,0.0169522101059556,0.06474008550867438,0.1344361610708908,-0.0007999975152385143,-0.008140051716648168,0.13468474984738468,4.511188626368064,1.5121737974803535,22.962043305915746,49.47114107098793,2.511188626368064,baseline,73
147.0,-4.497275387868285,0.01687170471996069,0.0639301793416962,0.13390030253729893,-0.0008096412255585461,-0.008058787940704581,0.13414503569483124,4.497761402806584,1.4987345693507381,22.711812956163648,49.47968463222099,2.497761402806584,baseline,73
147.1,-4.483912497758865,0.016789186745882034,0.0631294553168118,0.1333576347800601,-0.0008402567102119407,-0.007956353925234095,0.13359741147662457,4.484388307503972,1.4853496241374082,22.464515406288704,49.488078035955645,2.4843883075039717,baseline,73
147.20000000000002,-4.470603331923485,0.016703905537724495,0.06233942857943475,0.13282581636483573,-0.0008648407357847178,-0.007844850071775343,0.13306008836285949,4.471069153594159,1.4720188126108575,22.22011126876755,49.49633460456133,2.4710691535941587,baseline,73
147.3,-4.457347230985761,0.016616396605968475,0.06156031251884997,0.13229634638022428,-0.0008848217556716977,-0.007738137902685371,0.13252541248114103,4.457803283489527,1.4587414878502116,21.978562668311035,49.50449309060811,2.457803283489527,baseline,73
147.4,-4.444143972359598,0.016527061350643635,0.060791634605266154,0.13176900300156227,-0.0009014203412905011,-0.007636079226074379,0.13199315291561264,4.444590466359641,1.4455174089222955,21.739834212239327,49.51256189596394,2.4445904663596414,baseline,73
147.5,-4.430993338115513,0.016436222940683365,0.06003294372931123,0.13124377166169135,-0.0009148549274688387,-0.007538392324366251,0.13146327212708708,4.431430476288827,1.432346339922137,21.503889861915415,49.52054239008556,2.431430476288827,baseline,73
147.6,-4.417895125225186,0.016344191506505013,0.05928381334524602,0.13072064384170012,-0.0009253136154897066,-0.007444869830648992,0.13093574385350598,4.418323102785628,1.4192280610451946,21.27068939948827,49.52843307129274,2.418323102785628,baseline,73
147.70000000000002,-4.404849120415747,0.01625125389546156,0.05854383623227477,0.13019959694152303,-0.0009329752933184487,-0.00735531986176426,0.1304105295476629,4.40526812551079,1.4061623430980026,21.04019219050336,49.5362308731021,2.4052681255107897,baseline,73
147.8,-4.391855117864907,0.016157682053744793,0.057812624727375805,0.12968062773715605,-0.0009380159885099893,-0.007269555016634495,0.12988761108911592,4.3922653319879705,1.3931489652560318,20.81236171587137,49.543931955731594,2.3922653319879705,baseline,73
147.9,-4.378912906162441,0.01606372930109501,0.057089809444732964,0.1291637310308078,-0.0009406002229934088,-0.0071873887154640485,0.1293669691193449,4.379314504519798,1.3801877019169686,20.587164193182634,49.55153215646138,2.3793145045197983,baseline,73
148.0,-4.366022281348705,0.01596963219344616,0.056375039857812226,0.12864890502667886,-0.0009408819265848741,-0.007108635872058959,0.12884858837924743,4.3664154332249145,1.3672783357504372,20.364567526026708,49.55902725639729,2.3664154332249145,baseline,73
148.1,-4.353183491155505,0.015874458476901054,0.05566906923195347,0.1281270361644746,-0.0009620993138491456,-0.007011364158752075,0.1283223373335637,4.353568369897264,1.354421132601263,20.14454128514505,49.56640139584268,2.353568369897264,baseline,74
148.20000000000002,-4.340396348387003,0.01577741652727127,0.05497318290872499,0.12761595293888633,-0.0009782771572398223,-0.006906952231113502,0.12780647268358247,4.340773138370931,1.34161594671523,19.92705191030999,49.573667324817556,2.340773138370931,baseline,74
148.3,-4.327660197392106,0.015678963623940945,0.05428751476574689,0.1271072131513088,-0.0009902899934079656,-0.006806997066073533,0.1272932029545208,4.3280290835727575,1.3288621312608047,19.712061750669502,49.580857010701195,2.3280290835727575,baseline,74
148.4,-4.314974817447364,0.015579470433294773,0.053611624694895,0.12660050853792496,-0.0009990988847634753,-0.006711394642756448,0.12678221396825962,4.3153359778128895,1.316159449581295,19.49953536297791,49.5879770990267,2.3153359778128895,baseline,74
148.5,-4.302339773625135,0.015479246154427528,0.05294508649967611,0.12610052813690806,-0.0010049274653717711,-0.006619951306409338,0.12627817242467929,4.302693379380263,1.3035074511532094,19.289440751205138,49.59502818552703,2.302693379380263,baseline,74
148.6,-4.28975485265255,0.015378577634692192,0.052287495345808566,0.12559803399854252,-0.0010079636778829656,-0.006532447414066374,0.12577183708721326,4.29010106858518,1.2909059077873974,19.08174796923184,49.60200823100794,2.29010106858518,baseline,74
148.70000000000002,-4.277220083400607,0.015277738682925701,0.05163846776122227,0.12509751311307746,-0.0010083723643332162,-0.006448681809355073,0.12526767379886977,4.277559068265158,1.2783548341887883,18.87642827678618,49.60891381312393,2.277559068265158,baseline,74
148.8,-4.264735263772309,0.015176980756223202,0.050997638492845,0.1245989931316638,-0.0010063219096551536,-0.006368476101956855,0.12476569745355272,4.265067170624606,1.2658540150056534,18.673453825245197,49.61574095071763,2.265067170624606,baseline,74
148.9,-4.252300199121237,0.015076545998454094,0.05036465940065682,0.1241024649191484,-0.0010019742748047847,-0.00629167326203875,0.1242658879334634,4.25262517565354,1.2534032431244453,18.472795867889886,49.62248535667247,2.25262517565354,baseline,74
149.0,-4.239914687350392,0.014976651407778263,0.04973919759504497,0.12360792143934529,-0.0009954808488448529,-0.0062181249911228255,0.12376822816490911,4.240232876137155,1.2410023044990732,18.27442173697571,49.62914263413077,2.2402328761371546,baseline,74
149.1,-4.2275789845734835,0.014876363798975945,0.04912190308095887,0.1231062769796071,-0.0010098033541209883,-0.006128286482071395,0.12326285340604475,4.227890530556526,1.228651468451749,18.078298538870083,49.63570063019512,2.227890530556526,baseline,74
149.20000000000002,-4.215292898006737,0.014774858020246029,0.04851387481903657,0.12261556209593641,-0.0010198577378371123,-0.006032801266152853,0.12276811829226983,4.215597953845399,1.2163505746391907,17.884396653728317,49.64217166943722,2.215597953845399,baseline,74
149.3,-4.203055782243609,0.01467253640294075,0.047915189439663664,0.12212690921920417,-0.0010261185830919752,-0.00594142507371384,0.12227565336848076,4.203354500557261,1.2040989842589012,17.692688391021328,49.6485823463868,2.2033545005572606,baseline,74
149.4,-4.190867432393134,0.014569741673767567,0.047325441148132086,0.1216402146475002,-0.0010293571545950254,-0.005854056313298233,0.1217853495744086,4.191159960040386,1.1918964788465987,17.503147726504537,49.65493781167079,2.1911599600403857,baseline,74
149.5,-4.178727655671537,0.01446676068007946,0.046744239050894976,0.12115546509903047,-0.0010297760958133258,-0.005770505845679707,0.12129718009865242,4.179014133898468,1.1797428521902302,17.31574947757184,49.661237998220415,2.179014133898468,baseline,74
149.6,-4.166636256501079,0.01436387374997139,0.046171208523446694,0.12067264903384185,-0.0010275599817903503,-0.005690615607912488,0.12081112204742561,4.166916821266647,1.1676378960741516,17.130469038658518,49.66748045023724,2.166916821266647,baseline,74
149.70000000000002,-4.154593042097986,0.014261329546570778,0.04560599190881476,0.12019175918713385,-0.001022883118549919,-0.005614225144965965,0.12032715732680864,4.1548678243077015,1.1555814055615052,16.94728118837794,49.67366151692496,2.1548678243077015,baseline,74
149.8,-4.142597822472453,0.0141593674197793,0.04504824778996408,0.11971279255372523,-0.0010159058841343637,-0.005541164195939959,0.1198452721905334,4.142866948270024,1.1435731792209303,16.766157023619755,49.67977690211372,2.142866948270024,baseline,74
149.9,-4.130650403909385,0.01405821368098259,0.04449765080062207,0.11923573742776518,-0.001006778969018491,-0.005471276831488659,0.11936544539355687,4.13091399494294,1.1316130125440986,16.587066789380415,49.685822011464694,2.13091399494294,baseline,74
150.0,-4.118750596418977,0.013958070427179337,0.043953890781267546,0.11876058385409613,-0.0009956523596893962,-0.005404424633625018,0.11888765876493526,4.1190087700497235,1.1197007052032601,16.409983934036266,49.691792181560565,2.1190087700497235,baseline,74
150.1,-4.106898651458323,0.013858006335794926,0.04341753544576932,0.11827841536398416,-0.0010051736967321746,-0.0053231375481098695,0.1184024058392897,4.107151526310416,1.1078365183202987,16.234883883647527,49.69767840011082,2.1071515263104157,baseline,75
150.20000000000002,-4.095094393007457,0.013757174834609032,0.04288953526702244,0.11780688967109537,-0.0010110276754692292,-0.005237328458689958,0.11792758388232333,4.095342093126771,1.0960203016784051,16.061743122691652,49.70349298496993,2.0953420931267708,baseline,75
150.3,-4.083337186835706,0.013655930757522583,0.04236992754158564,0.11733737526014226,-0.0010134058198433796,-0.005155283033139636,0.11745494271186256,4.083579835952772,1.0842514263702103,15.890538954834359,49.709258220060974,2.083579835952772,baseline,75
150.4,-4.071626835502684,0.013554592616856098,0.04185834103191155,0.11686974825524321,-0.001012934574407992,-0.005076902310702608,0.1169843537861725,4.071864552668784,1.072529683628593,15.721249456287264,49.71497784796324,2.071864552668784,baseline,75
150.5,-4.059963156469166,0.013453435152769089,0.041354417660841136,0.11640399743911928,-0.0010098057066274641,-0.005002019795784289,0.11651579519279369,4.060196056185532,1.0608548797312267,15.553853065161935,49.72065106420447,2.060196056185532,baseline,75
150.6,-4.04834595695138,0.013352713547647,0.04085781473622774,0.11594011211510408,-0.001004196646888933,-0.004930493257162922,0.1160492471838032,4.048574149394906,1.0492268112474108,15.38832761825004,49.72627494764166,2.0485741493949057,baseline,75
150.70000000000002,-4.036775055341423,0.013252669014036655,0.04036820365945459,0.11547807673332176,-0.0009962742019461327,-0.00486217906638021,0.1155846856360563,4.0369986465850385,1.0376452864446968,15.224647651476939,49.73184540472567,2.0369986465850385,baseline,75
150.8,-4.025250267237425,0.013153525069355965,0.039885270984086674,0.11501784929855717,-0.0009861927814143196,-0.004796926162687819,0.11512206015389927,4.025469359460855,1.0261101113104945,15.062786865049441,49.737357757366546,2.025469359460855,baseline,75
150.9,-4.013771410100162,0.013055491261184216,0.03940871711529326,0.11455944841955304,-0.0009741024306049222,-0.00473459564935608,0.11466138187594133,4.0139861017913585,1.0146210941889662,14.902721754179085,49.74280704250717,2.0139861017913585,baseline,75
151.0,-4.002338298596442,0.012958758510649204,0.0389382563153049,0.11410287375123718,-0.0009601463524430593,-0.004675062760698151,0.11420264397607152,4.002548684730627,1.0031780410576296,14.74443055741993,49.74818822973457,2.002548684730627,baseline,75
151.1,-3.9909511860460043,0.012862403877079487,0.03847438967204653,0.11363948442959115,-0.0009665237544706298,-0.004602674836928982,0.11373676276932515,3.991157362156514,0.991781212375046,14.587892432191946,49.75349504669468,1.991157362156514,baseline,75
151.20000000000002,-3.979609901085496,0.012765571475028992,0.03801794502942357,0.11318635687690237,-0.0009696962222572953,-0.004526621747337474,0.11328098692310389,3.979811966510108,0.9804304576379089,14.433087170042963,49.75874007679836,1.9798119665101082,baseline,75
151.3,-3.968313828110695,0.012668583542108536,0.03756893568788655,0.11273525282654233,-0.0009696541589118018,-0.0044539735859887245,0.11282736963944963,3.9685118818408798,0.9691251661411298,14.279995261392248,49.76394200002213,1.9685118818408798,baseline,75
151.4,-3.9570627762004733,0.012571733444929123,0.037127025017980486,0.11228593417840721,-0.0009669173457228799,-0.0043846507995498035,0.11237566954685986,3.957256913476795,0.9578651377187988,14.128597699480652,49.76910314927687,1.9572569134767952,baseline,75
151.5,-3.945856568403542,0.01247528288513422,0.0366918871877715,0.1118383764838797,-0.0009616686361008105,-0.004318509521658576,0.11192585396415046,3.9460468808266635,0.9466501863204743,13.978875709559583,49.77422182443195,1.9460468808266635,baseline,75
151.6,-3.9346950240433216,0.012379476800560951,0.03626321081537753,0.11139261734664868,-0.0009540761336230635,-0.004255414918563122,0.11147795305231782,3.9348815997607565,0.9354801226513804,13.830810344101561,49.77929439998639,1.9348815997607565,baseline,75
151.70000000000002,-3.9235779652372003,0.012284538708627224,0.035840698663378134,0.11094868906239015,-0.0009442970841080301,-0.004195228504354362,0.11103199198361585,3.923760889104591,0.9243547605998738,13.684379730952395,49.78431622748202,1.923760889104591,baseline,75
151.8,-3.912505208514631,0.012190680019557476,0.03542406595079228,0.11050657731211193,-0.0009324800891401673,-0.0041378281349508635,0.11058795038352418,3.912684562264372,0.9132739089091263,13.53956066484309,49.78928204518494,1.912684562264372,baseline,75
151.9,-3.901476578786969,0.012098098173737526,0.03501303939265199,0.11006617361104157,-0.0009187704642362232,-0.004083097024165426,0.11014571436896964,3.901652441175432,0.9022373850647021,13.396332277216755,49.79418625179954,1.901652441175432,baseline,75
152.0,-3.890491906553507,0.012006975710391998,0.03460735850967467,0.10962741087010974,-0.0009033037674114929,-0.004030914834291882,0.10970521157256564,3.890664353511758,0.8912450125336054,13.254675338966189,49.79902311332965,1.8906643535117582,baseline,75
152.1,-3.8795514395460486,0.01191640179604292,0.034207469259854406,0.1091820484327234,-0.0009077446077074767,-0.003967226259566695,0.10925787195636283,3.879720547110159,0.8802970444074291,13.11457136219,49.80378884969661,1.8797205471101588,baseline,76
152.20000000000002,-3.868655021302402,0.01182552706450224,0.033814098860602826,0.10874643931030652,-0.0009093304412192554,-0.0039005361364004986,0.10882016874951478,3.868820868200077,0.8693933415928514,12.976002513086783,49.8084965964943,1.868820868200077,baseline,76
152.3,-3.8578020529821515,0.011734645813703537,0.03342724411049858,0.1083130453819873,-0.0009079194262049754,-0.0038369171963648593,0.10838478699142552,3.857964717639924,0.8585333101642532,12.838951743595356,49.81316163583777,1.8579647176399239,baseline,76
152.4,-3.8469923278316855,0.011644033715128899,0.03304660099092871,0.10788156273392803,-0.0009039472227445886,-0.00377629130897863,0.10795141997466372,3.8471518857141658,0.8477167361589307,12.703402411054077,49.81778456436846,1.8471518857141658,baseline,76
152.5,-3.8362256744876504,0.011553938500583172,0.03267187817255035,0.1074516106093898,-0.000897584797692763,-0.0037185220473320035,0.10751968046472922,3.8363821982065898,0.8369434412136361,12.569338073174341,49.822362444617,1.8363821982065898,baseline,76
152.6,-3.8255020081996918,0.011464590206742287,0.03230279532726854,0.1070218790919271,-0.0008889895795640041,-0.0036634922822714874,0.10708825370946107,3.8256555676320936,0.8262133338044648,12.436742467529871,49.826890467714456,1.8256555676320936,baseline,76
152.70000000000002,-3.814821442589164,0.011376205831766129,0.03193908417597413,0.10658957050950406,-0.0008783011058649739,-0.0036110831943958286,0.10665433828996337,3.8149721050087897,0.8155265210035861,12.305599487468177,49.83136271797712,1.8149721050087897,baseline,76
152.8,-3.80418449267745,0.011288991197943687,0.03158048907062039,0.10614952644995851,-0.0008656302561642854,-0.0035611661638620846,0.10621277317600489,3.804332322883977,0.8048835113698719,12.175891876676625,49.83577254387403,1.804332322883977,baseline,76
152.9,-3.79359233006835,0.011203136295080185,0.031226767285261303,0.10569386531954335,-0.0008510501484532149,-0.003513614903304194,0.10575567569747578,3.7937373904912484,0.794285469841446,12.047600145975247,49.84011274589124,1.7937373904912484,baseline,76
153.0,-3.7830469850450754,0.011118833906948566,0.030877688026521355,0.10521318017368494,-0.0008345888840446227,-0.003468298523309339,0.10527363827432036,3.7831893358836735,0.7837344198601309,11.920704984479597,49.84437548672787,1.7831893358836735,baseline,76
153.1,-3.7725517572835088,0.011035195551812649,0.030533649667631835,0.10469146966867314,-0.0008377384953534874,-0.0034127674181881266,0.10475043011188045,3.7726914584532065,0.7732336626044742,11.795188668947329,49.848558323316155,1.7726914584532065,baseline,76
153.20000000000002,-3.762110399082303,0.010951395146548748,0.03019529744051397,0.10413580295915575,-0.000837759581750502,-0.00335456203973266,0.10419318780776095,3.762247512315794,0.7627869620231879,11.671034709160264,49.8526740071209,1.7622475123157941,baseline,76
153.3,-3.751726278103888,0.0108677688986063,0.02986263856291771,0.10354672182938428,-0.0008342517098782914,-0.0032988849396485276,0.10360261685581287,3.751860865143859,0.7523976892406681,11.54822777054101,49.856732840475274,1.751860865143859,baseline,76
153.4,-3.7414026763290167,0.010784657672047615,0.029535426176153123,0.1029254530396895,-0.0008274559367495159,-0.0032456314211987674,0.10297993828933315,3.7415347969359365,0.7420691198994463,11.426753028814295,49.860731732876815,1.7415347969359365,baseline,76
153.5,-3.731142744421959,0.010702385567128658,0.02921342442277819,0.10227328746230019,-0.0008174217215850378,-0.0031946529699509534,0.10232643507039432,3.7312724564786155,0.7318043986914856,11.30659593039461,49.864664216604226,1.7312724564786155,baseline,76
153.60000000000002,-3.720949485898018,0.010621275752782822,0.028896413394249976,0.10159201966791505,-0.0008042042081505457,-0.0031458213729283627,0.10164389502928751,3.721076845593274,0.7216065239604506,11.187742132471953,49.86852189731276,1.7210768455932741,baseline,76
153.70000000000002,-3.7108257291838527,0.010541641153395176,0.028584184125065804,0.10088324366089042,-0.0007878646199398281,-0.0030990111313565914,0.10093390635556622,3.7109507911252573,0.7114783194518709,11.07017747361094,49.87229508156922,1.7109507911252573,baseline,76
153.8,-3.700774156488478,0.010463793762028217,0.02827654010616243,0.10014833651568482,-0.0007684686307170606,-0.0030541017405765107,0.10019784123591205,3.700896973847459,0.7014224633574319,10.953887958079463,49.875973034651615,1.7008969738474589,baseline,76
153.9,-3.6907972944900393,0.010388034395873547,0.027973296935670078,0.09938901944294158,-0.0007460887927494016,-0.0030109858906434434,0.0994374168527609,3.6909179191110515,0.6914414788503935,10.838859746352473,49.8795442251234,1.6909179191110515,baseline,76
154.0,-3.6808975115418434,0.010314657352864742,0.02767428057268262,0.09860675725028907,-0.0007208019001379095,-0.0029695587317515267,0.09865409474450616,3.6810159940479013,0.6815377312998873,10.725079144798459,49.88299628598269,1.6810159940479013,baseline,76
154.10000000000002,-3.671077442355454,0.010242326185107231,0.027379655744880438,0.0977947316577001,-0.0007251323919629219,-0.002923099995761739,0.09784109499884323,3.671193830154634,0.6717138411799536,10.612532057065502,49.886329506942154,1.671193830154634,baseline,77
154.20000000000002,-3.6613395595923066,0.010169774293899536,0.027089837356470525,0.09696305166637488,-0.0007251907256362865,-0.002873436048598466,0.09700832915152192,3.661453898963194,0.6619722778779599,10.501202442386136,49.889559967397254,1.661453898963194,baseline,77
154.3,-3.651685764081776,0.010097453370690346,0.02680489863269031,0.09611297010850639,-0.0007205144617243336,-0.0028254967343618468,0.09615719211771986,3.6517981024082897,0.6523149517389054,10.391073561154252,49.89269296604496,1.6517981024082897,baseline,77
154.4,-3.6421178383752704,0.010025817900896072,0.02652466914150864,0.09524565033437835,-0.0007114451558003154,-0.0027792435939011707,0.09528884644481021,3.642228222353591,0.6427436452096421,10.282130220529904,49.895720424648935,1.642228222353591,baseline,77
154.5,-3.6326374374330044,0.009955300018191338,0.02624898450449109,0.09436250014309383,-0.000698167229250098,-0.002734603254136662,0.09440469758276289,3.632745913083627,0.6332600132866181,10.174358412841896,49.89863067114168,1.6327459130836268,baseline,77
154.60000000000002,-3.6232460848987103,0.009886311367154121,0.025977686047554016,0.09346468769851679,-0.0006808613921953817,-0.002691505159955363,0.09350591221330727,3.6233526975797794,0.6238655798057815,10.06774485020511,49.90140970261563,1.6233526975797794,baseline,77
154.70000000000002,-3.6139451917260885,0.009819244034588337,0.025710623944178224,0.09255328804394285,-0.0006597060058844903,-0.0026498816860538363,0.09259356463982438,3.614049986170242,0.6145617561975308,9.962276702888385,49.904041873768904,1.614049986170242,baseline,77
154.8,-3.604736054316163,0.009754476137459278,0.025447653490118682,0.09162956985582277,-0.0006348782600861206,-0.0026096716975290836,0.09166892346230056,3.6048390746550294,0.6053498395661394,9.857941453456583,49.90651010710624,1.6048390746550294,baseline,77
154.9,-3.595619854517281,0.009692367166280746,0.025188636034727097,0.09069456913239408,-0.0006065523880505239,-0.0025708133685177666,0.09073302517433114,3.595721144299909,0.596231012663517,9.754726815464233,49.908796269220076,1.595721144299909,baseline,77
155.0,-3.5865976689383388,0.009633254259824753,0.024933439446613193,0.08974928112453796,-0.0005749000550961764,-0.002533248417862127,0.08978686607734618,3.586697271142938,0.5872063531622979,9.652620687853448,49.91088152121936,1.586697271142938,baseline,77
155.10000000000002,-3.5776708368211985,0.009575293399393559,0.024681960931047797,0.08878744740257125,-0.0005835312139820624,-0.0024963832783826715,0.08882445189481686,3.577768788236599,0.5782771663768076,9.551610771257076,49.91277945256239,1.577768788236599,baseline,77
155.20000000000002,-3.5688405698165298,0.009516713209450245,0.024434352293610573,0.08781800034926883,-0.0005872609912465129,-0.0024558567637935694,0.0878542958156304,3.568936903080621,0.5694446410947367,9.451685004660131,49.91452122106907,1.5689369030806208,baseline,77
155.3,-3.560107573866844,0.009458031505346298,0.024190744385123253,0.08684198297370155,-0.0005855654941575624,-0.0024163565979937536,0.08687756714458161,3.560202323461116,0.5607094976695729,9.352831909228035,49.916107252501924,1.560202323461116,baseline,77
155.4,-3.5514724561944604,0.009399770759046078,0.02395103487651795,0.08586046951032666,-0.0005788493438417508,-0.0023778995094372968,0.08589534153359879,3.5515656568434566,0.5520723482507793,9.255040124475432,49.91752619842968,1.5515656568434566,baseline,77
155.5,-3.5429357141256332,0.009342418052256107,0.023715120158158243,0.08487447424361866,-0.0005673834102299641,-0.0023404648161680316,0.08490863370482776,3.5430274007021296,0.5435336947902037,9.158298354668858,49.91876451304899,1.5430274007021296,baseline,77
155.60000000000002,-3.5344977490603924,0.009286435320973396,0.023482898715883493,0.08388495680537328,-0.0005514301949723737,-0.0023040338759223425,0.0839184045701577,3.534587956541194,0.5350939433068713,9.062595379188995,49.91980768838607,1.534587956541194,baseline,77
155.70000000000002,-3.5261588636785746,0.009232261218130589,0.02325427101459354,0.08289282434196898,-0.0005312451397852368,-0.0022685875773519985,0.08292556323826318,3.526247627105419,0.5267534011234752,8.967919878956705,49.920641096177334,1.5262476271054188,baseline,77
155.8,-3.5179192814975977,0.00918030459433794,0.023029139265418053,0.081898934188864,-0.0005070761109089244,-0.002234106334897684,0.08193096959373643,3.5180066359204503,0.518512296281138,8.874258914397446,49.921250824591105,1.5180066359204503,baseline,77
155.9,-3.50977913569659,0.009130951948463917,0.022807408357039094,0.0809040952917226,-0.00047916319675009544,-0.0022005712090826775,0.08093543566317224,3.5098651161448573,0.5103707665521333,8.781598610720499,49.92162405988262,1.5098651161448573,baseline,77
156.0,-3.501738482154906,0.009084565564990044,0.022588985157199204,0.0799090709412502,-0.00044774011024544783,-0.002167962419765692,0.07993972823917778,3.5018231236009734,0.5023288724103419,8.689926281157994,49.92174960151204,1.5018231236009734,baseline,77
156.10000000000002,-3.493797628208995,0.009039086289703846,0.022373597254045308,0.07890810606012132,-0.00046102641099226503,-0.002139791175340132,0.07893845991417016,3.4938809581629764,0.4943868733692953,8.59922990196319,49.92167608589567,1.4938809581629764,baseline,78
156.20000000000002,-3.48595679923892,0.008992533199489117,0.022161217173561454,0.07790856719432031,-0.0004692029095594099,-0.002107811379896421,0.07793848768391315,3.4860388396229918,0.48654495776494683,8.509498186323365,49.921465023165936,1.4860388396229918,baseline,78
156.3,-3.478215823881328,0.008945446461439133,0.021952010923996568,0.07691101889748704,-0.00047173522788416177,-0.0020763159692392423,0.07694048641631371,3.4782965988101804,0.47880297201092975,8.42072070264598,49.92111934901171,1.4782965988101804,baseline,78
156.4,-3.4705744739621878,0.008898365311324596,0.021745927399024367,0.07591607271446625,-0.0004690505441639888,-0.0020453557058411,0.0759450695224155,3.4706540083364077,0.4711606963748644,8.33288726446889,49.920634339108936,1.4706540083364077,baseline,78
156.5,-3.463032458908856,0.008851799182593822,0.021542913047596812,0.07492430006391498,-0.0004614629444535564,-0.0020149470690251,0.07495280981929663,3.463110778318774,0.463617848507288,8.2459878259088,49.92000453168598,1.4631107783187738,baseline,78
156.60000000000002,-3.4555894378572702,0.008806221187114716,0.021342911291867495,0.0739362362451378,-0.000449274210737463,-0.001985105041766706,0.07396424487169534,3.455666568467614,0.4561740953639437,8.160012458670781,49.9192247784079,1.4556665684676142,baseline,78
156.70000000000002,-3.448245012201369,0.008762078359723091,0.021145864855498075,0.0729523824154539,-0.00043277508298716737,-0.0019558418324870136,0.07297987881352495,3.448320980678755,0.44882904605325424,8.074951342548307,49.918290418280634,1.448320980678755,baseline,78
156.8,-3.4409987377002835,0.008719786535948515,0.02095171483233571,0.071973207044352,-0.0004122452724377768,-0.0019271670179044293,0.07200018368815948,3.4410735711237836,0.4415822637797985,7.990794761268141,49.917197676337025,1.4410735711237836,baseline,78
156.9,-3.4338501254096627,0.008679736405611038,0.02076040324755013,0.07099914764473254,-0.0003879536761921645,-0.0018990879971712655,0.07102560108548467,3.4339238512149666,0.43443326701008045,7.907533100580065,49.91594361136466,1.4339238512149666,baseline,78
157.0,-3.4267986407503486,0.008642291650176048,0.02057186863385141,0.07003061216205438,-0.0003601589278704124,-0.0018716101581966208,0.07005654344049289,3.426871286645078,0.4273815282980773,7.82515684719206,49.914526212986054,1.4268712866450781,baseline,78
157.10000000000002,-3.4198440006002784,0.008605396840721369,0.020385755226016045,0.06906226043893667,-0.0003769449273760995,-0.0018506195211778047,0.06908807926861156,3.419915586723251,0.4204267078944532,7.743656235269264,49.913014208888896,1.419915586723251,baseline,78
157.20000000000002,-3.412985874339938,0.008567075710743666,0.020201926352456212,0.06810033004218141,-0.00038871560296614195,-0.0018259026240305429,0.06812591263290692,3.4130564148660856,0.41356842846003955,7.663021707410933,49.91147774602816,1.4130564148660856,baseline,78
157.3,-3.4062236063182354,0.008527852594852448,0.020020565716549754,0.06714508571796435,-0.000394960069497993,-0.0018012720382947292,0.06717040353076062,3.4062931176810216,0.4068060540991037,7.583244240687013,49.90991257835794,1.4062931176810216,baseline,78
157.4,-3.3995565129444003,0.008488261606544256,0.01984166051261127,0.06619684447700042,-0.0003960955246262798,-0.0017767982266062854,0.0662218704229568,3.399625012671205,0.40013891227083576,7.504314874219228,49.90831065584898,1.3996250126712049,baseline,78
157.5,-3.3929838808253407,0.008448796812444925,0.019665193278342485,0.06525589687434892,-0.00039244523864172807,-0.0017525208606002894,0.06528060523239528,3.3930513873996726,0.3935663001106652,7.426224688110133,49.9066642408142,1.3930513873996726,baseline,78
157.60000000000002,-3.3865049639716744,0.008409919682890177,0.019491142593324184,0.06432251034915687,-0.0003843187812616578,-0.0017284763593047158,0.06434687769478561,3.3865714967195744,0.38708748179631347,7.348964816979156,49.904966010940115,1.3865714967195744,baseline,78
157.70000000000002,-3.380118996836245,0.00837206607684493,0.01931948261335492,0.06339693055753073,-0.0003720127323599827,-0.0017046970288476032,0.06342093652375037,3.380184575828975,0.3807017016702658,7.2725258898861185,49.903209034152425,1.380184575828975,baseline,78
157.8,-3.3738251850008965,0.008335636928677559,0.019150185864418745,0.06247938227910693,-0.00035581130166807657,-0.0016812112572523379,0.0625030101911315,3.373889830952988,0.37440817486081013,7.196897188324563,49.90138711050829,1.373889830952988,baseline,78
157.9,-3.367622717283666,0.008301010821014643,0.01898322277702391,0.061570070702858665,-0.00033598654392826433,-0.0016580441370579993,0.06159330810788741,3.367686451481592,0.36820609961090955,7.12206788134142,49.89949445210319,1.367686451481592,baseline,78
158.0,-3.361510757356882,0.008268536068499088,0.018818558426573873,0.06066918227517636,-0.0003127991126869741,-0.0016352175323859014,0.06069202136691193,3.3615736015527027,0.36209464855851836,7.048028257344804,49.89752597621944,1.3615736015527027,baseline,78
158.10000000000002,-3.355488695204258,0.00823628669604659,0.018655803753063083,0.059772101380023285,-0.0003314547619201057,-0.0016198009850678123,0.05979496400930607,3.3555506640603396,0.3560731495777772,6.9747689244518,49.89554637392004,1.3555506640603396,baseline,79
158.20000000000002,-3.349555899389088,0.008202408906072378,0.018494767602533102,0.058883876548006406,-0.0003453930419703374,-0.0016008590679702556,0.05890664617366875,3.3496170018485363,0.35014091840036127,6.9022810212762336,49.89361713597038,1.3496170018485363,baseline,79
158.3,-3.343711477704346,0.008167397230863571,0.018335634376853704,0.05800459273246646,-0.00035413495258863686,-0.0015817330578330353,0.05802723558028754,3.3437717248636023,0.3442970835938545,6.83055639118766,49.89172583254127,1.3437717248636023,baseline,79
158.4,-3.33795453235507,0.008131751324981451,0.01817842060700059,0.05713438521268346,-0.00035806986123234377,-0.0015625026063828178,0.05715686837162948,3.338013936523503,0.33854076016738444,6.759587019530922,49.88985972263547,1.3380139365235029,baseline,79
158.5,-3.3322841469198465,0.008095938246697187,0.01802313164807856,0.05627337216471562,-0.0003575099034885516,-0.0015432206920208342,0.05629566376039956,3.3323427214654595,0.3328710437763376,6.6893649789930585,49.88800721019335,1.3323427214654595,baseline,79
158.60000000000002,-3.326699398458004,0.008060391992330551,0.017869770992547274,0.05542165704249098,-0.00035275303108720597,-0.0015239358439847835,0.0554437271879607,3.326757157704067,0.3272870232490402,6.619882421185978,49.8861576980866,1.3267571577040669,baseline,79
158.70000000000002,-3.3211993519216776,0.00802551582455635,0.017718337243422866,0.05457932946012482,-0.0003440841579969605,-0.0015046917392447724,0.05460115104514542,3.3212563110341082,0.32178777486695725,6.551131574691777,49.88430152041418,1.3212563110341082,baseline,79
158.8,-3.3157830657437444,0.007991689257323742,0.01756882411427796,0.05374646609161125,-0.0003317754849340138,-0.001485527848396518,0.053768015448754314,3.315839240637418,0.3163723680861874,6.483104745044733,49.88242972292321,1.315839240637418,baseline,79
158.9,-3.310449588112533,0.007959263864904642,0.017421222059056163,0.05292313130624517,-0.0003160870207689172,-0.0014664796488039929,0.052944388756724,3.3105049953585244,0.3110398617838935,6.415794315142939,49.88053413876423,1.3105049953585244,baseline,79
159.0,-3.30519796628505,0.007928564213216305,0.01727551664225757,0.05210937783533069,-0.0002972668866134423,-0.0014475788450311422,0.05213032812576295,3.3052526230139456,0.30578931346642985,6.349192745542408,49.878607371076875,1.3052526230139456,baseline,79
159.10000000000002,-3.300027433782816,0.00789785385131836,0.017131319735199213,0.051301309657786925,-0.00031628627736448277,-0.001436274276550923,0.05132238588969606,3.300081350804935,0.30061989161336017,6.283292239893609,49.87670660859661,1.300081350804935,baseline,79
159.20000000000002,-3.294937222264707,0.00786545779556036,0.01698841550387442,0.050502968434668886,-0.0003309974895569195,-0.0014217263338334196,0.050524060464491274,3.294990405198948,0.2955307712656793,6.21808519252651,49.87488481176445,1.294990405198948,baseline,79
159.3,-3.2899263575673103,0.007831829600036144,0.016846984159201384,0.049714335759065954,-0.0003409618304492317,-0.0014068268179416926,0.049735405865747664,3.2899788140117643,0.29052099965818695,6.153564486522457,49.873126790182596,1.2899788140117643,baseline,79
159.4,-3.2849938701838255,0.007797424215823412,0.016707055736333132,0.048935438158116996,-0.0003465318101401836,-0.0013916573836065948,0.04895644903682944,3.2850456089194693,0.28558962092158324,6.0897230336529,49.871418769826896,1.2850456089194693,baseline,79
159.5,-3.2801387878134847,0.007762667257338762,0.01656865607947111,0.04816629124616649,-0.000347996427388064,-0.0013762767623458837,0.048187206306763444,3.280189818697349,0.2807356760457006,6.026553770972922,49.869748309440496,1.280189818697349,baseline,79
159.60000000000002,-3.275360128842294,0.0077279554679989815,0.016431802418082952,0.04740690144257486,-0.0003456317142725593,-0.0013607390372562618,0.04742768575837778,3.2754104626804,0.27595819607771604,5.96404967666121,49.86810416164483,1.2754104626804001,baseline,79
159.70000000000002,-3.2706569246947765,0.007693658582866192,0.016296508023515344,0.046657266565351165,-0.0003397007849443957,-0.0013450931903430025,0.04667788765212319,3.270706573144409,0.271256224705322,5.902203781311224,49.866476038327974,1.270706573144409,baseline,79
159.8,-3.2660281946882606,0.0076601216569542885,0.016162781277671456,0.04591737649558672,-0.000330454975829386,-0.0013293838809470481,0.045937804978377364,3.2660771701631743,0.2666287931404338,5.841009175206611,49.86485448705148,1.2660771701631743,baseline,79
159.9,-3.2614729683846235,0.007627663668245077,0.016030627768486738,0.04518721355329495,-0.0003181336975858767,-0.0013136514932110147,0.04520742370458903,3.261521283969077,0.26207494247934876,5.780459012693986,49.86323085482825,1.2615212839690768,baseline,79
160.0,-3.2569902716204524,0.007596580311655998,0.015900046098977327,0.044466753061882365,-0.0003029653487077325,-0.0012979326855876697,0.04448672324553989,3.25703794097162,0.2575937095620445,5.720546514385138,49.8615972535563,1.2570379409716201,baseline,79
160.10000000000002,-3.2525792978703976,0.007565345149487257,0.015770666301250458,0.043752751162142646,-0.0003211741245911787,-0.00128956194629678,0.04377292950086867,3.252626329183527,0.25318422161643345,5.6612646544695915,49.86000385075962,1.252626329183527,baseline,80
160.20000000000002,-3.2482392406091094,0.007532481104135513,0.01564227230846882,0.04304842663843161,-0.0003355443675559243,-0.0012782454430756286,0.04306870717214263,3.2482856375613585,0.24884561385072423,5.602606318185875,49.85849647709295,1.2482856375613585,baseline,80
160.3,-3.243969135917723,0.007498393766582012,0.01551503175869584,0.04235370529664484,-0.0003456713374908471,-0.0012664871267025351,0.042374046663856725,3.2440149039278987,0.24457694372117855,5.544563716439837,49.857059927060355,1.2440149039278987,baseline,80
160.4,-3.2397680236026645,0.007463489193469286,0.015388985397294164,0.04166855163805588,-0.0003518673197053283,-0.0012543668125504894,0.041688912702593166,3.2398131691967693,0.24037726532437928,5.487128714323061,49.855680965698596,1.2398131691967693,baseline,80
160.5,-3.235634953714907,0.007428149692714214,0.015264166984707117,0.04099292327208796,-0.0003543929734791581,-0.001241944157547728,0.041013263440762775,3.235679484421049,0.2362456425287477,5.430293999617956,49.85434767935652,1.2356794844210488,baseline,80
160.60000000000002,-3.231568969786167,0.007392729166895151,0.015140602830797434,0.04032677215800422,-0.00035349705224598443,-0.0012292740585498733,0.04034705227845715,3.2316128940180078,0.2321811320207605,5.37405277182231,49.85304936676113,1.2316128940180078,baseline,80
160.70000000000002,-3.2275691339746118,0.007357556838542223,0.015018315752968192,0.03967004503730164,-0.0003494163994435247,-0.0012164065012359852,0.03969022814066442,3.227612460943276,0.22818280870530766,5.3183985428026626,49.85177623654514,1.2276124609432761,baseline,80
160.8,-3.2236344972625375,0.0073229423724114895,0.01489732344634831,0.03902268401447002,-0.00034237715122163547,-0.0012033873672519005,0.03904273595641722,3.2236772368945297,0.2242497360014559,5.263325025591974,49.85051921630481,1.2236772368945297,baseline,80
160.9,-3.2197641329839826,0.0072891684249043465,0.014777638018131256,0.03838462657468783,-0.0003325943814045533,-0.0011902582481240207,0.03840451654425558,3.2198062958215075,0.22038099897206,5.208826072563545,49.84927012452099,1.2198062958215075,baseline,80
161.0,-3.2159571144729853,0.007256501354277134,0.014659269945695996,0.03775580632478969,-0.0003202729309602725,-0.0011770571936056881,0.03777550727154241,3.2159987116192466,0.21657568261174537,5.154895640965188,49.848021270963805,1.2159987116192466,baseline,80
161.10000000000002,-3.2122126473113894,0.007223618682473898,0.01454187836498022,0.037133548050578,-0.00033688567769534395,-0.0011706904095325145,0.03715352471595922,3.21225368525596,0.21283292642859525,5.1015274634416485,49.846816466243865,1.21225368525596,baseline,80
