path,blob_sha1,bytes,retrieve
local_artifacts/patches/PURE_MPC_ROW.patch,5e43afbaccaf79e41ea67eaf2872adfe13961def,6255,git show archive/pre-cleanup-20261010:local_artifacts/patches/PURE_MPC_ROW.patch
local_artifacts/patches/README.md,ffcbe7c47afdf15aca7c4571c51394e0a58ccf7e,622,git show archive/pre-cleanup-20261010:local_artifacts/patches/README.md
local_artifacts/patches/T10_delivery.patch,0a6038a27b290427fd04a897b39860616bcc2282,116364,git show archive/pre-cleanup-20261010:local_artifacts/patches/T10_delivery.patch
local_artifacts/patches/T10_delivery_9.patch,aed0c89aa074724c9673170e23f736c12d90a6d6,186874,git show archive/pre-cleanup-20261010:local_artifacts/patches/T10_delivery_9.patch
local_artifacts/patches/T10_incremental_7_9.patch,98659291e9abeb95003cf029c3053ff7d6d6ded8,70509,git show archive/pre-cleanup-20261010:local_artifacts/patches/T10_incremental_7_9.patch
local_artifacts/patches/T11_delivery.patch,d02d8d480f18e022819867e557afe38e45455cb3,139822,git show archive/pre-cleanup-20261010:local_artifacts/patches/T11_delivery.patch
local_artifacts/patches/T12_incremental_10.patch,c67b551e5c8955e9c7cd0cc04800e2435bf1091e,14226,git show archive/pre-cleanup-20261010:local_artifacts/patches/T12_incremental_10.patch
local_artifacts/patches/T12_incremental_4_7.patch,990865e4e720652041851c3300dbb37909e657f0,208495,git show archive/pre-cleanup-20261010:local_artifacts/patches/T12_incremental_4_7.patch
local_artifacts/patches/T12_incremental_8_9.patch,0b1378cc7a15823270c48db77d5a19eb0c31e597,10513,git show archive/pre-cleanup-20261010:local_artifacts/patches/T12_incremental_8_9.patch
local_artifacts/patches/T6_delivery.patch,dbb86b916dd854fb85d1a1bcc9da4b9a3e3fae5a,102620,git show archive/pre-cleanup-20261010:local_artifacts/patches/T6_delivery.patch
local_artifacts/patches/T8B_delivery.patch,8a8e6e4547a0e90f94300c4b5cd18fb0c083dbb0,108431,git show archive/pre-cleanup-20261010:local_artifacts/patches/T8B_delivery.patch
local_artifacts/patches/T8_delivery.patch,eddfba923d1716c323300fa419f1b04709a23896,37296,git show archive/pre-cleanup-20261010:local_artifacts/patches/T8_delivery.patch
local_artifacts/reward_units_bug_20260919/README.md,93f6964a121bf169c74a350d83902debcc7cd30a,660,git show archive/pre-cleanup-20261010:local_artifacts/reward_units_bug_20260919/README.md
local_artifacts/reward_units_bug_20260919/adp_262410_manifest.json,f11cfd59b30d1671777f97464f5cd88406e63a06,12467,git show archive/pre-cleanup-20261010:local_artifacts/reward_units_bug_20260919/adp_262410_manifest.json
local_artifacts/reward_units_bug_20260919/adp_262410_train.monitor.csv,e9f05e6d2449763a244d92f5b04388650055a4e7,18443,git show archive/pre-cleanup-20261010:local_artifacts/reward_units_bug_20260919/adp_262410_train.monitor.csv
local_artifacts/reward_units_bug_20260919/adp_262411_manifest.json,fe0e02f85d821b2f4a6700f1188f486b4c91f846,12467,git show archive/pre-cleanup-20261010:local_artifacts/reward_units_bug_20260919/adp_262411_manifest.json
local_artifacts/reward_units_bug_20260919/adp_262411_train.monitor.csv,3019846d7e4384e0b9aa7cc18ba5a3f4f8387935,18601,git show archive/pre-cleanup-20261010:local_artifacts/reward_units_bug_20260919/adp_262411_train.monitor.csv
local_artifacts/reward_units_bug_20260919/adp_262412_manifest.json,deec0cf0de1d617ae05933bddeb79e8cd84322e8,12467,git show archive/pre-cleanup-20261010:local_artifacts/reward_units_bug_20260919/adp_262412_manifest.json
local_artifacts/reward_units_bug_20260919/adp_262412_train.monitor.csv,001f3f1242452eb98548051e395fd0d701013e2d,19047,git show archive/pre-cleanup-20261010:local_artifacts/reward_units_bug_20260919/adp_262412_train.monitor.csv
logs/INDEX.md,26e23f47e4da236fc4a122b736aad980f44b06bd,3026,git show archive/pre-cleanup-20261010:logs/INDEX.md
logs/README.md,af044e02081a8350f6c8cf41ee8f1295b2c00925,619,git show archive/pre-cleanup-20261010:logs/README.md
logs/adp_rf_262410/checkpoints/sac_mpc_10000_steps.zip,048109f51b7b235b0fb829386395b52b06ca49e0,9228371,git show archive/pre-cleanup-20261010:logs/adp_rf_262410/checkpoints/sac_mpc_10000_steps.zip
logs/adp_rf_262410/checkpoints/sac_mpc_5000_steps.zip,01f282fb15e2e8eb6b9ffc435af270a6440e1494,9226472,git show archive/pre-cleanup-20261010:logs/adp_rf_262410/checkpoints/sac_mpc_5000_steps.zip
logs/adp_rf_262410/final_model.zip,e2610b5daa8f2dcf894b6e1ee506173f21815833,9228368,git show archive/pre-cleanup-20261010:logs/adp_rf_262410/final_model.zip
logs/adp_rf_262410/manifest.json,89901192fd4a392f813e50ffc98ed6f0513503ac,12704,git show archive/pre-cleanup-20261010:logs/adp_rf_262410/manifest.json
logs/adp_rf_262410/train.monitor.csv,8bf237dc7ca18c10f6767b4caf5a8eb812d67eec,34502,git show archive/pre-cleanup-20261010:logs/adp_rf_262410/train.monitor.csv
logs/adp_rf_262411/checkpoints/sac_mpc_10000_steps.zip,6ef233f370eaa3a94f6f46a99bf7930caf5aece5,9228371,git show archive/pre-cleanup-20261010:logs/adp_rf_262411/checkpoints/sac_mpc_10000_steps.zip
logs/adp_rf_262411/checkpoints/sac_mpc_5000_steps.zip,743972196c283f8665b0f74b88a301ddce97f587,9225592,git show archive/pre-cleanup-20261010:logs/adp_rf_262411/checkpoints/sac_mpc_5000_steps.zip
logs/adp_rf_262411/final_model.zip,5b13fb37eea6d1ea67ab3e631d6c6db438562162,9228368,git show archive/pre-cleanup-20261010:logs/adp_rf_262411/final_model.zip
logs/adp_rf_262411/manifest.json,9611d29c2e077b7afce8e0f73c3daa6b06b1fdc0,12704,git show archive/pre-cleanup-20261010:logs/adp_rf_262411/manifest.json
logs/adp_rf_262411/train.monitor.csv,f3cf21d5d02ca0b1f4700f97d02c672ee3f5fa2c,36445,git show archive/pre-cleanup-20261010:logs/adp_rf_262411/train.monitor.csv
logs/adp_rf_262412/checkpoints/sac_mpc_10000_steps.zip,9d0c4fe2a621db221943b993a8d8303a681abdf6,9228371,git show archive/pre-cleanup-20261010:logs/adp_rf_262412/checkpoints/sac_mpc_10000_steps.zip
logs/adp_rf_262412/checkpoints/sac_mpc_5000_steps.zip,e41e0ca9cee84fa65fadf6c9416d97f34439dabd,9225740,git show archive/pre-cleanup-20261010:logs/adp_rf_262412/checkpoints/sac_mpc_5000_steps.zip
logs/adp_rf_262412/final_model.zip,070e260de8bdd742f419834dbb9dc4f06db9ac23,9228368,git show archive/pre-cleanup-20261010:logs/adp_rf_262412/final_model.zip
logs/adp_rf_262412/manifest.json,bf903e98598658f922f09790ab106f9f93c7472a,12704,git show archive/pre-cleanup-20261010:logs/adp_rf_262412/manifest.json
logs/adp_rf_262412/train.monitor.csv,b81002a7faba7dcabdf59c56f4f07004e8cb3c56,34843,git show archive/pre-cleanup-20261010:logs/adp_rf_262412/train.monitor.csv
logs/attitude_probe_20260912/summary.json,2b7f771092638f9fdbed2d4571d5fa3bc249b75a,18728,git show archive/pre-cleanup-20261010:logs/attitude_probe_20260912/summary.json
logs/compute_h35/profile_h35_sandbox_20260913.json,840c3bf872610df8f198633bebf2284aa523984d,841,git show archive/pre-cleanup-20261010:logs/compute_h35/profile_h35_sandbox_20260913.json
logs/fullmission_sac_200k_seed260830/evaluations/evaluation_000025000.json,bc12d35a1853047b1a63368ebdc0cb7cfc3da04e,43200,git show archive/pre-cleanup-20261010:logs/fullmission_sac_200k_seed260830/evaluations/evaluation_000025000.json
logs/fullmission_sac_200k_seed260830/evaluations/evaluation_000050000.json,6dc0435eeb001c4e0b09574fa6f2b732c68c9256,44615,git show archive/pre-cleanup-20261010:logs/fullmission_sac_200k_seed260830/evaluations/evaluation_000050000.json
logs/fullmission_sac_200k_seed260830/evaluations/evaluation_000100000.json,2f13674234f5224c9fe423dd3c097d1633f26ddb,44201,git show archive/pre-cleanup-20261010:logs/fullmission_sac_200k_seed260830/evaluations/evaluation_000100000.json
logs/fullmission_sac_200k_seed260830/evaluations/evaluation_000150000.json,39e1b240629c655bc4595482da6fa94feda8a1e0,48849,git show archive/pre-cleanup-20261010:logs/fullmission_sac_200k_seed260830/evaluations/evaluation_000150000.json
logs/fullmission_sac_200k_seed260830/evaluations/evaluation_000200000.json,60831ed889c60e9dce420ee452081b8cf2302a42,43715,git show archive/pre-cleanup-20261010:logs/fullmission_sac_200k_seed260830/evaluations/evaluation_000200000.json
logs/fullmission_sac_200k_seed260830/manifest.json,6a8e6f567a8ac4b2316a85a7898c7ef6914a4afb,15145,git show archive/pre-cleanup-20261010:logs/fullmission_sac_200k_seed260830/manifest.json
logs/fullmission_sac_200k_seed260830/phase2_diagnostics.json,4f3490ebc53816f3f157aa2e7a4ba93c94690c5d,235240,git show archive/pre-cleanup-20261010:logs/fullmission_sac_200k_seed260830/phase2_diagnostics.json
"""logs/fullmission_sac_200k_seed260830/tensorboard/SAC_1/events.out.tfevents.1787289274.\351\243\216\351\223\203.22420.0""",3e4c252f7ec4f6bcf7c5c4c4747cbd70a066ab05,23137,"git show archive/pre-cleanup-20261010:""logs/fullmission_sac_200k_seed260830/tensorboard/SAC_1/events.out.tfevents.1787289274.\351\243\216\351\223\203.22420.0"""
logs/fullmission_sac_200k_seed260830/train.monitor.csv,78d5cae22726f372166ecb40b7476b6bc1e672f6,19279,git show archive/pre-cleanup-20261010:logs/fullmission_sac_200k_seed260830/train.monitor.csv
logs/fullmission_sac_200k_seed260830/value_calibration_150k.json,a3a98493f97a054ac4c71c6bb099b2072167c98f,10450,git show archive/pre-cleanup-20261010:logs/fullmission_sac_200k_seed260830/value_calibration_150k.json
logs/fullmission_sac_200k_seed260830/value_calibration_200k.json,ab616b606b892ca5e7dc81a79b18ed4dc91dd9cb,10427,git show archive/pre-cleanup-20261010:logs/fullmission_sac_200k_seed260830/value_calibration_200k.json
logs/fullmission_sac_200k_seed260831/evaluations/evaluation_000025000.json,941e217e4eb5985068d0c184a4855546b933edd9,43190,git show archive/pre-cleanup-20261010:logs/fullmission_sac_200k_seed260831/evaluations/evaluation_000025000.json
logs/fullmission_sac_200k_seed260831/evaluations/evaluation_000050000.json,28cd2544722273640f19d956a8c221bd56fdf2e5,43090,git show archive/pre-cleanup-20261010:logs/fullmission_sac_200k_seed260831/evaluations/evaluation_000050000.json
logs/fullmission_sac_200k_seed260831/evaluations/evaluation_000100000.json,c96c36645acc82c0ed79c33cd5c4a62724e99aa5,44480,git show archive/pre-cleanup-20261010:logs/fullmission_sac_200k_seed260831/evaluations/evaluation_000100000.json
logs/fullmission_sac_200k_seed260831/evaluations/evaluation_000150000.json,44b91505adcab55b6e32df0b26aa03a24dab18c4,47963,git show archive/pre-cleanup-20261010:logs/fullmission_sac_200k_seed260831/evaluations/evaluation_000150000.json
logs/fullmission_sac_200k_seed260831/evaluations/evaluation_000200000.json,203962f232d397d63d9d6aff71961ac3fe33b292,43377,git show archive/pre-cleanup-20261010:logs/fullmission_sac_200k_seed260831/evaluations/evaluation_000200000.json
logs/fullmission_sac_200k_seed260831/manifest.json,ddf842572df4125993b9484df4917a041c6bb52d,15145,git show archive/pre-cleanup-20261010:logs/fullmission_sac_200k_seed260831/manifest.json
logs/fullmission_sac_200k_seed260831/phase2_diagnostics.json,e8a26eb59d01717eb7ab7977e2aeaaf50eadf89e,260415,git show archive/pre-cleanup-20261010:logs/fullmission_sac_200k_seed260831/phase2_diagnostics.json
"""logs/fullmission_sac_200k_seed260831/tensorboard/SAC_1/events.out.tfevents.1787289274.\351\243\216\351\223\203.10604.0""",2164355fb43c222191566e9e7ed430bcd16a7738,25881,"git show archive/pre-cleanup-20261010:""logs/fullmission_sac_200k_seed260831/tensorboard/SAC_1/events.out.tfevents.1787289274.\351\243\216\351\223\203.10604.0"""
logs/fullmission_sac_200k_seed260831/train.monitor.csv,93a0f4e6e13f53d9d329b0eb301409230ff90060,21554,git show archive/pre-cleanup-20261010:logs/fullmission_sac_200k_seed260831/train.monitor.csv
logs/fullmission_sac_200k_seed260831/value_calibration_150k.json,c11fe38bb15c2d6d7b5fe0fb33703f524abec1e9,10455,git show archive/pre-cleanup-20261010:logs/fullmission_sac_200k_seed260831/value_calibration_150k.json
logs/fullmission_sac_200k_seed260831/value_calibration_200k.json,9e5670b24422fc42da93aae0844c8630f5661cd7,10459,git show archive/pre-cleanup-20261010:logs/fullmission_sac_200k_seed260831/value_calibration_200k.json
logs/fullmission_sac_200k_seed260832/evaluations/evaluation_000025000.json,5aec3ed4a8e2771c62cd9bd898146eb4a44a4b75,43452,git show archive/pre-cleanup-20261010:logs/fullmission_sac_200k_seed260832/evaluations/evaluation_000025000.json
logs/fullmission_sac_200k_seed260832/evaluations/evaluation_000050000.json,bcd7bddd4ed1c85b7496ec1be8e97c554318ffc8,43252,git show archive/pre-cleanup-20261010:logs/fullmission_sac_200k_seed260832/evaluations/evaluation_000050000.json
logs/fullmission_sac_200k_seed260832/evaluations/evaluation_000100000.json,22dc71adff77e2a76724bbbfc79be686abcfbca3,43770,git show archive/pre-cleanup-20261010:logs/fullmission_sac_200k_seed260832/evaluations/evaluation_000100000.json
logs/fullmission_sac_200k_seed260832/evaluations/evaluation_000150000.json,d2c471559a4479ba8966bb2b118baa24f7308e40,43464,git show archive/pre-cleanup-20261010:logs/fullmission_sac_200k_seed260832/evaluations/evaluation_000150000.json
logs/fullmission_sac_200k_seed260832/evaluations/evaluation_000200000.json,5425cbbc03abf57e050024d187fa7dcfb747a7d3,43356,git show archive/pre-cleanup-20261010:logs/fullmission_sac_200k_seed260832/evaluations/evaluation_000200000.json
logs/fullmission_sac_200k_seed260832/manifest.json,04ce7328c60a84ef8e4fd53d5e630e5799af6b98,15145,git show archive/pre-cleanup-20261010:logs/fullmission_sac_200k_seed260832/manifest.json
logs/fullmission_sac_200k_seed260832/phase2_diagnostics.json,9e38358b848e6e10a0dabe1ba9b153d9b08c26b6,356803,git show archive/pre-cleanup-20261010:logs/fullmission_sac_200k_seed260832/phase2_diagnostics.json
"""logs/fullmission_sac_200k_seed260832/tensorboard/SAC_1/events.out.tfevents.1787289281.\351\243\216\351\223\203.5916.0""",c3eaf027813148218ddf1817dc6d8517883bd4d3,36052,"git show archive/pre-cleanup-20261010:""logs/fullmission_sac_200k_seed260832/tensorboard/SAC_1/events.out.tfevents.1787289281.\351\243\216\351\223\203.5916.0"""
logs/fullmission_sac_200k_seed260832/train.monitor.csv,66431fb56ad415873d299596ca0f82b05557f2bf,30169,git show archive/pre-cleanup-20261010:logs/fullmission_sac_200k_seed260832/train.monitor.csv
logs/gatefree_sac_150k_seed260840/evaluations/evaluation_000025000.json,8806104dbf5e596d94652670ec816c199f3a05ef,43271,git show archive/pre-cleanup-20261010:logs/gatefree_sac_150k_seed260840/evaluations/evaluation_000025000.json
logs/gatefree_sac_150k_seed260840/evaluations/evaluation_000050000.json,49d897a7a59b820df4da705875dbb4c7a67ddb8b,43080,git show archive/pre-cleanup-20261010:logs/gatefree_sac_150k_seed260840/evaluations/evaluation_000050000.json
logs/gatefree_sac_150k_seed260840/evaluations/evaluation_000075000.json,e36d2ad50edc20b51a2ada6e376fa7f3d335031e,43432,git show archive/pre-cleanup-20261010:logs/gatefree_sac_150k_seed260840/evaluations/evaluation_000075000.json
logs/gatefree_sac_150k_seed260840/evaluations/evaluation_000100000.json,fa18683c84ff9880839962c2a322782b5c0f1a0f,43320,git show archive/pre-cleanup-20261010:logs/gatefree_sac_150k_seed260840/evaluations/evaluation_000100000.json
logs/gatefree_sac_150k_seed260840/evaluations/evaluation_000125000.json,0b7b0a769e532d77de9955aa21fd7b0180afb636,43466,git show archive/pre-cleanup-20261010:logs/gatefree_sac_150k_seed260840/evaluations/evaluation_000125000.json
logs/gatefree_sac_150k_seed260840/evaluations/evaluation_000150000.json,95d1b9e0e7798e45478f23b93e1af8d6d6f36145,43078,git show archive/pre-cleanup-20261010:logs/gatefree_sac_150k_seed260840/evaluations/evaluation_000150000.json
logs/gatefree_sac_150k_seed260840/manifest.json,58aca82edfdde7fe71362d5a7ff174e1d0cdadb1,15154,git show archive/pre-cleanup-20261010:logs/gatefree_sac_150k_seed260840/manifest.json
logs/gatefree_sac_150k_seed260840/phase2_diagnostics.json,6c706154430a7f0b95b14a1548862d5871b5eec1,350041,git show archive/pre-cleanup-20261010:logs/gatefree_sac_150k_seed260840/phase2_diagnostics.json
"""logs/gatefree_sac_150k_seed260840/tensorboard/SAC_1/events.out.tfevents.1787376731.\351\243\216\351\223\203.12440.0""",51726f88d98e5ca0e10c465b695569e1eadd15b7,34703,"git show archive/pre-cleanup-20261010:""logs/gatefree_sac_150k_seed260840/tensorboard/SAC_1/events.out.tfevents.1787376731.\351\243\216\351\223\203.12440.0"""
logs/gatefree_sac_150k_seed260840/train.monitor.csv,6dbe53c26962b94967f59c7d7de425b55d013624,30235,git show archive/pre-cleanup-20261010:logs/gatefree_sac_150k_seed260840/train.monitor.csv
logs/gatefree_sac_150k_seed260840/value_calibration_150k.json,74da5142a3c2f3962105bb86532a5d3549133498,10410,git show archive/pre-cleanup-20261010:logs/gatefree_sac_150k_seed260840/value_calibration_150k.json
logs/gatefree_sac_150k_seed260841/evaluations/evaluation_000025000.json,a4fb24e84aeb7c6a6d1131d47539796b99487bd7,43232,git show archive/pre-cleanup-20261010:logs/gatefree_sac_150k_seed260841/evaluations/evaluation_000025000.json
logs/gatefree_sac_150k_seed260841/evaluations/evaluation_000050000.json,102b1af16fa676e84b4eb82520ea89e907eff2f2,43186,git show archive/pre-cleanup-20261010:logs/gatefree_sac_150k_seed260841/evaluations/evaluation_000050000.json
logs/gatefree_sac_150k_seed260841/evaluations/evaluation_000075000.json,a8a0e3282b89a535cd2ddbc50a982fc0e9c26f92,43219,git show archive/pre-cleanup-20261010:logs/gatefree_sac_150k_seed260841/evaluations/evaluation_000075000.json
logs/gatefree_sac_150k_seed260841/evaluations/evaluation_000100000.json,e5ebc470c89e672d75bb54ecf26cd2844b2ff360,43229,git show archive/pre-cleanup-20261010:logs/gatefree_sac_150k_seed260841/evaluations/evaluation_000100000.json
logs/gatefree_sac_150k_seed260841/evaluations/evaluation_000125000.json,59c619d9302d77f52dd07833e9bdcf49698f8ab0,43195,git show archive/pre-cleanup-20261010:logs/gatefree_sac_150k_seed260841/evaluations/evaluation_000125000.json
logs/gatefree_sac_150k_seed260841/evaluations/evaluation_000150000.json,6b0b037dc3a70a356878e47040491a1b9eba574a,43110,git show archive/pre-cleanup-20261010:logs/gatefree_sac_150k_seed260841/evaluations/evaluation_000150000.json
logs/gatefree_sac_150k_seed260841/manifest.json,4a868698b4cb282fc00e7269b6b992bca70b98d5,15154,git show archive/pre-cleanup-20261010:logs/gatefree_sac_150k_seed260841/manifest.json
logs/gatefree_sac_150k_seed260841/phase2_diagnostics.json,465812a027abceea1fa8d98e8aad7270f48ae66e,652899,git show archive/pre-cleanup-20261010:logs/gatefree_sac_150k_seed260841/phase2_diagnostics.json
"""logs/gatefree_sac_150k_seed260841/tensorboard/SAC_1/events.out.tfevents.1787376739.\351\243\216\351\223\203.24400.0""",443b7b24cdd04c942e1014f56f77839f436fa9be,66635,"git show archive/pre-cleanup-20261010:""logs/gatefree_sac_150k_seed260841/tensorboard/SAC_1/events.out.tfevents.1787376739.\351\243\216\351\223\203.24400.0"""
logs/gatefree_sac_150k_seed260841/train.monitor.csv,fa5e30e09c98826b679951e45232557fa2ac57f8,57743,git show archive/pre-cleanup-20261010:logs/gatefree_sac_150k_seed260841/train.monitor.csv
logs/gatefree_sac_150k_seed260841/value_calibration_150k.json,761890191755bcbff8e6bed53adc2e221ed15361,10466,git show archive/pre-cleanup-20261010:logs/gatefree_sac_150k_seed260841/value_calibration_150k.json
logs/gatefree_sac_150k_seed260842/evaluations/evaluation_000025000.json,9d6c91a5e8cb2fbc994b038bcb5d51e4d9502a48,43221,git show archive/pre-cleanup-20261010:logs/gatefree_sac_150k_seed260842/evaluations/evaluation_000025000.json
logs/gatefree_sac_150k_seed260842/evaluations/evaluation_000050000.json,11d92401f3ebabd14a7781993c7c0bedb03f3cf6,43146,git show archive/pre-cleanup-20261010:logs/gatefree_sac_150k_seed260842/evaluations/evaluation_000050000.json
logs/gatefree_sac_150k_seed260842/evaluations/evaluation_000075000.json,46c80c22e08e4f92657efc212866a9e7b0a6ff7c,43186,git show archive/pre-cleanup-20261010:logs/gatefree_sac_150k_seed260842/evaluations/evaluation_000075000.json
logs/gatefree_sac_150k_seed260842/evaluations/evaluation_000100000.json,202527cb55ccb4140797e62502a7647c202b8b26,43171,git show archive/pre-cleanup-20261010:logs/gatefree_sac_150k_seed260842/evaluations/evaluation_000100000.json
logs/gatefree_sac_150k_seed260842/evaluations/evaluation_000125000.json,d7bc3d520c5f6b6bf4428965978615d0cf1d86ed,43182,git show archive/pre-cleanup-20261010:logs/gatefree_sac_150k_seed260842/evaluations/evaluation_000125000.json
logs/gatefree_sac_150k_seed260842/evaluations/evaluation_000150000.json,4225aae4aa273d59cef686418ffbe5511245cf5e,43260,git show archive/pre-cleanup-20261010:logs/gatefree_sac_150k_seed260842/evaluations/evaluation_000150000.json
logs/gatefree_sac_150k_seed260842/manifest.json,902f5e7db20a48d8400c4d5e77cf3292947932c1,15154,git show archive/pre-cleanup-20261010:logs/gatefree_sac_150k_seed260842/manifest.json
logs/gatefree_sac_150k_seed260842/phase2_diagnostics.json,1a99f88fffd4891eaaac968c603d1a3e84ba9cf9,467203,git show archive/pre-cleanup-20261010:logs/gatefree_sac_150k_seed260842/phase2_diagnostics.json
"""logs/gatefree_sac_150k_seed260842/tensorboard/SAC_1/events.out.tfevents.1787376748.\351\243\216\351\223\203.5736.0""",b1b99eb72ae0ea8b641e958d538200f60a9f76ae,47070,"git show archive/pre-cleanup-20261010:""logs/gatefree_sac_150k_seed260842/tensorboard/SAC_1/events.out.tfevents.1787376748.\351\243\216\351\223\203.5736.0"""
logs/gatefree_sac_150k_seed260842/train.monitor.csv,ea89ced3a9539670f006f7bac6550cc254b13451,40875,git show archive/pre-cleanup-20261010:logs/gatefree_sac_150k_seed260842/train.monitor.csv
logs/gatefree_sac_150k_seed260842/value_calibration_150k.json,d7d0e3a72fd67e3940a2a93fcd83d7724bbe58d5,10415,git show archive/pre-cleanup-20261010:logs/gatefree_sac_150k_seed260842/value_calibration_150k.json
logs/gatefree_sac_400k_fix_seed260860/evaluations/evaluation_000200000.json,5a96cbedb26429b5aff8a5f504d4c01c4cd92be1,46805,git show archive/pre-cleanup-20261010:logs/gatefree_sac_400k_fix_seed260860/evaluations/evaluation_000200000.json
logs/gatefree_sac_400k_fix_seed260860/evaluations/evaluation_000250000.json,f4d22cc4084e5c548984d84a8c201c3ba1cd143e,46874,git show archive/pre-cleanup-20261010:logs/gatefree_sac_400k_fix_seed260860/evaluations/evaluation_000250000.json
logs/gatefree_sac_400k_fix_seed260860/evaluations/evaluation_000300000.json,2a62936a0bb5e7d6f2c8c825123ce79b242adbd5,46904,git show archive/pre-cleanup-20261010:logs/gatefree_sac_400k_fix_seed260860/evaluations/evaluation_000300000.json
logs/gatefree_sac_400k_fix_seed260860/evaluations/evaluation_000350000.json,4195122141e15cb4b46a21f97d281b1d4db4195d,46860,git show archive/pre-cleanup-20261010:logs/gatefree_sac_400k_fix_seed260860/evaluations/evaluation_000350000.json
logs/gatefree_sac_400k_fix_seed260860/evaluations/evaluation_000400000.json,f613720fb72af3b61c6a5ddb838332c0561b8f16,46784,git show archive/pre-cleanup-20261010:logs/gatefree_sac_400k_fix_seed260860/evaluations/evaluation_000400000.json
logs/gatefree_sac_400k_fix_seed260860/manifest.json,3ceca365603357f6bbfd1e407cee66234d44507f,15142,git show archive/pre-cleanup-20261010:logs/gatefree_sac_400k_fix_seed260860/manifest.json
logs/gatefree_sac_400k_fix_seed260860/phase2_diagnostics.json,a9c287dd9bedb2b8c09a2e210f742492af7dd509,540429,git show archive/pre-cleanup-20261010:logs/gatefree_sac_400k_fix_seed260860/phase2_diagnostics.json
"""logs/gatefree_sac_400k_fix_seed260860/tensorboard/SAC_1/events.out.tfevents.1787450736.\351\243\216\351\223\203.17020.0""",960dd9cab1654ecce917293e1aafacfa9f1d6a3b,52825,"git show archive/pre-cleanup-20261010:""logs/gatefree_sac_400k_fix_seed260860/tensorboard/SAC_1/events.out.tfevents.1787450736.\351\243\216\351\223\203.17020.0"""
logs/gatefree_sac_400k_fix_seed260860/train.monitor.csv,2368e0393933ff7e649f4b886934a872aa3e255f,44578,git show archive/pre-cleanup-20261010:logs/gatefree_sac_400k_fix_seed260860/train.monitor.csv
logs/gatefree_sac_400k_fix_seed260861/evaluations/evaluation_000200000.json,0797b678f770729ed9c3e8736352ccbd54239814,48743,git show archive/pre-cleanup-20261010:logs/gatefree_sac_400k_fix_seed260861/evaluations/evaluation_000200000.json
logs/gatefree_sac_400k_fix_seed260861/evaluations/evaluation_000250000.json,2ab3a76bcf712bc27ca6712c4d7333f01016b250,48818,git show archive/pre-cleanup-20261010:logs/gatefree_sac_400k_fix_seed260861/evaluations/evaluation_000250000.json
logs/gatefree_sac_400k_fix_seed260861/evaluations/evaluation_000300000.json,c9ff44459f715d990dc374f34c90205effed70f2,47788,git show archive/pre-cleanup-20261010:logs/gatefree_sac_400k_fix_seed260861/evaluations/evaluation_000300000.json
logs/gatefree_sac_400k_fix_seed260861/evaluations/evaluation_000350000.json,e8c2979ecf41a37958e9e2c7f3115e3e94d99942,47620,git show archive/pre-cleanup-20261010:logs/gatefree_sac_400k_fix_seed260861/evaluations/evaluation_000350000.json
logs/gatefree_sac_400k_fix_seed260861/evaluations/evaluation_000400000.json,cc8c6652e99fa8614f8db5d58b5ba1a891522ef2,46776,git show archive/pre-cleanup-20261010:logs/gatefree_sac_400k_fix_seed260861/evaluations/evaluation_000400000.json
logs/gatefree_sac_400k_fix_seed260861/manifest.json,1ecb3d235f03340eb7021c730766371fc55e31d0,15142,git show archive/pre-cleanup-20261010:logs/gatefree_sac_400k_fix_seed260861/manifest.json
logs/gatefree_sac_400k_fix_seed260861/phase2_diagnostics.json,421ee74d345b78b4208991e9e80c05761b7152a8,721902,git show archive/pre-cleanup-20261010:logs/gatefree_sac_400k_fix_seed260861/phase2_diagnostics.json
"""logs/gatefree_sac_400k_fix_seed260861/tensorboard/SAC_1/events.out.tfevents.1787450747.\351\243\216\351\223\203.11368.0""",ca9eae0fe636857ef547f13beb677bd8d8d38199,72068,"git show archive/pre-cleanup-20261010:""logs/gatefree_sac_400k_fix_seed260861/tensorboard/SAC_1/events.out.tfevents.1787450747.\351\243\216\351\223\203.11368.0"""
logs/gatefree_sac_400k_fix_seed260861/train.monitor.csv,633e26fe1f672762c80bce3d0f4ad8ac4e951bbe,61299,git show archive/pre-cleanup-20261010:logs/gatefree_sac_400k_fix_seed260861/train.monitor.csv
logs/gatefree_sac_400k_fix_seed260862/evaluations/evaluation_000200000.json,7375d596384b48b7be8692dbf5c364ea621e879d,49019,git show archive/pre-cleanup-20261010:logs/gatefree_sac_400k_fix_seed260862/evaluations/evaluation_000200000.json
logs/gatefree_sac_400k_fix_seed260862/evaluations/evaluation_000250000.json,82a725d18e22c36fa3de842c932e8b37cf1c2ddc,48688,git show archive/pre-cleanup-20261010:logs/gatefree_sac_400k_fix_seed260862/evaluations/evaluation_000250000.json
logs/gatefree_sac_400k_fix_seed260862/evaluations/evaluation_000300000.json,efa35b1148a472e2065dedeceadca250f33bedc4,49034,git show archive/pre-cleanup-20261010:logs/gatefree_sac_400k_fix_seed260862/evaluations/evaluation_000300000.json
logs/gatefree_sac_400k_fix_seed260862/evaluations/evaluation_000350000.json,90c39e82c5cbee92c835e23e934923310ebff220,47899,git show archive/pre-cleanup-20261010:logs/gatefree_sac_400k_fix_seed260862/evaluations/evaluation_000350000.json
logs/gatefree_sac_400k_fix_seed260862/evaluations/evaluation_000400000.json,a40682d6d12a20bbd79dc93dde589842e9166cde,49044,git show archive/pre-cleanup-20261010:logs/gatefree_sac_400k_fix_seed260862/evaluations/evaluation_000400000.json
logs/gatefree_sac_400k_fix_seed260862/manifest.json,ced9bac004c0641f55cb2d4065f909e147d528e1,15142,git show archive/pre-cleanup-20261010:logs/gatefree_sac_400k_fix_seed260862/manifest.json
logs/gatefree_sac_400k_fix_seed260862/phase2_diagnostics.json,dd3ca1de3d68b8a178562510dcd07a12e37c02f2,774819,git show archive/pre-cleanup-20261010:logs/gatefree_sac_400k_fix_seed260862/phase2_diagnostics.json
"""logs/gatefree_sac_400k_fix_seed260862/tensorboard/SAC_1/events.out.tfevents.1787450757.\351\243\216\351\223\203.2168.0""",1ee2f59283f2ddaa93bd1c043b8e4ee0cf24d2fe,77521,"git show archive/pre-cleanup-20261010:""logs/gatefree_sac_400k_fix_seed260862/tensorboard/SAC_1/events.out.tfevents.1787450757.\351\243\216\351\223\203.2168.0"""
logs/gatefree_sac_400k_fix_seed260862/train.monitor.csv,77020c6f29dbcc3c434e09c1e6752efd4e7a3bb2,66132,git show archive/pre-cleanup-20261010:logs/gatefree_sac_400k_fix_seed260862/train.monitor.csv
logs/gatefree_sac_400k_seed260850/evaluations/evaluation_000100000.json,0fa6e0b7afec97f29953913f2b3f87c8e75e4f70,43136,git show archive/pre-cleanup-20261010:logs/gatefree_sac_400k_seed260850/evaluations/evaluation_000100000.json
logs/gatefree_sac_400k_seed260850/evaluations/evaluation_000150000.json,198c857204c5dbec6d6c222f23868a13bfd92354,43084,git show archive/pre-cleanup-20261010:logs/gatefree_sac_400k_seed260850/evaluations/evaluation_000150000.json
logs/gatefree_sac_400k_seed260850/evaluations/evaluation_000200000.json,ab9ba545bba41c5f07686cc09045f65a9aff0e06,43237,git show archive/pre-cleanup-20261010:logs/gatefree_sac_400k_seed260850/evaluations/evaluation_000200000.json
logs/gatefree_sac_400k_seed260850/evaluations/evaluation_000250000.json,790db4dbf833fe4b5fb55ef9bd592bfb2c7183e3,41011,git show archive/pre-cleanup-20261010:logs/gatefree_sac_400k_seed260850/evaluations/evaluation_000250000.json
logs/gatefree_sac_400k_seed260850/evaluations/evaluation_000300000.json,a84c3f35392764fea36cef349823139e0cc1caad,41884,git show archive/pre-cleanup-20261010:logs/gatefree_sac_400k_seed260850/evaluations/evaluation_000300000.json
logs/gatefree_sac_400k_seed260850/evaluations/evaluation_000350000.json,b0a873d12e80d18185ee7a4b6d6844dba165e50f,43471,git show archive/pre-cleanup-20261010:logs/gatefree_sac_400k_seed260850/evaluations/evaluation_000350000.json
logs/gatefree_sac_400k_seed260850/evaluations/evaluation_000400000.json,f810d16e838e572b6a29f2f9ed1f79faba1c7181,43466,git show archive/pre-cleanup-20261010:logs/gatefree_sac_400k_seed260850/evaluations/evaluation_000400000.json
logs/gatefree_sac_400k_seed260850/manifest.json,8bc86ba72ba58017e41fb9205a9dbb2812cd57da,15186,git show archive/pre-cleanup-20261010:logs/gatefree_sac_400k_seed260850/manifest.json
logs/gatefree_sac_400k_seed260850/phase2_diagnostics.json,acfa2c279c99f7ebd0d8a0da0e4fc85779d09339,700452,git show archive/pre-cleanup-20261010:logs/gatefree_sac_400k_seed260850/phase2_diagnostics.json
"""logs/gatefree_sac_400k_seed260850/tensorboard/SAC_1/events.out.tfevents.1787403786.\351\243\216\351\223\203.13440.0""",143047f2e7cc93179fa52dc4cd0bf577521a759c,69972,"git show archive/pre-cleanup-20261010:""logs/gatefree_sac_400k_seed260850/tensorboard/SAC_1/events.out.tfevents.1787403786.\351\243\216\351\223\203.13440.0"""
logs/gatefree_sac_400k_seed260850/train.monitor.csv,e5f53d04b74d649f9162d94551f5778864fb4762,59271,git show archive/pre-cleanup-20261010:logs/gatefree_sac_400k_seed260850/train.monitor.csv
logs/gatefree_sac_400k_seed260850/value_calibration_250k.json,c880be42ea88c85980a811e3ea12775d0e4f3666,10414,git show archive/pre-cleanup-20261010:logs/gatefree_sac_400k_seed260850/value_calibration_250k.json
logs/gatefree_sac_400k_seed260851/evaluations/evaluation_000100000.json,2d6a18a314dc1198bab5f81cf64b93241cfe770e,43421,git show archive/pre-cleanup-20261010:logs/gatefree_sac_400k_seed260851/evaluations/evaluation_000100000.json
logs/gatefree_sac_400k_seed260851/evaluations/evaluation_000150000.json,3dc5bb34f01d89ec7e1e0b5134d10b052122c2d6,43203,git show archive/pre-cleanup-20261010:logs/gatefree_sac_400k_seed260851/evaluations/evaluation_000150000.json
logs/gatefree_sac_400k_seed260851/evaluations/evaluation_000200000.json,e7c113a0109a950f1bf451f6044b6c57fc83b4fc,42857,git show archive/pre-cleanup-20261010:logs/gatefree_sac_400k_seed260851/evaluations/evaluation_000200000.json
logs/gatefree_sac_400k_seed260851/evaluations/evaluation_000250000.json,38c14f310966f0c2c6ac7968b8ae4fdd3397af83,42219,git show archive/pre-cleanup-20261010:logs/gatefree_sac_400k_seed260851/evaluations/evaluation_000250000.json
logs/gatefree_sac_400k_seed260851/evaluations/evaluation_000300000.json,082e1af482ab8b50efdd648dd2dca26045cab6ed,43164,git show archive/pre-cleanup-20261010:logs/gatefree_sac_400k_seed260851/evaluations/evaluation_000300000.json
logs/gatefree_sac_400k_seed260851/evaluations/evaluation_000350000.json,f51e1e1126d6d36448ebaebf836cb84616d66c2a,43429,git show archive/pre-cleanup-20261010:logs/gatefree_sac_400k_seed260851/evaluations/evaluation_000350000.json
logs/gatefree_sac_400k_seed260851/evaluations/evaluation_000400000.json,4e8bcc13bd2ea0909714234a17d79fb3ffb61aa9,43355,git show archive/pre-cleanup-20261010:logs/gatefree_sac_400k_seed260851/evaluations/evaluation_000400000.json
logs/gatefree_sac_400k_seed260851/manifest.json,516746fcc9909a4a15339a24d9cbf7e988662ce0,15186,git show archive/pre-cleanup-20261010:logs/gatefree_sac_400k_seed260851/manifest.json
logs/gatefree_sac_400k_seed260851/phase2_diagnostics.json,e4d6539bc39f55fe4c0d95e014d2316d23b2d533,785270,git show archive/pre-cleanup-20261010:logs/gatefree_sac_400k_seed260851/phase2_diagnostics.json
"""logs/gatefree_sac_400k_seed260851/tensorboard/SAC_1/events.out.tfevents.1787403791.\351\243\216\351\223\203.15348.0""",fdd15eb7c2f4a0f7f924efb4249105d44764eb33,79044,"git show archive/pre-cleanup-20261010:""logs/gatefree_sac_400k_seed260851/tensorboard/SAC_1/events.out.tfevents.1787403791.\351\243\216\351\223\203.15348.0"""
logs/gatefree_sac_400k_seed260851/train.monitor.csv,198e082ca7081dd74586e55f003a7d5d78ca22d4,67091,git show archive/pre-cleanup-20261010:logs/gatefree_sac_400k_seed260851/train.monitor.csv
logs/gatefree_sac_400k_seed260851/value_calibration_250k.json,71a24a9495ee7883240711cf2312cde262d20f31,10455,git show archive/pre-cleanup-20261010:logs/gatefree_sac_400k_seed260851/value_calibration_250k.json
logs/gatefree_sac_400k_seed260852/evaluations/evaluation_000100000.json,f9d6ae212f6c98d90c8cedda4325e75eabc57ec4,43308,git show archive/pre-cleanup-20261010:logs/gatefree_sac_400k_seed260852/evaluations/evaluation_000100000.json
logs/gatefree_sac_400k_seed260852/evaluations/evaluation_000150000.json,d6cb609f08dee3b2f165ae6d41e13f29b7bcaa83,43229,git show archive/pre-cleanup-20261010:logs/gatefree_sac_400k_seed260852/evaluations/evaluation_000150000.json
logs/gatefree_sac_400k_seed260852/evaluations/evaluation_000200000.json,0a3696d3052372d1a426e2ebcca3c1defb544b43,43130,git show archive/pre-cleanup-20261010:logs/gatefree_sac_400k_seed260852/evaluations/evaluation_000200000.json
logs/gatefree_sac_400k_seed260852/evaluations/evaluation_000250000.json,9605cd2003b15de73308b2f5f674c146e3551af7,42253,git show archive/pre-cleanup-20261010:logs/gatefree_sac_400k_seed260852/evaluations/evaluation_000250000.json
logs/gatefree_sac_400k_seed260852/evaluations/evaluation_000300000.json,713d89e606e163f067a304e29efafc2f57a92066,42753,git show archive/pre-cleanup-20261010:logs/gatefree_sac_400k_seed260852/evaluations/evaluation_000300000.json
logs/gatefree_sac_400k_seed260852/evaluations/evaluation_000350000.json,46bf516315c1aaae2b13c638d7caf33fdd76a0b1,43265,git show archive/pre-cleanup-20261010:logs/gatefree_sac_400k_seed260852/evaluations/evaluation_000350000.json
logs/gatefree_sac_400k_seed260852/evaluations/evaluation_000400000.json,da351eaaa25b6c30fe8ab19abc0d33470e81851d,43249,git show archive/pre-cleanup-20261010:logs/gatefree_sac_400k_seed260852/evaluations/evaluation_000400000.json
logs/gatefree_sac_400k_seed260852/manifest.json,0d5cb336808f58c6bd7508dc2743a70324dfa726,15186,git show archive/pre-cleanup-20261010:logs/gatefree_sac_400k_seed260852/manifest.json
logs/gatefree_sac_400k_seed260852/phase2_diagnostics.json,18503c079324bf533f96c2000d285fb071b9fb7e,759921,git show archive/pre-cleanup-20261010:logs/gatefree_sac_400k_seed260852/phase2_diagnostics.json
"""logs/gatefree_sac_400k_seed260852/tensorboard/SAC_1/events.out.tfevents.1787403796.\351\243\216\351\223\203.2648.0""",874cff6f6245b4f5d2dd912d8c502b00a05a0051,76279,"git show archive/pre-cleanup-20261010:""logs/gatefree_sac_400k_seed260852/tensorboard/SAC_1/events.out.tfevents.1787403796.\351\243\216\351\223\203.2648.0"""
logs/gatefree_sac_400k_seed260852/train.monitor.csv,83d82a0d22f5fba2ccc528ee06fbb80ad6209d89,64615,git show archive/pre-cleanup-20261010:logs/gatefree_sac_400k_seed260852/train.monitor.csv
logs/gatefree_sac_400k_seed260852/value_calibration_250k.json,ddea554d56b53a68457d0f0d7352e545db1b049c,10444,git show archive/pre-cleanup-20261010:logs/gatefree_sac_400k_seed260852/value_calibration_250k.json
logs/gatefree_validation/scripted_20_seed262000.json,7378543492c8217cebfe9872b4ef35610bfec866,28719,git show archive/pre-cleanup-20261010:logs/gatefree_validation/scripted_20_seed262000.json
logs/hybrid/control_desired_pose_262000.json,421cbc6aadac782b76092aa8b6b2e9b77da46284,43278,git show archive/pre-cleanup-20261010:logs/hybrid/control_desired_pose_262000.json
logs/hybrid/control_random_262000.json,cbfcad61a047e84851426f19751e56c87e917e3b,56183,git show archive/pre-cleanup-20261010:logs/hybrid/control_random_262000.json
logs/hybrid/d0_20260908/model_262100_20ep.json,cc177e83d7dbc4eccf788c6585453b00c52cc65c,130161,git show archive/pre-cleanup-20261010:logs/hybrid/d0_20260908/model_262100_20ep.json
logs/hybrid/d0_20260908/model_262101_20ep.json,252fcbfc6369f4c8ef1efcf28383bdcf7e80c593,137628,git show archive/pre-cleanup-20261010:logs/hybrid/d0_20260908/model_262101_20ep.json
logs/hybrid/d0_20260908/model_262102_20ep.json,3526a614fcea494875d07852564ea04aa5a87dbd,145899,git show archive/pre-cleanup-20261010:logs/hybrid/d0_20260908/model_262102_20ep.json
logs/hybrid/d0_20260908/random_20ep.json,b9c699e87ba5f322c5a9b4409ff2f6c46d3dbe2f,105812,git show archive/pre-cleanup-20261010:logs/hybrid/d0_20260908/random_20ep.json
logs/hybrid/entry_channel_diagnosis_20260910/model_262100_20ep.json,37411f0f5e072dff3f6c70f875639557ba1163a5,234802,git show archive/pre-cleanup-20261010:logs/hybrid/entry_channel_diagnosis_20260910/model_262100_20ep.json
logs/hybrid/entry_channel_diagnosis_20260910/model_262101_20ep.json,7ebaf7abf9f18c5b405fbd8cc207a3dee15b9e15,218038,git show archive/pre-cleanup-20261010:logs/hybrid/entry_channel_diagnosis_20260910/model_262101_20ep.json
logs/hybrid/entry_channel_diagnosis_20260910/model_262102_20ep.json,151ca75115650e9a4067f84ac39489b109840891,218512,git show archive/pre-cleanup-20261010:logs/hybrid/entry_channel_diagnosis_20260910/model_262102_20ep.json
logs/hybrid/interrupted_codex_20260907_2353/launcher_262100.stderr.log,e69de29bb2d1d6434b8b29ae775ad8c2e48c5391,0,git show archive/pre-cleanup-20261010:logs/hybrid/interrupted_codex_20260907_2353/launcher_262100.stderr.log
logs/hybrid/interrupted_codex_20260907_2353/launcher_262100.stdout.log,c242c96cadb006c8fe5bcb841383782394d1e2f5,116,git show archive/pre-cleanup-20261010:logs/hybrid/interrupted_codex_20260907_2353/launcher_262100.stdout.log
logs/hybrid/interrupted_codex_20260907_2353/launcher_262101.stderr.log,e69de29bb2d1d6434b8b29ae775ad8c2e48c5391,0,git show archive/pre-cleanup-20261010:logs/hybrid/interrupted_codex_20260907_2353/launcher_262101.stderr.log
logs/hybrid/interrupted_codex_20260907_2353/launcher_262101.stdout.log,981e84c7d8f4c6a12106eb4f6ba78babf2ed32f3,116,git show archive/pre-cleanup-20261010:logs/hybrid/interrupted_codex_20260907_2353/launcher_262101.stdout.log
logs/hybrid/interrupted_codex_20260907_2353/launcher_262102.stderr.log,e69de29bb2d1d6434b8b29ae775ad8c2e48c5391,0,git show archive/pre-cleanup-20261010:logs/hybrid/interrupted_codex_20260907_2353/launcher_262102.stderr.log
logs/hybrid/interrupted_codex_20260907_2353/launcher_262102.stdout.log,0534c366164c05f36a2d2e131625684f6e61c7e1,116,git show archive/pre-cleanup-20261010:logs/hybrid/interrupted_codex_20260907_2353/launcher_262102.stdout.log
logs/hybrid/interrupted_codex_20260907_2353/sac_mpc_hybrid_262100/manifest.json,021536ebba20b8241aae5535ea73ca78e969106b,9894,git show archive/pre-cleanup-20261010:logs/hybrid/interrupted_codex_20260907_2353/sac_mpc_hybrid_262100/manifest.json
"""logs/hybrid/interrupted_codex_20260907_2353/sac_mpc_hybrid_262100/tensorboard/SAC_1/events.out.tfevents.1788792822.\351\243\216\351\223\203.380.0""",3a9885323482fef6b1353d86bcfa7a10685e60b1,88,"git show archive/pre-cleanup-20261010:""logs/hybrid/interrupted_codex_20260907_2353/sac_mpc_hybrid_262100/tensorboard/SAC_1/events.out.tfevents.1788792822.\351\243\216\351\223\203.380.0"""
logs/hybrid/interrupted_codex_20260907_2353/sac_mpc_hybrid_262100/train.monitor.csv,3a36dd1083322589e0be02036b0b4e0fa48166e3,335,git show archive/pre-cleanup-20261010:logs/hybrid/interrupted_codex_20260907_2353/sac_mpc_hybrid_262100/train.monitor.csv
logs/hybrid/interrupted_codex_20260907_2353/sac_mpc_hybrid_262101/manifest.json,721c68b6c331349d6568083ddd4392e154ebc787,9894,git show archive/pre-cleanup-20261010:logs/hybrid/interrupted_codex_20260907_2353/sac_mpc_hybrid_262101/manifest.json
"""logs/hybrid/interrupted_codex_20260907_2353/sac_mpc_hybrid_262101/tensorboard/SAC_1/events.out.tfevents.1788792822.\351\243\216\351\223\203.14024.0""",3a9885323482fef6b1353d86bcfa7a10685e60b1,88,"git show archive/pre-cleanup-20261010:""logs/hybrid/interrupted_codex_20260907_2353/sac_mpc_hybrid_262101/tensorboard/SAC_1/events.out.tfevents.1788792822.\351\243\216\351\223\203.14024.0"""
logs/hybrid/interrupted_codex_20260907_2353/sac_mpc_hybrid_262101/train.monitor.csv,6fdb1689eed13b136f8bed1dfa293e4ea9e1744d,273,git show archive/pre-cleanup-20261010:logs/hybrid/interrupted_codex_20260907_2353/sac_mpc_hybrid_262101/train.monitor.csv
logs/hybrid/interrupted_codex_20260907_2353/sac_mpc_hybrid_262102/manifest.json,a205748a9e09df694b8ccc8c69534a9e0ffa5fab,9894,git show archive/pre-cleanup-20261010:logs/hybrid/interrupted_codex_20260907_2353/sac_mpc_hybrid_262102/manifest.json
"""logs/hybrid/interrupted_codex_20260907_2353/sac_mpc_hybrid_262102/tensorboard/SAC_1/events.out.tfevents.1788792822.\351\243\216\351\223\203.22216.0""",3a9885323482fef6b1353d86bcfa7a10685e60b1,88,"git show archive/pre-cleanup-20261010:""logs/hybrid/interrupted_codex_20260907_2353/sac_mpc_hybrid_262102/tensorboard/SAC_1/events.out.tfevents.1788792822.\351\243\216\351\223\203.22216.0"""
logs/hybrid/interrupted_codex_20260907_2353/sac_mpc_hybrid_262102/train.monitor.csv,32c2e08c3680e4157cb2e962a2469dbc28feae66,274,git show archive/pre-cleanup-20261010:logs/hybrid/interrupted_codex_20260907_2353/sac_mpc_hybrid_262102/train.monitor.csv
logs/hybrid/sac_mpc_hybrid_262100/manifest.json,fb3e43bdb5b6f786d881a2d3189ed8cbbfe6aca5,9933,git show archive/pre-cleanup-20261010:logs/hybrid/sac_mpc_hybrid_262100/manifest.json
logs/hybrid/sac_mpc_hybrid_262100/train.monitor.csv,2c5b825d362c4b5b612fa1824da8c0dc7e53d7a8,23876,git show archive/pre-cleanup-20261010:logs/hybrid/sac_mpc_hybrid_262100/train.monitor.csv
logs/hybrid/sac_mpc_hybrid_262101/manifest.json,e452236e9dfff55e810eebb1e029bac05c46e2eb,9933,git show archive/pre-cleanup-20261010:logs/hybrid/sac_mpc_hybrid_262101/manifest.json
logs/hybrid/sac_mpc_hybrid_262101/train.monitor.csv,a96fbc5a7c5e4e7e8c822f78f321b506a15bf4a7,22316,git show archive/pre-cleanup-20261010:logs/hybrid/sac_mpc_hybrid_262101/train.monitor.csv
logs/hybrid/sac_mpc_hybrid_262102/manifest.json,8b06c33e8997ba2b5dea1b3524297d4b6b5459a6,9933,git show archive/pre-cleanup-20261010:logs/hybrid/sac_mpc_hybrid_262102/manifest.json
logs/hybrid/sac_mpc_hybrid_262102/train.monitor.csv,dfaeb8b389d68bc7eb6055c71a78fcc82c5936b5,23646,git show archive/pre-cleanup-20261010:logs/hybrid/sac_mpc_hybrid_262102/train.monitor.csv
logs/hybrid/sac_mpc_hybrid_v2_262100/interrupted_model.zip,68f40ea78ee359a9efdb26e84877866aa48e5a33,9099601,git show archive/pre-cleanup-20261010:logs/hybrid/sac_mpc_hybrid_v2_262100/interrupted_model.zip
logs/hybrid/sac_mpc_hybrid_v2_262100/manifest.json,442511213ff3635f0de2f3ce22f5f171b9b2498e,10178,git show archive/pre-cleanup-20261010:logs/hybrid/sac_mpc_hybrid_v2_262100/manifest.json
"""logs/hybrid/sac_mpc_hybrid_v2_262100/tensorboard/SAC_1/events.out.tfevents.1788835059.\351\243\216\351\223\203.27628.0""",95476fededf74d25a49bcfadeb740e79f67953b3,15741,"git show archive/pre-cleanup-20261010:""logs/hybrid/sac_mpc_hybrid_v2_262100/tensorboard/SAC_1/events.out.tfevents.1788835059.\351\243\216\351\223\203.27628.0"""
logs/hybrid/sac_mpc_hybrid_v2_262100/train.monitor.csv,39fd1ae6eb30c07f16441388c6eea50a8b6c567e,11346,git show archive/pre-cleanup-20261010:logs/hybrid/sac_mpc_hybrid_v2_262100/train.monitor.csv
logs/hybrid/sac_mpc_hybrid_v2_262101/interrupted_model.zip,54f62904f877035dccc9fbda1eb4ed7bd7960ba5,9099593,git show archive/pre-cleanup-20261010:logs/hybrid/sac_mpc_hybrid_v2_262101/interrupted_model.zip
logs/hybrid/sac_mpc_hybrid_v2_262101/manifest.json,688ba0f2991eb9ababf123d271f2c4c81f8fb003,10178,git show archive/pre-cleanup-20261010:logs/hybrid/sac_mpc_hybrid_v2_262101/manifest.json
"""logs/hybrid/sac_mpc_hybrid_v2_262101/tensorboard/SAC_1/events.out.tfevents.1788835064.\351\243\216\351\223\203.28544.0""",4e5129d22ca354054455f5af8fe17b7dc9c52acb,16837,"git show archive/pre-cleanup-20261010:""logs/hybrid/sac_mpc_hybrid_v2_262101/tensorboard/SAC_1/events.out.tfevents.1788835064.\351\243\216\351\223\203.28544.0"""
logs/hybrid/sac_mpc_hybrid_v2_262101/train.monitor.csv,b58cac2fb09a8996999933857fd262bd58c23378,12068,git show archive/pre-cleanup-20261010:logs/hybrid/sac_mpc_hybrid_v2_262101/train.monitor.csv
logs/hybrid/sac_mpc_hybrid_v2_262102/interrupted_model.zip,6a1f367fe73247e98b31eaa3f6c9b21f8198200d,9099601,git show archive/pre-cleanup-20261010:logs/hybrid/sac_mpc_hybrid_v2_262102/interrupted_model.zip
logs/hybrid/sac_mpc_hybrid_v2_262102/manifest.json,dabb4bb0ffc7aa4ac43855aadbd3931bff918c00,10178,git show archive/pre-cleanup-20261010:logs/hybrid/sac_mpc_hybrid_v2_262102/manifest.json
"""logs/hybrid/sac_mpc_hybrid_v2_262102/tensorboard/SAC_1/events.out.tfevents.1788835076.\351\243\216\351\223\203.1700.0""",055d2e72be2c3ec503540bfe55b64ecaaa794f96,17281,"git show archive/pre-cleanup-20261010:""logs/hybrid/sac_mpc_hybrid_v2_262102/tensorboard/SAC_1/events.out.tfevents.1788835076.\351\243\216\351\223\203.1700.0"""
logs/hybrid/sac_mpc_hybrid_v2_262102/train.monitor.csv,c4e0afe531b68379228744d5cabdf01cc89837ee,12424,git show archive/pre-cleanup-20261010:logs/hybrid/sac_mpc_hybrid_v2_262102/train.monitor.csv
logs/hybrid/sac_mpc_hybrid_v3_macro_262100/checkpoints/sac_mpc_10000_steps.zip,a8e7c1480dd7a6e3ae0909c134895ffd3f0d55c0,9097997,git show archive/pre-cleanup-20261010:logs/hybrid/sac_mpc_hybrid_v3_macro_262100/checkpoints/sac_mpc_10000_steps.zip
logs/hybrid/sac_mpc_hybrid_v3_macro_262100/checkpoints/sac_mpc_15000_steps.zip,51ea38f9dfa54d207fac715c1730720722872f7e,9098009,git show archive/pre-cleanup-20261010:logs/hybrid/sac_mpc_hybrid_v3_macro_262100/checkpoints/sac_mpc_15000_steps.zip
logs/hybrid/sac_mpc_hybrid_v3_macro_262100/checkpoints/sac_mpc_20000_steps.zip,325e5bbea4255e5d90e091a1c1b01bcd27d44c35,9098009,git show archive/pre-cleanup-20261010:logs/hybrid/sac_mpc_hybrid_v3_macro_262100/checkpoints/sac_mpc_20000_steps.zip
logs/hybrid/sac_mpc_hybrid_v3_macro_262100/checkpoints/sac_mpc_25000_steps.zip,2cfa0901ae5bbec89f5da8b7f40143c06b37b4d9,9097998,git show archive/pre-cleanup-20261010:logs/hybrid/sac_mpc_hybrid_v3_macro_262100/checkpoints/sac_mpc_25000_steps.zip
logs/hybrid/sac_mpc_hybrid_v3_macro_262100/checkpoints/sac_mpc_5000_steps.zip,4be782fc36502e16131a947da7ac9ce381d91084,9097418,git show archive/pre-cleanup-20261010:logs/hybrid/sac_mpc_hybrid_v3_macro_262100/checkpoints/sac_mpc_5000_steps.zip
logs/hybrid/sac_mpc_hybrid_v3_macro_262100/manifest.json,d5b8d30420189372eba389dd112e2a52d1825eb5,10338,git show archive/pre-cleanup-20261010:logs/hybrid/sac_mpc_hybrid_v3_macro_262100/manifest.json
"""logs/hybrid/sac_mpc_hybrid_v3_macro_262100/tensorboard/SAC_1/events.out.tfevents.1788885126.\351\243\216\351\223\203.25644.0""",5e72eeb4476c70988fff4f230cb4244e9d3d5faf,38757,"git show archive/pre-cleanup-20261010:""logs/hybrid/sac_mpc_hybrid_v3_macro_262100/tensorboard/SAC_1/events.out.tfevents.1788885126.\351\243\216\351\223\203.25644.0"""
logs/hybrid/sac_mpc_hybrid_v3_macro_262100/train.monitor.csv,cd810f65edc2d1e34895c2a1f356034f9780b3f8,25264,git show archive/pre-cleanup-20261010:logs/hybrid/sac_mpc_hybrid_v3_macro_262100/train.monitor.csv
logs/hybrid/sac_mpc_hybrid_v3_macro_262101/checkpoints/sac_mpc_10000_steps.zip,1d9db418ea2d4aed721ab26b861bd9dc09774bd4,9098001,git show archive/pre-cleanup-20261010:logs/hybrid/sac_mpc_hybrid_v3_macro_262101/checkpoints/sac_mpc_10000_steps.zip
logs/hybrid/sac_mpc_hybrid_v3_macro_262101/checkpoints/sac_mpc_15000_steps.zip,ab23141770cf2cf6769c1dc7e81ec11e8dc58e2b,9098013,git show archive/pre-cleanup-20261010:logs/hybrid/sac_mpc_hybrid_v3_macro_262101/checkpoints/sac_mpc_15000_steps.zip
logs/hybrid/sac_mpc_hybrid_v3_macro_262101/checkpoints/sac_mpc_20000_steps.zip,965c20743c585f16fec69e4461a1765462dd5481,9098013,git show archive/pre-cleanup-20261010:logs/hybrid/sac_mpc_hybrid_v3_macro_262101/checkpoints/sac_mpc_20000_steps.zip
logs/hybrid/sac_mpc_hybrid_v3_macro_262101/checkpoints/sac_mpc_25000_steps.zip,5ab5322b3a70ed7fc16bd2fd0ee0e7c9aacf005b,9098002,git show archive/pre-cleanup-20261010:logs/hybrid/sac_mpc_hybrid_v3_macro_262101/checkpoints/sac_mpc_25000_steps.zip
logs/hybrid/sac_mpc_hybrid_v3_macro_262101/checkpoints/sac_mpc_5000_steps.zip,55be1676be60d970236e77ad848e55bed32ae386,9098011,git show archive/pre-cleanup-20261010:logs/hybrid/sac_mpc_hybrid_v3_macro_262101/checkpoints/sac_mpc_5000_steps.zip
logs/hybrid/sac_mpc_hybrid_v3_macro_262101/manifest.json,1e7748faea6233a430629242701b5ebf113038e5,10338,git show archive/pre-cleanup-20261010:logs/hybrid/sac_mpc_hybrid_v3_macro_262101/manifest.json
"""logs/hybrid/sac_mpc_hybrid_v3_macro_262101/tensorboard/SAC_1/events.out.tfevents.1788885182.\351\243\216\351\223\203.28952.0""",099969f9cfdcfbccaf5ea1c6f1e6361e9183c7af,40210,"git show archive/pre-cleanup-20261010:""logs/hybrid/sac_mpc_hybrid_v3_macro_262101/tensorboard/SAC_1/events.out.tfevents.1788885182.\351\243\216\351\223\203.28952.0"""
logs/hybrid/sac_mpc_hybrid_v3_macro_262101/train.monitor.csv,c9d13b9d43d1f34bd9069ce51fd44600f5b83659,26334,git show archive/pre-cleanup-20261010:logs/hybrid/sac_mpc_hybrid_v3_macro_262101/train.monitor.csv
logs/hybrid/sac_mpc_hybrid_v3_macro_262102/checkpoints/sac_mpc_10000_steps.zip,f8794945d2dba335d25fa88ddb1b56b49c354439,9097997,git show archive/pre-cleanup-20261010:logs/hybrid/sac_mpc_hybrid_v3_macro_262102/checkpoints/sac_mpc_10000_steps.zip
logs/hybrid/sac_mpc_hybrid_v3_macro_262102/checkpoints/sac_mpc_15000_steps.zip,e5177515acf91f1d38fefa0d1901255867c79a3e,9098009,git show archive/pre-cleanup-20261010:logs/hybrid/sac_mpc_hybrid_v3_macro_262102/checkpoints/sac_mpc_15000_steps.zip
logs/hybrid/sac_mpc_hybrid_v3_macro_262102/checkpoints/sac_mpc_20000_steps.zip,2a5f5b3f96fd89abcfae17cf786b6af49e13d8ab,9098009,git show archive/pre-cleanup-20261010:logs/hybrid/sac_mpc_hybrid_v3_macro_262102/checkpoints/sac_mpc_20000_steps.zip
logs/hybrid/sac_mpc_hybrid_v3_macro_262102/checkpoints/sac_mpc_25000_steps.zip,0e963b131686205a63a0c700d85ddf497d185eb4,9097998,git show archive/pre-cleanup-20261010:logs/hybrid/sac_mpc_hybrid_v3_macro_262102/checkpoints/sac_mpc_25000_steps.zip
logs/hybrid/sac_mpc_hybrid_v3_macro_262102/checkpoints/sac_mpc_5000_steps.zip,75e1a25a25c200261ff736d28ceab33ca5341a7d,9098007,git show archive/pre-cleanup-20261010:logs/hybrid/sac_mpc_hybrid_v3_macro_262102/checkpoints/sac_mpc_5000_steps.zip
logs/hybrid/sac_mpc_hybrid_v3_macro_262102/manifest.json,966581c06f8b9f6db1512a340382c41b945308c0,10338,git show archive/pre-cleanup-20261010:logs/hybrid/sac_mpc_hybrid_v3_macro_262102/manifest.json
"""logs/hybrid/sac_mpc_hybrid_v3_macro_262102/tensorboard/SAC_1/events.out.tfevents.1788885193.\351\243\216\351\223\203.16500.0""",5cf57c6d4f471a8dec5c751e18e578c1b3761ed2,43356,"git show archive/pre-cleanup-20261010:""logs/hybrid/sac_mpc_hybrid_v3_macro_262102/tensorboard/SAC_1/events.out.tfevents.1788885193.\351\243\216\351\223\203.16500.0"""
logs/hybrid/sac_mpc_hybrid_v3_macro_262102/train.monitor.csv,9acd6412a3b7096168de7927c78f5caac8357f24,27993,git show archive/pre-cleanup-20261010:logs/hybrid/sac_mpc_hybrid_v3_macro_262102/train.monitor.csv
logs/hybrid/sac_mpc_hybrid_v4_phase_time_262100.stderr.log,40f2463d3d470162d255d446b6277b6295148967,227,git show archive/pre-cleanup-20261010:logs/hybrid/sac_mpc_hybrid_v4_phase_time_262100.stderr.log
logs/hybrid/sac_mpc_hybrid_v4_phase_time_262100.stdout.log,bdb1559a0f8b4242dca0e1d08e0c096fe90ccde4,57725,git show archive/pre-cleanup-20261010:logs/hybrid/sac_mpc_hybrid_v4_phase_time_262100.stdout.log
logs/hybrid/sac_mpc_hybrid_v4_phase_time_262100/checkpoints/sac_mpc_10000_steps.zip,1a7e84224c8e07183a88482001706c6b5c27995c,9177821,git show archive/pre-cleanup-20261010:logs/hybrid/sac_mpc_hybrid_v4_phase_time_262100/checkpoints/sac_mpc_10000_steps.zip
logs/hybrid/sac_mpc_hybrid_v4_phase_time_262100/checkpoints/sac_mpc_15000_steps.zip,140327cdb3d44b5175e3a967a6a0e3a2ac7054dd,9177833,git show archive/pre-cleanup-20261010:logs/hybrid/sac_mpc_hybrid_v4_phase_time_262100/checkpoints/sac_mpc_15000_steps.zip
logs/hybrid/sac_mpc_hybrid_v4_phase_time_262100/checkpoints/sac_mpc_20000_steps.zip,8d44e526417956f6bbbe2c49b75fb0c97866a260,9177833,git show archive/pre-cleanup-20261010:logs/hybrid/sac_mpc_hybrid_v4_phase_time_262100/checkpoints/sac_mpc_20000_steps.zip
logs/hybrid/sac_mpc_hybrid_v4_phase_time_262100/checkpoints/sac_mpc_25000_steps.zip,e7ca91e8d3960e062d6231ffe713264134715109,9177822,git show archive/pre-cleanup-20261010:logs/hybrid/sac_mpc_hybrid_v4_phase_time_262100/checkpoints/sac_mpc_25000_steps.zip
logs/hybrid/sac_mpc_hybrid_v4_phase_time_262100/checkpoints/sac_mpc_5000_steps.zip,608938dad9fcf0157dcb0a0041685649671c4977,9177831,git show archive/pre-cleanup-20261010:logs/hybrid/sac_mpc_hybrid_v4_phase_time_262100/checkpoints/sac_mpc_5000_steps.zip
logs/hybrid/sac_mpc_hybrid_v4_phase_time_262100/manifest.json,f8328f50efe4a8c0fba5c58f4014d3684a173bfa,11521,git show archive/pre-cleanup-20261010:logs/hybrid/sac_mpc_hybrid_v4_phase_time_262100/manifest.json
"""logs/hybrid/sac_mpc_hybrid_v4_phase_time_262100/tensorboard/SAC_1/events.out.tfevents.1788975436.\351\243\216\351\223\203.23208.0""",0373edf32bdc9c56e610f0fdc251a88f23422077,40248,"git show archive/pre-cleanup-20261010:""logs/hybrid/sac_mpc_hybrid_v4_phase_time_262100/tensorboard/SAC_1/events.out.tfevents.1788975436.\351\243\216\351\223\203.23208.0"""
logs/hybrid/sac_mpc_hybrid_v4_phase_time_262100/train.monitor.csv,c520eff93191bb0f85e71973708e59172baeb476,26235,git show archive/pre-cleanup-20261010:logs/hybrid/sac_mpc_hybrid_v4_phase_time_262100/train.monitor.csv
logs/hybrid/sac_mpc_hybrid_v4_phase_time_262101.stderr.log,e69de29bb2d1d6434b8b29ae775ad8c2e48c5391,0,git show archive/pre-cleanup-20261010:logs/hybrid/sac_mpc_hybrid_v4_phase_time_262101.stderr.log
logs/hybrid/sac_mpc_hybrid_v4_phase_time_262101.stdout.log,0b9796f6c3895c89398e5806f36e93ac46493bec,56229,git show archive/pre-cleanup-20261010:logs/hybrid/sac_mpc_hybrid_v4_phase_time_262101.stdout.log
logs/hybrid/sac_mpc_hybrid_v4_phase_time_262101/checkpoints/sac_mpc_10000_steps.zip,eb2833dcd4e827ecd9f079a3a4cca864a7cfca01,9177825,git show archive/pre-cleanup-20261010:logs/hybrid/sac_mpc_hybrid_v4_phase_time_262101/checkpoints/sac_mpc_10000_steps.zip
logs/hybrid/sac_mpc_hybrid_v4_phase_time_262101/checkpoints/sac_mpc_15000_steps.zip,65316545d66c738bb3d46b8b13057d4ae335252f,9177837,git show archive/pre-cleanup-20261010:logs/hybrid/sac_mpc_hybrid_v4_phase_time_262101/checkpoints/sac_mpc_15000_steps.zip
logs/hybrid/sac_mpc_hybrid_v4_phase_time_262101/checkpoints/sac_mpc_20000_steps.zip,fada55a0f598712d286598888ffabf7058c453bf,9177837,git show archive/pre-cleanup-20261010:logs/hybrid/sac_mpc_hybrid_v4_phase_time_262101/checkpoints/sac_mpc_20000_steps.zip
logs/hybrid/sac_mpc_hybrid_v4_phase_time_262101/checkpoints/sac_mpc_25000_steps.zip,e7cdf2d1b70c7d2b6996e6a8660ed288daed64f7,9177826,git show archive/pre-cleanup-20261010:logs/hybrid/sac_mpc_hybrid_v4_phase_time_262101/checkpoints/sac_mpc_25000_steps.zip
logs/hybrid/sac_mpc_hybrid_v4_phase_time_262101/checkpoints/sac_mpc_5000_steps.zip,51e328854126358854008bfa395b332988c9e1c1,9177835,git show archive/pre-cleanup-20261010:logs/hybrid/sac_mpc_hybrid_v4_phase_time_262101/checkpoints/sac_mpc_5000_steps.zip
logs/hybrid/sac_mpc_hybrid_v4_phase_time_262101/manifest.json,8b0e9e4d52c21ec3c7a27aedca947a0df49ba84b,11521,git show archive/pre-cleanup-20261010:logs/hybrid/sac_mpc_hybrid_v4_phase_time_262101/manifest.json
"""logs/hybrid/sac_mpc_hybrid_v4_phase_time_262101/tensorboard/SAC_1/events.out.tfevents.1788975436.\351\243\216\351\223\203.8268.0""",a2768775adb22821ccce8971a9c9644a7d0fd985,38999,"git show archive/pre-cleanup-20261010:""logs/hybrid/sac_mpc_hybrid_v4_phase_time_262101/tensorboard/SAC_1/events.out.tfevents.1788975436.\351\243\216\351\223\203.8268.0"""
logs/hybrid/sac_mpc_hybrid_v4_phase_time_262101/train.monitor.csv,f18249903299da0588d914b57c52dacbd0110c3f,25263,git show archive/pre-cleanup-20261010:logs/hybrid/sac_mpc_hybrid_v4_phase_time_262101/train.monitor.csv
logs/hybrid/sac_mpc_hybrid_v4_phase_time_262102.stderr.log,e69de29bb2d1d6434b8b29ae775ad8c2e48c5391,0,git show archive/pre-cleanup-20261010:logs/hybrid/sac_mpc_hybrid_v4_phase_time_262102.stderr.log
logs/hybrid/sac_mpc_hybrid_v4_phase_time_262102.stdout.log,33bf80e9ab63c8c5d8aef2121025de9760d208de,56637,git show archive/pre-cleanup-20261010:logs/hybrid/sac_mpc_hybrid_v4_phase_time_262102.stdout.log
logs/hybrid/sac_mpc_hybrid_v4_phase_time_262102/checkpoints/sac_mpc_10000_steps.zip,f8d8773a3b692127b74f8c5207b88b706c920fe9,9177821,git show archive/pre-cleanup-20261010:logs/hybrid/sac_mpc_hybrid_v4_phase_time_262102/checkpoints/sac_mpc_10000_steps.zip
logs/hybrid/sac_mpc_hybrid_v4_phase_time_262102/checkpoints/sac_mpc_15000_steps.zip,aa958c0bd51c96413c7ef15ea37106ae8ea5b6fc,9177833,git show archive/pre-cleanup-20261010:logs/hybrid/sac_mpc_hybrid_v4_phase_time_262102/checkpoints/sac_mpc_15000_steps.zip
logs/hybrid/sac_mpc_hybrid_v4_phase_time_262102/checkpoints/sac_mpc_20000_steps.zip,2fbcca5bca23d40cb30e5a2d4b1573e504d319f6,9177833,git show archive/pre-cleanup-20261010:logs/hybrid/sac_mpc_hybrid_v4_phase_time_262102/checkpoints/sac_mpc_20000_steps.zip
logs/hybrid/sac_mpc_hybrid_v4_phase_time_262102/checkpoints/sac_mpc_25000_steps.zip,bd73fe264b51d6368b5fa6a49f15ee0e41a83946,9177822,git show archive/pre-cleanup-20261010:logs/hybrid/sac_mpc_hybrid_v4_phase_time_262102/checkpoints/sac_mpc_25000_steps.zip
logs/hybrid/sac_mpc_hybrid_v4_phase_time_262102/checkpoints/sac_mpc_5000_steps.zip,7035d3609610d029af050734e2adadc7a5a3506e,9177831,git show archive/pre-cleanup-20261010:logs/hybrid/sac_mpc_hybrid_v4_phase_time_262102/checkpoints/sac_mpc_5000_steps.zip
logs/hybrid/sac_mpc_hybrid_v4_phase_time_262102/manifest.json,c8c39515410fc7a475e33e29c61b0039ec6627e9,11521,git show archive/pre-cleanup-20261010:logs/hybrid/sac_mpc_hybrid_v4_phase_time_262102/manifest.json
"""logs/hybrid/sac_mpc_hybrid_v4_phase_time_262102/tensorboard/SAC_1/events.out.tfevents.1788975436.\351\243\216\351\223\203.9728.0""",4911522afcb80243b3fc0af6d5b6c6d96a8751c0,39443,"git show archive/pre-cleanup-20261010:""logs/hybrid/sac_mpc_hybrid_v4_phase_time_262102/tensorboard/SAC_1/events.out.tfevents.1788975436.\351\243\216\351\223\203.9728.0"""
logs/hybrid/sac_mpc_hybrid_v4_phase_time_262102/train.monitor.csv,0fe90f06c58079f6ad767b1e3365b8e509a99f14,25645,git show archive/pre-cleanup-20261010:logs/hybrid/sac_mpc_hybrid_v4_phase_time_262102/train.monitor.csv
logs/hybrid/v4_performance_20260910/profile_fast_single.json,b1d0f6b39203f10f939905aa47099b3ee4724b52,2331,git show archive/pre-cleanup-20261010:logs/hybrid/v4_performance_20260910/profile_fast_single.json
logs/hybrid/v4_performance_20260910/profile_fast_three_process.json,fbda4c4d2760cf33f6ae1b564bf9042f78ec9417,566,git show archive/pre-cleanup-20261010:logs/hybrid/v4_performance_20260910/profile_fast_three_process.json
logs/hybrid/v4_performance_20260910/profile_legacy_single.json,0af593688f8b87f04d0a8fa530982541b329da1f,2316,git show archive/pre-cleanup-20261010:logs/hybrid/v4_performance_20260910/profile_legacy_single.json
logs/invalidated/observation_velocity_rotation_bug/README.md,9d92e82d3152082a65163c1e27578ca8e7aca027,811,git show archive/pre-cleanup-20261010:logs/invalidated/observation_velocity_rotation_bug/README.md
logs/invalidated/observation_velocity_rotation_bug/obs_big_f0.4_s970000.json,58f40757cf9fac2635db1acef9ff0e362614440d,131556,git show archive/pre-cleanup-20261010:logs/invalidated/observation_velocity_rotation_bug/obs_big_f0.4_s970000.json
logs/invalidated/observation_velocity_rotation_bug/obs_big_f0.4_s972000.json,e4e5bafd2415f489fdebae8660021b8ba91d5ea2,132883,git show archive/pre-cleanup-20261010:logs/invalidated/observation_velocity_rotation_bug/obs_big_f0.4_s972000.json
logs/invalidated/observation_velocity_rotation_bug/obs_big_f0.4_s974000.json,6fbf12ea518e1fa1ff738c73fcf2d99e4d71dc95,124361,git show archive/pre-cleanup-20261010:logs/invalidated/observation_velocity_rotation_bug/obs_big_f0.4_s974000.json
logs/invalidated/observation_velocity_rotation_bug/obs_big_f0.5_s970000.json,068d0d86742366fcae945e571991ae379564508a,131547,git show archive/pre-cleanup-20261010:logs/invalidated/observation_velocity_rotation_bug/obs_big_f0.5_s970000.json
logs/invalidated/observation_velocity_rotation_bug/obs_big_f0.5_s972000.json,2928c532044f684a04807ca97d98ac0c1e601330,132860,git show archive/pre-cleanup-20261010:logs/invalidated/observation_velocity_rotation_bug/obs_big_f0.5_s972000.json
logs/invalidated/observation_velocity_rotation_bug/obs_big_f0.5_s974000.json,e26a4a38b64c854a72eb1e06651271fcc7411f52,124400,git show archive/pre-cleanup-20261010:logs/invalidated/observation_velocity_rotation_bug/obs_big_f0.5_s974000.json
logs/invalidated/observation_velocity_rotation_bug/obs_big_f0.6_s970000.json,5ceb419fc08fb8403a341b9c3db7efdcc9b34469,131564,git show archive/pre-cleanup-20261010:logs/invalidated/observation_velocity_rotation_bug/obs_big_f0.6_s970000.json
logs/invalidated/observation_velocity_rotation_bug/obs_big_f0.6_s972000.json,1425a8e3f8e46626a529969eb456681cc02c60b7,132885,git show archive/pre-cleanup-20261010:logs/invalidated/observation_velocity_rotation_bug/obs_big_f0.6_s972000.json
logs/invalidated/observation_velocity_rotation_bug/obs_big_f0.6_s974000.json,20f5fa20bd27bba9ae87f7842c49832e1dd48b52,124395,git show archive/pre-cleanup-20261010:logs/invalidated/observation_velocity_rotation_bug/obs_big_f0.6_s974000.json
logs/invalidated/observation_velocity_rotation_bug/obs_e0_f0.4_s970000.json,a182cd08fedfce7d68e1a11e88b201b764bea0a5,452270,git show archive/pre-cleanup-20261010:logs/invalidated/observation_velocity_rotation_bug/obs_e0_f0.4_s970000.json
logs/invalidated/observation_velocity_rotation_bug/obs_e0_f0.4_s972000.json,0873f01eda7548ada7932d372172227050fefee8,468570,git show archive/pre-cleanup-20261010:logs/invalidated/observation_velocity_rotation_bug/obs_e0_f0.4_s972000.json
logs/invalidated/observation_velocity_rotation_bug/obs_e0_f0.4_s974000.json,f65ce55842f3d3ee8b7ddef67fa8ccfd183c23a4,515037,git show archive/pre-cleanup-20261010:logs/invalidated/observation_velocity_rotation_bug/obs_e0_f0.4_s974000.json
logs/invalidated/observation_velocity_rotation_bug/obs_e0_f0.5_s970000.json,c288f55a5d4fd41627047a023d9b51bb36587f86,437049,git show archive/pre-cleanup-20261010:logs/invalidated/observation_velocity_rotation_bug/obs_e0_f0.5_s970000.json
logs/invalidated/observation_velocity_rotation_bug/obs_e0_f0.5_s972000.json,e8558571e39a06d97155e215ccdbb284d15d81c5,451219,git show archive/pre-cleanup-20261010:logs/invalidated/observation_velocity_rotation_bug/obs_e0_f0.5_s972000.json
logs/invalidated/observation_velocity_rotation_bug/obs_e0_f0.5_s974000.json,0cef2cf42f3c41131bf7a3cb6f342425b5792bb0,492426,git show archive/pre-cleanup-20261010:logs/invalidated/observation_velocity_rotation_bug/obs_e0_f0.5_s974000.json
logs/invalidated/observation_velocity_rotation_bug/obs_e0_f0.6_s970000.json,2bd0c2cd03e24546510f92dc7720f906598df4b0,432730,git show archive/pre-cleanup-20261010:logs/invalidated/observation_velocity_rotation_bug/obs_e0_f0.6_s970000.json
logs/invalidated/observation_velocity_rotation_bug/obs_e0_f0.6_s972000.json,c94dcb0851beeaca265a599021411a1f911a8f36,442766,git show archive/pre-cleanup-20261010:logs/invalidated/observation_velocity_rotation_bug/obs_e0_f0.6_s972000.json
logs/invalidated/observation_velocity_rotation_bug/obs_e0_f0.6_s974000.json,851a41770ddcd169ee66bed6c0e6cc708fd247b3,483367,git show archive/pre-cleanup-20261010:logs/invalidated/observation_velocity_rotation_bug/obs_e0_f0.6_s974000.json
logs/invalidated/observation_velocity_rotation_bug/obs_mid_f0.4_s970000.json,48a725e5ec287c27ee8a1aef61686aed2d8fd0b2,131562,git show archive/pre-cleanup-20261010:logs/invalidated/observation_velocity_rotation_bug/obs_mid_f0.4_s970000.json
logs/invalidated/observation_velocity_rotation_bug/obs_mid_f0.4_s972000.json,fb792089a246add8d95969a2d4d3ae9827ec3aec,132898,git show archive/pre-cleanup-20261010:logs/invalidated/observation_velocity_rotation_bug/obs_mid_f0.4_s972000.json
logs/invalidated/observation_velocity_rotation_bug/obs_mid_f0.4_s974000.json,2eacb0d7244b48d7a643eb21c2a5beeb9d89b537,124387,git show archive/pre-cleanup-20261010:logs/invalidated/observation_velocity_rotation_bug/obs_mid_f0.4_s974000.json
logs/invalidated/observation_velocity_rotation_bug/obs_mid_f0.5_s970000.json,4d4e8f1bb749b58a5b7d9e271b80953098233499,131534,git show archive/pre-cleanup-20261010:logs/invalidated/observation_velocity_rotation_bug/obs_mid_f0.5_s970000.json
logs/invalidated/observation_velocity_rotation_bug/obs_mid_f0.5_s972000.json,ed23cdbabebff22969e6d15a281540681f41859c,132900,git show archive/pre-cleanup-20261010:logs/invalidated/observation_velocity_rotation_bug/obs_mid_f0.5_s972000.json
logs/invalidated/observation_velocity_rotation_bug/obs_mid_f0.5_s974000.json,1e65c8725b85a55adcdaf9427fb376a8463fff45,124419,git show archive/pre-cleanup-20261010:logs/invalidated/observation_velocity_rotation_bug/obs_mid_f0.5_s974000.json
logs/invalidated/observation_velocity_rotation_bug/obs_mid_f0.6_s970000.json,822b27cd785aaf0dba24f355cd4f74c243b8e746,131519,git show archive/pre-cleanup-20261010:logs/invalidated/observation_velocity_rotation_bug/obs_mid_f0.6_s970000.json
logs/invalidated/observation_velocity_rotation_bug/obs_mid_f0.6_s972000.json,d7a35ecd89c4f77acfc438c459da9e5021bc4e79,132891,git show archive/pre-cleanup-20261010:logs/invalidated/observation_velocity_rotation_bug/obs_mid_f0.6_s972000.json
logs/invalidated/observation_velocity_rotation_bug/obs_mid_f0.6_s974000.json,9574ff25e4ab56250a7d1c7640b1d5f8496df904,124422,git show archive/pre-cleanup-20261010:logs/invalidated/observation_velocity_rotation_bug/obs_mid_f0.6_s974000.json
logs/invalidated/observation_velocity_rotation_bug/obs_small_f0.4_s970000.json,11709371cb4960873c481c4ca0dde835f8061465,131547,git show archive/pre-cleanup-20261010:logs/invalidated/observation_velocity_rotation_bug/obs_small_f0.4_s970000.json
logs/invalidated/observation_velocity_rotation_bug/obs_small_f0.4_s972000.json,f0623a63e48ef5bbb826af445dc09e567d45eccb,132868,git show archive/pre-cleanup-20261010:logs/invalidated/observation_velocity_rotation_bug/obs_small_f0.4_s972000.json
logs/invalidated/observation_velocity_rotation_bug/obs_small_f0.4_s974000.json,51edd8a1912494152f3035c3748d51b310a57220,124369,git show archive/pre-cleanup-20261010:logs/invalidated/observation_velocity_rotation_bug/obs_small_f0.4_s974000.json
logs/invalidated/observation_velocity_rotation_bug/obs_small_f0.5_s970000.json,cc9457bea850ab8ecc77e86fb9f896059d6c6b58,131569,git show archive/pre-cleanup-20261010:logs/invalidated/observation_velocity_rotation_bug/obs_small_f0.5_s970000.json
logs/invalidated/observation_velocity_rotation_bug/obs_small_f0.5_s972000.json,c2fb4c25f82a38e136bdb662895f279f0b62d96e,132854,git show archive/pre-cleanup-20261010:logs/invalidated/observation_velocity_rotation_bug/obs_small_f0.5_s972000.json
logs/invalidated/observation_velocity_rotation_bug/obs_small_f0.5_s974000.json,b7b50c06bb376f2b39f589f6c25e02cb6fbf42d3,124380,git show archive/pre-cleanup-20261010:logs/invalidated/observation_velocity_rotation_bug/obs_small_f0.5_s974000.json
logs/invalidated/observation_velocity_rotation_bug/obs_small_f0.6_s970000.json,8ce065f9f40e137812b59d3e3742472844282bab,131579,git show archive/pre-cleanup-20261010:logs/invalidated/observation_velocity_rotation_bug/obs_small_f0.6_s970000.json
logs/invalidated/observation_velocity_rotation_bug/obs_small_f0.6_s972000.json,819c3e31f4b46cb4d31f2bdca84b023c420e5b09,132887,git show archive/pre-cleanup-20261010:logs/invalidated/observation_velocity_rotation_bug/obs_small_f0.6_s972000.json
logs/invalidated/observation_velocity_rotation_bug/obs_small_f0.6_s974000.json,b982c598b853c1d85c8c8b5d61587f51b057c705,124379,git show archive/pre-cleanup-20261010:logs/invalidated/observation_velocity_rotation_bug/obs_small_f0.6_s974000.json
logs/mpc_h10_fixed.json,60ab4dfc9911ec72f1fdb91f9169fd2ca70c5736,455270,git show archive/pre-cleanup-20261010:logs/mpc_h10_fixed.json
logs/mpc_h10_learned_seed990000.json,bbc57f4ad78103b71aa8c778a79967b1d306351f,125392,git show archive/pre-cleanup-20261010:logs/mpc_h10_learned_seed990000.json
logs/mpc_h10_learned_seed990100.json,fd3d26f81b778719e632d5b6a3c516457cfe13b8,201999,git show archive/pre-cleanup-20261010:logs/mpc_h10_learned_seed990100.json
logs/mpc_h10_learned_seed990200.json,197db93998d0be30123ae2ee6d5af4d8b43befdd,168069,git show archive/pre-cleanup-20261010:logs/mpc_h10_learned_seed990200.json
logs/mpc_h50_fixed.json,6983e4909f521f4acacf6143470631bf3c8ae331,454896,git show archive/pre-cleanup-20261010:logs/mpc_h50_fixed.json
logs/mpc_single_phase.json,73fa0f57c7548cc8328d309e4abc488e4eb254a9,454860,git show archive/pre-cleanup-20261010:logs/mpc_single_phase.json
logs/p0_horizons_20260910/compute_h20.json,6f49918546142041fa983cc63c26f76fced6c9bb,849,git show archive/pre-cleanup-20261010:logs/p0_horizons_20260910/compute_h20.json
logs/p0_horizons_20260910/compute_h20.stdout.txt,163e7d00f82eab010f27e484509913ba7ab88a63,74,git show archive/pre-cleanup-20261010:logs/p0_horizons_20260910/compute_h20.stdout.txt
logs/p0_horizons_20260910/compute_h30.json,d2b28fcc7a71899f46119b68336dcf39f2eb034a,839,git show archive/pre-cleanup-20261010:logs/p0_horizons_20260910/compute_h30.json
logs/p0_horizons_20260910/compute_h30.stdout.txt,c785d4cbf8d4d215d77a2b3c5392e5408d07914f,74,git show archive/pre-cleanup-20261010:logs/p0_horizons_20260910/compute_h30.stdout.txt
logs/p0_horizons_20260910/compute_h35.json,5ca2e803612025538014586009f0132888d468a1,843,git show archive/pre-cleanup-20261010:logs/p0_horizons_20260910/compute_h35.json
logs/p0_horizons_20260910/compute_h35.stdout.txt,7c294558c4ed24bd2fb1b7b83632c259311ab044,74,git show archive/pre-cleanup-20261010:logs/p0_horizons_20260910/compute_h35.stdout.txt
logs/p0_horizons_20260910/compute_h50.json,e15002340fa020545fe0c276a1830e90ce637f81,843,git show archive/pre-cleanup-20261010:logs/p0_horizons_20260910/compute_h50.json
logs/p0_horizons_20260910/compute_h50.stdout.txt,b1bc2b14572c6ea64a161951fb90a08585b45386,76,git show archive/pre-cleanup-20261010:logs/p0_horizons_20260910/compute_h50.stdout.txt
logs/p0_horizons_20260910/fixed_h20_262005.json,3e4932749a02a9c3c67ec262a639d513d1e4bf6d,820009,git show archive/pre-cleanup-20261010:logs/p0_horizons_20260910/fixed_h20_262005.json
logs/p0_horizons_20260910/fixed_h20_262005.stdout.txt,b2e178956902a9fdc7a0647ebb20144b29552aeb,115,git show archive/pre-cleanup-20261010:logs/p0_horizons_20260910/fixed_h20_262005.stdout.txt
logs/p0_horizons_20260910/fixed_h20_262006.json,5c66dad19eadb7ef050b492cb94e175d3d8b6aca,282743,git show archive/pre-cleanup-20261010:logs/p0_horizons_20260910/fixed_h20_262006.json
logs/p0_horizons_20260910/fixed_h20_262006.stdout.txt,e3a03242cb29855b3d2d017bba6bd791306fe533,115,git show archive/pre-cleanup-20261010:logs/p0_horizons_20260910/fixed_h20_262006.stdout.txt
logs/p0_horizons_20260910/fixed_h30_262000.json,9c094d43fd6d675d4832a6e312fb972b651db68d,667097,git show archive/pre-cleanup-20261010:logs/p0_horizons_20260910/fixed_h30_262000.json
logs/p0_horizons_20260910/fixed_h30_262000.stdout.txt,97260d9a8c0728da14d70f47a892edf9ac8b9274,111,git show archive/pre-cleanup-20261010:logs/p0_horizons_20260910/fixed_h30_262000.stdout.txt
logs/p0_horizons_20260910/fixed_h30_262001.json,2911a2d3fb742062abc173c2b24aeb11ba16f0d8,1449791,git show archive/pre-cleanup-20261010:logs/p0_horizons_20260910/fixed_h30_262001.json
logs/p0_horizons_20260910/fixed_h30_262001.stdout.txt,abb3f1dc7c25981c5ecef945a30fa412abc86879,114,git show archive/pre-cleanup-20261010:logs/p0_horizons_20260910/fixed_h30_262001.stdout.txt
logs/p0_horizons_20260910/fixed_h30_262002.json,68fdb7ac67e6f7d05ee4c948c6220cc7176b0cab,697173,git show archive/pre-cleanup-20261010:logs/p0_horizons_20260910/fixed_h30_262002.json
logs/p0_horizons_20260910/fixed_h30_262002.stdout.txt,a02c682cb69fa1d2eda4f92be6aa69daf150f6b9,112,git show archive/pre-cleanup-20261010:logs/p0_horizons_20260910/fixed_h30_262002.stdout.txt
logs/p0_horizons_20260910/fixed_h30_262003.json,84aabd764be9ad9b4d22dfdfb389f5f5ac545301,928827,git show archive/pre-cleanup-20261010:logs/p0_horizons_20260910/fixed_h30_262003.json
logs/p0_horizons_20260910/fixed_h30_262003.stdout.txt,a720168ec6885f9ef180c3e3abb6af834d9f39af,113,git show archive/pre-cleanup-20261010:logs/p0_horizons_20260910/fixed_h30_262003.stdout.txt
logs/p0_horizons_20260910/fixed_h30_262004.json,e0eb73a41bf4737345dd469dcef28a1fd5b2bf01,746110,git show archive/pre-cleanup-20261010:logs/p0_horizons_20260910/fixed_h30_262004.json
logs/p0_horizons_20260910/fixed_h30_262004.stdout.txt,2aed3f93d508cb011460c19ac169bbd12d4275e5,112,git show archive/pre-cleanup-20261010:logs/p0_horizons_20260910/fixed_h30_262004.stdout.txt
logs/p0_horizons_20260910/fixed_h30_262005.json,8a68715629350cf15549463799e3d97cbbd9d212,275561,git show archive/pre-cleanup-20261010:logs/p0_horizons_20260910/fixed_h30_262005.json
logs/p0_horizons_20260910/fixed_h30_262005.stdout.txt,4a3d20d25558a92cdb9e473b2f596bc22cba925e,115,git show archive/pre-cleanup-20261010:logs/p0_horizons_20260910/fixed_h30_262005.stdout.txt
logs/p0_horizons_20260910/fixed_h30_262006.json,1a033a8efd50d3901b71b690b7aa1296305a0b21,243954,git show archive/pre-cleanup-20261010:logs/p0_horizons_20260910/fixed_h30_262006.json
logs/p0_horizons_20260910/fixed_h30_262006.stdout.txt,140c5bb9cccf5fbeb39158b148b7b0f0d538f6c0,115,git show archive/pre-cleanup-20261010:logs/p0_horizons_20260910/fixed_h30_262006.stdout.txt
logs/p0_horizons_20260910/fixed_h30_262007.json,b196a0236e5a710554119a6abf51a65538863611,804949,git show archive/pre-cleanup-20261010:logs/p0_horizons_20260910/fixed_h30_262007.json
logs/p0_horizons_20260910/fixed_h30_262007.stdout.txt,0146d40b3cab24bc1ab83f354897fdd5428681c0,112,git show archive/pre-cleanup-20261010:logs/p0_horizons_20260910/fixed_h30_262007.stdout.txt
logs/p0_horizons_20260910/fixed_h30_262008.json,1fa3f7e472b823686194987e2ef2a54dfa4d583c,735835,git show archive/pre-cleanup-20261010:logs/p0_horizons_20260910/fixed_h30_262008.json
logs/p0_horizons_20260910/fixed_h30_262008.stdout.txt,225b40a97e6f845b400492e66bcdbbb0addfff18,112,git show archive/pre-cleanup-20261010:logs/p0_horizons_20260910/fixed_h30_262008.stdout.txt
logs/p0_horizons_20260910/fixed_h30_262009.json,cf45912c21b98be4c66e5dd70ee44ac871801bc7,837073,git show archive/pre-cleanup-20261010:logs/p0_horizons_20260910/fixed_h30_262009.json
logs/p0_horizons_20260910/fixed_h30_262009.stdout.txt,5ed8112cbe16b75b9d9ddea4d406f9f2b5008eb5,111,git show archive/pre-cleanup-20261010:logs/p0_horizons_20260910/fixed_h30_262009.stdout.txt
logs/p0_horizons_20260910/fixed_h30_262010.json,17345266714eb6fd969f03de84b5e24e73aad24b,691737,git show archive/pre-cleanup-20261010:logs/p0_horizons_20260910/fixed_h30_262010.json
logs/p0_horizons_20260910/fixed_h30_262010.stdout.txt,a20c8a661878cd21c257be98d94b9e0298fc44fa,112,git show archive/pre-cleanup-20261010:logs/p0_horizons_20260910/fixed_h30_262010.stdout.txt
logs/p0_horizons_20260910/fixed_h30_262011.json,677eb23212277780505b1a3e77cc701938aa71e4,895248,git show archive/pre-cleanup-20261010:logs/p0_horizons_20260910/fixed_h30_262011.json
logs/p0_horizons_20260910/fixed_h30_262011.stdout.txt,aa5bf4bbf9fcc8e773d5c08ae769e1bf700dd858,116,git show archive/pre-cleanup-20261010:logs/p0_horizons_20260910/fixed_h30_262011.stdout.txt
logs/p0_horizons_20260910/fixed_h35_262000.json,34c69ba66a1f0761e1c7d911573aa1bb9877efd4,600703,git show archive/pre-cleanup-20261010:logs/p0_horizons_20260910/fixed_h35_262000.json
logs/p0_horizons_20260910/fixed_h35_262000.stdout.txt,5e5a344f80a76cd17188e6ee235318583c85947c,112,git show archive/pre-cleanup-20261010:logs/p0_horizons_20260910/fixed_h35_262000.stdout.txt
logs/p0_horizons_20260910/fixed_h35_262001.json,5ef6b1462423613d81b950a3aaaaee0a160e3755,1383317,git show archive/pre-cleanup-20261010:logs/p0_horizons_20260910/fixed_h35_262001.json
logs/p0_horizons_20260910/fixed_h35_262001.stdout.txt,644610a9c4b2e2cde431c60b3a499cff73984e93,114,git show archive/pre-cleanup-20261010:logs/p0_horizons_20260910/fixed_h35_262001.stdout.txt
logs/p0_horizons_20260910/fixed_h35_262002.json,b93ed77d60cc2b60de669de0163c29fa27786875,628628,git show archive/pre-cleanup-20261010:logs/p0_horizons_20260910/fixed_h35_262002.json
logs/p0_horizons_20260910/fixed_h35_262002.stdout.txt,d3ccc1bd0d08a38247ddf634af8874a1bc2045c9,112,git show archive/pre-cleanup-20261010:logs/p0_horizons_20260910/fixed_h35_262002.stdout.txt
logs/p0_horizons_20260910/fixed_h35_262003.json,c6654890ef3b50e294781541ce2727e4f35297cf,830755,git show archive/pre-cleanup-20261010:logs/p0_horizons_20260910/fixed_h35_262003.json
logs/p0_horizons_20260910/fixed_h35_262003.stdout.txt,4c88007cfebdfea90dbe5ce795a9c14cb81ec518,112,git show archive/pre-cleanup-20261010:logs/p0_horizons_20260910/fixed_h35_262003.stdout.txt
logs/p0_horizons_20260910/fixed_h35_262004.json,3b4946fb62a8bd68faecb0a7eb6610262b2ddddd,669956,git show archive/pre-cleanup-20261010:logs/p0_horizons_20260910/fixed_h35_262004.json
logs/p0_horizons_20260910/fixed_h35_262004.stdout.txt,81c751be8a777b357931d151e5d1e528bbe62148,112,git show archive/pre-cleanup-20261010:logs/p0_horizons_20260910/fixed_h35_262004.stdout.txt
logs/p0_horizons_20260910/fixed_h35_262005.json,ec04571250683d8092fa7c6ceda6b555780d6fc6,259129,git show archive/pre-cleanup-20261010:logs/p0_horizons_20260910/fixed_h35_262005.json
logs/p0_horizons_20260910/fixed_h35_262005.stdout.txt,59521ee3d739cad86fa7cdf4d8f499cb6e5bc402,115,git show archive/pre-cleanup-20261010:logs/p0_horizons_20260910/fixed_h35_262005.stdout.txt
logs/p0_horizons_20260910/fixed_h35_262006.json,986f838f3daab8cb4d93de7e7ba1865615c4f97c,240436,git show archive/pre-cleanup-20261010:logs/p0_horizons_20260910/fixed_h35_262006.json
logs/p0_horizons_20260910/fixed_h35_262006.stdout.txt,ca9e93a778d9499bb33a0c47c660d33f6599560c,115,git show archive/pre-cleanup-20261010:logs/p0_horizons_20260910/fixed_h35_262006.stdout.txt
logs/p0_horizons_20260910/fixed_h35_262007.json,3eb0a9a7ea6c981bc77cd3ebed0441b1a67ca27d,722413,git show archive/pre-cleanup-20261010:logs/p0_horizons_20260910/fixed_h35_262007.json
logs/p0_horizons_20260910/fixed_h35_262007.stdout.txt,e8e8c634e9b9b5934f1d93e244046452c5edc501,112,git show archive/pre-cleanup-20261010:logs/p0_horizons_20260910/fixed_h35_262007.stdout.txt
logs/p0_horizons_20260910/fixed_h35_262008.json,47ccbb25ef37f433de945b17caf14ceef9e6d2d9,653707,git show archive/pre-cleanup-20261010:logs/p0_horizons_20260910/fixed_h35_262008.json
logs/p0_horizons_20260910/fixed_h35_262008.stdout.txt,ffc7a41effe374de4bfe35d5d9d27e843ac8cec4,112,git show archive/pre-cleanup-20261010:logs/p0_horizons_20260910/fixed_h35_262008.stdout.txt
logs/p0_horizons_20260910/fixed_h35_262009.json,6c27ef168862666eeb5d833b5282c6fbf06e58ce,743488,git show archive/pre-cleanup-20261010:logs/p0_horizons_20260910/fixed_h35_262009.json
logs/p0_horizons_20260910/fixed_h35_262009.stdout.txt,c5a9519adf236d06d3faae9267793210b42ce4e3,111,git show archive/pre-cleanup-20261010:logs/p0_horizons_20260910/fixed_h35_262009.stdout.txt
logs/p0_horizons_20260910/fixed_h35_262010.json,9af8d59e92089fca01ffcde4785c288ca7c52626,625269,git show archive/pre-cleanup-20261010:logs/p0_horizons_20260910/fixed_h35_262010.json
logs/p0_horizons_20260910/fixed_h35_262010.stdout.txt,8ac9bc72dac5b9d025fdb2b137b4b2cc0a318b2d,112,git show archive/pre-cleanup-20261010:logs/p0_horizons_20260910/fixed_h35_262010.stdout.txt
logs/p0_horizons_20260910/fixed_h35_262011.json,e1908109fcc64c80fe8809f88099fa73f4da938d,905172,git show archive/pre-cleanup-20261010:logs/p0_horizons_20260910/fixed_h35_262011.json
logs/p0_horizons_20260910/fixed_h35_262011.stdout.txt,efa8f394cff6f66ad61be0eee99c5c80b0837d06,116,git show archive/pre-cleanup-20261010:logs/p0_horizons_20260910/fixed_h35_262011.stdout.txt
logs/p0_horizons_20260910/fixed_h50_262005.json,ccae6413c0514c2c5a5fb04de1995e8050aea2ad,241079,git show archive/pre-cleanup-20261010:logs/p0_horizons_20260910/fixed_h50_262005.json
logs/p0_horizons_20260910/fixed_h50_262005.stdout.txt,34ffef9558d816fb74b3bcecfea31d9aec51b036,114,git show archive/pre-cleanup-20261010:logs/p0_horizons_20260910/fixed_h50_262005.stdout.txt
logs/p0_horizons_20260910/fixed_h50_262006.json,91bcd260d04e15eb8c3ee0cd8e4b4d2c706f333a,228995,git show archive/pre-cleanup-20261010:logs/p0_horizons_20260910/fixed_h50_262006.json
logs/p0_horizons_20260910/fixed_h50_262006.stdout.txt,e6010cee3d38f9f92b2053f731b5cca9441ee386,115,git show archive/pre-cleanup-20261010:logs/p0_horizons_20260910/fixed_h50_262006.stdout.txt
logs/p0_horizons_20260910/manifest.json,4fdab56b2bc6292116dff5658d83cd8e183a4c2d,10059,git show archive/pre-cleanup-20261010:logs/p0_horizons_20260910/manifest.json
logs/p1_a_20260910/commit_s262005_h20_t0.json,fe9989f6ca6320024b370b49a73e02b112572305,775,git show archive/pre-cleanup-20261010:logs/p1_a_20260910/commit_s262005_h20_t0.json
logs/p1_a_20260910/commit_s262005_h20_t0.stdout.txt,28f1eb46552c5ec09ab9dac460c7ab8b27d6784a,82,git show archive/pre-cleanup-20261010:logs/p1_a_20260910/commit_s262005_h20_t0.stdout.txt
logs/p1_a_20260910/commit_s262005_h20_t120.json,d7b79360d50ca008024f54cf2eb2541fc492ff8c,728,git show archive/pre-cleanup-20261010:logs/p1_a_20260910/commit_s262005_h20_t120.json
logs/p1_a_20260910/commit_s262005_h20_t120.stdout.txt,2c11ce384337d7bcb9ea663bf0a3b6aa252c7fb2,84,git show archive/pre-cleanup-20261010:logs/p1_a_20260910/commit_s262005_h20_t120.stdout.txt
logs/p1_a_20260910/commit_s262005_h20_t150.json,ff2cb05c94d62e2515448073d1bd9727221e6b44,743,git show archive/pre-cleanup-20261010:logs/p1_a_20260910/commit_s262005_h20_t150.json
logs/p1_a_20260910/commit_s262005_h20_t150.stdout.txt,e8cb4b3fe1c3211f7d8611b0cd862b2447914889,84,git show archive/pre-cleanup-20261010:logs/p1_a_20260910/commit_s262005_h20_t150.stdout.txt
logs/p1_a_20260910/commit_s262005_h20_t30.json,1ffd485ddccdb91799570c966dd428c10646eb86,778,git show archive/pre-cleanup-20261010:logs/p1_a_20260910/commit_s262005_h20_t30.json
logs/p1_a_20260910/commit_s262005_h20_t30.stdout.txt,4c1474b950186743b77c1523ba635241313bf329,84,git show archive/pre-cleanup-20261010:logs/p1_a_20260910/commit_s262005_h20_t30.stdout.txt
logs/p1_a_20260910/commit_s262005_h20_t60.json,23503180c58a7d3f1a4759625b01846a5164e85a,726,git show archive/pre-cleanup-20261010:logs/p1_a_20260910/commit_s262005_h20_t60.json
logs/p1_a_20260910/commit_s262005_h20_t60.stdout.txt,a2e160f3d91b1b01e85144671a3897ea93835b7d,83,git show archive/pre-cleanup-20261010:logs/p1_a_20260910/commit_s262005_h20_t60.stdout.txt
logs/p1_a_20260910/commit_s262005_h20_t90.json,816f06884540dbfe3d2b7d7385414e22899de74e,726,git show archive/pre-cleanup-20261010:logs/p1_a_20260910/commit_s262005_h20_t90.json
logs/p1_a_20260910/commit_s262005_h20_t90.stdout.txt,492dfc945b33facb05a0de588d5a9f4efa46a9d4,83,git show archive/pre-cleanup-20261010:logs/p1_a_20260910/commit_s262005_h20_t90.stdout.txt
logs/p1_a_20260910/commit_s262005_h35_t0.json,bf287499aca0b9a14407453bf5dbeaa4e687f450,777,git show archive/pre-cleanup-20261010:logs/p1_a_20260910/commit_s262005_h35_t0.json
logs/p1_a_20260910/commit_s262005_h35_t0.stdout.txt,8935d98b66fefd3b1b906a732ec1c79bbb7a9261,82,git show archive/pre-cleanup-20261010:logs/p1_a_20260910/commit_s262005_h35_t0.stdout.txt
logs/p1_a_20260910/commit_s262005_h35_t120.json,7c83b63fd519fef0e3423e396893085e616c092b,732,git show archive/pre-cleanup-20261010:logs/p1_a_20260910/commit_s262005_h35_t120.json
logs/p1_a_20260910/commit_s262005_h35_t120.stdout.txt,d62620a300916dc73eedf61ce4422e78c06742bb,84,git show archive/pre-cleanup-20261010:logs/p1_a_20260910/commit_s262005_h35_t120.stdout.txt
logs/p1_a_20260910/commit_s262005_h35_t150.json,9ac9dad3f440a38f98410442231443e2ac6de014,732,git show archive/pre-cleanup-20261010:logs/p1_a_20260910/commit_s262005_h35_t150.json
logs/p1_a_20260910/commit_s262005_h35_t150.stdout.txt,290133aa2ca5dc1a966708810a652fd3581e5e02,84,git show archive/pre-cleanup-20261010:logs/p1_a_20260910/commit_s262005_h35_t150.stdout.txt
logs/p1_a_20260910/commit_s262005_h35_t30.json,84bb322398090f4a99265c7eb8db6122954d1f06,765,git show archive/pre-cleanup-20261010:logs/p1_a_20260910/commit_s262005_h35_t30.json
logs/p1_a_20260910/commit_s262005_h35_t30.stdout.txt,6a5e655e72e48d8daf539982e4cca4d957360605,84,git show archive/pre-cleanup-20261010:logs/p1_a_20260910/commit_s262005_h35_t30.stdout.txt
logs/p1_a_20260910/commit_s262005_h35_t60.json,00108cc178d11dc9cf964ca498c181d28319d240,730,git show archive/pre-cleanup-20261010:logs/p1_a_20260910/commit_s262005_h35_t60.json
logs/p1_a_20260910/commit_s262005_h35_t60.stdout.txt,f03bafcc40d9eaac261b9939a0024a20f7092c43,83,git show archive/pre-cleanup-20261010:logs/p1_a_20260910/commit_s262005_h35_t60.stdout.txt
logs/p1_a_20260910/commit_s262005_h35_t90.json,a72eb44ce7598fba813bf05da096fd49cafb4fe0,730,git show archive/pre-cleanup-20261010:logs/p1_a_20260910/commit_s262005_h35_t90.json
logs/p1_a_20260910/commit_s262005_h35_t90.stdout.txt,b68b8872c2def17fef0b26242674430bcbcdeb2f,83,git show archive/pre-cleanup-20261010:logs/p1_a_20260910/commit_s262005_h35_t90.stdout.txt
logs/p1_a_20260910/commit_s262006_h20_t0.json,7d7b34a2ec15954e7c8e88d9201841bdfe1e021c,765,git show archive/pre-cleanup-20261010:logs/p1_a_20260910/commit_s262006_h20_t0.json
logs/p1_a_20260910/commit_s262006_h20_t0.stdout.txt,2d9ab995befea4d22f34b91258effdd00bb95b7f,82,git show archive/pre-cleanup-20261010:logs/p1_a_20260910/commit_s262006_h20_t0.stdout.txt
logs/p1_a_20260910/commit_s262006_h20_t120.json,f155e47b5f6689130de2868e787a02ea20114580,769,git show archive/pre-cleanup-20261010:logs/p1_a_20260910/commit_s262006_h20_t120.json
logs/p1_a_20260910/commit_s262006_h20_t120.stdout.txt,fcd97bbe46b83f65b0e9c6a371f6a442c75bcbb4,83,git show archive/pre-cleanup-20261010:logs/p1_a_20260910/commit_s262006_h20_t120.stdout.txt
logs/p1_a_20260910/commit_s262006_h20_t150.json,4dd102ab0b0aa2a52a7fc682527e454f27b4d14f,769,git show archive/pre-cleanup-20261010:logs/p1_a_20260910/commit_s262006_h20_t150.json
logs/p1_a_20260910/commit_s262006_h20_t150.stdout.txt,fcd97bbe46b83f65b0e9c6a371f6a442c75bcbb4,83,git show archive/pre-cleanup-20261010:logs/p1_a_20260910/commit_s262006_h20_t150.stdout.txt
logs/p1_a_20260910/commit_s262006_h20_t30.json,f51242855d5262375b71fc00a3eb3c7f063e2a6c,768,git show archive/pre-cleanup-20261010:logs/p1_a_20260910/commit_s262006_h20_t30.json
logs/p1_a_20260910/commit_s262006_h20_t30.stdout.txt,55c566edec76bc484b8a8dce63490bf53e7333c4,83,git show archive/pre-cleanup-20261010:logs/p1_a_20260910/commit_s262006_h20_t30.stdout.txt
logs/p1_a_20260910/commit_s262006_h20_t60.json,346e050cab52d456972956b71a76b5d8d4efacd5,768,git show archive/pre-cleanup-20261010:logs/p1_a_20260910/commit_s262006_h20_t60.json
logs/p1_a_20260910/commit_s262006_h20_t60.stdout.txt,fcd97bbe46b83f65b0e9c6a371f6a442c75bcbb4,83,git show archive/pre-cleanup-20261010:logs/p1_a_20260910/commit_s262006_h20_t60.stdout.txt
logs/p1_a_20260910/commit_s262006_h20_t90.json,ac968007f44ec6647527fe65e31b39717d0ce6aa,768,git show archive/pre-cleanup-20261010:logs/p1_a_20260910/commit_s262006_h20_t90.json
logs/p1_a_20260910/commit_s262006_h20_t90.stdout.txt,fcd97bbe46b83f65b0e9c6a371f6a442c75bcbb4,83,git show archive/pre-cleanup-20261010:logs/p1_a_20260910/commit_s262006_h20_t90.stdout.txt
logs/p1_a_20260910/commit_s262006_h35_t0.json,1feda73676aa3d7b10e5648038cfbbac29d3b631,765,git show archive/pre-cleanup-20261010:logs/p1_a_20260910/commit_s262006_h35_t0.json
logs/p1_a_20260910/commit_s262006_h35_t0.stdout.txt,5489a08c159591466ca0703deabe9e53fbf66394,82,git show archive/pre-cleanup-20261010:logs/p1_a_20260910/commit_s262006_h35_t0.stdout.txt
logs/p1_a_20260910/commit_s262006_h35_t120.json,e19ef076d7f1b74f0b7c487b830b0825a27abe53,767,git show archive/pre-cleanup-20261010:logs/p1_a_20260910/commit_s262006_h35_t120.json
logs/p1_a_20260910/commit_s262006_h35_t120.stdout.txt,856433c498c8d7cacf83f63f9b6ca1922d37fc75,83,git show archive/pre-cleanup-20261010:logs/p1_a_20260910/commit_s262006_h35_t120.stdout.txt
logs/p1_a_20260910/commit_s262006_h35_t150.stdout.txt,e69de29bb2d1d6434b8b29ae775ad8c2e48c5391,0,git show archive/pre-cleanup-20261010:logs/p1_a_20260910/commit_s262006_h35_t150.stdout.txt
logs/p1_a_20260910/commit_s262006_h35_t30.json,c3705a5c1a0a9d90f2fda68e4ad739a2c3fcd3be,766,git show archive/pre-cleanup-20261010:logs/p1_a_20260910/commit_s262006_h35_t30.json
logs/p1_a_20260910/commit_s262006_h35_t30.stdout.txt,7e601222b11b2a4dddd9209201ffdb0df18cc4ad,83,git show archive/pre-cleanup-20261010:logs/p1_a_20260910/commit_s262006_h35_t30.stdout.txt
logs/p1_a_20260910/commit_s262006_h35_t60.json,86013ec3be580af3b07688a84077f6f531b07aad,766,git show archive/pre-cleanup-20261010:logs/p1_a_20260910/commit_s262006_h35_t60.json
logs/p1_a_20260910/commit_s262006_h35_t60.stdout.txt,856433c498c8d7cacf83f63f9b6ca1922d37fc75,83,git show archive/pre-cleanup-20261010:logs/p1_a_20260910/commit_s262006_h35_t60.stdout.txt
logs/p1_a_20260910/commit_s262006_h35_t90.json,e25eeeafae2fa11390a66d7a4d30182c487d616d,766,git show archive/pre-cleanup-20261010:logs/p1_a_20260910/commit_s262006_h35_t90.json
logs/p1_a_20260910/commit_s262006_h35_t90.stdout.txt,856433c498c8d7cacf83f63f9b6ca1922d37fc75,83,git show archive/pre-cleanup-20261010:logs/p1_a_20260910/commit_s262006_h35_t90.stdout.txt
logs/p1_a_20260910/hold_s262005_h20_t120_r12.json,d1884beffdcc8078164e1a1913a2ff215bdabc10,768,git show archive/pre-cleanup-20261010:logs/p1_a_20260910/hold_s262005_h20_t120_r12.json
logs/p1_a_20260910/hold_s262005_h20_t120_r12.stdout.txt,ad0b185bd85be4c1a8496711dc64abd40120d92c,85,git show archive/pre-cleanup-20261010:logs/p1_a_20260910/hold_s262005_h20_t120_r12.stdout.txt
logs/p1_a_20260910/hold_s262005_h20_t120_r14.json,b09a35bef1e2e4ae0c0d9cc45b8c71f04b9d562a,730,git show archive/pre-cleanup-20261010:logs/p1_a_20260910/hold_s262005_h20_t120_r14.json
logs/p1_a_20260910/hold_s262005_h20_t120_r14.stdout.txt,486574bbbc5f9bd2e2a49b01c1e91eabb07c4ca8,86,git show archive/pre-cleanup-20261010:logs/p1_a_20260910/hold_s262005_h20_t120_r14.stdout.txt
logs/p1_a_20260910/hold_s262005_h20_t120_r16.json,944e17bed67c59a9d3cd0fe8a31360b967a08e68,731,git show archive/pre-cleanup-20261010:logs/p1_a_20260910/hold_s262005_h20_t120_r16.json
logs/p1_a_20260910/hold_s262005_h20_t120_r16.stdout.txt,8e43950bc5ab0c2a61459ea86f58dfe943bacf8c,86,git show archive/pre-cleanup-20261010:logs/p1_a_20260910/hold_s262005_h20_t120_r16.stdout.txt
logs/p1_a_20260910/hold_s262005_h20_t120_r18.json,276b6db8a28c46dd057b55ff18f9f47514fece7e,734,git show archive/pre-cleanup-20261010:logs/p1_a_20260910/hold_s262005_h20_t120_r18.json
logs/p1_a_20260910/hold_s262005_h20_t120_r18.stdout.txt,8d0bc202cd9f9f0e6d457c0af3d8b0c41b19bbcc,87,git show archive/pre-cleanup-20261010:logs/p1_a_20260910/hold_s262005_h20_t120_r18.stdout.txt
logs/p1_a_20260910/hold_s262005_h20_t150_r12.json,ec7c936c274827281639d82a3b83f643e11f66f6,768,git show archive/pre-cleanup-20261010:logs/p1_a_20260910/hold_s262005_h20_t150_r12.json
logs/p1_a_20260910/hold_s262005_h20_t150_r12.stdout.txt,ad0b185bd85be4c1a8496711dc64abd40120d92c,85,git show archive/pre-cleanup-20261010:logs/p1_a_20260910/hold_s262005_h20_t150_r12.stdout.txt
logs/p1_a_20260910/hold_s262005_h20_t150_r14.json,f923a8d411f0da87ae8276b1ceed13e4a4114382,732,git show archive/pre-cleanup-20261010:logs/p1_a_20260910/hold_s262005_h20_t150_r14.json
logs/p1_a_20260910/hold_s262005_h20_t150_r14.stdout.txt,5de90ef4585ce4e2ef110c02f845d587d4fd236a,86,git show archive/pre-cleanup-20261010:logs/p1_a_20260910/hold_s262005_h20_t150_r14.stdout.txt
logs/p1_a_20260910/hold_s262005_h20_t150_r16.json,22b4ffa3afc3b9414abe15aa32e2530e244234ec,729,git show archive/pre-cleanup-20261010:logs/p1_a_20260910/hold_s262005_h20_t150_r16.json
logs/p1_a_20260910/hold_s262005_h20_t150_r16.stdout.txt,ab1136129d630c5616544a81e35bcf73de9ed1c2,86,git show archive/pre-cleanup-20261010:logs/p1_a_20260910/hold_s262005_h20_t150_r16.stdout.txt
logs/p1_a_20260910/hold_s262005_h20_t150_r18.json,747ea69da3c89d9674ddbf2d09952f0cb3e066a5,735,git show archive/pre-cleanup-20261010:logs/p1_a_20260910/hold_s262005_h20_t150_r18.json
logs/p1_a_20260910/hold_s262005_h20_t150_r18.stdout.txt,63712755ba47d2b3792cfe2376c64ceb1e12d69b,87,git show archive/pre-cleanup-20261010:logs/p1_a_20260910/hold_s262005_h20_t150_r18.stdout.txt
logs/p1_a_20260910/hold_s262005_h20_t30_r12.json,5146d69a981a2b48a29d6590ae63d6f0d9e3bc54,778,git show archive/pre-cleanup-20261010:logs/p1_a_20260910/hold_s262005_h20_t30_r12.json
logs/p1_a_20260910/hold_s262005_h20_t30_r12.stdout.txt,59a570af7b3dfeb09979d9c9a5af34eb7fa906c2,85,git show archive/pre-cleanup-20261010:logs/p1_a_20260910/hold_s262005_h20_t30_r12.stdout.txt
logs/p1_a_20260910/hold_s262005_h20_t30_r14.json,a09c9b8de57eb9f693220787089c28753dc0467b,765,git show archive/pre-cleanup-20261010:logs/p1_a_20260910/hold_s262005_h20_t30_r14.json
logs/p1_a_20260910/hold_s262005_h20_t30_r14.stdout.txt,68937c132b79209a41324dd5167f83830ddf16cf,85,git show archive/pre-cleanup-20261010:logs/p1_a_20260910/hold_s262005_h20_t30_r14.stdout.txt
logs/p1_a_20260910/hold_s262005_h20_t30_r16.json,666c0181f3e1826e1b50b77a302e755af278ad67,780,git show archive/pre-cleanup-20261010:logs/p1_a_20260910/hold_s262005_h20_t30_r16.json
logs/p1_a_20260910/hold_s262005_h20_t30_r16.stdout.txt,d92d92b43d1035735200b44920ad949c8a41a577,86,git show archive/pre-cleanup-20261010:logs/p1_a_20260910/hold_s262005_h20_t30_r16.stdout.txt
logs/p1_a_20260910/hold_s262005_h20_t30_r18.json,321c52d329cc2b4b8916f93205aa17f552e64a55,767,git show archive/pre-cleanup-20261010:logs/p1_a_20260910/hold_s262005_h20_t30_r18.json
logs/p1_a_20260910/hold_s262005_h20_t30_r18.stdout.txt,2cfadbf74bdd14412df01902ee1fb68b5c2aca3b,86,git show archive/pre-cleanup-20261010:logs/p1_a_20260910/hold_s262005_h20_t30_r18.stdout.txt
logs/p1_a_20260910/hold_s262005_h20_t60_r12.json,12adbdd6841c84f022745503bbb9ec07c960a909,767,git show archive/pre-cleanup-20261010:logs/p1_a_20260910/hold_s262005_h20_t60_r12.json
logs/p1_a_20260910/hold_s262005_h20_t60_r12.stdout.txt,50c4b13dce245bcec4085fbc5b2b47d7be6836a4,85,git show archive/pre-cleanup-20261010:logs/p1_a_20260910/hold_s262005_h20_t60_r12.stdout.txt
logs/p1_a_20260910/hold_s262005_h20_t60_r14.json,a4c53f28e11c53e94191f54a7c0dabfc21a5f8fa,728,git show archive/pre-cleanup-20261010:logs/p1_a_20260910/hold_s262005_h20_t60_r14.json
logs/p1_a_20260910/hold_s262005_h20_t60_r14.stdout.txt,514b8e513c1efe077d17bb4dd8c7743d56495ecb,85,git show archive/pre-cleanup-20261010:logs/p1_a_20260910/hold_s262005_h20_t60_r14.stdout.txt
logs/p1_a_20260910/hold_s262005_h20_t60_r16.json,6bda53ae7f717bf9b76d77daf6b798f8f7b484cb,729,git show archive/pre-cleanup-20261010:logs/p1_a_20260910/hold_s262005_h20_t60_r16.json
logs/p1_a_20260910/hold_s262005_h20_t60_r16.stdout.txt,e953a2ad20ccb0f7c873244c447772aa0c9e1285,85,git show archive/pre-cleanup-20261010:logs/p1_a_20260910/hold_s262005_h20_t60_r16.stdout.txt
logs/p1_a_20260910/hold_s262005_h20_t60_r18.json,5afdeb01b740868e46654c4e54ff827bbb7d5283,732,git show archive/pre-cleanup-20261010:logs/p1_a_20260910/hold_s262005_h20_t60_r18.json
logs/p1_a_20260910/hold_s262005_h20_t60_r18.stdout.txt,0dd518b671741a5d652a37e064df6354f803fed4,86,git show archive/pre-cleanup-20261010:logs/p1_a_20260910/hold_s262005_h20_t60_r18.stdout.txt
logs/p1_a_20260910/hold_s262005_h20_t90_r12.json,162b967ff104187af0a376aa5903f552d161b302,767,git show archive/pre-cleanup-20261010:logs/p1_a_20260910/hold_s262005_h20_t90_r12.json
logs/p1_a_20260910/hold_s262005_h20_t90_r12.stdout.txt,ad0b185bd85be4c1a8496711dc64abd40120d92c,85,git show archive/pre-cleanup-20261010:logs/p1_a_20260910/hold_s262005_h20_t90_r12.stdout.txt
logs/p1_a_20260910/hold_s262005_h20_t90_r14.json,45563032a246e8ded89467fadca9f8f6be8a93c3,728,git show archive/pre-cleanup-20261010:logs/p1_a_20260910/hold_s262005_h20_t90_r14.json
logs/p1_a_20260910/hold_s262005_h20_t90_r14.stdout.txt,efdd7515712cd9917910f543550da3c1ba42e76a,85,git show archive/pre-cleanup-20261010:logs/p1_a_20260910/hold_s262005_h20_t90_r14.stdout.txt
logs/p1_a_20260910/hold_s262005_h20_t90_r16.json,05959971a2432838873c59d4d2dad4ade334d9ed,729,git show archive/pre-cleanup-20261010:logs/p1_a_20260910/hold_s262005_h20_t90_r16.json
logs/p1_a_20260910/hold_s262005_h20_t90_r16.stdout.txt,94c24e8b5af9dda83f83fb13ad8118adef08b19f,85,git show archive/pre-cleanup-20261010:logs/p1_a_20260910/hold_s262005_h20_t90_r16.stdout.txt
logs/p1_a_20260910/hold_s262005_h20_t90_r18.json,3c96516e6b255214ac7dd444652d2cc6f3dcbd32,732,git show archive/pre-cleanup-20261010:logs/p1_a_20260910/hold_s262005_h20_t90_r18.json
logs/p1_a_20260910/hold_s262005_h20_t90_r18.stdout.txt,128b2e066295a5822786081d479d1ff8559ba740,86,git show archive/pre-cleanup-20261010:logs/p1_a_20260910/hold_s262005_h20_t90_r18.stdout.txt
logs/p1_a_20260910/hold_s262005_h35_t120_r12.json,75956887db05025cffd3ebe440d8023239491d45,732,git show archive/pre-cleanup-20261010:logs/p1_a_20260910/hold_s262005_h35_t120_r12.json
logs/p1_a_20260910/hold_s262005_h35_t120_r12.stdout.txt,de2887222531d46652363b6a8b2c7624cdd20a89,86,git show archive/pre-cleanup-20261010:logs/p1_a_20260910/hold_s262005_h35_t120_r12.stdout.txt
logs/p1_a_20260910/hold_s262005_h35_t120_r14.json,6b6491198143789ea4973cfdd768d9b7f859b3cc,774,git show archive/pre-cleanup-20261010:logs/p1_a_20260910/hold_s262005_h35_t120_r14.json
logs/p1_a_20260910/hold_s262005_h35_t120_r14.stdout.txt,847c114ffb9c0afc34e724e03bfabbaf1f45b5f2,87,git show archive/pre-cleanup-20261010:logs/p1_a_20260910/hold_s262005_h35_t120_r14.stdout.txt
logs/p1_a_20260910/hold_s262005_h35_t120_r16.json,2266dfd156d64574a914a781ecd32695e21bfef5,776,git show archive/pre-cleanup-20261010:logs/p1_a_20260910/hold_s262005_h35_t120_r16.json
logs/p1_a_20260910/hold_s262005_h35_t120_r16.stdout.txt,834528087e897e687e2849c147fbc06be53ab076,87,git show archive/pre-cleanup-20261010:logs/p1_a_20260910/hold_s262005_h35_t120_r16.stdout.txt
logs/p1_a_20260910/hold_s262005_h35_t120_r18.json,82125b54cbef9f512f4fea6b9eab4c0797226931,730,git show archive/pre-cleanup-20261010:logs/p1_a_20260910/hold_s262005_h35_t120_r18.json
logs/p1_a_20260910/hold_s262005_h35_t120_r18.stdout.txt,479d49922159f236525c8805f34c12047b1ffa28,86,git show archive/pre-cleanup-20261010:logs/p1_a_20260910/hold_s262005_h35_t120_r18.stdout.txt
logs/p1_a_20260910/hold_s262005_h35_t150_r12.json,9dd1c64803f0b5124866b42d6617fe2068ef46bf,733,git show archive/pre-cleanup-20261010:logs/p1_a_20260910/hold_s262005_h35_t150_r12.json
logs/p1_a_20260910/hold_s262005_h35_t150_r12.stdout.txt,f735e6c1f761a03edef51f9cd81be080318315c5,86,git show archive/pre-cleanup-20261010:logs/p1_a_20260910/hold_s262005_h35_t150_r12.stdout.txt
logs/p1_a_20260910/hold_s262005_h35_t150_r14.json,d6bc998402719420b4ad1b1e08b6f88e05c2205d,773,git show archive/pre-cleanup-20261010:logs/p1_a_20260910/hold_s262005_h35_t150_r14.json
logs/p1_a_20260910/hold_s262005_h35_t150_r14.stdout.txt,9fda48e020b123baaaa1c975ed4ac46359586756,86,git show archive/pre-cleanup-20261010:logs/p1_a_20260910/hold_s262005_h35_t150_r14.stdout.txt
logs/p1_a_20260910/hold_s262005_h35_t150_r16.json,c582701b02fb2a259258725b5480abb0857f358b,776,git show archive/pre-cleanup-20261010:logs/p1_a_20260910/hold_s262005_h35_t150_r16.json
logs/p1_a_20260910/hold_s262005_h35_t150_r16.stdout.txt,b74d6baac9340ca687504c84fc041c1ab201bb68,87,git show archive/pre-cleanup-20261010:logs/p1_a_20260910/hold_s262005_h35_t150_r16.stdout.txt
logs/p1_a_20260910/hold_s262005_h35_t150_r18.json,064656dd977ca55d4e8e276baf154a75e3c95e48,731,git show archive/pre-cleanup-20261010:logs/p1_a_20260910/hold_s262005_h35_t150_r18.json
logs/p1_a_20260910/hold_s262005_h35_t150_r18.stdout.txt,6be3a48b0ce2396fb77653d1c9bbf7d0446c57e3,86,git show archive/pre-cleanup-20261010:logs/p1_a_20260910/hold_s262005_h35_t150_r18.stdout.txt
logs/p1_a_20260910/hold_s262005_h35_t30_r12.json,529052a929a8625c7cc155d3287692fe970252d1,739,git show archive/pre-cleanup-20261010:logs/p1_a_20260910/hold_s262005_h35_t30_r12.json
logs/p1_a_20260910/hold_s262005_h35_t30_r12.stdout.txt,904f206131135ca3e98537565bf4d197574c08c3,84,git show archive/pre-cleanup-20261010:logs/p1_a_20260910/hold_s262005_h35_t30_r12.stdout.txt
logs/p1_a_20260910/hold_s262005_h35_t30_r14.json,079e5b0973546556ea95858caa80ca1b54a29e54,766,git show archive/pre-cleanup-20261010:logs/p1_a_20260910/hold_s262005_h35_t30_r14.json
logs/p1_a_20260910/hold_s262005_h35_t30_r14.stdout.txt,4f43d71de647b5eb85e6e4167db14e780e80f9ba,86,git show archive/pre-cleanup-20261010:logs/p1_a_20260910/hold_s262005_h35_t30_r14.stdout.txt
logs/p1_a_20260910/hold_s262005_h35_t30_r16.json,dc095faa77931dc7e29c5bf7d365fd8a0022ee56,768,git show archive/pre-cleanup-20261010:logs/p1_a_20260910/hold_s262005_h35_t30_r16.json
logs/p1_a_20260910/hold_s262005_h35_t30_r16.stdout.txt,09e505f8999715465049f5a880defaa384e2bd02,86,git show archive/pre-cleanup-20261010:logs/p1_a_20260910/hold_s262005_h35_t30_r16.stdout.txt
logs/p1_a_20260910/hold_s262005_h35_t30_r18.json,1bafdedd29060140cc25bd27eaa649334100e8a8,767,git show archive/pre-cleanup-20261010:logs/p1_a_20260910/hold_s262005_h35_t30_r18.json
logs/p1_a_20260910/hold_s262005_h35_t30_r18.stdout.txt,609635145efdf64493ba57cd232b79bbf78be453,85,git show archive/pre-cleanup-20261010:logs/p1_a_20260910/hold_s262005_h35_t30_r18.stdout.txt
logs/p1_a_20260910/hold_s262005_h35_t60_r12.json,fe205a4b7afec410a5283e16448d07ddad5a1104,730,git show archive/pre-cleanup-20261010:logs/p1_a_20260910/hold_s262005_h35_t60_r12.json
logs/p1_a_20260910/hold_s262005_h35_t60_r12.stdout.txt,7644a31538ef737f9da52370f754f565f34a28d4,85,git show archive/pre-cleanup-20261010:logs/p1_a_20260910/hold_s262005_h35_t60_r12.stdout.txt
logs/p1_a_20260910/hold_s262005_h35_t60_r14.json,f3a58de360836fd5e3e9e78acf15e23d19770138,772,git show archive/pre-cleanup-20261010:logs/p1_a_20260910/hold_s262005_h35_t60_r14.json
logs/p1_a_20260910/hold_s262005_h35_t60_r14.stdout.txt,91d7e226f886e71cd94712f047fa814914e85e95,86,git show archive/pre-cleanup-20261010:logs/p1_a_20260910/hold_s262005_h35_t60_r14.stdout.txt
logs/p1_a_20260910/hold_s262005_h35_t60_r16.json,454038678aec193dac9ac42ed7523d79f1919424,774,git show archive/pre-cleanup-20261010:logs/p1_a_20260910/hold_s262005_h35_t60_r16.json
logs/p1_a_20260910/hold_s262005_h35_t60_r16.stdout.txt,8117e4c2a8c7035f2fb80fa8d9a296bf1e7565a7,86,git show archive/pre-cleanup-20261010:logs/p1_a_20260910/hold_s262005_h35_t60_r16.stdout.txt
logs/p1_a_20260910/hold_s262005_h35_t60_r18.json,3871ecdeb0cbc793b3df5fcb9a8579eeced83684,728,git show archive/pre-cleanup-20261010:logs/p1_a_20260910/hold_s262005_h35_t60_r18.json
logs/p1_a_20260910/hold_s262005_h35_t60_r18.stdout.txt,8f4ae786aba6dc86f6102c6d2e9c38810cd6473c,85,git show archive/pre-cleanup-20261010:logs/p1_a_20260910/hold_s262005_h35_t60_r18.stdout.txt
logs/p1_a_20260910/hold_s262005_h35_t90_r12.json,7f51da2a45f4402ee517b5ca19458abac3e8f586,730,git show archive/pre-cleanup-20261010:logs/p1_a_20260910/hold_s262005_h35_t90_r12.json
logs/p1_a_20260910/hold_s262005_h35_t90_r12.stdout.txt,94761ba8f31fe978a3c766eff0693fd1db8e0023,85,git show archive/pre-cleanup-20261010:logs/p1_a_20260910/hold_s262005_h35_t90_r12.stdout.txt
logs/p1_a_20260910/hold_s262005_h35_t90_r14.json,b1c13e11f3ad391c9dd4e52f2db8b04b40bfee39,772,git show archive/pre-cleanup-20261010:logs/p1_a_20260910/hold_s262005_h35_t90_r14.json
logs/p1_a_20260910/hold_s262005_h35_t90_r14.stdout.txt,488f01ce9a408d7fbfce37926ea9eed66faa5aa9,86,git show archive/pre-cleanup-20261010:logs/p1_a_20260910/hold_s262005_h35_t90_r14.stdout.txt
logs/p1_a_20260910/hold_s262005_h35_t90_r16.json,36bdb25a58b513dafadc4915fbc87c6e4e0efc33,774,git show archive/pre-cleanup-20261010:logs/p1_a_20260910/hold_s262005_h35_t90_r16.json
logs/p1_a_20260910/hold_s262005_h35_t90_r16.stdout.txt,db31f5f5535de00d0b9ada835fbb329c27842caf,86,git show archive/pre-cleanup-20261010:logs/p1_a_20260910/hold_s262005_h35_t90_r16.stdout.txt
logs/p1_a_20260910/hold_s262005_h35_t90_r18.json,affbe888f2e73cb5bfe7e589c189de8a3f13a4ac,728,git show archive/pre-cleanup-20261010:logs/p1_a_20260910/hold_s262005_h35_t90_r18.json
logs/p1_a_20260910/hold_s262005_h35_t90_r18.stdout.txt,6c33d84b98328b7752db987bafddd447d5fb31db,85,git show archive/pre-cleanup-20261010:logs/p1_a_20260910/hold_s262005_h35_t90_r18.stdout.txt
logs/p1_a_20260910/hold_s262006_h20_t120_r12.json,423d6ff0676382ea737cb4a198f52a27f8b1b20f,769,git show archive/pre-cleanup-20261010:logs/p1_a_20260910/hold_s262006_h20_t120_r12.json
logs/p1_a_20260910/hold_s262006_h20_t120_r12.stdout.txt,84cdfeb7a1dd3da6c4aba6c4fa9ba96cd10e4be7,85,git show archive/pre-cleanup-20261010:logs/p1_a_20260910/hold_s262006_h20_t120_r12.stdout.txt
logs/p1_a_20260910/hold_s262006_h20_t120_r14.json,8b097fca3ad22f245479b6abb0d6071fda53f5bd,770,git show archive/pre-cleanup-20261010:logs/p1_a_20260910/hold_s262006_h20_t120_r14.json
logs/p1_a_20260910/hold_s262006_h20_t120_r14.stdout.txt,63ae10fcc270920c64a751f8d983a5ff9646ae97,85,git show archive/pre-cleanup-20261010:logs/p1_a_20260910/hold_s262006_h20_t120_r14.stdout.txt
logs/p1_a_20260910/hold_s262006_h20_t120_r16.json,521c3da5e4b05e97b5e09359adc861380cf8dc11,771,git show archive/pre-cleanup-20261010:logs/p1_a_20260910/hold_s262006_h20_t120_r16.json
logs/p1_a_20260910/hold_s262006_h20_t120_r16.stdout.txt,84cdfeb7a1dd3da6c4aba6c4fa9ba96cd10e4be7,85,git show archive/pre-cleanup-20261010:logs/p1_a_20260910/hold_s262006_h20_t120_r16.stdout.txt
logs/p1_a_20260910/hold_s262006_h20_t120_r18.json,d5564d419104e0a805a20ab24a226695ef743f73,769,git show archive/pre-cleanup-20261010:logs/p1_a_20260910/hold_s262006_h20_t120_r18.json
logs/p1_a_20260910/hold_s262006_h20_t120_r18.stdout.txt,d55f3f0d71200f50591d8eaccf6d2677edfed53e,85,git show archive/pre-cleanup-20261010:logs/p1_a_20260910/hold_s262006_h20_t120_r18.stdout.txt
logs/p1_a_20260910/hold_s262006_h20_t150_r12.json,d224ccefddbde89a7a456f21ae33026b76f7785f,769,git show archive/pre-cleanup-20261010:logs/p1_a_20260910/hold_s262006_h20_t150_r12.json
logs/p1_a_20260910/hold_s262006_h20_t150_r12.stdout.txt,84cdfeb7a1dd3da6c4aba6c4fa9ba96cd10e4be7,85,git show archive/pre-cleanup-20261010:logs/p1_a_20260910/hold_s262006_h20_t150_r12.stdout.txt
logs/p1_a_20260910/hold_s262006_h20_t150_r14.json,c9b529bdc87e2b5ed3f3d8438a9031b1d392fb84,770,git show archive/pre-cleanup-20261010:logs/p1_a_20260910/hold_s262006_h20_t150_r14.json
logs/p1_a_20260910/hold_s262006_h20_t150_r14.stdout.txt,63ae10fcc270920c64a751f8d983a5ff9646ae97,85,git show archive/pre-cleanup-20261010:logs/p1_a_20260910/hold_s262006_h20_t150_r14.stdout.txt
logs/p1_a_20260910/hold_s262006_h20_t150_r16.json,8a9d47232db1f2fc1872354dde766c8306af134d,771,git show archive/pre-cleanup-20261010:logs/p1_a_20260910/hold_s262006_h20_t150_r16.json
logs/p1_a_20260910/hold_s262006_h20_t150_r16.stdout.txt,84cdfeb7a1dd3da6c4aba6c4fa9ba96cd10e4be7,85,git show archive/pre-cleanup-20261010:logs/p1_a_20260910/hold_s262006_h20_t150_r16.stdout.txt
logs/p1_a_20260910/hold_s262006_h20_t150_r18.json,6880b956377888cef96d0c52bd42c582428f1c6d,769,git show archive/pre-cleanup-20261010:logs/p1_a_20260910/hold_s262006_h20_t150_r18.json
logs/p1_a_20260910/hold_s262006_h20_t150_r18.stdout.txt,d55f3f0d71200f50591d8eaccf6d2677edfed53e,85,git show archive/pre-cleanup-20261010:logs/p1_a_20260910/hold_s262006_h20_t150_r18.stdout.txt
logs/p1_a_20260910/hold_s262006_h20_t30_r12.json,c6390352802756e4043a18ca1745860f37cf82d0,768,git show archive/pre-cleanup-20261010:logs/p1_a_20260910/hold_s262006_h20_t30_r12.json
logs/p1_a_20260910/hold_s262006_h20_t30_r12.stdout.txt,d564e13c63c58728a32f8394b77681fc15e80237,85,git show archive/pre-cleanup-20261010:logs/p1_a_20260910/hold_s262006_h20_t30_r12.stdout.txt
logs/p1_a_20260910/hold_s262006_h20_t30_r14.json,ae96f71c034411a9c93e2a05d46bb67d608036d8,769,git show archive/pre-cleanup-20261010:logs/p1_a_20260910/hold_s262006_h20_t30_r14.json
logs/p1_a_20260910/hold_s262006_h20_t30_r14.stdout.txt,913560ccf7f3450b50899c6cb80de6c8364748cb,85,git show archive/pre-cleanup-20261010:logs/p1_a_20260910/hold_s262006_h20_t30_r14.stdout.txt
logs/p1_a_20260910/hold_s262006_h20_t30_r16.json,846986c929a6f7c9cd2e5700c21aa215258731b1,770,git show archive/pre-cleanup-20261010:logs/p1_a_20260910/hold_s262006_h20_t30_r16.json
logs/p1_a_20260910/hold_s262006_h20_t30_r16.stdout.txt,d564e13c63c58728a32f8394b77681fc15e80237,85,git show archive/pre-cleanup-20261010:logs/p1_a_20260910/hold_s262006_h20_t30_r16.stdout.txt
logs/p1_a_20260910/hold_s262006_h20_t30_r18.json,27c259f812e06cb3b32da4538b7a2ee0d3073500,768,git show archive/pre-cleanup-20261010:logs/p1_a_20260910/hold_s262006_h20_t30_r18.json
logs/p1_a_20260910/hold_s262006_h20_t30_r18.stdout.txt,f90ff763fd78b6f013b668fcfa73da7081076c5f,85,git show archive/pre-cleanup-20261010:logs/p1_a_20260910/hold_s262006_h20_t30_r18.stdout.txt
logs/p1_a_20260910/hold_s262006_h20_t60_r12.json,9764525a0deee43c9ad586d5985dedfa936d61de,768,git show archive/pre-cleanup-20261010:logs/p1_a_20260910/hold_s262006_h20_t60_r12.json
logs/p1_a_20260910/hold_s262006_h20_t60_r12.stdout.txt,84cdfeb7a1dd3da6c4aba6c4fa9ba96cd10e4be7,85,git show archive/pre-cleanup-20261010:logs/p1_a_20260910/hold_s262006_h20_t60_r12.stdout.txt
logs/p1_a_20260910/hold_s262006_h20_t60_r14.json,1196f7401afc6d27ae30c926c3d99cac2cf4ab30,769,git show archive/pre-cleanup-20261010:logs/p1_a_20260910/hold_s262006_h20_t60_r14.json
logs/p1_a_20260910/hold_s262006_h20_t60_r14.stdout.txt,63ae10fcc270920c64a751f8d983a5ff9646ae97,85,git show archive/pre-cleanup-20261010:logs/p1_a_20260910/hold_s262006_h20_t60_r14.stdout.txt
logs/p1_a_20260910/hold_s262006_h20_t60_r16.json,e67385ab93942f547915ac6da7cb8178659c2a2d,770,git show archive/pre-cleanup-20261010:logs/p1_a_20260910/hold_s262006_h20_t60_r16.json
logs/p1_a_20260910/hold_s262006_h20_t60_r16.stdout.txt,84cdfeb7a1dd3da6c4aba6c4fa9ba96cd10e4be7,85,git show archive/pre-cleanup-20261010:logs/p1_a_20260910/hold_s262006_h20_t60_r16.stdout.txt
logs/p1_a_20260910/hold_s262006_h20_t60_r18.json,cee5f8f73fcdc14d18b4c76137d1829525ccbda9,768,git show archive/pre-cleanup-20261010:logs/p1_a_20260910/hold_s262006_h20_t60_r18.json
logs/p1_a_20260910/hold_s262006_h20_t60_r18.stdout.txt,d55f3f0d71200f50591d8eaccf6d2677edfed53e,85,git show archive/pre-cleanup-20261010:logs/p1_a_20260910/hold_s262006_h20_t60_r18.stdout.txt
logs/p1_a_20260910/hold_s262006_h20_t90_r12.json,f3528babb9bd9d9b8299fe0e9792389f12a9d0a4,768,git show archive/pre-cleanup-20261010:logs/p1_a_20260910/hold_s262006_h20_t90_r12.json
logs/p1_a_20260910/hold_s262006_h20_t90_r12.stdout.txt,84cdfeb7a1dd3da6c4aba6c4fa9ba96cd10e4be7,85,git show archive/pre-cleanup-20261010:logs/p1_a_20260910/hold_s262006_h20_t90_r12.stdout.txt
logs/p1_a_20260910/hold_s262006_h20_t90_r14.json,78b98710fd0e081033f03bb64a058b8926fc9ae2,769,git show archive/pre-cleanup-20261010:logs/p1_a_20260910/hold_s262006_h20_t90_r14.json
logs/p1_a_20260910/hold_s262006_h20_t90_r14.stdout.txt,63ae10fcc270920c64a751f8d983a5ff9646ae97,85,git show archive/pre-cleanup-20261010:logs/p1_a_20260910/hold_s262006_h20_t90_r14.stdout.txt
logs/p1_a_20260910/hold_s262006_h20_t90_r16.json,f745d606c2b38dfe056e78fd359c6e27ae9457b3,770,git show archive/pre-cleanup-20261010:logs/p1_a_20260910/hold_s262006_h20_t90_r16.json
logs/p1_a_20260910/hold_s262006_h20_t90_r16.stdout.txt,84cdfeb7a1dd3da6c4aba6c4fa9ba96cd10e4be7,85,git show archive/pre-cleanup-20261010:logs/p1_a_20260910/hold_s262006_h20_t90_r16.stdout.txt
logs/p1_a_20260910/hold_s262006_h20_t90_r18.json,1c487e90e126aede4562de738bb194d02be0fe61,768,git show archive/pre-cleanup-20261010:logs/p1_a_20260910/hold_s262006_h20_t90_r18.json
logs/p1_a_20260910/hold_s262006_h20_t90_r18.stdout.txt,d55f3f0d71200f50591d8eaccf6d2677edfed53e,85,git show archive/pre-cleanup-20261010:logs/p1_a_20260910/hold_s262006_h20_t90_r18.stdout.txt
logs/p1_a_20260910/hold_s262006_h35_t120_r12.json,69a2225ee35957559a47e422b3457976431b2556,772,git show archive/pre-cleanup-20261010:logs/p1_a_20260910/hold_s262006_h35_t120_r12.json
logs/p1_a_20260910/hold_s262006_h35_t120_r12.stdout.txt,8b8933140480f48e44c772888aa53dae54e26558,85,git show archive/pre-cleanup-20261010:logs/p1_a_20260910/hold_s262006_h35_t120_r12.stdout.txt
logs/p1_a_20260910/hold_s262006_h35_t120_r14.json,b656370359c4c9ff4eee63531a62ff35a2087fb7,770,git show archive/pre-cleanup-20261010:logs/p1_a_20260910/hold_s262006_h35_t120_r14.json
logs/p1_a_20260910/hold_s262006_h35_t120_r14.stdout.txt,79a7eba536c9e5bb767c6ca64042ad9945599e35,85,git show archive/pre-cleanup-20261010:logs/p1_a_20260910/hold_s262006_h35_t120_r14.stdout.txt
logs/p1_a_20260910/hold_s262006_h35_t120_r16.json,07322aa65e3fe175051515a4868f23ffeee91358,769,git show archive/pre-cleanup-20261010:logs/p1_a_20260910/hold_s262006_h35_t120_r16.json
logs/p1_a_20260910/hold_s262006_h35_t120_r16.stdout.txt,14ee5a31f6401abac1fe626ba4d4b3b922c05160,85,git show archive/pre-cleanup-20261010:logs/p1_a_20260910/hold_s262006_h35_t120_r16.stdout.txt
logs/p1_a_20260910/hold_s262006_h35_t120_r18.stdout.txt,e69de29bb2d1d6434b8b29ae775ad8c2e48c5391,0,git show archive/pre-cleanup-20261010:logs/p1_a_20260910/hold_s262006_h35_t120_r18.stdout.txt
logs/p1_a_20260910/hold_s262006_h35_t150_r12.stdout.txt,e69de29bb2d1d6434b8b29ae775ad8c2e48c5391,0,git show archive/pre-cleanup-20261010:logs/p1_a_20260910/hold_s262006_h35_t150_r12.stdout.txt
logs/p1_a_20260910/hold_s262006_h35_t30_r12.json,c0bb0456b0ce7a5f6c92a195c44f6c5a18a7b9ae,771,git show archive/pre-cleanup-20261010:logs/p1_a_20260910/hold_s262006_h35_t30_r12.json
logs/p1_a_20260910/hold_s262006_h35_t30_r12.stdout.txt,72305badd66b6e6e99a5c88ea95a0d62a96e69d1,85,git show archive/pre-cleanup-20261010:logs/p1_a_20260910/hold_s262006_h35_t30_r12.stdout.txt
logs/p1_a_20260910/hold_s262006_h35_t30_r14.json,a51ca989fd63225c2bff218910db1e6ac44ef5cd,769,git show archive/pre-cleanup-20261010:logs/p1_a_20260910/hold_s262006_h35_t30_r14.json
logs/p1_a_20260910/hold_s262006_h35_t30_r14.stdout.txt,cffccef54704c12f85691c3b2525c903cfec499d,85,git show archive/pre-cleanup-20261010:logs/p1_a_20260910/hold_s262006_h35_t30_r14.stdout.txt
logs/p1_a_20260910/hold_s262006_h35_t30_r16.json,f50b40224056d89dc15c57090b30a2a93b94a24d,768,git show archive/pre-cleanup-20261010:logs/p1_a_20260910/hold_s262006_h35_t30_r16.json
logs/p1_a_20260910/hold_s262006_h35_t30_r16.stdout.txt,71e848be37342e766b769d6998cae24d61681226,85,git show archive/pre-cleanup-20261010:logs/p1_a_20260910/hold_s262006_h35_t30_r16.stdout.txt
logs/p1_a_20260910/hold_s262006_h35_t30_r18.json,a5c6ea4ec833447df9824ed6216df13490c1e67e,768,git show archive/pre-cleanup-20261010:logs/p1_a_20260910/hold_s262006_h35_t30_r18.json
logs/p1_a_20260910/hold_s262006_h35_t30_r18.stdout.txt,b35f5aad45c1e5b880692bf99952c5dad061d094,85,git show archive/pre-cleanup-20261010:logs/p1_a_20260910/hold_s262006_h35_t30_r18.stdout.txt
logs/p1_a_20260910/hold_s262006_h35_t60_r12.json,26946fbe8175394de8427fcc38323f8359ef2820,771,git show archive/pre-cleanup-20261010:logs/p1_a_20260910/hold_s262006_h35_t60_r12.json
logs/p1_a_20260910/hold_s262006_h35_t60_r12.stdout.txt,8b8933140480f48e44c772888aa53dae54e26558,85,git show archive/pre-cleanup-20261010:logs/p1_a_20260910/hold_s262006_h35_t60_r12.stdout.txt
logs/p1_a_20260910/hold_s262006_h35_t60_r14.json,9d5fd6d553f984f77e93e532008a872728020925,769,git show archive/pre-cleanup-20261010:logs/p1_a_20260910/hold_s262006_h35_t60_r14.json
logs/p1_a_20260910/hold_s262006_h35_t60_r14.stdout.txt,79a7eba536c9e5bb767c6ca64042ad9945599e35,85,git show archive/pre-cleanup-20261010:logs/p1_a_20260910/hold_s262006_h35_t60_r14.stdout.txt
logs/p1_a_20260910/hold_s262006_h35_t60_r16.json,2065a02a9b8ad2754c9d49593e16e3142c35c0b4,768,git show archive/pre-cleanup-20261010:logs/p1_a_20260910/hold_s262006_h35_t60_r16.json
logs/p1_a_20260910/hold_s262006_h35_t60_r16.stdout.txt,14ee5a31f6401abac1fe626ba4d4b3b922c05160,85,git show archive/pre-cleanup-20261010:logs/p1_a_20260910/hold_s262006_h35_t60_r16.stdout.txt
logs/p1_a_20260910/hold_s262006_h35_t60_r18.json,8279b14ffdf8bc7dc7dca0634c43bdc19bd865fc,768,git show archive/pre-cleanup-20261010:logs/p1_a_20260910/hold_s262006_h35_t60_r18.json
logs/p1_a_20260910/hold_s262006_h35_t60_r18.stdout.txt,f084cadf7b38acdfaa5dc4a03738c525963b4aba,85,git show archive/pre-cleanup-20261010:logs/p1_a_20260910/hold_s262006_h35_t60_r18.stdout.txt
logs/p1_a_20260910/hold_s262006_h35_t90_r12.json,a2e5e0e95792c5f35f9bae139d23ebece4f633ac,771,git show archive/pre-cleanup-20261010:logs/p1_a_20260910/hold_s262006_h35_t90_r12.json
logs/p1_a_20260910/hold_s262006_h35_t90_r12.stdout.txt,8b8933140480f48e44c772888aa53dae54e26558,85,git show archive/pre-cleanup-20261010:logs/p1_a_20260910/hold_s262006_h35_t90_r12.stdout.txt
logs/p1_a_20260910/hold_s262006_h35_t90_r14.json,7272a1344b6ad4545b5d8ec68189bed3c29a0612,769,git show archive/pre-cleanup-20261010:logs/p1_a_20260910/hold_s262006_h35_t90_r14.json
logs/p1_a_20260910/hold_s262006_h35_t90_r14.stdout.txt,79a7eba536c9e5bb767c6ca64042ad9945599e35,85,git show archive/pre-cleanup-20261010:logs/p1_a_20260910/hold_s262006_h35_t90_r14.stdout.txt
logs/p1_a_20260910/hold_s262006_h35_t90_r16.json,ef654f4738a20d2600f0c699528cdc396f21b7a9,768,git show archive/pre-cleanup-20261010:logs/p1_a_20260910/hold_s262006_h35_t90_r16.json
logs/p1_a_20260910/hold_s262006_h35_t90_r16.stdout.txt,14ee5a31f6401abac1fe626ba4d4b3b922c05160,85,git show archive/pre-cleanup-20261010:logs/p1_a_20260910/hold_s262006_h35_t90_r16.stdout.txt
logs/p1_a_20260910/hold_s262006_h35_t90_r18.json,d6c99bd2baa1c40a429e81a0077317eb395caee4,768,git show archive/pre-cleanup-20261010:logs/p1_a_20260910/hold_s262006_h35_t90_r18.json
logs/p1_a_20260910/hold_s262006_h35_t90_r18.stdout.txt,f084cadf7b38acdfaa5dc4a03738c525963b4aba,85,git show archive/pre-cleanup-20261010:logs/p1_a_20260910/hold_s262006_h35_t90_r18.stdout.txt
logs/p1_a_20260910/manifest.json,412fbc27d6b3ff96e2214afc4347e09e350f27ce,81243,git show archive/pre-cleanup-20261010:logs/p1_a_20260910/manifest.json
logs/p1_b_20260910/acceleration_control.json,bd4e0591124ad064fc57d46fd3a990071bf0daca,860,git show archive/pre-cleanup-20261010:logs/p1_b_20260910/acceleration_control.json
logs/p1_b_20260910/acceleration_control.stdout.txt,2d9ab995befea4d22f34b91258effdd00bb95b7f,82,git show archive/pre-cleanup-20261010:logs/p1_b_20260910/acceleration_control.stdout.txt
logs/p1_b_20260910/manifest.json,4c42dfa91c7fc68fec1ff73b1b606a202cae95a2,7526,git show archive/pre-cleanup-20261010:logs/p1_b_20260910/manifest.json
logs/p1_b_20260910/ramp_s262006_h20_t0_dr0.1.json,1e865ce5f78c4d5a6421b01f17955389b5b19262,858,git show archive/pre-cleanup-20261010:logs/p1_b_20260910/ramp_s262006_h20_t0_dr0.1.json
logs/p1_b_20260910/ramp_s262006_h20_t0_dr0.1.stdout.txt,1e8f30436bbe82685ebefafe504db2536d03d26b,80,git show archive/pre-cleanup-20261010:logs/p1_b_20260910/ramp_s262006_h20_t0_dr0.1.stdout.txt
logs/p1_b_20260910/ramp_s262006_h20_t0_dr0.2.json,14bfa1163326d2a2f79b110144c671bf322e832c,870,git show archive/pre-cleanup-20261010:logs/p1_b_20260910/ramp_s262006_h20_t0_dr0.2.json
logs/p1_b_20260910/ramp_s262006_h20_t0_dr0.2.stdout.txt,50551695897587965e3f90c6dff0c8da71d9ecc3,80,git show archive/pre-cleanup-20261010:logs/p1_b_20260910/ramp_s262006_h20_t0_dr0.2.stdout.txt
logs/p1_b_20260910/ramp_s262006_h20_t0_dr0.4.json,6793575dc7b9695f6701f1dca07c0a2eebb5b8cf,872,git show archive/pre-cleanup-20261010:logs/p1_b_20260910/ramp_s262006_h20_t0_dr0.4.json
logs/p1_b_20260910/ramp_s262006_h20_t0_dr0.4.stdout.txt,0210de83831d43baba962c5d9324fb2acf8b89dd,80,git show archive/pre-cleanup-20261010:logs/p1_b_20260910/ramp_s262006_h20_t0_dr0.4.stdout.txt
logs/p1_b_20260910/ramp_s262006_h20_t0_dr0.8.json,0042d1d184ed3abd1f97ea0671d26dd12bf9fe2d,873,git show archive/pre-cleanup-20261010:logs/p1_b_20260910/ramp_s262006_h20_t0_dr0.8.json
logs/p1_b_20260910/ramp_s262006_h20_t0_dr0.8.stdout.txt,a433fff6d038f1e17756bb2768985c8a57350567,80,git show archive/pre-cleanup-20261010:logs/p1_b_20260910/ramp_s262006_h20_t0_dr0.8.stdout.txt
logs/p1_b_20260910/ramp_s262006_h20_t0_dr1.6.json,be7c320824d6b6b0da82cc8c1b3c0c4233befd73,872,git show archive/pre-cleanup-20261010:logs/p1_b_20260910/ramp_s262006_h20_t0_dr1.6.json
logs/p1_b_20260910/ramp_s262006_h20_t0_dr1.6.stdout.txt,c2c8c72424a1bdf6c1f8ec7466b967d3de15a089,80,git show archive/pre-cleanup-20261010:logs/p1_b_20260910/ramp_s262006_h20_t0_dr1.6.stdout.txt
logs/p1_b_20260910/ramp_s262006_h20_t120_dr0.1.json,9d2908108af8359b75244b8048d218d738a20d77,862,git show archive/pre-cleanup-20261010:logs/p1_b_20260910/ramp_s262006_h20_t120_dr0.1.json
logs/p1_b_20260910/ramp_s262006_h20_t120_dr0.1.stdout.txt,2efef7d51dbeff2fd229678f0de75cb7a45c0d39,81,git show archive/pre-cleanup-20261010:logs/p1_b_20260910/ramp_s262006_h20_t120_dr0.1.stdout.txt
logs/p1_b_20260910/ramp_s262006_h20_t120_dr0.2.json,39488403f6ff439cacbaeefc4d4b619130e4d6eb,862,git show archive/pre-cleanup-20261010:logs/p1_b_20260910/ramp_s262006_h20_t120_dr0.2.json
logs/p1_b_20260910/ramp_s262006_h20_t120_dr0.2.stdout.txt,2efef7d51dbeff2fd229678f0de75cb7a45c0d39,81,git show archive/pre-cleanup-20261010:logs/p1_b_20260910/ramp_s262006_h20_t120_dr0.2.stdout.txt
logs/p1_b_20260910/ramp_s262006_h20_t120_dr0.4.json,1b52401d630b99e0dd63a8418d8caa2e8ed5c0bd,862,git show archive/pre-cleanup-20261010:logs/p1_b_20260910/ramp_s262006_h20_t120_dr0.4.json
logs/p1_b_20260910/ramp_s262006_h20_t120_dr0.4.stdout.txt,2efef7d51dbeff2fd229678f0de75cb7a45c0d39,81,git show archive/pre-cleanup-20261010:logs/p1_b_20260910/ramp_s262006_h20_t120_dr0.4.stdout.txt
logs/p1_b_20260910/ramp_s262006_h20_t120_dr0.8.json,f97fa10dfcbf52bc8e3534cc22bca18db6e3d857,862,git show archive/pre-cleanup-20261010:logs/p1_b_20260910/ramp_s262006_h20_t120_dr0.8.json
logs/p1_b_20260910/ramp_s262006_h20_t120_dr0.8.stdout.txt,2efef7d51dbeff2fd229678f0de75cb7a45c0d39,81,git show archive/pre-cleanup-20261010:logs/p1_b_20260910/ramp_s262006_h20_t120_dr0.8.stdout.txt
logs/p1_b_20260910/ramp_s262006_h20_t120_dr1.6.json,e3f563d75ad39494187fa37918261196034786ea,862,git show archive/pre-cleanup-20261010:logs/p1_b_20260910/ramp_s262006_h20_t120_dr1.6.json
logs/p1_b_20260910/ramp_s262006_h20_t120_dr1.6.stdout.txt,2efef7d51dbeff2fd229678f0de75cb7a45c0d39,81,git show archive/pre-cleanup-20261010:logs/p1_b_20260910/ramp_s262006_h20_t120_dr1.6.stdout.txt
logs/p1_b_20260910/ramp_s262006_h20_t60_dr0.1.json,9b53216dfdd67a4ba74be4f6c04a6e70b7e8cba1,861,git show archive/pre-cleanup-20261010:logs/p1_b_20260910/ramp_s262006_h20_t60_dr0.1.json
logs/p1_b_20260910/ramp_s262006_h20_t60_dr0.1.stdout.txt,2efef7d51dbeff2fd229678f0de75cb7a45c0d39,81,git show archive/pre-cleanup-20261010:logs/p1_b_20260910/ramp_s262006_h20_t60_dr0.1.stdout.txt
logs/p1_b_20260910/ramp_s262006_h20_t60_dr0.2.json,1f2ada812ed8f5d19a815eb7a3452800fa4c077e,861,git show archive/pre-cleanup-20261010:logs/p1_b_20260910/ramp_s262006_h20_t60_dr0.2.json
logs/p1_b_20260910/ramp_s262006_h20_t60_dr0.2.stdout.txt,2efef7d51dbeff2fd229678f0de75cb7a45c0d39,81,git show archive/pre-cleanup-20261010:logs/p1_b_20260910/ramp_s262006_h20_t60_dr0.2.stdout.txt
logs/p1_b_20260910/ramp_s262006_h20_t60_dr0.4.json,3750e765552faeee4dfc01ffc15b887577e663cc,861,git show archive/pre-cleanup-20261010:logs/p1_b_20260910/ramp_s262006_h20_t60_dr0.4.json
logs/p1_b_20260910/ramp_s262006_h20_t60_dr0.4.stdout.txt,2efef7d51dbeff2fd229678f0de75cb7a45c0d39,81,git show archive/pre-cleanup-20261010:logs/p1_b_20260910/ramp_s262006_h20_t60_dr0.4.stdout.txt
logs/p1_b_20260910/ramp_s262006_h20_t60_dr0.8.json,a488261f5c5623c9b284c0d85e2cbe6d7e2b583c,861,git show archive/pre-cleanup-20261010:logs/p1_b_20260910/ramp_s262006_h20_t60_dr0.8.json
logs/p1_b_20260910/ramp_s262006_h20_t60_dr0.8.stdout.txt,2efef7d51dbeff2fd229678f0de75cb7a45c0d39,81,git show archive/pre-cleanup-20261010:logs/p1_b_20260910/ramp_s262006_h20_t60_dr0.8.stdout.txt
logs/p1_b_20260910/ramp_s262006_h20_t60_dr1.6.json,520ff35d1872add813cea2b3d16adb8d77864d8a,861,git show archive/pre-cleanup-20261010:logs/p1_b_20260910/ramp_s262006_h20_t60_dr1.6.json
logs/p1_b_20260910/ramp_s262006_h20_t60_dr1.6.stdout.txt,2efef7d51dbeff2fd229678f0de75cb7a45c0d39,81,git show archive/pre-cleanup-20261010:logs/p1_b_20260910/ramp_s262006_h20_t60_dr1.6.stdout.txt
logs/p1_b_20260910/ramp_s262006_h35_t0_dr0.1.json,652af054f558c6a2e6f363ba07a85de797a5d5f1,856,git show archive/pre-cleanup-20261010:logs/p1_b_20260910/ramp_s262006_h35_t0_dr0.1.json
logs/p1_b_20260910/ramp_s262006_h35_t0_dr0.1.stdout.txt,2fa06feec8f5971600be441f205b6579e189489f,80,git show archive/pre-cleanup-20261010:logs/p1_b_20260910/ramp_s262006_h35_t0_dr0.1.stdout.txt
logs/p1_b_20260910/ramp_s262006_h35_t0_dr0.2.json,d17b8c578eeb6dad7ee958132c8bdff8ba8ae3ea,857,git show archive/pre-cleanup-20261010:logs/p1_b_20260910/ramp_s262006_h35_t0_dr0.2.json
logs/p1_b_20260910/ramp_s262006_h35_t0_dr0.2.stdout.txt,7c703b7de6af9b65de64e37ea542b834a0df8932,80,git show archive/pre-cleanup-20261010:logs/p1_b_20260910/ramp_s262006_h35_t0_dr0.2.stdout.txt
logs/p1_b_20260910/ramp_s262006_h35_t0_dr0.4.json,3e48d10ef37f0564bd9c699d9a33de8ba51e0de6,859,git show archive/pre-cleanup-20261010:logs/p1_b_20260910/ramp_s262006_h35_t0_dr0.4.json
logs/p1_b_20260910/ramp_s262006_h35_t0_dr0.4.stdout.txt,c978ad423e027246f17c729fe6cb077ad699d1e7,80,git show archive/pre-cleanup-20261010:logs/p1_b_20260910/ramp_s262006_h35_t0_dr0.4.stdout.txt
logs/p1_b_20260910/ramp_s262006_h35_t0_dr0.8.json,cca2c5518d62a2ed89a9f49ad877994cb3cbcb8c,859,git show archive/pre-cleanup-20261010:logs/p1_b_20260910/ramp_s262006_h35_t0_dr0.8.json
logs/p1_b_20260910/ramp_s262006_h35_t0_dr0.8.stdout.txt,9169a836b3483bd7979bb2ad938c75c4532b2cab,80,git show archive/pre-cleanup-20261010:logs/p1_b_20260910/ramp_s262006_h35_t0_dr0.8.stdout.txt
logs/p1_b_20260910/ramp_s262006_h35_t0_dr1.6.json,e960d456d17354ea2b229a40232acb49dfdbaae5,869,git show archive/pre-cleanup-20261010:logs/p1_b_20260910/ramp_s262006_h35_t0_dr1.6.json
logs/p1_b_20260910/ramp_s262006_h35_t0_dr1.6.stdout.txt,0210de83831d43baba962c5d9324fb2acf8b89dd,80,git show archive/pre-cleanup-20261010:logs/p1_b_20260910/ramp_s262006_h35_t0_dr1.6.stdout.txt
logs/p1_b_20260910/ramp_s262006_h35_t120_dr0.1.json,c4a31ce35db873ff2d4654d49ab5cc5ea4385598,860,git show archive/pre-cleanup-20261010:logs/p1_b_20260910/ramp_s262006_h35_t120_dr0.1.json
logs/p1_b_20260910/ramp_s262006_h35_t120_dr0.1.stdout.txt,3e6c2b1cab422a6fc72e8a3f1bf86953fe9355cf,81,git show archive/pre-cleanup-20261010:logs/p1_b_20260910/ramp_s262006_h35_t120_dr0.1.stdout.txt
logs/p1_b_20260910/ramp_s262006_h35_t120_dr0.2.json,c7eeb51a63cc95aa3033e7259c593602bd022252,860,git show archive/pre-cleanup-20261010:logs/p1_b_20260910/ramp_s262006_h35_t120_dr0.2.json
logs/p1_b_20260910/ramp_s262006_h35_t120_dr0.2.stdout.txt,3e6c2b1cab422a6fc72e8a3f1bf86953fe9355cf,81,git show archive/pre-cleanup-20261010:logs/p1_b_20260910/ramp_s262006_h35_t120_dr0.2.stdout.txt
logs/p1_b_20260910/ramp_s262006_h35_t120_dr0.4.json,f461fe4405650629c12a31b9a4d932fa3fe4e2f0,860,git show archive/pre-cleanup-20261010:logs/p1_b_20260910/ramp_s262006_h35_t120_dr0.4.json
logs/p1_b_20260910/ramp_s262006_h35_t120_dr0.4.stdout.txt,3e6c2b1cab422a6fc72e8a3f1bf86953fe9355cf,81,git show archive/pre-cleanup-20261010:logs/p1_b_20260910/ramp_s262006_h35_t120_dr0.4.stdout.txt
logs/p1_b_20260910/ramp_s262006_h35_t120_dr0.8.json,ad34537c5a6e11096b32d4b1af3443ba711cb9d6,860,git show archive/pre-cleanup-20261010:logs/p1_b_20260910/ramp_s262006_h35_t120_dr0.8.json
logs/p1_b_20260910/ramp_s262006_h35_t120_dr0.8.stdout.txt,3e6c2b1cab422a6fc72e8a3f1bf86953fe9355cf,81,git show archive/pre-cleanup-20261010:logs/p1_b_20260910/ramp_s262006_h35_t120_dr0.8.stdout.txt
logs/p1_b_20260910/ramp_s262006_h35_t120_dr1.6.json,04b2aea48509161a3934abf3d69964c1a6449a7e,860,git show archive/pre-cleanup-20261010:logs/p1_b_20260910/ramp_s262006_h35_t120_dr1.6.json
logs/p1_b_20260910/ramp_s262006_h35_t120_dr1.6.stdout.txt,3e6c2b1cab422a6fc72e8a3f1bf86953fe9355cf,81,git show archive/pre-cleanup-20261010:logs/p1_b_20260910/ramp_s262006_h35_t120_dr1.6.stdout.txt
logs/p1_b_20260910/ramp_s262006_h35_t60_dr0.1.json,4d112d9eacd29018ea04249eaccbcaec29bb81a6,859,git show archive/pre-cleanup-20261010:logs/p1_b_20260910/ramp_s262006_h35_t60_dr0.1.json
logs/p1_b_20260910/ramp_s262006_h35_t60_dr0.1.stdout.txt,3e6c2b1cab422a6fc72e8a3f1bf86953fe9355cf,81,git show archive/pre-cleanup-20261010:logs/p1_b_20260910/ramp_s262006_h35_t60_dr0.1.stdout.txt
logs/p1_b_20260910/ramp_s262006_h35_t60_dr0.2.json,916c173efb97d3e06b489887fd87a9d17a8ddb55,859,git show archive/pre-cleanup-20261010:logs/p1_b_20260910/ramp_s262006_h35_t60_dr0.2.json
logs/p1_b_20260910/ramp_s262006_h35_t60_dr0.2.stdout.txt,3e6c2b1cab422a6fc72e8a3f1bf86953fe9355cf,81,git show archive/pre-cleanup-20261010:logs/p1_b_20260910/ramp_s262006_h35_t60_dr0.2.stdout.txt
logs/p1_b_20260910/ramp_s262006_h35_t60_dr0.4.json,d30ecd4d6f7149e1facfe3180bc5b9c0a637e511,859,git show archive/pre-cleanup-20261010:logs/p1_b_20260910/ramp_s262006_h35_t60_dr0.4.json
logs/p1_b_20260910/ramp_s262006_h35_t60_dr0.4.stdout.txt,3e6c2b1cab422a6fc72e8a3f1bf86953fe9355cf,81,git show archive/pre-cleanup-20261010:logs/p1_b_20260910/ramp_s262006_h35_t60_dr0.4.stdout.txt
logs/p1_b_20260910/ramp_s262006_h35_t60_dr0.8.json,2d851e0b7a4ae896ef29dc9507e8fda88c7fbfad,859,git show archive/pre-cleanup-20261010:logs/p1_b_20260910/ramp_s262006_h35_t60_dr0.8.json
logs/p1_b_20260910/ramp_s262006_h35_t60_dr0.8.stdout.txt,3e6c2b1cab422a6fc72e8a3f1bf86953fe9355cf,81,git show archive/pre-cleanup-20261010:logs/p1_b_20260910/ramp_s262006_h35_t60_dr0.8.stdout.txt
logs/p1_b_20260910/ramp_s262006_h35_t60_dr1.6.json,27cf7d5958fb63f4ef017105fe1685e46f58a21f,859,git show archive/pre-cleanup-20261010:logs/p1_b_20260910/ramp_s262006_h35_t60_dr1.6.json
logs/p1_b_20260910/ramp_s262006_h35_t60_dr1.6.stdout.txt,3e6c2b1cab422a6fc72e8a3f1bf86953fe9355cf,81,git show archive/pre-cleanup-20261010:logs/p1_b_20260910/ramp_s262006_h35_t60_dr1.6.stdout.txt
logs/p1_c_20260910/lateral_s262006_h20_axis0_angle-10.json,fc787dc6d99352b8363f18c6074b6703075e02fb,921,git show archive/pre-cleanup-20261010:logs/p1_c_20260910/lateral_s262006_h20_axis0_angle-10.json
logs/p1_c_20260910/lateral_s262006_h20_axis0_angle-10.stdout.txt,09d8d954f22b2948121a7cce48133a91319b0054,87,git show archive/pre-cleanup-20261010:logs/p1_c_20260910/lateral_s262006_h20_axis0_angle-10.stdout.txt
logs/p1_c_20260910/lateral_s262006_h20_axis0_angle-20.json,0bdb9366e46c5d9ead93919239706ea6f826d1b0,934,git show archive/pre-cleanup-20261010:logs/p1_c_20260910/lateral_s262006_h20_axis0_angle-20.json
logs/p1_c_20260910/lateral_s262006_h20_axis0_angle-20.stdout.txt,133899ad14c628403e43d7c290baa7859e9b5ef2,87,git show archive/pre-cleanup-20261010:logs/p1_c_20260910/lateral_s262006_h20_axis0_angle-20.stdout.txt
logs/p1_c_20260910/lateral_s262006_h20_axis0_angle-30.json,cfe7fb0e1df71cd9de08d12ef9b93515a344693e,921,git show archive/pre-cleanup-20261010:logs/p1_c_20260910/lateral_s262006_h20_axis0_angle-30.json
logs/p1_c_20260910/lateral_s262006_h20_axis0_angle-30.stdout.txt,f8f8cd938cfb51ff3d9e9fe9fc6f0c59362eba0a,87,git show archive/pre-cleanup-20261010:logs/p1_c_20260910/lateral_s262006_h20_axis0_angle-30.stdout.txt
logs/p1_c_20260910/lateral_s262006_h20_axis0_angle0.json,36ba55f21c3f8bfe9777aa8b01f470eaff18715a,886,git show archive/pre-cleanup-20261010:logs/p1_c_20260910/lateral_s262006_h20_axis0_angle0.json
logs/p1_c_20260910/lateral_s262006_h20_axis0_angle0.stdout.txt,cfad13c2269658de3ff504a3644ac040240042d6,87,git show archive/pre-cleanup-20261010:logs/p1_c_20260910/lateral_s262006_h20_axis0_angle0.stdout.txt
logs/p1_c_20260910/lateral_s262006_h20_axis0_angle10.json,d78af8f00fccc44ed7ee114286c71b92fb312d9e,934,git show archive/pre-cleanup-20261010:logs/p1_c_20260910/lateral_s262006_h20_axis0_angle10.json
logs/p1_c_20260910/lateral_s262006_h20_axis0_angle10.stdout.txt,98e57a1dfab0dcfc6d2f2fdab37a33738a2098ce,87,git show archive/pre-cleanup-20261010:logs/p1_c_20260910/lateral_s262006_h20_axis0_angle10.stdout.txt
logs/p1_c_20260910/lateral_s262006_h20_axis0_angle20.json,031710c5ec64743a690dea39aa02446a27dd376b,921,git show archive/pre-cleanup-20261010:logs/p1_c_20260910/lateral_s262006_h20_axis0_angle20.json
logs/p1_c_20260910/lateral_s262006_h20_axis0_angle20.stdout.txt,e2492efbe69e909d6fa0edf1160f00de1a444ed4,87,git show archive/pre-cleanup-20261010:logs/p1_c_20260910/lateral_s262006_h20_axis0_angle20.stdout.txt
logs/p1_c_20260910/lateral_s262006_h20_axis0_angle30.json,4374509522a0f386d80cb6cd16a72bdcfa0628e8,934,git show archive/pre-cleanup-20261010:logs/p1_c_20260910/lateral_s262006_h20_axis0_angle30.json
logs/p1_c_20260910/lateral_s262006_h20_axis0_angle30.stdout.txt,7a1dffb822261c4844401c75f80a67b103d01210,87,git show archive/pre-cleanup-20261010:logs/p1_c_20260910/lateral_s262006_h20_axis0_angle30.stdout.txt
logs/p1_c_20260910/lateral_s262006_h20_axis1_angle-10.json,b986b827955e4f255468014c7c32c536ebcc4454,904,git show archive/pre-cleanup-20261010:logs/p1_c_20260910/lateral_s262006_h20_axis1_angle-10.json
logs/p1_c_20260910/lateral_s262006_h20_axis1_angle-10.stdout.txt,98e57a1dfab0dcfc6d2f2fdab37a33738a2098ce,87,git show archive/pre-cleanup-20261010:logs/p1_c_20260910/lateral_s262006_h20_axis1_angle-10.stdout.txt
logs/p1_c_20260910/lateral_s262006_h20_axis1_angle-20.json,5ba902c06efbc5e13fe7cf3b9b9a3c5f67c8a96a,920,git show archive/pre-cleanup-20261010:logs/p1_c_20260910/lateral_s262006_h20_axis1_angle-20.json
logs/p1_c_20260910/lateral_s262006_h20_axis1_angle-20.stdout.txt,1c640d09e2f9d3d2692108b279a683513ed08ca0,87,git show archive/pre-cleanup-20261010:logs/p1_c_20260910/lateral_s262006_h20_axis1_angle-20.stdout.txt
logs/p1_c_20260910/lateral_s262006_h20_axis1_angle-30.json,53036a76801ca662397d2fd2133b7830d3421817,921,git show archive/pre-cleanup-20261010:logs/p1_c_20260910/lateral_s262006_h20_axis1_angle-30.json
logs/p1_c_20260910/lateral_s262006_h20_axis1_angle-30.stdout.txt,1c640d09e2f9d3d2692108b279a683513ed08ca0,87,git show archive/pre-cleanup-20261010:logs/p1_c_20260910/lateral_s262006_h20_axis1_angle-30.stdout.txt
logs/p1_c_20260910/lateral_s262006_h20_axis1_angle10.json,f1df2c7009dbeb5065fafc617964e9f76c6382c7,918,git show archive/pre-cleanup-20261010:logs/p1_c_20260910/lateral_s262006_h20_axis1_angle10.json
logs/p1_c_20260910/lateral_s262006_h20_axis1_angle10.stdout.txt,cd7060e9dc1df94f5e19d842bd14e097ee83289b,87,git show archive/pre-cleanup-20261010:logs/p1_c_20260910/lateral_s262006_h20_axis1_angle10.stdout.txt
logs/p1_c_20260910/lateral_s262006_h20_axis1_angle20.json,f1ea753246a10140e32233ac5958956f9fb7be1c,920,git show archive/pre-cleanup-20261010:logs/p1_c_20260910/lateral_s262006_h20_axis1_angle20.json
logs/p1_c_20260910/lateral_s262006_h20_axis1_angle20.stdout.txt,595586fe859f64e3cb3a37d30262bc1ddf131a9b,87,git show archive/pre-cleanup-20261010:logs/p1_c_20260910/lateral_s262006_h20_axis1_angle20.stdout.txt
logs/p1_c_20260910/lateral_s262006_h20_axis1_angle30.json,fd54aadc0e9f83c085f74922e88f74beecf2f278,921,git show archive/pre-cleanup-20261010:logs/p1_c_20260910/lateral_s262006_h20_axis1_angle30.json
logs/p1_c_20260910/lateral_s262006_h20_axis1_angle30.stdout.txt,a3305e6740b75bfb2865fb1e2d0976f2f77b3767,87,git show archive/pre-cleanup-20261010:logs/p1_c_20260910/lateral_s262006_h20_axis1_angle30.stdout.txt
logs/p1_c_20260910/lateral_s262006_h35_axis0_angle-10.json,a55a436144656a8de7f4e7c09a12b64a5736af32,918,git show archive/pre-cleanup-20261010:logs/p1_c_20260910/lateral_s262006_h35_axis0_angle-10.json
logs/p1_c_20260910/lateral_s262006_h35_axis0_angle-10.stdout.txt,c99595b47cf4813264fb16991b53767173458c35,87,git show archive/pre-cleanup-20261010:logs/p1_c_20260910/lateral_s262006_h35_axis0_angle-10.stdout.txt
logs/p1_c_20260910/lateral_s262006_h35_axis0_angle-20.json,821897c096729ea363326c22e5454069d22278e7,923,git show archive/pre-cleanup-20261010:logs/p1_c_20260910/lateral_s262006_h35_axis0_angle-20.json
logs/p1_c_20260910/lateral_s262006_h35_axis0_angle-20.stdout.txt,35c9ac16aedde8880b32af6a8c1e2ce61f450394,87,git show archive/pre-cleanup-20261010:logs/p1_c_20260910/lateral_s262006_h35_axis0_angle-20.stdout.txt
logs/p1_c_20260910/lateral_s262006_h35_axis0_angle-30.json,37a1b84383d9da8ebc52687c89b632b5e2aab4dc,922,git show archive/pre-cleanup-20261010:logs/p1_c_20260910/lateral_s262006_h35_axis0_angle-30.json
logs/p1_c_20260910/lateral_s262006_h35_axis0_angle-30.stdout.txt,76d7b09dd195dd376550add8d09b11decb057f63,87,git show archive/pre-cleanup-20261010:logs/p1_c_20260910/lateral_s262006_h35_axis0_angle-30.stdout.txt
logs/p1_c_20260910/lateral_s262006_h35_axis0_angle0.json,6242085cb60211cad35ef6cf9a8c942c991ee467,921,git show archive/pre-cleanup-20261010:logs/p1_c_20260910/lateral_s262006_h35_axis0_angle0.json
logs/p1_c_20260910/lateral_s262006_h35_axis0_angle0.stdout.txt,6d09e18de82f3df39cafd48ae91fa7e8c1c80b96,87,git show archive/pre-cleanup-20261010:logs/p1_c_20260910/lateral_s262006_h35_axis0_angle0.stdout.txt
logs/p1_c_20260910/lateral_s262006_h35_axis0_angle10.json,9777d173a654da60b978e2d9f144946e1db57db1,921,git show archive/pre-cleanup-20261010:logs/p1_c_20260910/lateral_s262006_h35_axis0_angle10.json
logs/p1_c_20260910/lateral_s262006_h35_axis0_angle10.stdout.txt,6d09e18de82f3df39cafd48ae91fa7e8c1c80b96,87,git show archive/pre-cleanup-20261010:logs/p1_c_20260910/lateral_s262006_h35_axis0_angle10.stdout.txt
logs/p1_c_20260910/lateral_s262006_h35_axis0_angle20.json,130765d7c8497f8cd1cb12052128298e421b9e97,920,git show archive/pre-cleanup-20261010:logs/p1_c_20260910/lateral_s262006_h35_axis0_angle20.json
logs/p1_c_20260910/lateral_s262006_h35_axis0_angle20.stdout.txt,649f37e7635c5a38e0fb3aa4160680b93e914abb,87,git show archive/pre-cleanup-20261010:logs/p1_c_20260910/lateral_s262006_h35_axis0_angle20.stdout.txt
logs/p1_c_20260910/lateral_s262006_h35_axis0_angle30.json,0da506916227ace0af9365a29cc6129f7bd40a11,921,git show archive/pre-cleanup-20261010:logs/p1_c_20260910/lateral_s262006_h35_axis0_angle30.json
logs/p1_c_20260910/lateral_s262006_h35_axis0_angle30.stdout.txt,ef7852363cb2c10ab14ba73448c4dafa59b0803f,87,git show archive/pre-cleanup-20261010:logs/p1_c_20260910/lateral_s262006_h35_axis0_angle30.stdout.txt
logs/p1_c_20260910/lateral_s262006_h35_axis1_angle-10.json,327f7d66b00be3b5cc19cf63a29dc1f2799e6cf4,935,git show archive/pre-cleanup-20261010:logs/p1_c_20260910/lateral_s262006_h35_axis1_angle-10.json
logs/p1_c_20260910/lateral_s262006_h35_axis1_angle-10.stdout.txt,fd54d1915648e452c1454357cc2d62f3248e2909,87,git show archive/pre-cleanup-20261010:logs/p1_c_20260910/lateral_s262006_h35_axis1_angle-10.stdout.txt
logs/p1_c_20260910/lateral_s262006_h35_axis1_angle-20.json,f1bdaed78ae42417c1b2c74de9f00edae9027b64,923,git show archive/pre-cleanup-20261010:logs/p1_c_20260910/lateral_s262006_h35_axis1_angle-20.json
logs/p1_c_20260910/lateral_s262006_h35_axis1_angle-20.stdout.txt,76d7b09dd195dd376550add8d09b11decb057f63,87,git show archive/pre-cleanup-20261010:logs/p1_c_20260910/lateral_s262006_h35_axis1_angle-20.stdout.txt
logs/p1_c_20260910/lateral_s262006_h35_axis1_angle-30.json,ab0928a02c67edd63612635aaabdb1577cb24d4f,922,git show archive/pre-cleanup-20261010:logs/p1_c_20260910/lateral_s262006_h35_axis1_angle-30.json
logs/p1_c_20260910/lateral_s262006_h35_axis1_angle-30.stdout.txt,76d7b09dd195dd376550add8d09b11decb057f63,87,git show archive/pre-cleanup-20261010:logs/p1_c_20260910/lateral_s262006_h35_axis1_angle-30.stdout.txt
logs/p1_c_20260910/lateral_s262006_h35_axis1_angle10.json,778db752f2d8ce39d069464320fa4eacb20b4d70,935,git show archive/pre-cleanup-20261010:logs/p1_c_20260910/lateral_s262006_h35_axis1_angle10.json
logs/p1_c_20260910/lateral_s262006_h35_axis1_angle10.stdout.txt,62e28554abe9b59261735729f0712218b51ad06a,87,git show archive/pre-cleanup-20261010:logs/p1_c_20260910/lateral_s262006_h35_axis1_angle10.stdout.txt
logs/p1_c_20260910/lateral_s262006_h35_axis1_angle20.json,af5ae923f3d3e0fddddf26e078f544ac36096474,933,git show archive/pre-cleanup-20261010:logs/p1_c_20260910/lateral_s262006_h35_axis1_angle20.json
logs/p1_c_20260910/lateral_s262006_h35_axis1_angle20.stdout.txt,9e52e9791ab3855e1a87474ddcd4aadd19278a66,87,git show archive/pre-cleanup-20261010:logs/p1_c_20260910/lateral_s262006_h35_axis1_angle20.stdout.txt
logs/p1_c_20260910/lateral_s262006_h35_axis1_angle30.json,cc49663bab35ac117eb475b407f802a1ae148171,921,git show archive/pre-cleanup-20261010:logs/p1_c_20260910/lateral_s262006_h35_axis1_angle30.json
logs/p1_c_20260910/lateral_s262006_h35_axis1_angle30.stdout.txt,c581d5feae9e585871fa0eae9a462e8db5855b65,87,git show archive/pre-cleanup-20261010:logs/p1_c_20260910/lateral_s262006_h35_axis1_angle30.stdout.txt
logs/p1_c_20260910/manifest.json,ced394f5d23642b0cfef818d8505e389cd1b36cb,9731,git show archive/pre-cleanup-20261010:logs/p1_c_20260910/manifest.json
logs/p2_feedback_20260910/analysis.json,85470d9434ce6431de64f1734eb409442a8c8b07,21617,git show archive/pre-cleanup-20261010:logs/p2_feedback_20260910/analysis.json
logs/p2_feedback_20260910/case_0_s262005_h20_success.json,9e63a20c549b86c0618a897dc9cc4b1fa7e66a4d,44934,git show archive/pre-cleanup-20261010:logs/p2_feedback_20260910/case_0_s262005_h20_success.json
logs/p2_feedback_20260910/case_0_s262005_h20_success.stdout.txt,a2e160f3d91b1b01e85144671a3897ea93835b7d,83,git show archive/pre-cleanup-20261010:logs/p2_feedback_20260910/case_0_s262005_h20_success.stdout.txt
logs/p2_feedback_20260910/case_1_s262005_h20_failure.json,9bb7d305c074f5708ce26bc3759b6f09ba20949c,16084,git show archive/pre-cleanup-20261010:logs/p2_feedback_20260910/case_1_s262005_h20_failure.json
logs/p2_feedback_20260910/case_1_s262005_h20_failure.stdout.txt,28f1eb46552c5ec09ab9dac460c7ab8b27d6784a,82,git show archive/pre-cleanup-20261010:logs/p2_feedback_20260910/case_1_s262005_h20_failure.stdout.txt
logs/p2_feedback_20260910/case_2_s262005_h35_success.json,2cb33141bf57c9e10dab37c46c7965ff681a1ffe,15690,git show archive/pre-cleanup-20261010:logs/p2_feedback_20260910/case_2_s262005_h35_success.json
logs/p2_feedback_20260910/case_2_s262005_h35_success.stdout.txt,904f206131135ca3e98537565bf4d197574c08c3,84,git show archive/pre-cleanup-20261010:logs/p2_feedback_20260910/case_2_s262005_h35_success.stdout.txt
logs/p2_feedback_20260910/case_3_s262005_h35_failure.json,53e1c4f4f041fdb2f0f92851d85d5dfebb7bff51,5848,git show archive/pre-cleanup-20261010:logs/p2_feedback_20260910/case_3_s262005_h35_failure.json
logs/p2_feedback_20260910/case_3_s262005_h35_failure.stdout.txt,8935d98b66fefd3b1b906a732ec1c79bbb7a9261,82,git show archive/pre-cleanup-20261010:logs/p2_feedback_20260910/case_3_s262005_h35_failure.stdout.txt
logs/p2_feedback_20260910/case_4_s262006_h20_failure.json,04479436d4d9bfd8e724f4c8939fbd6787f16992,5591,git show archive/pre-cleanup-20261010:logs/p2_feedback_20260910/case_4_s262006_h20_failure.json
logs/p2_feedback_20260910/case_4_s262006_h20_failure.stdout.txt,2d9ab995befea4d22f34b91258effdd00bb95b7f,82,git show archive/pre-cleanup-20261010:logs/p2_feedback_20260910/case_4_s262006_h20_failure.stdout.txt
logs/p2_feedback_20260910/case_5_s262006_h35_failure.json,a7d91b2dcf5c6b3e4874bc2d07681ec378a08a9d,4788,git show archive/pre-cleanup-20261010:logs/p2_feedback_20260910/case_5_s262006_h35_failure.json
logs/p2_feedback_20260910/case_5_s262006_h35_failure.stdout.txt,5489a08c159591466ca0703deabe9e53fbf66394,82,git show archive/pre-cleanup-20261010:logs/p2_feedback_20260910/case_5_s262006_h35_failure.stdout.txt
logs/p2_feedback_20260910/manifest.json,4415bed2004cc799dc35cc249ddf3adb639aafe8,4890,git show archive/pre-cleanup-20261010:logs/p2_feedback_20260910/manifest.json
logs/p2_feedback_20260910/pytest.txt,7f911747a7f12da997a53462e34617d863683bf6,272,git show archive/pre-cleanup-20261010:logs/p2_feedback_20260910/pytest.txt
logs/phase2_mission_full_validation/full_mission_scripted_20_seed262000.json,e72f4424e30fa2db0bccb03844fad5f3eed0c1b8,27514,git show archive/pre-cleanup-20261010:logs/phase2_mission_full_validation/full_mission_scripted_20_seed262000.json
logs/phase2_mission_s1_adaptive_actioncontrast_seed260814/evaluations/evaluation_000050000.json,f4f997732e3ba87aa946ce396e77a12a8f4db6c0,21755,git show archive/pre-cleanup-20261010:logs/phase2_mission_s1_adaptive_actioncontrast_seed260814/evaluations/evaluation_000050000.json
logs/phase2_mission_s1_adaptive_actioncontrast_seed260814/evaluations/evaluation_000100000.json,6337df32a0a5c2fd93085fc38b5b78b4f52c10e7,21730,git show archive/pre-cleanup-20261010:logs/phase2_mission_s1_adaptive_actioncontrast_seed260814/evaluations/evaluation_000100000.json
logs/phase2_mission_s1_adaptive_actioncontrast_seed260814/evaluations/evaluation_000150000.json,ab1ed611a46d1ea5a76a8f7d1d892d5c4cecbe35,21791,git show archive/pre-cleanup-20261010:logs/phase2_mission_s1_adaptive_actioncontrast_seed260814/evaluations/evaluation_000150000.json
logs/phase2_mission_s1_adaptive_actioncontrast_seed260814/evaluations/evaluation_000200000.json,51ea697265551eec5ddfb980faafdfcb6f269038,21773,git show archive/pre-cleanup-20261010:logs/phase2_mission_s1_adaptive_actioncontrast_seed260814/evaluations/evaluation_000200000.json
logs/phase2_mission_s1_adaptive_actioncontrast_seed260814/evaluations/evaluation_000250000.json,4e37f93a5dd9e1703995853eaddabd888814518c,21768,git show archive/pre-cleanup-20261010:logs/phase2_mission_s1_adaptive_actioncontrast_seed260814/evaluations/evaluation_000250000.json
logs/phase2_mission_s1_adaptive_actioncontrast_seed260814/manifest.json,7c36e40b4e911e7bed0ef44ccb61b410ae9bdcf6,14399,git show archive/pre-cleanup-20261010:logs/phase2_mission_s1_adaptive_actioncontrast_seed260814/manifest.json
logs/phase2_mission_s1_adaptive_actioncontrast_seed260814/phase2_diagnostics.json,0d00f30619831125b81e41ce081563bf6dd5484f,546909,git show archive/pre-cleanup-20261010:logs/phase2_mission_s1_adaptive_actioncontrast_seed260814/phase2_diagnostics.json
"""logs/phase2_mission_s1_adaptive_actioncontrast_seed260814/tensorboard/SAC_1/events.out.tfevents.1786681445.\351\243\216\351\223\203.13952.0""",0f8c3854977b471fa2405aee9ad936aca5ccf277,109571,"git show archive/pre-cleanup-20261010:""logs/phase2_mission_s1_adaptive_actioncontrast_seed260814/tensorboard/SAC_1/events.out.tfevents.1786681445.\351\243\216\351\223\203.13952.0"""
logs/phase2_mission_s1_adaptive_actioncontrast_seed260814/train.monitor.csv,a45adb0a5cc587d2aae4624d45acee338a22197e,75689,git show archive/pre-cleanup-20261010:logs/phase2_mission_s1_adaptive_actioncontrast_seed260814/train.monitor.csv
logs/phase2_mission_s1_cone20_autoent_seed260814/evaluations/evaluation_000050000.json,d89b26569138f16e0bdfa48f061fd760b4c68d52,21835,git show archive/pre-cleanup-20261010:logs/phase2_mission_s1_cone20_autoent_seed260814/evaluations/evaluation_000050000.json
logs/phase2_mission_s1_cone20_autoent_seed260814/evaluations/evaluation_000100000.json,202b1eb92d928cb4925e363ace3e77b2cb4e4fec,21829,git show archive/pre-cleanup-20261010:logs/phase2_mission_s1_cone20_autoent_seed260814/evaluations/evaluation_000100000.json
logs/phase2_mission_s1_cone20_autoent_seed260814/evaluations/evaluation_000150000.json,8a0eaca13cf4c2ee676129be5e0370d4428cb4c5,21795,git show archive/pre-cleanup-20261010:logs/phase2_mission_s1_cone20_autoent_seed260814/evaluations/evaluation_000150000.json
logs/phase2_mission_s1_cone20_autoent_seed260814/evaluations/evaluation_000200000.json,ec1f9d87fc43d31cfc172d96863b5cff1355779e,21802,git show archive/pre-cleanup-20261010:logs/phase2_mission_s1_cone20_autoent_seed260814/evaluations/evaluation_000200000.json
logs/phase2_mission_s1_cone20_autoent_seed260814/evaluations/evaluation_000250000.json,321f39553f2b6b52f7d89b03610ebebd70fa66e8,21816,git show archive/pre-cleanup-20261010:logs/phase2_mission_s1_cone20_autoent_seed260814/evaluations/evaluation_000250000.json
logs/phase2_mission_s1_cone20_autoent_seed260814/manifest.json,0fb58a1b204bcae4c3dc10e1862bfd2bdc7e9424,14498,git show archive/pre-cleanup-20261010:logs/phase2_mission_s1_cone20_autoent_seed260814/manifest.json
logs/phase2_mission_s1_cone20_autoent_seed260814/phase2_diagnostics.json,b4b301d6044495eea4de150eb37a1a8bb9f5bd26,691901,git show archive/pre-cleanup-20261010:logs/phase2_mission_s1_cone20_autoent_seed260814/phase2_diagnostics.json
"""logs/phase2_mission_s1_cone20_autoent_seed260814/tensorboard/SAC_1/events.out.tfevents.1786712138.\351\243\216\351\223\203.8232.0""",4b27b0ef449f10bedd3f03b6c2d78f6b8248161d,81327,"git show archive/pre-cleanup-20261010:""logs/phase2_mission_s1_cone20_autoent_seed260814/tensorboard/SAC_1/events.out.tfevents.1786712138.\351\243\216\351\223\203.8232.0"""
logs/phase2_mission_s1_cone20_autoent_seed260814/train.monitor.csv,fb1f97f96a10a06ecd5550d09522970e9a48c4f5,59773,git show archive/pre-cleanup-20261010:logs/phase2_mission_s1_cone20_autoent_seed260814/train.monitor.csv
logs/phase2_mission_s1_cone20_bodyobs_autoent_seed260814/evaluations/evaluation_000050000.json,03139b0ff6e9ef5ebe9ca631092a3229240f26f1,21826,git show archive/pre-cleanup-20261010:logs/phase2_mission_s1_cone20_bodyobs_autoent_seed260814/evaluations/evaluation_000050000.json
logs/phase2_mission_s1_cone20_bodyobs_autoent_seed260814/evaluations/evaluation_000100000.json,8e36b2b8cef94e6a865868dc43e0b94e1afdea2d,21835,git show archive/pre-cleanup-20261010:logs/phase2_mission_s1_cone20_bodyobs_autoent_seed260814/evaluations/evaluation_000100000.json
logs/phase2_mission_s1_cone20_bodyobs_autoent_seed260814/evaluations/evaluation_000150000.json,66abca122e8bb658d94d768f3ce495402a5b1d9c,21828,git show archive/pre-cleanup-20261010:logs/phase2_mission_s1_cone20_bodyobs_autoent_seed260814/evaluations/evaluation_000150000.json
logs/phase2_mission_s1_cone20_bodyobs_autoent_seed260814/evaluations/evaluation_000200000.json,e2e81b51b2ca6a517411cd691ef4b4e60f98797f,21811,git show archive/pre-cleanup-20261010:logs/phase2_mission_s1_cone20_bodyobs_autoent_seed260814/evaluations/evaluation_000200000.json
logs/phase2_mission_s1_cone20_bodyobs_autoent_seed260814/evaluations/evaluation_000250000.json,db924145ac191f2f2b940e20c5f0992937beb5fb,21805,git show archive/pre-cleanup-20261010:logs/phase2_mission_s1_cone20_bodyobs_autoent_seed260814/evaluations/evaluation_000250000.json
logs/phase2_mission_s1_cone20_bodyobs_autoent_seed260814/manifest.json,7c995537eae877650310ab8690beece7b8a32fb0,14667,git show archive/pre-cleanup-20261010:logs/phase2_mission_s1_cone20_bodyobs_autoent_seed260814/manifest.json
logs/phase2_mission_s1_cone20_bodyobs_autoent_seed260814/phase2_diagnostics.json,084fe7bea7e3743af53f7487de4e32304f5dfee7,628818,git show archive/pre-cleanup-20261010:logs/phase2_mission_s1_cone20_bodyobs_autoent_seed260814/phase2_diagnostics.json
"""logs/phase2_mission_s1_cone20_bodyobs_autoent_seed260814/tensorboard/SAC_1/events.out.tfevents.1786717772.\351\243\216\351\223\203.14940.0""",c34ab7e3e08ce0ef24ce196ed3de956b2b3bf1a5,73668,"git show archive/pre-cleanup-20261010:""logs/phase2_mission_s1_cone20_bodyobs_autoent_seed260814/tensorboard/SAC_1/events.out.tfevents.1786717772.\351\243\216\351\223\203.14940.0"""
logs/phase2_mission_s1_cone20_bodyobs_autoent_seed260814/train.monitor.csv,4e436363c74ab84c52b941f6fc507caf1dc673f0,54099,git show archive/pre-cleanup-20261010:logs/phase2_mission_s1_cone20_bodyobs_autoent_seed260814/train.monitor.csv
logs/phase2_mission_s1_cone20_bodyobs_autoent_tau001_seed260814/evaluations/evaluation_000050000.json,3060e4af7a8a128e23720e9cffa4f87e0ed71e32,21748,git show archive/pre-cleanup-20261010:logs/phase2_mission_s1_cone20_bodyobs_autoent_tau001_seed260814/evaluations/evaluation_000050000.json
logs/phase2_mission_s1_cone20_bodyobs_autoent_tau001_seed260814/evaluations/evaluation_000100000.json,ce20397f4b1a575dbe9b439a37bb956deaf7156e,21836,git show archive/pre-cleanup-20261010:logs/phase2_mission_s1_cone20_bodyobs_autoent_tau001_seed260814/evaluations/evaluation_000100000.json
logs/phase2_mission_s1_cone20_bodyobs_autoent_tau001_seed260814/evaluations/evaluation_000150000.json,8e35d944b3db8852ab7c87ca8d9a0f0df187224b,21779,git show archive/pre-cleanup-20261010:logs/phase2_mission_s1_cone20_bodyobs_autoent_tau001_seed260814/evaluations/evaluation_000150000.json
logs/phase2_mission_s1_cone20_bodyobs_autoent_tau001_seed260814/evaluations/evaluation_000200000.json,568bc4ecfc629fc548eb648a4f1d1634f37ca8dc,21810,git show archive/pre-cleanup-20261010:logs/phase2_mission_s1_cone20_bodyobs_autoent_tau001_seed260814/evaluations/evaluation_000200000.json
logs/phase2_mission_s1_cone20_bodyobs_autoent_tau001_seed260814/evaluations/evaluation_000250000.json,200a51480061a5c001a6929506fdc51ffbfff960,21840,git show archive/pre-cleanup-20261010:logs/phase2_mission_s1_cone20_bodyobs_autoent_tau001_seed260814/evaluations/evaluation_000250000.json
logs/phase2_mission_s1_cone20_bodyobs_autoent_tau001_seed260814/manifest.json,cb694b6a7df6782c1520ca25800cd4a647111f1c,14739,git show archive/pre-cleanup-20261010:logs/phase2_mission_s1_cone20_bodyobs_autoent_tau001_seed260814/manifest.json
logs/phase2_mission_s1_cone20_bodyobs_autoent_tau001_seed260814/phase2_diagnostics.json,d7c4aea28f51e6c1e9eeb7e8bd1d1d98ccbccf57,514176,git show archive/pre-cleanup-20261010:logs/phase2_mission_s1_cone20_bodyobs_autoent_tau001_seed260814/phase2_diagnostics.json
"""logs/phase2_mission_s1_cone20_bodyobs_autoent_tau001_seed260814/tensorboard/SAC_1/events.out.tfevents.1786722836.\351\243\216\351\223\203.7148.0""",a5a37ff46310f0af3eb7b41fa975415602962fc8,59695,"git show archive/pre-cleanup-20261010:""logs/phase2_mission_s1_cone20_bodyobs_autoent_tau001_seed260814/tensorboard/SAC_1/events.out.tfevents.1786722836.\351\243\216\351\223\203.7148.0"""
logs/phase2_mission_s1_cone20_bodyobs_autoent_tau001_seed260814/train.monitor.csv,ca027b1fe9a73e386becdc48822e0ca8c65e6a37,43746,git show archive/pre-cleanup-20261010:logs/phase2_mission_s1_cone20_bodyobs_autoent_tau001_seed260814/train.monitor.csv
logs/phase2_mission_s1_fullcanonical_autoent_seed260814/evaluations/evaluation_000050000.json,af392dd16b5dfe046dc02b64759d5d8acca97f9f,21753,git show archive/pre-cleanup-20261010:logs/phase2_mission_s1_fullcanonical_autoent_seed260814/evaluations/evaluation_000050000.json
logs/phase2_mission_s1_fullcanonical_autoent_seed260814/evaluations/evaluation_000100000.json,4db4b573c4e63c5ba4a2430f7b380696e4a1d90f,21804,git show archive/pre-cleanup-20261010:logs/phase2_mission_s1_fullcanonical_autoent_seed260814/evaluations/evaluation_000100000.json
logs/phase2_mission_s1_fullcanonical_autoent_seed260814/evaluations/evaluation_000150000.json,cdae26889670102703e3b519d014cd4d2b44f59b,21732,git show archive/pre-cleanup-20261010:logs/phase2_mission_s1_fullcanonical_autoent_seed260814/evaluations/evaluation_000150000.json
logs/phase2_mission_s1_fullcanonical_autoent_seed260814/evaluations/evaluation_000200000.json,96bb9e65e59d26681b01456c03c868b9074f353b,21793,git show archive/pre-cleanup-20261010:logs/phase2_mission_s1_fullcanonical_autoent_seed260814/evaluations/evaluation_000200000.json
logs/phase2_mission_s1_fullcanonical_autoent_seed260814/evaluations/evaluation_000250000.json,165cdd2e892c46c6217bbb3fd3324050397ae508,21769,git show archive/pre-cleanup-20261010:logs/phase2_mission_s1_fullcanonical_autoent_seed260814/evaluations/evaluation_000250000.json
logs/phase2_mission_s1_fullcanonical_autoent_seed260814/manifest.json,68be1ed56bbb0d0086cd5c8b3d0f2e9e162e7a5e,14512,git show archive/pre-cleanup-20261010:logs/phase2_mission_s1_fullcanonical_autoent_seed260814/manifest.json
logs/phase2_mission_s1_fullcanonical_autoent_seed260814/phase2_diagnostics.json,e58bfa999638811bb0400696c67a8037ad992df3,650185,git show archive/pre-cleanup-20261010:logs/phase2_mission_s1_fullcanonical_autoent_seed260814/phase2_diagnostics.json
"""logs/phase2_mission_s1_fullcanonical_autoent_seed260814/tensorboard/SAC_1/events.out.tfevents.1786694811.\351\243\216\351\223\203.23100.0""",d3657a6ebf6c9278b878049ef9949ae0a8bffb5b,76366,"git show archive/pre-cleanup-20261010:""logs/phase2_mission_s1_fullcanonical_autoent_seed260814/tensorboard/SAC_1/events.out.tfevents.1786694811.\351\243\216\351\223\203.23100.0"""
logs/phase2_mission_s1_fullcanonical_autoent_seed260814/train.monitor.csv,b784b1e4e670dffe2d87303d78f667adef804f9b,55987,git show archive/pre-cleanup-20261010:logs/phase2_mission_s1_fullcanonical_autoent_seed260814/train.monitor.csv
logs/phase2_mission_s1_fullcanonical_localprogress_autoent_seed260814/evaluations/evaluation_000050000.json,2c09c6414c4d43e820c97d8c9f01c0e3cbbf2a01,21783,git show archive/pre-cleanup-20261010:logs/phase2_mission_s1_fullcanonical_localprogress_autoent_seed260814/evaluations/evaluation_000050000.json
logs/phase2_mission_s1_fullcanonical_localprogress_autoent_seed260814/evaluations/evaluation_000100000.json,5fe6ad7e79cc29149164a686c1fbcc67a148c9f6,21789,git show archive/pre-cleanup-20261010:logs/phase2_mission_s1_fullcanonical_localprogress_autoent_seed260814/evaluations/evaluation_000100000.json
logs/phase2_mission_s1_fullcanonical_localprogress_autoent_seed260814/evaluations/evaluation_000150000.json,0a5009327861823281b64d43bc8ea7b027d6b463,21773,git show archive/pre-cleanup-20261010:logs/phase2_mission_s1_fullcanonical_localprogress_autoent_seed260814/evaluations/evaluation_000150000.json
logs/phase2_mission_s1_fullcanonical_localprogress_autoent_seed260814/evaluations/evaluation_000200000.json,b39bb807839afda84db2ae1a32cd8abd51ccd670,21779,git show archive/pre-cleanup-20261010:logs/phase2_mission_s1_fullcanonical_localprogress_autoent_seed260814/evaluations/evaluation_000200000.json
logs/phase2_mission_s1_fullcanonical_localprogress_autoent_seed260814/evaluations/evaluation_000250000.json,10ec6a07425cefa2195f08d120e5378f73e6b3f6,21692,git show archive/pre-cleanup-20261010:logs/phase2_mission_s1_fullcanonical_localprogress_autoent_seed260814/evaluations/evaluation_000250000.json
logs/phase2_mission_s1_fullcanonical_localprogress_autoent_seed260814/manifest.json,51637fd139f283e28874ec2cbb91f19fed1fa23d,14540,git show archive/pre-cleanup-20261010:logs/phase2_mission_s1_fullcanonical_localprogress_autoent_seed260814/manifest.json
logs/phase2_mission_s1_fullcanonical_localprogress_autoent_seed260814/phase2_diagnostics.json,1cbb0f6b5def2388502b1092236ab6abe05365b1,721812,git show archive/pre-cleanup-20261010:logs/phase2_mission_s1_fullcanonical_localprogress_autoent_seed260814/phase2_diagnostics.json
"""logs/phase2_mission_s1_fullcanonical_localprogress_autoent_seed260814/tensorboard/SAC_1/events.out.tfevents.1786705707.\351\243\216\351\223\203.2760.0""",9031c2d236f39e9118ca77160da860f1ed3fa6be,84935,"git show archive/pre-cleanup-20261010:""logs/phase2_mission_s1_fullcanonical_localprogress_autoent_seed260814/tensorboard/SAC_1/events.out.tfevents.1786705707.\351\243\216\351\223\203.2760.0"""
logs/phase2_mission_s1_fullcanonical_localprogress_autoent_seed260814/train.monitor.csv,4af10b2fda969fb43d1f981699359f781600de8f,62454,git show archive/pre-cleanup-20261010:logs/phase2_mission_s1_fullcanonical_localprogress_autoent_seed260814/train.monitor.csv
logs/phase2_mission_s1_fullcanonical_seed260814/evaluations/evaluation_000050000.json,90be77b5c22372476b11f6372bf155b009fae507,21776,git show archive/pre-cleanup-20261010:logs/phase2_mission_s1_fullcanonical_seed260814/evaluations/evaluation_000050000.json
logs/phase2_mission_s1_fullcanonical_seed260814/evaluations/evaluation_000100000.json,edaf6fd471df1c87ee1e4d88f159833247807ec5,21794,git show archive/pre-cleanup-20261010:logs/phase2_mission_s1_fullcanonical_seed260814/evaluations/evaluation_000100000.json
logs/phase2_mission_s1_fullcanonical_seed260814/evaluations/evaluation_000150000.json,5b499725daf2ee61a747736a203cd745ab686546,21785,git show archive/pre-cleanup-20261010:logs/phase2_mission_s1_fullcanonical_seed260814/evaluations/evaluation_000150000.json
logs/phase2_mission_s1_fullcanonical_seed260814/evaluations/evaluation_000200000.json,17f310e2729ff5b758e06f39fe7e46caddab85fc,21737,git show archive/pre-cleanup-20261010:logs/phase2_mission_s1_fullcanonical_seed260814/evaluations/evaluation_000200000.json
logs/phase2_mission_s1_fullcanonical_seed260814/evaluations/evaluation_000250000.json,c6104f001b867d0038cd56cb131ae62ba5ad4368,21780,git show archive/pre-cleanup-20261010:logs/phase2_mission_s1_fullcanonical_seed260814/evaluations/evaluation_000250000.json
logs/phase2_mission_s1_fullcanonical_seed260814/manifest.json,1e02635ead1ec589f8015dbfd4436132836c9924,14519,git show archive/pre-cleanup-20261010:logs/phase2_mission_s1_fullcanonical_seed260814/manifest.json
logs/phase2_mission_s1_fullcanonical_seed260814/phase2_diagnostics.json,b06c76e918d4811b070aa1a1b5b32ae46609c52c,705071,git show archive/pre-cleanup-20261010:logs/phase2_mission_s1_fullcanonical_seed260814/phase2_diagnostics.json
"""logs/phase2_mission_s1_fullcanonical_seed260814/tensorboard/SAC_1/events.out.tfevents.1786688953.\351\243\216\351\223\203.2104.0""",7a487d07d34f5c4220a62f7aedd44831bf02a6de,72184,"git show archive/pre-cleanup-20261010:""logs/phase2_mission_s1_fullcanonical_seed260814/tensorboard/SAC_1/events.out.tfevents.1786688953.\351\243\216\351\223\203.2104.0"""
logs/phase2_mission_s1_fullcanonical_seed260814/train.monitor.csv,f394ab39055691b43f71c5efe0db560cded9be51,60964,git show archive/pre-cleanup-20261010:logs/phase2_mission_s1_fullcanonical_seed260814/train.monitor.csv
logs/phase2_mission_s1_rewardfix_seed260813/evaluations/evaluation_000050000.json,4abdc45b7d3cd1d7e3e4050e6bf1cdeee4c7aead,20900,git show archive/pre-cleanup-20261010:logs/phase2_mission_s1_rewardfix_seed260813/evaluations/evaluation_000050000.json
logs/phase2_mission_s1_rewardfix_seed260813/evaluations/evaluation_000100000.json,ad55ba361d01d8bef402d343704d378e55c9995a,20911,git show archive/pre-cleanup-20261010:logs/phase2_mission_s1_rewardfix_seed260813/evaluations/evaluation_000100000.json
logs/phase2_mission_s1_rewardfix_seed260813/evaluations/evaluation_000150000.json,71bf20f2cbb1543de81174e77d1a732a884ec552,20913,git show archive/pre-cleanup-20261010:logs/phase2_mission_s1_rewardfix_seed260813/evaluations/evaluation_000150000.json
logs/phase2_mission_s1_rewardfix_seed260813/evaluations/evaluation_000200000.json,986e64a1abc032955b4915ae300825e968791937,20885,git show archive/pre-cleanup-20261010:logs/phase2_mission_s1_rewardfix_seed260813/evaluations/evaluation_000200000.json
logs/phase2_mission_s1_rewardfix_seed260813/evaluations/evaluation_000250000.json,980e2944ed55fd0f391fd3c4385e37bbfad464da,20927,git show archive/pre-cleanup-20261010:logs/phase2_mission_s1_rewardfix_seed260813/evaluations/evaluation_000250000.json
logs/phase2_mission_s1_rewardfix_seed260813/formal_eval_30_seed261000.json,992e6c706dd22193ef4210efe1d1c6c2dc8d29c9,51133,git show archive/pre-cleanup-20261010:logs/phase2_mission_s1_rewardfix_seed260813/formal_eval_30_seed261000.json
logs/phase2_mission_s1_rewardfix_seed260813/manifest.json,a11bb58aca6488ccc88532aa37c1bb6a996d1925,12577,git show archive/pre-cleanup-20261010:logs/phase2_mission_s1_rewardfix_seed260813/manifest.json
logs/phase2_mission_s1_rewardfix_seed260813/phase2_diagnostics.json,ac968c922c5b9627589e9b149b6c3f272e577ef3,201209,git show archive/pre-cleanup-20261010:logs/phase2_mission_s1_rewardfix_seed260813/phase2_diagnostics.json
"""logs/phase2_mission_s1_rewardfix_seed260813/tensorboard/SAC_1/events.out.tfevents.1786621833.\351\243\216\351\223\203.19396.0""",38f81d5339877e9ccf7bc2f783885a07ded7ca73,58377,"git show archive/pre-cleanup-20261010:""logs/phase2_mission_s1_rewardfix_seed260813/tensorboard/SAC_1/events.out.tfevents.1786621833.\351\243\216\351\223\203.19396.0"""
logs/phase2_mission_s1_rewardfix_seed260813/train.monitor.csv,13adeffe520b8ad53aa737faeec30c4312c23744,33987,git show archive/pre-cleanup-20261010:logs/phase2_mission_s1_rewardfix_seed260813/train.monitor.csv
logs/phase2_mission_s1_seed260813/evaluations/evaluation_000050000.json,fd9f1325f59480949497d222f29be5191513050f,18244,git show archive/pre-cleanup-20261010:logs/phase2_mission_s1_seed260813/evaluations/evaluation_000050000.json
logs/phase2_mission_s1_seed260813/evaluations/evaluation_000100000.json,4ec285aae8b0bcb8fd0ca6408e171e6b481b7b85,18217,git show archive/pre-cleanup-20261010:logs/phase2_mission_s1_seed260813/evaluations/evaluation_000100000.json
logs/phase2_mission_s1_seed260813/evaluations/evaluation_000150000.json,44e3ecf5f3dae6f7730c86181681cead601f193c,18241,git show archive/pre-cleanup-20261010:logs/phase2_mission_s1_seed260813/evaluations/evaluation_000150000.json
logs/phase2_mission_s1_seed260813/evaluations/evaluation_000200000.json,c16b36efe8fdc32b7eee709ad9bba87574bff77b,18268,git show archive/pre-cleanup-20261010:logs/phase2_mission_s1_seed260813/evaluations/evaluation_000200000.json
logs/phase2_mission_s1_seed260813/evaluations/evaluation_000250000.json,58eda884e4bdb078f24082c57d266db742490a2e,18295,git show archive/pre-cleanup-20261010:logs/phase2_mission_s1_seed260813/evaluations/evaluation_000250000.json
logs/phase2_mission_s1_seed260813/formal_eval_30_seed260900.json,db3186bac195cd9bfb78bc3e5c1d786c3e7f570d,49360,git show archive/pre-cleanup-20261010:logs/phase2_mission_s1_seed260813/formal_eval_30_seed260900.json
logs/phase2_mission_s1_seed260813/manifest.json,1a0c10dc3b9a2cb10a31a229c539bd9723aedec0,12557,git show archive/pre-cleanup-20261010:logs/phase2_mission_s1_seed260813/manifest.json
logs/phase2_mission_s1_seed260813/phase2_diagnostics.json,66e51b1d4470392a7dccf05e18118fec9e36e5e5,453811,git show archive/pre-cleanup-20261010:logs/phase2_mission_s1_seed260813/phase2_diagnostics.json
"""logs/phase2_mission_s1_seed260813/tensorboard/SAC_1/events.out.tfevents.1786602479.\351\243\216\351\223\203.9568.0""",f64e7ce5a933ab2a10d21fce0aa6bcfaa56607a1,132878,"git show archive/pre-cleanup-20261010:""logs/phase2_mission_s1_seed260813/tensorboard/SAC_1/events.out.tfevents.1786602479.\351\243\216\351\223\203.9568.0"""
logs/phase2_mission_s1_seed260813/train.monitor.csv,573eedd804ebfb591523b8a821c1de6792591ba2,77948,git show archive/pre-cleanup-20261010:logs/phase2_mission_s1_seed260813/train.monitor.csv
logs/phase2_mission_s1_semanticfix_seed260813/evaluations/evaluation_000050000.json,78f0156e1496766657243b5e7ea380530c7f04db,20985,git show archive/pre-cleanup-20261010:logs/phase2_mission_s1_semanticfix_seed260813/evaluations/evaluation_000050000.json
logs/phase2_mission_s1_semanticfix_seed260813/evaluations/evaluation_000100000.json,c1dbde8565d17c10dc264d11f6e24d65e86b3f44,20974,git show archive/pre-cleanup-20261010:logs/phase2_mission_s1_semanticfix_seed260813/evaluations/evaluation_000100000.json
logs/phase2_mission_s1_semanticfix_seed260813/evaluations/evaluation_000150000.json,2add2724b3d04dcff3e7be9b4f843d01cd0097bc,20951,git show archive/pre-cleanup-20261010:logs/phase2_mission_s1_semanticfix_seed260813/evaluations/evaluation_000150000.json
logs/phase2_mission_s1_semanticfix_seed260813/evaluations/evaluation_000200000.json,9036897e242bf27598b95eadcd0ac14004062d09,20974,git show archive/pre-cleanup-20261010:logs/phase2_mission_s1_semanticfix_seed260813/evaluations/evaluation_000200000.json
logs/phase2_mission_s1_semanticfix_seed260813/evaluations/evaluation_000250000.json,b32a948388a4f915474026cd271150c206f59292,20909,git show archive/pre-cleanup-20261010:logs/phase2_mission_s1_semanticfix_seed260813/evaluations/evaluation_000250000.json
logs/phase2_mission_s1_semanticfix_seed260813/formal_eval_30_seed262100.json,f8df43fbe0aec7640d8c3fad381c3f077945dc7b,51096,git show archive/pre-cleanup-20261010:logs/phase2_mission_s1_semanticfix_seed260813/formal_eval_30_seed262100.json
logs/phase2_mission_s1_semanticfix_seed260813/manifest.json,59439f5ee647dd315e2dee725c897e907aeacd7a,12755,git show archive/pre-cleanup-20261010:logs/phase2_mission_s1_semanticfix_seed260813/manifest.json
logs/phase2_mission_s1_semanticfix_seed260813/phase2_diagnostics.json,f691fdb49f2274b41cf29fe8417a88c4034d37f0,212696,git show archive/pre-cleanup-20261010:logs/phase2_mission_s1_semanticfix_seed260813/phase2_diagnostics.json
"""logs/phase2_mission_s1_semanticfix_seed260813/tensorboard/SAC_1/events.out.tfevents.1786633126.\351\243\216\351\223\203.10548.0""",d59df48a14cbdcf53cab9778f1917bc23f376e59,55942,"git show archive/pre-cleanup-20261010:""logs/phase2_mission_s1_semanticfix_seed260813/tensorboard/SAC_1/events.out.tfevents.1786633126.\351\243\216\351\223\203.10548.0"""
logs/phase2_mission_s1_semanticfix_seed260813/train.monitor.csv,4b987b8d5c22ac7358416fdc8c9e1b0f4c50b884,32629,git show archive/pre-cleanup-20261010:logs/phase2_mission_s1_semanticfix_seed260813/train.monitor.csv
logs/phase2_mission_s1_semanticfix_validation/phase1_semantic_validation_20_seed262000.json,2a562a2219ea75dac8e7ca71fb265b523e0e67a9,32329,git show archive/pre-cleanup-20261010:logs/phase2_mission_s1_semanticfix_validation/phase1_semantic_validation_20_seed262000.json
logs/phase2_mission_s1_stable_seed260813/evaluations/evaluation_000050000.json,790d903afcd65bb4c911356faacaac817ae86993,20915,git show archive/pre-cleanup-20261010:logs/phase2_mission_s1_stable_seed260813/evaluations/evaluation_000050000.json
logs/phase2_mission_s1_stable_seed260813/evaluations/evaluation_000100000.json,5a1ca36aae898adf4485a13a80fd7952421c81c7,20932,git show archive/pre-cleanup-20261010:logs/phase2_mission_s1_stable_seed260813/evaluations/evaluation_000100000.json
logs/phase2_mission_s1_stable_seed260813/evaluations/evaluation_000150000.json,5b7030b9d5198dcb3b3f77d8845deee810d00dfa,20881,git show archive/pre-cleanup-20261010:logs/phase2_mission_s1_stable_seed260813/evaluations/evaluation_000150000.json
logs/phase2_mission_s1_stable_seed260813/evaluations/evaluation_000200000.json,0c175308660020c2c3c993862152ebe17de91cd5,20903,git show archive/pre-cleanup-20261010:logs/phase2_mission_s1_stable_seed260813/evaluations/evaluation_000200000.json
logs/phase2_mission_s1_stable_seed260813/evaluations/evaluation_000250000.json,f275a04535bcd26a10c165dd2a54e4ff81a428de,20964,git show archive/pre-cleanup-20261010:logs/phase2_mission_s1_stable_seed260813/evaluations/evaluation_000250000.json
logs/phase2_mission_s1_stable_seed260813/formal_eval_30_seed260900.json,6ad304232de347916a13e1647984998a724ffc71,51102,git show archive/pre-cleanup-20261010:logs/phase2_mission_s1_stable_seed260813/formal_eval_30_seed260900.json
logs/phase2_mission_s1_stable_seed260813/manifest.json,6909320b8eeac073773e01ecc28726aaa063df40,12571,git show archive/pre-cleanup-20261010:logs/phase2_mission_s1_stable_seed260813/manifest.json
logs/phase2_mission_s1_stable_seed260813/phase2_diagnostics.json,47505765747147bad7b40bad5f79281c87474965,256922,git show archive/pre-cleanup-20261010:logs/phase2_mission_s1_stable_seed260813/phase2_diagnostics.json
"""logs/phase2_mission_s1_stable_seed260813/tensorboard/SAC_1/events.out.tfevents.1786614593.\351\243\216\351\223\203.14216.0""",e40e7c7dd356ff9791aa20b2472bce5a65a8f673,74855,"git show archive/pre-cleanup-20261010:""logs/phase2_mission_s1_stable_seed260813/tensorboard/SAC_1/events.out.tfevents.1786614593.\351\243\216\351\223\203.14216.0"""
logs/phase2_mission_s1_stable_seed260813/train.monitor.csv,7a58db4008c49bd33d823b1989f162166ad5bdcc,43644,git show archive/pre-cleanup-20261010:logs/phase2_mission_s1_stable_seed260813/train.monitor.csv
logs/phase2_mission_s1v2_acquisition_bodyobs_autoent_tau001_seed260815/evaluations/evaluation_000050000.json,755227d3f90c1552affcd228303c903d9015b406,24985,git show archive/pre-cleanup-20261010:logs/phase2_mission_s1v2_acquisition_bodyobs_autoent_tau001_seed260815/evaluations/evaluation_000050000.json
logs/phase2_mission_s1v2_acquisition_bodyobs_autoent_tau001_seed260815/evaluations/evaluation_000100000.json,e9c7f916e0d731676eb6ef11c5d640fb6b3bc53d,25049,git show archive/pre-cleanup-20261010:logs/phase2_mission_s1v2_acquisition_bodyobs_autoent_tau001_seed260815/evaluations/evaluation_000100000.json
logs/phase2_mission_s1v2_acquisition_bodyobs_autoent_tau001_seed260815/evaluations/evaluation_000200000.json,a0c0a559a42a212af9545391fab8c25d110d2cb1,25026,git show archive/pre-cleanup-20261010:logs/phase2_mission_s1v2_acquisition_bodyobs_autoent_tau001_seed260815/evaluations/evaluation_000200000.json
logs/phase2_mission_s1v2_acquisition_bodyobs_autoent_tau001_seed260815/evaluations/evaluation_000300000.json,cdc06c1eb8a3b428904f3f732659ec41df9a3c95,25038,git show archive/pre-cleanup-20261010:logs/phase2_mission_s1v2_acquisition_bodyobs_autoent_tau001_seed260815/evaluations/evaluation_000300000.json
logs/phase2_mission_s1v2_acquisition_bodyobs_autoent_tau001_seed260815/evaluations/evaluation_000400000.json,e6293351c6cd566f2a4ad365e19735776935386b,25049,git show archive/pre-cleanup-20261010:logs/phase2_mission_s1v2_acquisition_bodyobs_autoent_tau001_seed260815/evaluations/evaluation_000400000.json
logs/phase2_mission_s1v2_acquisition_bodyobs_autoent_tau001_seed260815/evaluations/evaluation_000500000.json,a40b3c5c1028b1d1c66b0dd1f2a7c7d4c4f660aa,25013,git show archive/pre-cleanup-20261010:logs/phase2_mission_s1v2_acquisition_bodyobs_autoent_tau001_seed260815/evaluations/evaluation_000500000.json
logs/phase2_mission_s1v2_acquisition_bodyobs_autoent_tau001_seed260815/independent_eval_20_seed20290000_400k.json,81895a563460b8c4958369f7921443e2fcf3663f,40174,git show archive/pre-cleanup-20261010:logs/phase2_mission_s1v2_acquisition_bodyobs_autoent_tau001_seed260815/independent_eval_20_seed20290000_400k.json
logs/phase2_mission_s1v2_acquisition_bodyobs_autoent_tau001_seed260815/independent_eval_20_seed20290000_final.json,d0b35d55afbb2ed1fb6db8a5761362a8295768e8,40086,git show archive/pre-cleanup-20261010:logs/phase2_mission_s1v2_acquisition_bodyobs_autoent_tau001_seed260815/independent_eval_20_seed20290000_final.json
logs/phase2_mission_s1v2_acquisition_bodyobs_autoent_tau001_seed260815/manifest.json,be74119476b3ad2118100540a433f7fdf0cf0037,15237,git show archive/pre-cleanup-20261010:logs/phase2_mission_s1v2_acquisition_bodyobs_autoent_tau001_seed260815/manifest.json
logs/phase2_mission_s1v2_acquisition_bodyobs_autoent_tau001_seed260815/phase2_diagnostics.json,63c796ddda47772958a9ce21ab8932fee8c6861f,1042181,git show archive/pre-cleanup-20261010:logs/phase2_mission_s1v2_acquisition_bodyobs_autoent_tau001_seed260815/phase2_diagnostics.json
"""logs/phase2_mission_s1v2_acquisition_bodyobs_autoent_tau001_seed260815/tensorboard/SAC_1/events.out.tfevents.1786761508.\351\243\216\351\223\203.15624.0""",7b3c19a890f178bc7f84d51a6954a0d98f2c4194,122001,"git show archive/pre-cleanup-20261010:""logs/phase2_mission_s1v2_acquisition_bodyobs_autoent_tau001_seed260815/tensorboard/SAC_1/events.out.tfevents.1786761508.\351\243\216\351\223\203.15624.0"""
logs/phase2_mission_s1v2_acquisition_bodyobs_autoent_tau001_seed260815/train.monitor.csv,30a8dff778987d37c35176c9c417f4e651ec93c6,88653,git show archive/pre-cleanup-20261010:logs/phase2_mission_s1v2_acquisition_bodyobs_autoent_tau001_seed260815/train.monitor.csv
logs/phase2_mission_s1v2_acquisition_bodyobs_autoent_tau001_seed260815/value_calibration_baseline_400k.json,431d648afbb8a1012f0e71e2d074168132969100,10529,git show archive/pre-cleanup-20261010:logs/phase2_mission_s1v2_acquisition_bodyobs_autoent_tau001_seed260815/value_calibration_baseline_400k.json
logs/phase2_mission_s1v2_acquisition_bodyobs_autoent_tau001_seed260815/value_calibration_baseline_final.json,24c296ef868a704d71ec0d90ce50a904715ee220,10511,git show archive/pre-cleanup-20261010:logs/phase2_mission_s1v2_acquisition_bodyobs_autoent_tau001_seed260815/value_calibration_baseline_final.json
logs/phase2_mission_s1v2_fixedalpha_200k_seed260816/evaluations/evaluation_000050000.json,a2ab264227cf3effa24bf999220de925d3fc53ba,24970,git show archive/pre-cleanup-20261010:logs/phase2_mission_s1v2_fixedalpha_200k_seed260816/evaluations/evaluation_000050000.json
logs/phase2_mission_s1v2_fixedalpha_200k_seed260816/evaluations/evaluation_000100000.json,e6d47d411b38c032c0b32301cf9676a3ed2325c4,25963,git show archive/pre-cleanup-20261010:logs/phase2_mission_s1v2_fixedalpha_200k_seed260816/evaluations/evaluation_000100000.json
logs/phase2_mission_s1v2_fixedalpha_200k_seed260816/evaluations/evaluation_000150000.json,4a9055052b8880f122ee5cdd7d28c312400c10c7,26086,git show archive/pre-cleanup-20261010:logs/phase2_mission_s1v2_fixedalpha_200k_seed260816/evaluations/evaluation_000150000.json
logs/phase2_mission_s1v2_fixedalpha_200k_seed260816/evaluations/evaluation_000200000.json,3c384a8edea1e177eea0c83feee47822a6f9a67c,26704,git show archive/pre-cleanup-20261010:logs/phase2_mission_s1v2_fixedalpha_200k_seed260816/evaluations/evaluation_000200000.json
logs/phase2_mission_s1v2_fixedalpha_200k_seed260816/manifest.json,ec1d09d79c7fb89e50ca2fb8581d034f324ccd09,15264,git show archive/pre-cleanup-20261010:logs/phase2_mission_s1v2_fixedalpha_200k_seed260816/manifest.json
logs/phase2_mission_s1v2_fixedalpha_200k_seed260816/phase2_diagnostics.json,607724719dc72dd547c567e74c3650ff5d4b5ff6,296687,git show archive/pre-cleanup-20261010:logs/phase2_mission_s1v2_fixedalpha_200k_seed260816/phase2_diagnostics.json
"""logs/phase2_mission_s1v2_fixedalpha_200k_seed260816/tensorboard/SAC_1/events.out.tfevents.1787231647.\351\243\216\351\223\203.20368.0""",df3edd5d02ccf03f0db367b252d0bac9c6c58483,29652,"git show archive/pre-cleanup-20261010:""logs/phase2_mission_s1v2_fixedalpha_200k_seed260816/tensorboard/SAC_1/events.out.tfevents.1787231647.\351\243\216\351\223\203.20368.0"""
logs/phase2_mission_s1v2_fixedalpha_200k_seed260816/train.monitor.csv,70ed7d7ac83c42f8e1339e24bce6762348996978,24427,git show archive/pre-cleanup-20261010:logs/phase2_mission_s1v2_fixedalpha_200k_seed260816/train.monitor.csv
logs/phase2_mission_s1v2_fixedalpha_200k_seed260816/value_calibration_100k.json,a2643bb5608289819e08a6fb30b07a4daff6ce6e,10452,git show archive/pre-cleanup-20261010:logs/phase2_mission_s1v2_fixedalpha_200k_seed260816/value_calibration_100k.json
logs/phase2_mission_s1v2_fixedalpha_200k_seed260816/value_calibration_200k.json,e07e99a87aee424787d33aa362a29248fe11997c,10457,git show archive/pre-cleanup-20261010:logs/phase2_mission_s1v2_fixedalpha_200k_seed260816/value_calibration_200k.json
logs/phase2_mission_s1v2_fixedalpha_200k_seed260817/evaluations/evaluation_000050000.json,2a3e8a2bb9270d15a65a1904d4213ce6f7375cee,23906,git show archive/pre-cleanup-20261010:logs/phase2_mission_s1v2_fixedalpha_200k_seed260817/evaluations/evaluation_000050000.json
logs/phase2_mission_s1v2_fixedalpha_200k_seed260817/evaluations/evaluation_000100000.json,28d85fe764ca1993366ca1ef2899a74a67056928,25955,git show archive/pre-cleanup-20261010:logs/phase2_mission_s1v2_fixedalpha_200k_seed260817/evaluations/evaluation_000100000.json
logs/phase2_mission_s1v2_fixedalpha_200k_seed260817/evaluations/evaluation_000150000.json,9f3adda971fdcd89dcee2cc77ca6b8ff77fd2d37,25404,git show archive/pre-cleanup-20261010:logs/phase2_mission_s1v2_fixedalpha_200k_seed260817/evaluations/evaluation_000150000.json
logs/phase2_mission_s1v2_fixedalpha_200k_seed260817/evaluations/evaluation_000200000.json,84a537bf482edc2533f12c844bc2fdb127abea12,26527,git show archive/pre-cleanup-20261010:logs/phase2_mission_s1v2_fixedalpha_200k_seed260817/evaluations/evaluation_000200000.json
logs/phase2_mission_s1v2_fixedalpha_200k_seed260817/manifest.json,a9cc25f3fb4cf18257e6db770cab2008e94a850e,15264,git show archive/pre-cleanup-20261010:logs/phase2_mission_s1v2_fixedalpha_200k_seed260817/manifest.json
logs/phase2_mission_s1v2_fixedalpha_200k_seed260817/phase2_diagnostics.json,497a236781227863a1332b7af7d2d1d9a9536941,395548,git show archive/pre-cleanup-20261010:logs/phase2_mission_s1v2_fixedalpha_200k_seed260817/phase2_diagnostics.json
"""logs/phase2_mission_s1v2_fixedalpha_200k_seed260817/tensorboard/SAC_1/events.out.tfevents.1787231731.\351\243\216\351\223\203.16560.0""",8ce2e5f901151066524ba13203d2755aca7ed609,39865,"git show archive/pre-cleanup-20261010:""logs/phase2_mission_s1v2_fixedalpha_200k_seed260817/tensorboard/SAC_1/events.out.tfevents.1787231731.\351\243\216\351\223\203.16560.0"""
logs/phase2_mission_s1v2_fixedalpha_200k_seed260817/train.monitor.csv,4cbae131b32f0d5b6a476d486531fec11a0b1770,32643,git show archive/pre-cleanup-20261010:logs/phase2_mission_s1v2_fixedalpha_200k_seed260817/train.monitor.csv
logs/phase2_mission_s1v2_fixedalpha_200k_seed260817/value_calibration_100k.json,863ffe32824c6eb3791f2f2fb27d14899c1047db,10427,git show archive/pre-cleanup-20261010:logs/phase2_mission_s1v2_fixedalpha_200k_seed260817/value_calibration_100k.json
logs/phase2_mission_s1v2_fixedalpha_200k_seed260817/value_calibration_200k.json,de75c1e220a62e2149c0be616799983ff29a844d,10392,git show archive/pre-cleanup-20261010:logs/phase2_mission_s1v2_fixedalpha_200k_seed260817/value_calibration_200k.json
logs/phase2_mission_s1v2_validation/phase1_semantic_validation_20_seed262000_current_reward.json,8693f9a21a31957816eadf8bc420aff6bb66e1b8,32655,git show archive/pre-cleanup-20261010:logs/phase2_mission_s1v2_validation/phase1_semantic_validation_20_seed262000_current_reward.json
logs/phase2_mission_s1v2_validation/zero_action_drift_20_seed262000.json,407c1583239c11e0f309c61a56609d3f3e142526,7728,git show archive/pre-cleanup-20261010:logs/phase2_mission_s1v2_validation/zero_action_drift_20_seed262000.json
logs/phase2_mission_s1v2_velerror_bodyobs_autoent_tau001_seed260815/evaluations/evaluation_000050000.json,04ed646b626f8736b11befda5759df0173f11753,25085,git show archive/pre-cleanup-20261010:logs/phase2_mission_s1v2_velerror_bodyobs_autoent_tau001_seed260815/evaluations/evaluation_000050000.json
logs/phase2_mission_s1v2_velerror_bodyobs_autoent_tau001_seed260815/evaluations/evaluation_000100000.json,7e0d2fdc878349e9d32d1c150c1d2394f105ee9e,25065,git show archive/pre-cleanup-20261010:logs/phase2_mission_s1v2_velerror_bodyobs_autoent_tau001_seed260815/evaluations/evaluation_000100000.json
logs/phase2_mission_s1v2_velerror_bodyobs_autoent_tau001_seed260815/evaluations/evaluation_000200000.json,8ce4006c93fc4f08c2ccc2bbfd3fc97bdb288e71,25269,git show archive/pre-cleanup-20261010:logs/phase2_mission_s1v2_velerror_bodyobs_autoent_tau001_seed260815/evaluations/evaluation_000200000.json
logs/phase2_mission_s1v2_velerror_bodyobs_autoent_tau001_seed260815/evaluations/evaluation_000300000.json,ae501f544dfe083de6816237dbca3b6c03fa4c3f,25064,git show archive/pre-cleanup-20261010:logs/phase2_mission_s1v2_velerror_bodyobs_autoent_tau001_seed260815/evaluations/evaluation_000300000.json
logs/phase2_mission_s1v2_velerror_bodyobs_autoent_tau001_seed260815/evaluations/evaluation_000400000.json,7e0d58c79b95c0935a3c388121aa668e86d7522c,25020,git show archive/pre-cleanup-20261010:logs/phase2_mission_s1v2_velerror_bodyobs_autoent_tau001_seed260815/evaluations/evaluation_000400000.json
logs/phase2_mission_s1v2_velerror_bodyobs_autoent_tau001_seed260815/evaluations/evaluation_000500000.json,e30eaad0bff489ad583ebad1fda36df0b8d6090d,25043,git show archive/pre-cleanup-20261010:logs/phase2_mission_s1v2_velerror_bodyobs_autoent_tau001_seed260815/evaluations/evaluation_000500000.json
logs/phase2_mission_s1v2_velerror_bodyobs_autoent_tau001_seed260815/independent_eval_20_seed20290000_200k.json,c61ca29332dc7f83087c1a0a25189e88884c09eb,40454,git show archive/pre-cleanup-20261010:logs/phase2_mission_s1v2_velerror_bodyobs_autoent_tau001_seed260815/independent_eval_20_seed20290000_200k.json
logs/phase2_mission_s1v2_velerror_bodyobs_autoent_tau001_seed260815/independent_eval_20_seed20290000_final.json,29e4bc59f3a70e5df537dd9c84d7fe928a974cea,40099,git show archive/pre-cleanup-20261010:logs/phase2_mission_s1v2_velerror_bodyobs_autoent_tau001_seed260815/independent_eval_20_seed20290000_final.json
logs/phase2_mission_s1v2_velerror_bodyobs_autoent_tau001_seed260815/manifest.json,3dc48fd5f291bd3a2476fdc44fc8929c0109b291,15413,git show archive/pre-cleanup-20261010:logs/phase2_mission_s1v2_velerror_bodyobs_autoent_tau001_seed260815/manifest.json
logs/phase2_mission_s1v2_velerror_bodyobs_autoent_tau001_seed260815/phase2_diagnostics.json,864b2093c3acb7887357c7993af90688099854df,857463,git show archive/pre-cleanup-20261010:logs/phase2_mission_s1v2_velerror_bodyobs_autoent_tau001_seed260815/phase2_diagnostics.json
"""logs/phase2_mission_s1v2_velerror_bodyobs_autoent_tau001_seed260815/tensorboard/SAC_1/events.out.tfevents.1786776597.\351\243\216\351\223\203.19676.0""",c2f09f85f53a71db0a8e5ee021693f0d15f0db5c,99451,"git show archive/pre-cleanup-20261010:""logs/phase2_mission_s1v2_velerror_bodyobs_autoent_tau001_seed260815/tensorboard/SAC_1/events.out.tfevents.1786776597.\351\243\216\351\223\203.19676.0"""
logs/phase2_mission_s1v2_velerror_bodyobs_autoent_tau001_seed260815/train.monitor.csv,10e898d56c063792dfa53756e19c49dfbd5032a3,71983,git show archive/pre-cleanup-20261010:logs/phase2_mission_s1v2_velerror_bodyobs_autoent_tau001_seed260815/train.monitor.csv
logs/phase2_mission_s1v2_velerror_bodyobs_autoent_tau001_seed260815/value_calibration_baseline_200k.json,6c9315109f21ec1d1c7c88e31960dd7823a49304,10516,git show archive/pre-cleanup-20261010:logs/phase2_mission_s1v2_velerror_bodyobs_autoent_tau001_seed260815/value_calibration_baseline_200k.json
logs/phase2_mission_s1v2_velerror_bodyobs_autoent_tau001_seed260815/value_calibration_baseline_final.json,ed95302112926a087f250fc35b2b53671658a0d4,10501,git show archive/pre-cleanup-20261010:logs/phase2_mission_s1v2_velerror_bodyobs_autoent_tau001_seed260815/value_calibration_baseline_final.json
logs/phase2_mission_s1v2_velerror_buffer600k_seed260815/evaluations/evaluation_000050000.json,0e4d7cd98ef48878636cec6e235e2a9ec48f7f2e,25067,git show archive/pre-cleanup-20261010:logs/phase2_mission_s1v2_velerror_buffer600k_seed260815/evaluations/evaluation_000050000.json
logs/phase2_mission_s1v2_velerror_buffer600k_seed260815/evaluations/evaluation_000100000.json,a3ec7d25b0bbc57dbae537e95e16b11a43cac9c3,25479,git show archive/pre-cleanup-20261010:logs/phase2_mission_s1v2_velerror_buffer600k_seed260815/evaluations/evaluation_000100000.json
logs/phase2_mission_s1v2_velerror_buffer600k_seed260815/evaluations/evaluation_000200000.json,e381f110af928d4b3be38b9475f4559bef2cfd05,25100,git show archive/pre-cleanup-20261010:logs/phase2_mission_s1v2_velerror_buffer600k_seed260815/evaluations/evaluation_000200000.json
logs/phase2_mission_s1v2_velerror_buffer600k_seed260815/evaluations/evaluation_000300000.json,a8b555ef751e0676cac4b70c7551f47e571765f7,25105,git show archive/pre-cleanup-20261010:logs/phase2_mission_s1v2_velerror_buffer600k_seed260815/evaluations/evaluation_000300000.json
logs/phase2_mission_s1v2_velerror_buffer600k_seed260815/evaluations/evaluation_000400000.json,acbb5ee732cc679f8b629e8bbfdb52d715759f97,25044,git show archive/pre-cleanup-20261010:logs/phase2_mission_s1v2_velerror_buffer600k_seed260815/evaluations/evaluation_000400000.json
logs/phase2_mission_s1v2_velerror_buffer600k_seed260815/evaluations/evaluation_000500000.json,957072f79460449ed93abc6943025296720fb209,25054,git show archive/pre-cleanup-20261010:logs/phase2_mission_s1v2_velerror_buffer600k_seed260815/evaluations/evaluation_000500000.json
logs/phase2_mission_s1v2_velerror_buffer600k_seed260815/manifest.json,4cf754c2dfe6dd1928ffd8782c3ea876414ae3f5,15324,git show archive/pre-cleanup-20261010:logs/phase2_mission_s1v2_velerror_buffer600k_seed260815/manifest.json
logs/phase2_mission_s1v2_velerror_buffer600k_seed260815/phase2_diagnostics.json,48cbcca55d547eaf201a202580fb4d1a6aa417a6,951538,git show archive/pre-cleanup-20261010:logs/phase2_mission_s1v2_velerror_buffer600k_seed260815/phase2_diagnostics.json
"""logs/phase2_mission_s1v2_velerror_buffer600k_seed260815/tensorboard/SAC_1/events.out.tfevents.1787221026.\351\243\216\351\223\203.18648.0""",76420db7350c479c5424db1f15a5d0db52f89969,96762,"git show archive/pre-cleanup-20261010:""logs/phase2_mission_s1v2_velerror_buffer600k_seed260815/tensorboard/SAC_1/events.out.tfevents.1787221026.\351\243\216\351\223\203.18648.0"""
logs/phase2_mission_s1v2_velerror_buffer600k_seed260815/train.monitor.csv,702363220c53a067d0c535702a94cef7f7603f61,80256,git show archive/pre-cleanup-20261010:logs/phase2_mission_s1v2_velerror_buffer600k_seed260815/train.monitor.csv
logs/phase2_mission_s1v2_velerror_buffer600k_seed260815/value_calibration_100k.json,a800256237cb6537c9af59231a3041fa362709a2,10478,git show archive/pre-cleanup-20261010:logs/phase2_mission_s1v2_velerror_buffer600k_seed260815/value_calibration_100k.json
logs/phase2_mission_s1v2_velerror_buffer600k_seed260815/value_calibration_200k.json,1021ba3541febd09b80456cbd9e4f092feef4cc7,10496,git show archive/pre-cleanup-20261010:logs/phase2_mission_s1v2_velerror_buffer600k_seed260815/value_calibration_200k.json
logs/phase2_mission_s1v2_velerror_buffer600k_seed260815/value_calibration_300k.json,58e7faa7f6ec219a68c901f4a072bb6973c3a8f1,10492,git show archive/pre-cleanup-20261010:logs/phase2_mission_s1v2_velerror_buffer600k_seed260815/value_calibration_300k.json
logs/phase2_mission_s1v2_velerror_buffer600k_seed260815/value_calibration_final.json,557227ea6d038f6cb284bceb1e2f03778163e699,10463,git show archive/pre-cleanup-20261010:logs/phase2_mission_s1v2_velerror_buffer600k_seed260815/value_calibration_final.json
logs/phase2_mission_s1v2_velerror_fixedalpha_seed260815/evaluations/evaluation_000050000.json,ceaa3adf2bc7253e08ac165ecb0b4053a2322bcf,25070,git show archive/pre-cleanup-20261010:logs/phase2_mission_s1v2_velerror_fixedalpha_seed260815/evaluations/evaluation_000050000.json
logs/phase2_mission_s1v2_velerror_fixedalpha_seed260815/evaluations/evaluation_000100000.json,6f02c8075fe760e26c79e6d4846981d3e2a43bff,25480,git show archive/pre-cleanup-20261010:logs/phase2_mission_s1v2_velerror_fixedalpha_seed260815/evaluations/evaluation_000100000.json
logs/phase2_mission_s1v2_velerror_fixedalpha_seed260815/evaluations/evaluation_000200000.json,699bb70e0148f509717ae6317c1268b6178ddf9c,25112,git show archive/pre-cleanup-20261010:logs/phase2_mission_s1v2_velerror_fixedalpha_seed260815/evaluations/evaluation_000200000.json
logs/phase2_mission_s1v2_velerror_fixedalpha_seed260815/evaluations/evaluation_000300000.json,786e3354cc8dde32a8884e22f4709a4227913fd0,25115,git show archive/pre-cleanup-20261010:logs/phase2_mission_s1v2_velerror_fixedalpha_seed260815/evaluations/evaluation_000300000.json
logs/phase2_mission_s1v2_velerror_fixedalpha_seed260815/evaluations/evaluation_000400000.json,5e5c5caefd2ac99075384c39ee65f24236f1da5a,25021,git show archive/pre-cleanup-20261010:logs/phase2_mission_s1v2_velerror_fixedalpha_seed260815/evaluations/evaluation_000400000.json
logs/phase2_mission_s1v2_velerror_fixedalpha_seed260815/evaluations/evaluation_000500000.json,cdbeae0880d67adba8852192fcedad17208f2dcd,25038,git show archive/pre-cleanup-20261010:logs/phase2_mission_s1v2_velerror_fixedalpha_seed260815/evaluations/evaluation_000500000.json
logs/phase2_mission_s1v2_velerror_fixedalpha_seed260815/manifest.json,50d2956dbb7be341f92d428b4537a9a793c2d33c,15324,git show archive/pre-cleanup-20261010:logs/phase2_mission_s1v2_velerror_fixedalpha_seed260815/manifest.json
logs/phase2_mission_s1v2_velerror_fixedalpha_seed260815/phase2_diagnostics.json,08729bdcfdfd02274cec9fd35016a088e058ffb5,987850,git show archive/pre-cleanup-20261010:logs/phase2_mission_s1v2_velerror_fixedalpha_seed260815/phase2_diagnostics.json
"""logs/phase2_mission_s1v2_velerror_fixedalpha_seed260815/tensorboard/SAC_1/events.out.tfevents.1787209296.\351\243\216\351\223\203.15348.0""",50b887db4e5f7c8829b169812769796d8a917e29,100682,"git show archive/pre-cleanup-20261010:""logs/phase2_mission_s1v2_velerror_fixedalpha_seed260815/tensorboard/SAC_1/events.out.tfevents.1787209296.\351\243\216\351\223\203.15348.0"""
logs/phase2_mission_s1v2_velerror_fixedalpha_seed260815/train.monitor.csv,7ea2e72fbeef9294ccbae212eeca162850b52d27,83515,git show archive/pre-cleanup-20261010:logs/phase2_mission_s1v2_velerror_fixedalpha_seed260815/train.monitor.csv
logs/phase2_mission_s1v2_velerror_fixedalpha_seed260815/value_calibration_100k.json,4ca8a36334222571026dacdb45d21b0a5cc594f8,10478,git show archive/pre-cleanup-20261010:logs/phase2_mission_s1v2_velerror_fixedalpha_seed260815/value_calibration_100k.json
logs/phase2_mission_s1v2_velerror_fixedalpha_seed260815/value_calibration_200k.json,f83bd8d44762db48c90910773cb999f7a3564502,10496,git show archive/pre-cleanup-20261010:logs/phase2_mission_s1v2_velerror_fixedalpha_seed260815/value_calibration_200k.json
logs/phase2_mission_s1v2_velerror_fixedalpha_seed260815/value_calibration_final.json,3eab10e3c19d640d95fc4beb3ab9a2d4e55e6b2b,10488,git show archive/pre-cleanup-20261010:logs/phase2_mission_s1v2_velerror_fixedalpha_seed260815/value_calibration_final.json
logs/phase2_mission_s1v2_velerror_utd4_seed260815/evaluations/evaluation_000050000.json,a2ff10f1ebbbacd6a37d1b46ae5470d764db0d62,24995,git show archive/pre-cleanup-20261010:logs/phase2_mission_s1v2_velerror_utd4_seed260815/evaluations/evaluation_000050000.json
logs/phase2_mission_s1v2_velerror_utd4_seed260815/evaluations/evaluation_000100000.json,cb0badba61702d01d25650357498967ef476e55d,25050,git show archive/pre-cleanup-20261010:logs/phase2_mission_s1v2_velerror_utd4_seed260815/evaluations/evaluation_000100000.json
logs/phase2_mission_s1v2_velerror_utd4_seed260815/manifest.json,dc280619e27fd13fee26ba2d597fb80f1e2c31b8,15323,git show archive/pre-cleanup-20261010:logs/phase2_mission_s1v2_velerror_utd4_seed260815/manifest.json
logs/phase2_mission_s1v2_velerror_utd4_seed260815/phase2_diagnostics.json,ac3301079da7c67d790fafb2ce86a92337142c12,295398,git show archive/pre-cleanup-20261010:logs/phase2_mission_s1v2_velerror_utd4_seed260815/phase2_diagnostics.json
"""logs/phase2_mission_s1v2_velerror_utd4_seed260815/tensorboard/SAC_1/events.out.tfevents.1787205418.\351\243\216\351\223\203.2732.0""",1906404914184ebe9476e4011894b07f4af0e7fb,40612,"git show archive/pre-cleanup-20261010:""logs/phase2_mission_s1v2_velerror_utd4_seed260815/tensorboard/SAC_1/events.out.tfevents.1787205418.\351\243\216\351\223\203.2732.0"""
logs/phase2_mission_s1v2_velerror_utd4_seed260815/train.monitor.csv,d7ee0c5747308d53b0ceb23a485713de3c20ed9c,30060,git show archive/pre-cleanup-20261010:logs/phase2_mission_s1v2_velerror_utd4_seed260815/train.monitor.csv
logs/phase2_mission_s1v2_velerror_utd4_seed260815/value_calibration_100k.json,8d0ffdc895aa239ce55e1aa6b03cd0ff1f4f666c,10473,git show archive/pre-cleanup-20261010:logs/phase2_mission_s1v2_velerror_utd4_seed260815/value_calibration_100k.json
logs/phase2_mpc_v2_clarabel_5seeds.json,d509ead2f198e65dbeafb4e7ac0cffcbd6b47744,326089,git show archive/pre-cleanup-20261010:logs/phase2_mpc_v2_clarabel_5seeds.json
logs/phase2_mpc_v2_dev_5seeds.json,e13afb1964e1ccca6c2a1c1934673f6b6dad7a4e,313308,git show archive/pre-cleanup-20261010:logs/phase2_mpc_v2_dev_5seeds.json
logs/phase2_sac_v2_1_stagea_200k_seed260812/manifest.json,975fbc7ddec34f2c985b4d147e47bf6e297201b1,12735,git show archive/pre-cleanup-20261010:logs/phase2_sac_v2_1_stagea_200k_seed260812/manifest.json
logs/phase2_sac_v2_1_stagea_200k_seed260812/phase2_learning_diagnostics.json,686bba3c38177f328921217d5fa010ca9b49e83b,16156,git show archive/pre-cleanup-20261010:logs/phase2_sac_v2_1_stagea_200k_seed260812/phase2_learning_diagnostics.json
logs/phase2_sac_v2_1_stagea_200k_seed260812/phase2_stage_a_candidate_0050000.json,9ddd13ba554cb0e08d52c5e6d27bda5abcff00be,15065,git show archive/pre-cleanup-20261010:logs/phase2_sac_v2_1_stagea_200k_seed260812/phase2_stage_a_candidate_0050000.json
logs/phase2_sac_v2_1_stagea_200k_seed260812/phase2_stage_a_candidate_0100000.json,be1b880f07fd2c1e29108e0792e11e4fc9f33b64,15161,git show archive/pre-cleanup-20261010:logs/phase2_sac_v2_1_stagea_200k_seed260812/phase2_stage_a_candidate_0100000.json
logs/phase2_sac_v2_1_stagea_200k_seed260812/phase2_stage_a_candidate_0150000.json,9cd22a7db75040f857cfceb823ee8cec475d7587,15211,git show archive/pre-cleanup-20261010:logs/phase2_sac_v2_1_stagea_200k_seed260812/phase2_stage_a_candidate_0150000.json
logs/phase2_sac_v2_1_stagea_200k_seed260812/phase2_stage_a_diagnostic_status.json,099a8a1e54fb057016c1fdef489c70fe6751da86,1759,git show archive/pre-cleanup-20261010:logs/phase2_sac_v2_1_stagea_200k_seed260812/phase2_stage_a_diagnostic_status.json
"""logs/phase2_sac_v2_1_stagea_200k_seed260812/tensorboard/SAC_1/events.out.tfevents.1786514347.\351\243\216\351\223\203.19656.0""",6098cad097feec6506086d1a7feaa0fa0f32acf1,28594,"git show archive/pre-cleanup-20261010:""logs/phase2_sac_v2_1_stagea_200k_seed260812/tensorboard/SAC_1/events.out.tfevents.1786514347.\351\243\216\351\223\203.19656.0"""
logs/phase2_sac_v2_1_stagea_200k_seed260812/train.monitor.csv,10f5bb06838fae7257a893c07c2aac543708ba53,14096,git show archive/pre-cleanup-20261010:logs/phase2_sac_v2_1_stagea_200k_seed260812/train.monitor.csv
logs/phase2_sac_v2_1b_boundedobs_stagea_150k_seed260812/manifest.json,4ce0efc50a306d56c1ba1cbb097b6dcf12fe3e75,12839,git show archive/pre-cleanup-20261010:logs/phase2_sac_v2_1b_boundedobs_stagea_150k_seed260812/manifest.json
logs/phase2_sac_v2_1b_boundedobs_stagea_150k_seed260812/phase2_learning_diagnostics.json,29b38818546fa3f28b13e173a1084b2fe86671e5,16302,git show archive/pre-cleanup-20261010:logs/phase2_sac_v2_1b_boundedobs_stagea_150k_seed260812/phase2_learning_diagnostics.json
logs/phase2_sac_v2_1b_boundedobs_stagea_150k_seed260812/phase2_stage_a_candidate_0050000.json,dbf27b12f06535f9b28f422c8cb2c95fdd93ed60,15202,git show archive/pre-cleanup-20261010:logs/phase2_sac_v2_1b_boundedobs_stagea_150k_seed260812/phase2_stage_a_candidate_0050000.json
logs/phase2_sac_v2_1b_boundedobs_stagea_150k_seed260812/phase2_stage_a_candidate_0100000.json,e320b2806465137b0f705b73d2f38f54840fe9e8,15170,git show archive/pre-cleanup-20261010:logs/phase2_sac_v2_1b_boundedobs_stagea_150k_seed260812/phase2_stage_a_candidate_0100000.json
logs/phase2_sac_v2_1b_boundedobs_stagea_150k_seed260812/phase2_stage_a_candidate_0150000.json,3e95a87170405d65d5ebe8a132572bd97f60aa3c,15181,git show archive/pre-cleanup-20261010:logs/phase2_sac_v2_1b_boundedobs_stagea_150k_seed260812/phase2_stage_a_candidate_0150000.json
logs/phase2_sac_v2_1b_boundedobs_stagea_150k_seed260812/phase2_stage_a_diagnostic_status.json,eb9d4c9c0c78881ee30d571e2dc075a1c10d860b,1791,git show archive/pre-cleanup-20261010:logs/phase2_sac_v2_1b_boundedobs_stagea_150k_seed260812/phase2_stage_a_diagnostic_status.json
"""logs/phase2_sac_v2_1b_boundedobs_stagea_150k_seed260812/tensorboard/SAC_1/events.out.tfevents.1786518014.\351\243\216\351\223\203.17060.0""",f1500d20f397247b344699a12f96963a9b434a2b,36269,"git show archive/pre-cleanup-20261010:""logs/phase2_sac_v2_1b_boundedobs_stagea_150k_seed260812/tensorboard/SAC_1/events.out.tfevents.1786518014.\351\243\216\351\223\203.17060.0"""
logs/phase2_sac_v2_1b_boundedobs_stagea_150k_seed260812/train.monitor.csv,2819739127ad4b84bc377ae54d7d42fa211f091d,19468,git show archive/pre-cleanup-20261010:logs/phase2_sac_v2_1b_boundedobs_stagea_150k_seed260812/train.monitor.csv
logs/phase2_sac_v2_2_mpc_actor_init_stagea_100k_seed260812/behavior_initialization.json,c95877a1f61dc29fcd0bf7a353039b8450a1fb88,1465,git show archive/pre-cleanup-20261010:logs/phase2_sac_v2_2_mpc_actor_init_stagea_100k_seed260812/behavior_initialization.json
logs/phase2_sac_v2_2_mpc_actor_init_stagea_100k_seed260812/external_stop_record.json,57e1512c59d7d9e35a638b5732695e2d7cd0a495,538,git show archive/pre-cleanup-20261010:logs/phase2_sac_v2_2_mpc_actor_init_stagea_100k_seed260812/external_stop_record.json
logs/phase2_sac_v2_2_mpc_actor_init_stagea_100k_seed260812/manifest.json,7abaaf6283fcd96d1ec620b577468ab578419582,14142,git show archive/pre-cleanup-20261010:logs/phase2_sac_v2_2_mpc_actor_init_stagea_100k_seed260812/manifest.json
logs/phase2_sac_v2_2_mpc_actor_init_stagea_100k_seed260812/phase2_learning_diagnostics.json,ac3e5e28b628c6775759577dc927a0b80113621d,10870,git show archive/pre-cleanup-20261010:logs/phase2_sac_v2_2_mpc_actor_init_stagea_100k_seed260812/phase2_learning_diagnostics.json
logs/phase2_sac_v2_2_mpc_actor_init_stagea_100k_seed260812/phase2_stage_a_candidate_0050000.json,e39174ed7a053d7df73808dfe76e148d483d337f,15177,git show archive/pre-cleanup-20261010:logs/phase2_sac_v2_2_mpc_actor_init_stagea_100k_seed260812/phase2_stage_a_candidate_0050000.json
logs/phase2_sac_v2_2_mpc_actor_init_stagea_100k_seed260812/phase2_stage_a_candidate_0100000.json,0fbd1a03512dbc4976d36b13ffdd3480b04b9a95,15192,git show archive/pre-cleanup-20261010:logs/phase2_sac_v2_2_mpc_actor_init_stagea_100k_seed260812/phase2_stage_a_candidate_0100000.json
logs/phase2_sac_v2_2_mpc_actor_init_stagea_100k_seed260812/phase2_stage_a_diagnostic_status.json,167b926b8dafcbbacc8f5d04efb0316c34fbf661,1254,git show archive/pre-cleanup-20261010:logs/phase2_sac_v2_2_mpc_actor_init_stagea_100k_seed260812/phase2_stage_a_diagnostic_status.json
"""logs/phase2_sac_v2_2_mpc_actor_init_stagea_100k_seed260812/tensorboard/SAC_1/events.out.tfevents.1786527603.\351\243\216\351\223\203.18512.0""",092e8549e2b6f5fe109dce6660b3f2e91a1582ab,23369,"git show archive/pre-cleanup-20261010:""logs/phase2_sac_v2_2_mpc_actor_init_stagea_100k_seed260812/tensorboard/SAC_1/events.out.tfevents.1786527603.\351\243\216\351\223\203.18512.0"""
logs/phase2_sac_v2_2_mpc_actor_init_stagea_100k_seed260812/train.monitor.csv,545b81fb5d57face35d98be7135ba98442effa5e,12534,git show archive/pre-cleanup-20261010:logs/phase2_sac_v2_2_mpc_actor_init_stagea_100k_seed260812/train.monitor.csv
logs/phase2_sac_v2_300k_seed260812/manifest.json,dd357738207cd11c1df130f5891bc1c8406d2abb,10909,git show archive/pre-cleanup-20261010:logs/phase2_sac_v2_300k_seed260812/manifest.json
logs/phase2_sac_v2_300k_seed260812/phase2_nominal_candidate_0050000.json,e6ae3662370609178e39d06d8f70c2e416e9294b,6950,git show archive/pre-cleanup-20261010:logs/phase2_sac_v2_300k_seed260812/phase2_nominal_candidate_0050000.json
logs/phase2_sac_v2_300k_seed260812/phase2_nominal_candidate_0100000.json,ea10b91b595e007162a1c115d4f61359c0b7acd4,6954,git show archive/pre-cleanup-20261010:logs/phase2_sac_v2_300k_seed260812/phase2_nominal_candidate_0100000.json
logs/phase2_sac_v2_300k_seed260812/phase2_nominal_diagnostic_status.json,3c100f1f52856ae40a8c4d52c798b5ab5d12bfef,1261,git show archive/pre-cleanup-20261010:logs/phase2_sac_v2_300k_seed260812/phase2_nominal_diagnostic_status.json
"""logs/phase2_sac_v2_300k_seed260812/tensorboard/SAC_1/events.out.tfevents.1786496140.\351\243\216\351\223\203.2428.0""",8fc0a68fa1ac8c9296de8a5d81f6ad613a273fc8,20376,"git show archive/pre-cleanup-20261010:""logs/phase2_sac_v2_300k_seed260812/tensorboard/SAC_1/events.out.tfevents.1786496140.\351\243\216\351\223\203.2428.0"""
logs/phase2_sac_v2_300k_seed260812/train.monitor.csv,1d67f9dcdd7e4745f50421a205524d78c811c6ca,11838,git show archive/pre-cleanup-20261010:logs/phase2_sac_v2_300k_seed260812/train.monitor.csv
logs/phase2_sac_v2_densecost_seed260812/manifest.json,c88d9460f7972c75df51c04c458378603926ef6a,10581,git show archive/pre-cleanup-20261010:logs/phase2_sac_v2_densecost_seed260812/manifest.json
logs/phase2_sac_v2_densecost_seed260812/phase2_warmup_candidate_0075000.json,bf225c805fbf481edbd2dd520497b71b7018033f,6967,git show archive/pre-cleanup-20261010:logs/phase2_sac_v2_densecost_seed260812/phase2_warmup_candidate_0075000.json
logs/phase2_sac_v2_densecost_seed260812/phase2_warmup_diagnostic_status.json,e7e82a559e6669eb2c674b42171f7e9c1a493cc4,856,git show archive/pre-cleanup-20261010:logs/phase2_sac_v2_densecost_seed260812/phase2_warmup_diagnostic_status.json
"""logs/phase2_sac_v2_densecost_seed260812/tensorboard/SAC_1/events.out.tfevents.1786506400.\351\243\216\351\223\203.18932.0""",51f69acb60a855d12ba9e7881643a6d80d64710f,12218,"git show archive/pre-cleanup-20261010:""logs/phase2_sac_v2_densecost_seed260812/tensorboard/SAC_1/events.out.tfevents.1786506400.\351\243\216\351\223\203.18932.0"""
logs/phase2_sac_v2_densecost_seed260812/train.monitor.csv,900483c10ab19c8825d74a93b2ba7d53034c40ba,7000,git show archive/pre-cleanup-20261010:logs/phase2_sac_v2_densecost_seed260812/train.monitor.csv
logs/phase2_sac_v2_dt_reward_seed260812/manifest.json,1cb5e43d4bffb2d7586c3c961ccbb4ec006d0523,10581,git show archive/pre-cleanup-20261010:logs/phase2_sac_v2_dt_reward_seed260812/manifest.json
logs/phase2_sac_v2_dt_reward_seed260812/phase2_warmup_candidate_0075000.json,f0dcff2c6e26fe38ab7f62adcb15c85f8e4ade25,6962,git show archive/pre-cleanup-20261010:logs/phase2_sac_v2_dt_reward_seed260812/phase2_warmup_candidate_0075000.json
logs/phase2_sac_v2_dt_reward_seed260812/phase2_warmup_diagnostic_status.json,611349e6ca958cbbdec6ed6f1466b432de4fe8cd,856,git show archive/pre-cleanup-20261010:logs/phase2_sac_v2_dt_reward_seed260812/phase2_warmup_diagnostic_status.json
"""logs/phase2_sac_v2_dt_reward_seed260812/tensorboard/SAC_1/events.out.tfevents.1786503043.\351\243\216\351\223\203.17048.0""",b59885f5374e82a73fe5385bc8d36ac50f523eb6,13571,"git show archive/pre-cleanup-20261010:""logs/phase2_sac_v2_dt_reward_seed260812/tensorboard/SAC_1/events.out.tfevents.1786503043.\351\243\216\351\223\203.17048.0"""
logs/phase2_sac_v2_dt_reward_seed260812/train.monitor.csv,3968974a172e38b29197293207f977fd95818354,8053,git show archive/pre-cleanup-20261010:logs/phase2_sac_v2_dt_reward_seed260812/train.monitor.csv
logs/phase2_sac_v2_gamma999_seed260812/manifest.json,30ed81d75b569fdc9e5498c4a560ee997712192a,10574,git show archive/pre-cleanup-20261010:logs/phase2_sac_v2_gamma999_seed260812/manifest.json
logs/phase2_sac_v2_gamma999_seed260812/phase2_warmup_candidate_0075000.json,bdcb10204eea85855584c0552339c453c52d54c1,6969,git show archive/pre-cleanup-20261010:logs/phase2_sac_v2_gamma999_seed260812/phase2_warmup_candidate_0075000.json
logs/phase2_sac_v2_gamma999_seed260812/phase2_warmup_diagnostic_status.json,ab0ff2b8311507218431917ddaaa8d6b8b9c865d,855,git show archive/pre-cleanup-20261010:logs/phase2_sac_v2_gamma999_seed260812/phase2_warmup_diagnostic_status.json
"""logs/phase2_sac_v2_gamma999_seed260812/tensorboard/SAC_1/events.out.tfevents.1786504662.\351\243\216\351\223\203.9612.0""",04fe20cb15e9977a987dd25b6d61cc4beff1b0f8,11316,"git show archive/pre-cleanup-20261010:""logs/phase2_sac_v2_gamma999_seed260812/tensorboard/SAC_1/events.out.tfevents.1786504662.\351\243\216\351\223\203.9612.0"""
logs/phase2_sac_v2_gamma999_seed260812/train.monitor.csv,ebbcdac82cdbdfc8805c9f3c4e250fab1733b9cb,6399,git show archive/pre-cleanup-20261010:logs/phase2_sac_v2_gamma999_seed260812/train.monitor.csv
logs/phase2_sac_v2_smoke_30k_seed260812/manifest.json,0207af076f64179917fc388de0ced5c5f7df97c1,9661,git show archive/pre-cleanup-20261010:logs/phase2_sac_v2_smoke_30k_seed260812/manifest.json
logs/phase2_sac_v2_smoke_30k_seed260812/nominal_eval_5seeds.json,87e697779aa838e4a605e5910c1267d10964becc,22014,git show archive/pre-cleanup-20261010:logs/phase2_sac_v2_smoke_30k_seed260812/nominal_eval_5seeds.json
"""logs/phase2_sac_v2_smoke_30k_seed260812/tensorboard/SAC_1/events.out.tfevents.1786467505.\351\243\216\351\223\203.3244.0""",b541b26d91c844c17ea17b8ebb9e03bd226aed41,3958,"git show archive/pre-cleanup-20261010:""logs/phase2_sac_v2_smoke_30k_seed260812/tensorboard/SAC_1/events.out.tfevents.1786467505.\351\243\216\351\223\203.3244.0"""
logs/phase2_sac_v2_smoke_30k_seed260812/train.monitor.csv,2566715a6b55033ad7f122019b31c773d4ac0409,3103,git show archive/pre-cleanup-20261010:logs/phase2_sac_v2_smoke_30k_seed260812/train.monitor.csv
logs/phase2_sac_v2_teachingA_seed260812/manifest.json,c44ae56aff05ac716a9a05d7afd12b1a12faba73,10580,git show archive/pre-cleanup-20261010:logs/phase2_sac_v2_teachingA_seed260812/manifest.json
logs/phase2_sac_v2_teachingA_seed260812/phase2_warmup_candidate_0075000.json,191c4922e311a5f4688695c8d6d4709378c268e0,6965,git show archive/pre-cleanup-20261010:logs/phase2_sac_v2_teachingA_seed260812/phase2_warmup_candidate_0075000.json
logs/phase2_sac_v2_teachingA_seed260812/phase2_warmup_diagnostic_status.json,f28bd1d232bf90e2085bba522b884ab0f4db1ea7,855,git show archive/pre-cleanup-20261010:logs/phase2_sac_v2_teachingA_seed260812/phase2_warmup_diagnostic_status.json
"""logs/phase2_sac_v2_teachingA_seed260812/tensorboard/SAC_1/events.out.tfevents.1786501511.\351\243\216\351\223\203.8808.0""",afc46ada96b6e85a60cbe870f6db8107a2b35470,12218,"git show archive/pre-cleanup-20261010:""logs/phase2_sac_v2_teachingA_seed260812/tensorboard/SAC_1/events.out.tfevents.1786501511.\351\243\216\351\223\203.8808.0"""
logs/phase2_sac_v2_teachingA_seed260812/train.monitor.csv,84d931a9a13b1726b7bad44ccca7f19105aacaab,6996,git show archive/pre-cleanup-20261010:logs/phase2_sac_v2_teachingA_seed260812/train.monitor.csv
logs/phase2_sac_v2_terminalcost_seed260812/manifest.json,e9e9b4e75afdbcc1c43026005c4e0e406dcf637e,10604,git show archive/pre-cleanup-20261010:logs/phase2_sac_v2_terminalcost_seed260812/manifest.json
logs/phase2_sac_v2_terminalcost_seed260812/phase2_warmup_candidate_0075000.json,f214780f3c8ca11b2984e8b2de269e370d3f41dd,6957,git show archive/pre-cleanup-20261010:logs/phase2_sac_v2_terminalcost_seed260812/phase2_warmup_candidate_0075000.json
logs/phase2_sac_v2_terminalcost_seed260812/phase2_warmup_diagnostic_status.json,5b2d9818b395dc07e0a2ea6af6e608ca65075bfd,859,git show archive/pre-cleanup-20261010:logs/phase2_sac_v2_terminalcost_seed260812/phase2_warmup_diagnostic_status.json
"""logs/phase2_sac_v2_terminalcost_seed260812/tensorboard/SAC_1/events.out.tfevents.1786500027.\351\243\216\351\223\203.14472.0""",e76e67d7c197a54e0d5d84ab47b6682f2620f1f3,12540,"git show archive/pre-cleanup-20261010:""logs/phase2_sac_v2_terminalcost_seed260812/tensorboard/SAC_1/events.out.tfevents.1786500027.\351\243\216\351\223\203.14472.0"""
logs/phase2_sac_v2_terminalcost_seed260812/train.monitor.csv,4aa7c4c3908a84c04878eee950c668747cd2563d,7449,git show archive/pre-cleanup-20261010:logs/phase2_sac_v2_terminalcost_seed260812/train.monitor.csv
logs/phase2_sac_v2_warmup75k_seed260812/manifest.json,3acb02adbde83ddad518f65f342c4faaad103e8d,10582,git show archive/pre-cleanup-20261010:logs/phase2_sac_v2_warmup75k_seed260812/manifest.json
logs/phase2_sac_v2_warmup75k_seed260812/phase2_warmup_candidate_0075000.json,c6d245113430bcd4ca2a52744ab88fdd960f9765,6952,git show archive/pre-cleanup-20261010:logs/phase2_sac_v2_warmup75k_seed260812/phase2_warmup_candidate_0075000.json
logs/phase2_sac_v2_warmup75k_seed260812/phase2_warmup_diagnostic_status.json,781152f0466dc35a5e4b3162c9671fdae6db6233,855,git show archive/pre-cleanup-20261010:logs/phase2_sac_v2_warmup75k_seed260812/phase2_warmup_diagnostic_status.json
"""logs/phase2_sac_v2_warmup75k_seed260812/tensorboard/SAC_1/events.out.tfevents.1786498521.\351\243\216\351\223\203.9588.0""",606beaf02fcbd9d6922e4dc31423cbadb3f58f97,14795,"git show archive/pre-cleanup-20261010:""logs/phase2_sac_v2_warmup75k_seed260812/tensorboard/SAC_1/events.out.tfevents.1786498521.\351\243\216\351\223\203.9588.0"""
logs/phase2_sac_v2_warmup75k_seed260812/train.monitor.csv,40645c8e1dae70581a8d5aa9067cf9b7b9ff4f4f,8874,git show archive/pre-cleanup-20261010:logs/phase2_sac_v2_warmup75k_seed260812/train.monitor.csv
logs/phase2_v2_1_gate0_stats.json,3001ad9a9bf7e9dde130692067f697a30215e21b,32175,git show archive/pre-cleanup-20261010:logs/phase2_v2_1_gate0_stats.json
logs/phase2_v2_1_mpc_observation_diagnostic/result.json,c68e832197c6ecbd53df29e0c4f44482fc5a8ce7,5622,git show archive/pre-cleanup-20261010:logs/phase2_v2_1_mpc_observation_diagnostic/result.json
logs/phase2_v2_1_mpc_observation_diagnostic/teacher_dataset.npz,015db437a6a22cc901b0a0e4140b5816bf08f4ca,775963,git show archive/pre-cleanup-20261010:logs/phase2_v2_1_mpc_observation_diagnostic/teacher_dataset.npz
logs/precap_noncoop/probe2_relay_state.txt,729ffff7f4807a83c46c3e4153e50819afd84ad2,70,git show archive/pre-cleanup-20261010:logs/precap_noncoop/probe2_relay_state.txt
logs/precap_noncoop/pure_mpc_estimated_48.json,956be7c271ee978958dabee66e40b539211c295c,280821,git show archive/pre-cleanup-20261010:logs/precap_noncoop/pure_mpc_estimated_48.json
logs/precap_noncoop/pure_mpc_truth_48.json,d0c5310398834d5ac6c1504b102943dc183a8ca9,276165,git show archive/pre-cleanup-20261010:logs/precap_noncoop/pure_mpc_truth_48.json
logs/precap_noncoop/pure_mpc_truth_48.stderr.log,e69de29bb2d1d6434b8b29ae775ad8c2e48c5391,0,git show archive/pre-cleanup-20261010:logs/precap_noncoop/pure_mpc_truth_48.stderr.log
logs/precap_noncoop/pure_mpc_truth_48.stdout.log,e3beee7295e3b7bf48cbf2a578f5476950d2ea16,8880,git show archive/pre-cleanup-20261010:logs/precap_noncoop/pure_mpc_truth_48.stdout.log
logs/precapture_planning_baseline/fixed_h001.json,cb96df02b3a4f3cfa4fbf9b82fa71143191ea581,641529,git show archive/pre-cleanup-20261010:logs/precapture_planning_baseline/fixed_h001.json
logs/precapture_planning_baseline/fixed_h003.json,9b0366385627905e9aeda8d665c3a9d5b252b66c,273291,git show archive/pre-cleanup-20261010:logs/precapture_planning_baseline/fixed_h003.json
logs/precapture_planning_baseline/fixed_h010.json,9e09b33651dfc03ca809b97502eb90b92e5ea7bd,2365638,git show archive/pre-cleanup-20261010:logs/precapture_planning_baseline/fixed_h010.json
logs/precapture_planning_baseline/fixed_h050.json,db26ae920d018ee70914bd9b2bf05d6e98ac1ed8,1818949,git show archive/pre-cleanup-20261010:logs/precapture_planning_baseline/fixed_h050.json
logs/precapture_planning_baseline/two_stage_h050.json,ec8caa1ceb0de331e9bbf0925d3e62da5ffd4891,2396924,git show archive/pre-cleanup-20261010:logs/precapture_planning_baseline/two_stage_h050.json
logs/precapture_planning_oracle/coast_then_match_5seeds.json,9955859c758332dfeb731d740c7f50e7bae516b7,631557,git show archive/pre-cleanup-20261010:logs/precapture_planning_oracle/coast_then_match_5seeds.json
logs/precapture_planning_oracle/oracle_plan_h020_tw1000_seed262000.json,7114b7c156bf55ad374a37ee510bd955976a600e,561014,git show archive/pre-cleanup-20261010:logs/precapture_planning_oracle/oracle_plan_h020_tw1000_seed262000.json
logs/precapture_planning_oracle/pure_mpc_fixed_h010_seed262000.json,4a86aea426e62f7e1fa9691720a1f46fd47be72a,597456,git show archive/pre-cleanup-20261010:logs/precapture_planning_oracle/pure_mpc_fixed_h010_seed262000.json
logs/precapture_planning_oracle/pure_mpc_fixed_h020_maxtime400_seed262000.json,707a110407f5683bbb056d164a2f966627ac46f1,793227,git show archive/pre-cleanup-20261010:logs/precapture_planning_oracle/pure_mpc_fixed_h020_maxtime400_seed262000.json
logs/precapture_planning_oracle/pure_mpc_fixed_h020_seed262000.json,61e84fcaac2db03a29ca9a886f93e5bed97e863e,599748,git show archive/pre-cleanup-20261010:logs/precapture_planning_oracle/pure_mpc_fixed_h020_seed262000.json
logs/precapture_planning_oracle/pure_mpc_fixed_h020_tw1000_seed262000.json,ddd6ab1d195e16cecc11470f6d4f124e7390514b,243471,git show archive/pre-cleanup-20261010:logs/precapture_planning_oracle/pure_mpc_fixed_h020_tw1000_seed262000.json
logs/precapture_planning_oracle/pure_mpc_fixed_h050_seed262000.json,01a178dc4228af925da39e3a80a9f24c6d07da50,349848,git show archive/pre-cleanup-20261010:logs/precapture_planning_oracle/pure_mpc_fixed_h050_seed262000.json
logs/precapture_planning_oracle/pure_mpc_h020_tw1000_5seeds.json,755686a4cd4c403abcb80fde9343da117ec611f4,1088001,git show archive/pre-cleanup-20261010:logs/precapture_planning_oracle/pure_mpc_h020_tw1000_5seeds.json
logs/precapture_planning_oracle/pure_mpc_h050_tw1000_5seeds.json,221e78455bee3d4274b7d3c8f7afebe7ecb1f0db,617497,git show archive/pre-cleanup-20261010:logs/precapture_planning_oracle/pure_mpc_h050_tw1000_5seeds.json
logs/precapture_planning_v2/curve_a_divergence_seed99.json,fc1f1e9347fdae7d447fa7b6f175aba7636d1ccd,45797,git show archive/pre-cleanup-20261010:logs/precapture_planning_v2/curve_a_divergence_seed99.json
logs/precapture_planning_v2/f1_h050_tw1000_seed262000.json,aa8e7b112cdaa2a88c9b6e08e32a6f0ce9746e33,137063,git show archive/pre-cleanup-20261010:logs/precapture_planning_v2/f1_h050_tw1000_seed262000.json
logs/precapture_planning_v2/f1_h050_tw1000_seed262002.json,1610ed6a9fa71866fe965382e40a44c766f9b3dd,145999,git show archive/pre-cleanup-20261010:logs/precapture_planning_v2/f1_h050_tw1000_seed262002.json
logs/precapture_planning_v2/f1_h050_tw1000_seed262004.json,35aa6373fe6158591ddedf1c7a4e4a1896afa8ed,148233,git show archive/pre-cleanup-20261010:logs/precapture_planning_v2/f1_h050_tw1000_seed262004.json
logs/precapture_planning_v2/f2_scripted_reentry.json,418f391ae0c6968c694b68b7f37b0021c1dde9f0,444,git show archive/pre-cleanup-20261010:logs/precapture_planning_v2/f2_scripted_reentry.json
logs/precapture_planning_v2/f3_hand_guidance_seed262001.json,9d44dff0ec718341a9535a27d5bde98fe1fa5d4d,78571,git show archive/pre-cleanup-20261010:logs/precapture_planning_v2/f3_hand_guidance_seed262001.json
logs/precapture_planning_v2/f3_hand_guidance_seed262002.json,8228faf06b494336d7951ac998a7fd34b5ff14bf,586786,git show archive/pre-cleanup-20261010:logs/precapture_planning_v2/f3_hand_guidance_seed262002.json
logs/precapture_planning_v2/f3_hand_guidance_seed262004.json,0cf61cdd3725e56147c580009473b4e30a80d654,581076,git show archive/pre-cleanup-20261010:logs/precapture_planning_v2/f3_hand_guidance_seed262004.json
logs/precapture_planning_v2/hand_guidance_h020_tw1000_3d_5seeds.json,d860244ed7a2b4f5b56a1545ec28bd6a64e9df38,1869592,git show archive/pre-cleanup-20261010:logs/precapture_planning_v2/hand_guidance_h020_tw1000_3d_5seeds.json
logs/precapture_planning_v2/hand_guidance_s4r_dev_262100_5seeds.json,846f3cd18760d2d9719eba92f4eb219412891274,1572277,git show archive/pre-cleanup-20261010:logs/precapture_planning_v2/hand_guidance_s4r_dev_262100_5seeds.json
logs/precapture_planning_v2/hand_guidance_s4r_report_262000_5seeds.json,399d6d0b2de044cc86268dfc711307b991bfeece,1930001,git show archive/pre-cleanup-20261010:logs/precapture_planning_v2/hand_guidance_s4r_report_262000_5seeds.json
logs/precapture_planning_v2/oracle_v03_8seeds_headroom_seed262000.json,19fb6c93eccca7a2af6788beb41c055ab722ca94,1195207,git show archive/pre-cleanup-20261010:logs/precapture_planning_v2/oracle_v03_8seeds_headroom_seed262000.json
logs/precapture_planning_v2/pure_mpc_h020_tw1000_5seeds.json,eaf211ad886724d57a9522e5a13da4e77fedcdd9,1537934,git show archive/pre-cleanup-20261010:logs/precapture_planning_v2/pure_mpc_h020_tw1000_5seeds.json
logs/precapture_planning_v2/pure_mpc_h050_tw1000_5seeds.json,9339daf6cb42dfc66579f817fdc928b5d300867b,2530053,git show archive/pre-cleanup-20261010:logs/precapture_planning_v2/pure_mpc_h050_tw1000_5seeds.json
logs/precapture_planning_v2/pure_mpc_h050_tw1000_5seeds_entry_events.json,2089ae66b577c542b490b2f8f5a92a5713267231,2532110,git show archive/pre-cleanup-20261010:logs/precapture_planning_v2/pure_mpc_h050_tw1000_5seeds_entry_events.json
logs/precapture_planning_v2/s3prime_mpc_h20_3seeds.json,f1291c2250406f3e614c8242919eb36bf89c6d4b,545353,git show archive/pre-cleanup-20261010:logs/precapture_planning_v2/s3prime_mpc_h20_3seeds.json
logs/precapture_planning_v2/s3prime_mpc_h50_3seeds.json,5ae3cf9ebb3d379e97c69de2656fa5665fdef761,556827,git show archive/pre-cleanup-20261010:logs/precapture_planning_v2/s3prime_mpc_h50_3seeds.json
logs/precapture_planning_v2/s5_interface_ceiling_oracle_seed262001.json,7267aeec88def7b329b3c1d05267c6ab3508e7de,77853,git show archive/pre-cleanup-20261010:logs/precapture_planning_v2/s5_interface_ceiling_oracle_seed262001.json
logs/precapture_planning_v2/s5_piecewise_candidate8_fov40.json,75b4c71ca420aec7c22a0ee89c131d02588ecc1d,753327,git show archive/pre-cleanup-20261010:logs/precapture_planning_v2/s5_piecewise_candidate8_fov40.json
logs/precapture_planning_v2/s5_piecewise_search_gate_stage1.json,baa8827ade9ba5256c8b4355fa70f40232177155,759574,git show archive/pre-cleanup-20261010:logs/precapture_planning_v2/s5_piecewise_search_gate_stage1.json
logs/precapture_planning_v2/upper_diagnosis/upper_attitude_mode_comparison_262001.json,1db9cb0fcbfb40331bc51f3d11c9dd8d93ed4a5f,1286,git show archive/pre-cleanup-20261010:logs/precapture_planning_v2/upper_diagnosis/upper_attitude_mode_comparison_262001.json
logs/precapture_planning_v2/upper_diagnosis/upper_channel_inertial_262001_desiredpose_ps20.json,673e25823512b4c493eb4a48e6af30152eed333e,181819,git show archive/pre-cleanup-20261010:logs/precapture_planning_v2/upper_diagnosis/upper_channel_inertial_262001_desiredpose_ps20.json
logs/precapture_planning_v2/upper_diagnosis/upper_channel_inertial_262002_desiredpose_ps20.json,4dc08b839d9a0209a485e0502a717170ebfd8c46,182017,git show archive/pre-cleanup-20261010:logs/precapture_planning_v2/upper_diagnosis/upper_channel_inertial_262002_desiredpose_ps20.json
logs/precapture_planning_v2/upper_diagnosis/upper_channel_inertial_262004_desiredpose_ps20.json,1b444f9bbc29784084b7a39760713daf0ba01483,181903,git show archive/pre-cleanup-20261010:logs/precapture_planning_v2/upper_diagnosis/upper_channel_inertial_262004_desiredpose_ps20.json
logs/precapture_planning_v2/upper_diagnosis/upper_channel_targetframe_262001_desiredpose_targetframe.json,de9520f0b93f9d1d7ee32d09980ab5bba878158f,74506,git show archive/pre-cleanup-20261010:logs/precapture_planning_v2/upper_diagnosis/upper_channel_targetframe_262001_desiredpose_targetframe.json
logs/precapture_planning_v2/upper_diagnosis/upper_channel_targetframe_262002_desiredpose_targetframe.json,275039cc2627d905b491cf7e4ab57e28115a0323,70926,git show archive/pre-cleanup-20261010:logs/precapture_planning_v2/upper_diagnosis/upper_channel_targetframe_262002_desiredpose_targetframe.json
logs/precapture_planning_v2/upper_diagnosis/upper_channel_targetframe_262004_desiredpose_targetframe.json,c17e53ac9ec93a0fd264bf1472e7a44f2f540c20,77509,git show archive/pre-cleanup-20261010:logs/precapture_planning_v2/upper_diagnosis/upper_channel_targetframe_262004_desiredpose_targetframe.json
logs/precapture_planning_v2/upper_diagnosis/upper_control_262001_fixed_ps20.json,36f3228c0865c856b4b181fc120f93bcff049b3a,74470,git show archive/pre-cleanup-20261010:logs/precapture_planning_v2/upper_diagnosis/upper_control_262001_fixed_ps20.json
logs/precapture_planning_v2/upper_diagnosis/upper_control_262001_oracle_ps5.json,351fc361aceaad6981fe72bac37c161defa67d00,111893,git show archive/pre-cleanup-20261010:logs/precapture_planning_v2/upper_diagnosis/upper_control_262001_oracle_ps5.json
logs/precapture_planning_v2/upper_diagnosis/upper_control_262002_fixed_ps20.json,0805c5efb6fd69e94d932e58d711c1b5a2ce8723,70890,git show archive/pre-cleanup-20261010:logs/precapture_planning_v2/upper_diagnosis/upper_control_262002_fixed_ps20.json
logs/precapture_planning_v2/upper_diagnosis/upper_control_262002_oracle_ps5.json,addfd42ebbc0c68c56057c9ff808d1e0bfd7a3c4,126069,git show archive/pre-cleanup-20261010:logs/precapture_planning_v2/upper_diagnosis/upper_control_262002_oracle_ps5.json
logs/precapture_planning_v2/upper_diagnosis/upper_control_262004_fixed_ps20.json,4de1a65d49dbb9907241c512e8b9505957be7753,77473,git show archive/pre-cleanup-20261010:logs/precapture_planning_v2/upper_diagnosis/upper_control_262004_fixed_ps20.json
logs/precapture_planning_v2/upper_diagnosis/upper_control_262004_oracle_ps5.json,ba4a153bc8835a07a9525ef49deb20ceff192d3f,51737,git show archive/pre-cleanup-20261010:logs/precapture_planning_v2/upper_diagnosis/upper_control_262004_oracle_ps5.json
logs/precapture_planning_v2/upper_diagnosis/upper_hybrid_c_262003_t0.json,358bb68d238f7976aa95dbcccc2b126619b3d9b1,422,git show archive/pre-cleanup-20261010:logs/precapture_planning_v2/upper_diagnosis/upper_hybrid_c_262003_t0.json
logs/precapture_planning_v2/upper_diagnosis/upper_hybrid_c_262003_t100.json,59c3c3b3fbd88fe778a49680933f5da3097784be,425,git show archive/pre-cleanup-20261010:logs/precapture_planning_v2/upper_diagnosis/upper_hybrid_c_262003_t100.json
logs/precapture_planning_v2/upper_diagnosis/upper_hybrid_c_262003_t120.json,92fa6afdcf1ec008a2bffa990547e3a808418fcd,438,git show archive/pre-cleanup-20261010:logs/precapture_planning_v2/upper_diagnosis/upper_hybrid_c_262003_t120.json
logs/precapture_planning_v2/upper_diagnosis/upper_hybrid_c_262003_t140.json,8a9d7af7c8be61b6576d5e73594ff5de1347f552,424,git show archive/pre-cleanup-20261010:logs/precapture_planning_v2/upper_diagnosis/upper_hybrid_c_262003_t140.json
logs/precapture_planning_v2/upper_diagnosis/upper_hybrid_c_262003_t20.json,94e8e0babd4f30be87aa197ab6c38c85655b9e07,423,git show archive/pre-cleanup-20261010:logs/precapture_planning_v2/upper_diagnosis/upper_hybrid_c_262003_t20.json
logs/precapture_planning_v2/upper_diagnosis/upper_hybrid_c_262003_t40.json,9ce598aa259da88cf5e5e85824b72cbf394e63d4,436,git show archive/pre-cleanup-20261010:logs/precapture_planning_v2/upper_diagnosis/upper_hybrid_c_262003_t40.json
logs/precapture_planning_v2/upper_diagnosis/upper_hybrid_c_262003_t60.json,5c59a072dcf6fe294e300eb2349740deef83df27,437,git show archive/pre-cleanup-20261010:logs/precapture_planning_v2/upper_diagnosis/upper_hybrid_c_262003_t60.json
logs/precapture_planning_v2/upper_diagnosis/upper_hybrid_c_262003_t80.json,19ac381158ff9aae9b498c14c037613ce73497d2,437,git show archive/pre-cleanup-20261010:logs/precapture_planning_v2/upper_diagnosis/upper_hybrid_c_262003_t80.json
logs/precapture_planning_v2/upper_diagnosis/upper_hybrid_c_262005_t0.json,57b544e84c08d775b1c91d7f0b45074f6afedddf,422,git show archive/pre-cleanup-20261010:logs/precapture_planning_v2/upper_diagnosis/upper_hybrid_c_262005_t0.json
logs/precapture_planning_v2/upper_diagnosis/upper_hybrid_c_262005_t100.json,47d7043add54486ff467692358070f22307d3a0f,426,git show archive/pre-cleanup-20261010:logs/precapture_planning_v2/upper_diagnosis/upper_hybrid_c_262005_t100.json
logs/precapture_planning_v2/upper_diagnosis/upper_hybrid_c_262005_t120.json,e4ca465ecba1176f821f1b4e354e5c674f74de70,426,git show archive/pre-cleanup-20261010:logs/precapture_planning_v2/upper_diagnosis/upper_hybrid_c_262005_t120.json
logs/precapture_planning_v2/upper_diagnosis/upper_hybrid_c_262005_t140.json,6ac4eaf893c2e1416859d6fd3fc3c85bb7ef4d9a,426,git show archive/pre-cleanup-20261010:logs/precapture_planning_v2/upper_diagnosis/upper_hybrid_c_262005_t140.json
logs/precapture_planning_v2/upper_diagnosis/upper_hybrid_c_262005_t20.json,cee525563507ef06c60749ea5f7a11a6d64e027f,424,git show archive/pre-cleanup-20261010:logs/precapture_planning_v2/upper_diagnosis/upper_hybrid_c_262005_t20.json
logs/precapture_planning_v2/upper_diagnosis/upper_hybrid_c_262005_t40.json,010e45bc233da111b0780ae17d2e91fc78664fd7,424,git show archive/pre-cleanup-20261010:logs/precapture_planning_v2/upper_diagnosis/upper_hybrid_c_262005_t40.json
logs/precapture_planning_v2/upper_diagnosis/upper_hybrid_c_262005_t60.json,9823e9cebf2605a161d35803aee3d10a44fa44a2,425,git show archive/pre-cleanup-20261010:logs/precapture_planning_v2/upper_diagnosis/upper_hybrid_c_262005_t60.json
logs/precapture_planning_v2/upper_diagnosis/upper_hybrid_c_262005_t80.json,d7c8503c2233e1d903cdff116a192d231f173510,424,git show archive/pre-cleanup-20261010:logs/precapture_planning_v2/upper_diagnosis/upper_hybrid_c_262005_t80.json
logs/precapture_planning_v2/upper_diagnosis/upper_hybrid_c_262006_t0.json,dc7f6bf49ce63056178d93d411c5ae047b29bb36,422,git show archive/pre-cleanup-20261010:logs/precapture_planning_v2/upper_diagnosis/upper_hybrid_c_262006_t0.json
logs/precapture_planning_v2/upper_diagnosis/upper_hybrid_c_262006_t100.json,08c8377fe6712148e3cdfc68fb9d78dbf7b55386,474,git show archive/pre-cleanup-20261010:logs/precapture_planning_v2/upper_diagnosis/upper_hybrid_c_262006_t100.json
logs/precapture_planning_v2/upper_diagnosis/upper_hybrid_c_262006_t120.json,129fe5b52e0c18647ba851b8fb6636b06deb7033,474,git show archive/pre-cleanup-20261010:logs/precapture_planning_v2/upper_diagnosis/upper_hybrid_c_262006_t120.json
logs/precapture_planning_v2/upper_diagnosis/upper_hybrid_c_262006_t140.json,ff90ef000cf27cf1fe32ed60437ad9b7c8a30f61,474,git show archive/pre-cleanup-20261010:logs/precapture_planning_v2/upper_diagnosis/upper_hybrid_c_262006_t140.json
logs/precapture_planning_v2/upper_diagnosis/upper_hybrid_c_262006_t20.json,db5b208e2cbbd161c53524c5d36a3e3677a769c6,424,git show archive/pre-cleanup-20261010:logs/precapture_planning_v2/upper_diagnosis/upper_hybrid_c_262006_t20.json
logs/precapture_planning_v2/upper_diagnosis/upper_hybrid_c_262006_t40.json,f3a406b327f080c74754490bee8b3327ab11f151,423,git show archive/pre-cleanup-20261010:logs/precapture_planning_v2/upper_diagnosis/upper_hybrid_c_262006_t40.json
logs/precapture_planning_v2/upper_diagnosis/upper_hybrid_c_262006_t60.json,f3dbe43ca0dd8d961b001e31b44750b65775ff90,472,git show archive/pre-cleanup-20261010:logs/precapture_planning_v2/upper_diagnosis/upper_hybrid_c_262006_t60.json
logs/precapture_planning_v2/upper_diagnosis/upper_hybrid_c_262006_t80.json,191f6edc76c8d1eb1982266ee858b92695385176,473,git show archive/pre-cleanup-20261010:logs/precapture_planning_v2/upper_diagnosis/upper_hybrid_c_262006_t80.json
logs/precapture_planning_v2/upper_diagnosis/upper_hybrid_c_262011_t0.json,31755d5973b145f7ebb7d752a4ad6a49f3be3077,422,git show archive/pre-cleanup-20261010:logs/precapture_planning_v2/upper_diagnosis/upper_hybrid_c_262011_t0.json
logs/precapture_planning_v2/upper_diagnosis/upper_hybrid_c_262011_t100.json,cc534e1bcd70771cd2be9451655c269e70b65f83,427,git show archive/pre-cleanup-20261010:logs/precapture_planning_v2/upper_diagnosis/upper_hybrid_c_262011_t100.json
logs/precapture_planning_v2/upper_diagnosis/upper_hybrid_c_262011_t120.json,76ff7f976d5fb7bc9b173b2dc3bfedfa40955881,427,git show archive/pre-cleanup-20261010:logs/precapture_planning_v2/upper_diagnosis/upper_hybrid_c_262011_t120.json
logs/precapture_planning_v2/upper_diagnosis/upper_hybrid_c_262011_t140.json,b8dedc5d732256d1ae7e82888fdf9b5809f882b2,427,git show archive/pre-cleanup-20261010:logs/precapture_planning_v2/upper_diagnosis/upper_hybrid_c_262011_t140.json
logs/precapture_planning_v2/upper_diagnosis/upper_hybrid_c_262011_t20.json,bb6452c90732332b6bccf472537d3ba6375e161e,424,git show archive/pre-cleanup-20261010:logs/precapture_planning_v2/upper_diagnosis/upper_hybrid_c_262011_t20.json
logs/precapture_planning_v2/upper_diagnosis/upper_hybrid_c_262011_t40.json,94e7a8b01e28d693f665c53c7fb1e9f8801486e7,424,git show archive/pre-cleanup-20261010:logs/precapture_planning_v2/upper_diagnosis/upper_hybrid_c_262011_t40.json
logs/precapture_planning_v2/upper_diagnosis/upper_hybrid_c_262011_t60.json,3a2933d355799a860f20ecdbf482a77a5130c13a,424,git show archive/pre-cleanup-20261010:logs/precapture_planning_v2/upper_diagnosis/upper_hybrid_c_262011_t60.json
logs/precapture_planning_v2/upper_diagnosis/upper_hybrid_c_262011_t80.json,a0b09b21f443167de2fd343c6a565da46f67924d,425,git show archive/pre-cleanup-20261010:logs/precapture_planning_v2/upper_diagnosis/upper_hybrid_c_262011_t80.json
logs/precapture_planning_v2/upper_diagnosis/upper_hybrid_desired_pose_262000.json,dd66996beb4a1840422b1c99f7fd7f97ae66731e,403,git show archive/pre-cleanup-20261010:logs/precapture_planning_v2/upper_diagnosis/upper_hybrid_desired_pose_262000.json
logs/precapture_planning_v2/upper_diagnosis/upper_hybrid_desired_pose_262001.json,af6eb0c86d2d3f760b3b7c136d1993693955e8fc,389,git show archive/pre-cleanup-20261010:logs/precapture_planning_v2/upper_diagnosis/upper_hybrid_desired_pose_262001.json
logs/precapture_planning_v2/upper_diagnosis/upper_hybrid_desired_pose_262002.json,d43ed17dff492a37d95307f6817054ce25c301d6,391,git show archive/pre-cleanup-20261010:logs/precapture_planning_v2/upper_diagnosis/upper_hybrid_desired_pose_262002.json
logs/precapture_planning_v2/upper_diagnosis/upper_hybrid_desired_pose_262003.json,f1d45dcc23325d3dc33e871137419d307ae902ab,392,git show archive/pre-cleanup-20261010:logs/precapture_planning_v2/upper_diagnosis/upper_hybrid_desired_pose_262003.json
logs/precapture_planning_v2/upper_diagnosis/upper_hybrid_desired_pose_262004.json,473e72010f963e85354323873c80c3584c320c25,403,git show archive/pre-cleanup-20261010:logs/precapture_planning_v2/upper_diagnosis/upper_hybrid_desired_pose_262004.json
logs/precapture_planning_v2/upper_diagnosis/upper_hybrid_desired_pose_262005.json,f6b2771c4c7495b8b0e5e03b0f6f15e39d4445e3,392,git show archive/pre-cleanup-20261010:logs/precapture_planning_v2/upper_diagnosis/upper_hybrid_desired_pose_262005.json
logs/precapture_planning_v2/upper_diagnosis/upper_hybrid_desired_pose_262006.json,acd5c8b868a78ffcdc73764ecc324469d6037ac6,392,git show archive/pre-cleanup-20261010:logs/precapture_planning_v2/upper_diagnosis/upper_hybrid_desired_pose_262006.json
logs/precapture_planning_v2/upper_diagnosis/upper_hybrid_desired_pose_262007.json,408cff7cdca1f41bfbef6b20faa7fbccaa320f2f,391,git show archive/pre-cleanup-20261010:logs/precapture_planning_v2/upper_diagnosis/upper_hybrid_desired_pose_262007.json
logs/precapture_planning_v2/upper_diagnosis/upper_hybrid_desired_pose_262008.json,753ebf181ae0f9d72b200a381fe5b1bdbbc9c5b2,404,git show archive/pre-cleanup-20261010:logs/precapture_planning_v2/upper_diagnosis/upper_hybrid_desired_pose_262008.json
logs/precapture_planning_v2/upper_diagnosis/upper_hybrid_desired_pose_262009.json,2046f0e209e2ed7bdd2df749daf557edc5df57ca,404,git show archive/pre-cleanup-20261010:logs/precapture_planning_v2/upper_diagnosis/upper_hybrid_desired_pose_262009.json
logs/precapture_planning_v2/upper_diagnosis/upper_hybrid_desired_pose_262010.json,e130c0be1f3c7e23b531840a83dd8230b41021ab,391,git show archive/pre-cleanup-20261010:logs/precapture_planning_v2/upper_diagnosis/upper_hybrid_desired_pose_262010.json
logs/precapture_planning_v2/upper_diagnosis/upper_hybrid_desired_pose_262011.json,3d3dcb29a064e3b1f29fce10b3c86f63020caf13,392,git show archive/pre-cleanup-20261010:logs/precapture_planning_v2/upper_diagnosis/upper_hybrid_desired_pose_262011.json
logs/precapture_planning_v2/upper_diagnosis/upper_hybrid_hold_then_enter_262000.json,a0d4349ca5cce610dc63b9cb211d418e6451147a,407,git show archive/pre-cleanup-20261010:logs/precapture_planning_v2/upper_diagnosis/upper_hybrid_hold_then_enter_262000.json
logs/precapture_planning_v2/upper_diagnosis/upper_hybrid_hold_then_enter_262001.json,6c2205dfc66b2987a8f228eaca3b4e69e96cf930,396,git show archive/pre-cleanup-20261010:logs/precapture_planning_v2/upper_diagnosis/upper_hybrid_hold_then_enter_262001.json
logs/precapture_planning_v2/upper_diagnosis/upper_hybrid_hold_then_enter_262002.json,47a581f87cb23f58d8c8eea26094e4d3bcddf15f,397,git show archive/pre-cleanup-20261010:logs/precapture_planning_v2/upper_diagnosis/upper_hybrid_hold_then_enter_262002.json
logs/precapture_planning_v2/upper_diagnosis/upper_hybrid_hold_then_enter_262003.json,c1272cdcbe1992b7c24066e5ea15e7e7f53fdf9e,396,git show archive/pre-cleanup-20261010:logs/precapture_planning_v2/upper_diagnosis/upper_hybrid_hold_then_enter_262003.json
logs/precapture_planning_v2/upper_diagnosis/upper_hybrid_hold_then_enter_262004.json,8b5c3dbe2f3291177ebc795019a8e9c06254cc99,431,git show archive/pre-cleanup-20261010:logs/precapture_planning_v2/upper_diagnosis/upper_hybrid_hold_then_enter_262004.json
logs/precapture_planning_v2/upper_diagnosis/upper_hybrid_hold_then_enter_262005.json,943189f0d786b70affc26775e8d1ace8f4ee553e,397,git show archive/pre-cleanup-20261010:logs/precapture_planning_v2/upper_diagnosis/upper_hybrid_hold_then_enter_262005.json
logs/precapture_planning_v2/upper_diagnosis/upper_hybrid_hold_then_enter_262006.json,d971976cabd30de477f1d25076cd41f3f5fec210,445,git show archive/pre-cleanup-20261010:logs/precapture_planning_v2/upper_diagnosis/upper_hybrid_hold_then_enter_262006.json
logs/precapture_planning_v2/upper_diagnosis/upper_hybrid_hold_then_enter_262007.json,197d0066256908d9fe55c5843c1af46938dd90d9,395,git show archive/pre-cleanup-20261010:logs/precapture_planning_v2/upper_diagnosis/upper_hybrid_hold_then_enter_262007.json
logs/precapture_planning_v2/upper_diagnosis/upper_hybrid_hold_then_enter_262008.json,64f4a0b6cfebba897477ea7a79ebbe6b4699636a,398,git show archive/pre-cleanup-20261010:logs/precapture_planning_v2/upper_diagnosis/upper_hybrid_hold_then_enter_262008.json
logs/precapture_planning_v2/upper_diagnosis/upper_hybrid_hold_then_enter_262009.json,f08b359a62e717aea6580bd05a1a19dd4026422b,394,git show archive/pre-cleanup-20261010:logs/precapture_planning_v2/upper_diagnosis/upper_hybrid_hold_then_enter_262009.json
logs/precapture_planning_v2/upper_diagnosis/upper_hybrid_hold_then_enter_262010.json,ea68e059589efee483ca3dedd55a0e84a2f2d8ec,432,git show archive/pre-cleanup-20261010:logs/precapture_planning_v2/upper_diagnosis/upper_hybrid_hold_then_enter_262010.json
logs/precapture_planning_v2/upper_diagnosis/upper_hybrid_hold_then_enter_262011.json,d57e52374b93888a188d5a1f9d1af13631ba44d4,398,git show archive/pre-cleanup-20261010:logs/precapture_planning_v2/upper_diagnosis/upper_hybrid_hold_then_enter_262011.json
logs/precapture_planning_v2/upper_diagnosis/upper_lag_sweep_262001_frozen_ps10.json,948cfbcf55ce39f04fa72f0a2e5f27adb5a9f9ec,181658,git show archive/pre-cleanup-20261010:logs/precapture_planning_v2/upper_diagnosis/upper_lag_sweep_262001_frozen_ps10.json
logs/precapture_planning_v2/upper_diagnosis/upper_lag_sweep_262001_frozen_ps20.json,6bd3205c6d4a08eed68d09bedcaca745321f41c9,181305,git show archive/pre-cleanup-20261010:logs/precapture_planning_v2/upper_diagnosis/upper_lag_sweep_262001_frozen_ps20.json
logs/precapture_planning_v2/upper_diagnosis/upper_lag_sweep_262002_frozen_ps10.json,ece0c5eee082ddf5944e52dbbe4a6a2834a06bc2,181392,git show archive/pre-cleanup-20261010:logs/precapture_planning_v2/upper_diagnosis/upper_lag_sweep_262002_frozen_ps10.json
logs/precapture_planning_v2/upper_diagnosis/upper_lag_sweep_262002_frozen_ps20.json,8debc467a042e40605e5c1167c25ca11dd8c205b,181303,git show archive/pre-cleanup-20261010:logs/precapture_planning_v2/upper_diagnosis/upper_lag_sweep_262002_frozen_ps20.json
logs/precapture_planning_v2/upper_diagnosis/upper_lag_sweep_262004_frozen_ps10.json,9e47166bb31d516a3a10ff1d61bf549289b4f294,53538,git show archive/pre-cleanup-20261010:logs/precapture_planning_v2/upper_diagnosis/upper_lag_sweep_262004_frozen_ps10.json
logs/precapture_planning_v2/upper_diagnosis/upper_lag_sweep_262004_frozen_ps20.json,75fb5448f4b73abba64e781d08347a94a2c128ee,60688,git show archive/pre-cleanup-20261010:logs/precapture_planning_v2/upper_diagnosis/upper_lag_sweep_262004_frozen_ps20.json
logs/precapture_planning_v2/upper_diagnosis/upper_oracle_targetframe_262001_oracle_targetframe.json,09d4a9402927b40a2fc7191eca18489dcb763718,137823,git show archive/pre-cleanup-20261010:logs/precapture_planning_v2/upper_diagnosis/upper_oracle_targetframe_262001_oracle_targetframe.json
logs/precapture_planning_v2/upper_diagnosis/upper_oracle_targetframe_262002_oracle_targetframe.json,4cb5372dac67d05efdd876e809fed1dececc8916,167409,git show archive/pre-cleanup-20261010:logs/precapture_planning_v2/upper_diagnosis/upper_oracle_targetframe_262002_oracle_targetframe.json
logs/precapture_planning_v2/upper_diagnosis/upper_oracle_targetframe_262004_oracle_targetframe.json,7a9df69fdada71a08e25bdc280dec7d28fc72700,157666,git show archive/pre-cleanup-20261010:logs/precapture_planning_v2/upper_diagnosis/upper_oracle_targetframe_262004_oracle_targetframe.json
logs/precapture_planning_v2/upper_diagnosis/upper_radiallocal_c_262001_t0.json,2d74c86c0ad60d53dddf0ac0b01b7f686f46c430,456,git show archive/pre-cleanup-20261010:logs/precapture_planning_v2/upper_diagnosis/upper_radiallocal_c_262001_t0.json
logs/precapture_planning_v2/upper_diagnosis/upper_radiallocal_c_262001_t100.json,422fb0a6a6e75cfd3bb5bf17a51c9e7ee4d646c6,473,git show archive/pre-cleanup-20261010:logs/precapture_planning_v2/upper_diagnosis/upper_radiallocal_c_262001_t100.json
logs/precapture_planning_v2/upper_diagnosis/upper_radiallocal_c_262001_t120.json,ae5eb8d488c83f89847a182c5f59f5ab05b233af,473,git show archive/pre-cleanup-20261010:logs/precapture_planning_v2/upper_diagnosis/upper_radiallocal_c_262001_t120.json
logs/precapture_planning_v2/upper_diagnosis/upper_radiallocal_c_262001_t140.json,0de999c1988f854ccb1ff7867b6d81b4fff929e5,473,git show archive/pre-cleanup-20261010:logs/precapture_planning_v2/upper_diagnosis/upper_radiallocal_c_262001_t140.json
logs/precapture_planning_v2/upper_diagnosis/upper_radiallocal_c_262001_t20.json,8be137ade65cdc17e991836c70946db480ac27f0,472,git show archive/pre-cleanup-20261010:logs/precapture_planning_v2/upper_diagnosis/upper_radiallocal_c_262001_t20.json
logs/precapture_planning_v2/upper_diagnosis/upper_radiallocal_c_262001_t40.json,477bcff95254209cd40f24a68beff9bfd137c4b5,472,git show archive/pre-cleanup-20261010:logs/precapture_planning_v2/upper_diagnosis/upper_radiallocal_c_262001_t40.json
logs/precapture_planning_v2/upper_diagnosis/upper_radiallocal_c_262001_t60.json,8ef957d267978c26547336ee46d7916072235668,472,git show archive/pre-cleanup-20261010:logs/precapture_planning_v2/upper_diagnosis/upper_radiallocal_c_262001_t60.json
logs/precapture_planning_v2/upper_diagnosis/upper_radiallocal_c_262001_t80.json,9fefc141e86ff735894828e243082d47b884b41a,472,git show archive/pre-cleanup-20261010:logs/precapture_planning_v2/upper_diagnosis/upper_radiallocal_c_262001_t80.json
logs/precapture_planning_v2/upper_diagnosis/upper_radiallocal_c_262003_t0.json,334e2e0693d46e1d5036549234ebc6131e0a600f,421,git show archive/pre-cleanup-20261010:logs/precapture_planning_v2/upper_diagnosis/upper_radiallocal_c_262003_t0.json
logs/precapture_planning_v2/upper_diagnosis/upper_radiallocal_c_262003_t100.json,98db4bb958444271e32952161a79197515601d2e,439,git show archive/pre-cleanup-20261010:logs/precapture_planning_v2/upper_diagnosis/upper_radiallocal_c_262003_t100.json
logs/precapture_planning_v2/upper_diagnosis/upper_radiallocal_c_262003_t120.json,0c61eecadbd6cce2e4a1319a9f1e02faea57f1a4,438,git show archive/pre-cleanup-20261010:logs/precapture_planning_v2/upper_diagnosis/upper_radiallocal_c_262003_t120.json
logs/precapture_planning_v2/upper_diagnosis/upper_radiallocal_c_262003_t140.json,bfcced3e8c30788f38b7afbd2a555f8d3ed0bc4c,426,git show archive/pre-cleanup-20261010:logs/precapture_planning_v2/upper_diagnosis/upper_radiallocal_c_262003_t140.json
logs/precapture_planning_v2/upper_diagnosis/upper_radiallocal_c_262003_t20.json,5e4ed2b385a3495fea5cd0430ef475f5cfcdc3c1,422,git show archive/pre-cleanup-20261010:logs/precapture_planning_v2/upper_diagnosis/upper_radiallocal_c_262003_t20.json
logs/precapture_planning_v2/upper_diagnosis/upper_radiallocal_c_262003_t40.json,6e23d8dfb423501b3a3b8351450a905410bb881c,422,git show archive/pre-cleanup-20261010:logs/precapture_planning_v2/upper_diagnosis/upper_radiallocal_c_262003_t40.json
logs/precapture_planning_v2/upper_diagnosis/upper_radiallocal_c_262003_t60.json,6c02041792c56ffc129c6cc089f3530b50b82b7f,422,git show archive/pre-cleanup-20261010:logs/precapture_planning_v2/upper_diagnosis/upper_radiallocal_c_262003_t60.json
logs/precapture_planning_v2/upper_diagnosis/upper_radiallocal_c_262003_t80.json,c886c5306a8535434f9f9df3d31494b4f88564de,422,git show archive/pre-cleanup-20261010:logs/precapture_planning_v2/upper_diagnosis/upper_radiallocal_c_262003_t80.json
logs/precapture_planning_v2/upper_diagnosis/upper_radiallocal_c_262005_t0.json,48a336ac7154d37600ee1d3231e4f2325e310c11,456,git show archive/pre-cleanup-20261010:logs/precapture_planning_v2/upper_diagnosis/upper_radiallocal_c_262005_t0.json
logs/precapture_planning_v2/upper_diagnosis/upper_radiallocal_c_262005_t100.json,34a60ddccb3c7806cb252eb84acef3c56a421c05,425,git show archive/pre-cleanup-20261010:logs/precapture_planning_v2/upper_diagnosis/upper_radiallocal_c_262005_t100.json
logs/precapture_planning_v2/upper_diagnosis/upper_radiallocal_c_262005_t120.json,e623aeca38cb0961a2e7a2405781b1ebfad3fcf1,425,git show archive/pre-cleanup-20261010:logs/precapture_planning_v2/upper_diagnosis/upper_radiallocal_c_262005_t120.json
logs/precapture_planning_v2/upper_diagnosis/upper_radiallocal_c_262005_t140.json,34bba070b4ea380c5760215d38ce43546d60010e,425,git show archive/pre-cleanup-20261010:logs/precapture_planning_v2/upper_diagnosis/upper_radiallocal_c_262005_t140.json
logs/precapture_planning_v2/upper_diagnosis/upper_radiallocal_c_262005_t20.json,f1914b842be77d15da13783abb5148ba4f5cbf28,458,git show archive/pre-cleanup-20261010:logs/precapture_planning_v2/upper_diagnosis/upper_radiallocal_c_262005_t20.json
logs/precapture_planning_v2/upper_diagnosis/upper_radiallocal_c_262005_t40.json,caf0e5ae2c3cfb2effe79cfbed1fbcaa68d6d1ec,461,git show archive/pre-cleanup-20261010:logs/precapture_planning_v2/upper_diagnosis/upper_radiallocal_c_262005_t40.json
logs/precapture_planning_v2/upper_diagnosis/upper_radiallocal_c_262005_t60.json,96a4b970ab33c3967e8a28985832a332351bfcb5,423,git show archive/pre-cleanup-20261010:logs/precapture_planning_v2/upper_diagnosis/upper_radiallocal_c_262005_t60.json
logs/precapture_planning_v2/upper_diagnosis/upper_radiallocal_c_262005_t80.json,e9df01e4c75ff37d11a91d0d24487ef8093f751b,423,git show archive/pre-cleanup-20261010:logs/precapture_planning_v2/upper_diagnosis/upper_radiallocal_c_262005_t80.json
logs/precapture_planning_v2/upper_diagnosis/upper_radiallocal_c_262006_t0.json,8403141be2769e3c4ef5fea10ee08a35d3bb0e56,423,git show archive/pre-cleanup-20261010:logs/precapture_planning_v2/upper_diagnosis/upper_radiallocal_c_262006_t0.json
logs/precapture_planning_v2/upper_diagnosis/upper_radiallocal_c_262006_t100.json,331c11e05f79702acc650a3ae9bc4d02f0c6adf2,461,git show archive/pre-cleanup-20261010:logs/precapture_planning_v2/upper_diagnosis/upper_radiallocal_c_262006_t100.json
logs/precapture_planning_v2/upper_diagnosis/upper_radiallocal_c_262006_t120.json,7cc0eb0e15ef95cf5a8216f730bc4f272cae91c6,461,git show archive/pre-cleanup-20261010:logs/precapture_planning_v2/upper_diagnosis/upper_radiallocal_c_262006_t120.json
logs/precapture_planning_v2/upper_diagnosis/upper_radiallocal_c_262006_t140.json,4c3f7f6645f00cdf2ebde919e224d7d994ffcfd5,461,git show archive/pre-cleanup-20261010:logs/precapture_planning_v2/upper_diagnosis/upper_radiallocal_c_262006_t140.json
logs/precapture_planning_v2/upper_diagnosis/upper_radiallocal_c_262006_t20.json,8d82b9d6569d11fd3eed3c0af563fe370d673975,460,git show archive/pre-cleanup-20261010:logs/precapture_planning_v2/upper_diagnosis/upper_radiallocal_c_262006_t20.json
logs/precapture_planning_v2/upper_diagnosis/upper_radiallocal_c_262006_t40.json,d18d1c5805665d1939466028db7765e6331e3e87,460,git show archive/pre-cleanup-20261010:logs/precapture_planning_v2/upper_diagnosis/upper_radiallocal_c_262006_t40.json
logs/precapture_planning_v2/upper_diagnosis/upper_radiallocal_c_262006_t60.json,6a71976353f777f59cfa103c24e2e4c35b15dbde,460,git show archive/pre-cleanup-20261010:logs/precapture_planning_v2/upper_diagnosis/upper_radiallocal_c_262006_t60.json
logs/precapture_planning_v2/upper_diagnosis/upper_radiallocal_c_262006_t80.json,af3bd71afeb076d1905d866079b45ff58c49ebff,460,git show archive/pre-cleanup-20261010:logs/precapture_planning_v2/upper_diagnosis/upper_radiallocal_c_262006_t80.json
logs/precapture_planning_v2/upper_diagnosis/upper_radiallocal_c_262011_t0.json,29137309dea0f2adf11fe83b87b67b7731dcc4dd,436,git show archive/pre-cleanup-20261010:logs/precapture_planning_v2/upper_diagnosis/upper_radiallocal_c_262011_t0.json
logs/precapture_planning_v2/upper_diagnosis/upper_radiallocal_c_262011_t100.json,f674d691fd505235c672c9822562f5262e921927,426,git show archive/pre-cleanup-20261010:logs/precapture_planning_v2/upper_diagnosis/upper_radiallocal_c_262011_t100.json
logs/precapture_planning_v2/upper_diagnosis/upper_radiallocal_c_262011_t120.json,c9ed4ff023606a2fb309271af2d948f7fb176b78,425,git show archive/pre-cleanup-20261010:logs/precapture_planning_v2/upper_diagnosis/upper_radiallocal_c_262011_t120.json
logs/precapture_planning_v2/upper_diagnosis/upper_radiallocal_c_262011_t140.json,2be669baa8fac0ee74d5dd9594c27dacc3abdaad,439,git show archive/pre-cleanup-20261010:logs/precapture_planning_v2/upper_diagnosis/upper_radiallocal_c_262011_t140.json
logs/precapture_planning_v2/upper_diagnosis/upper_radiallocal_c_262011_t20.json,9ccebf7966e9cf8857d16e815e4f3573c89966b6,424,git show archive/pre-cleanup-20261010:logs/precapture_planning_v2/upper_diagnosis/upper_radiallocal_c_262011_t20.json
logs/precapture_planning_v2/upper_diagnosis/upper_radiallocal_c_262011_t40.json,89f5b7148a7a036fd8dcc719300d9a83d9757263,424,git show archive/pre-cleanup-20261010:logs/precapture_planning_v2/upper_diagnosis/upper_radiallocal_c_262011_t40.json
logs/precapture_planning_v2/upper_diagnosis/upper_radiallocal_c_262011_t60.json,360d9675e37a0da92a94bf726f1e597d6354aba7,424,git show archive/pre-cleanup-20261010:logs/precapture_planning_v2/upper_diagnosis/upper_radiallocal_c_262011_t60.json
logs/precapture_planning_v2/upper_diagnosis/upper_radiallocal_c_262011_t80.json,01d650d094156bdfbbfdfda28f2c0ecabd3dd9b4,424,git show archive/pre-cleanup-20261010:logs/precapture_planning_v2/upper_diagnosis/upper_radiallocal_c_262011_t80.json
logs/precapture_planning_v2/upper_diagnosis/upper_radiallocal_dp_262000.json,f68b50e4e27433a40ed3be7b54b4d7b0980715ae,423,git show archive/pre-cleanup-20261010:logs/precapture_planning_v2/upper_diagnosis/upper_radiallocal_dp_262000.json
logs/precapture_planning_v2/upper_diagnosis/upper_radiallocal_dp_262001.json,c40d116dee682a8908d8a2ee38432b9e45c6ae30,459,git show archive/pre-cleanup-20261010:logs/precapture_planning_v2/upper_diagnosis/upper_radiallocal_dp_262001.json
logs/precapture_planning_v2/upper_diagnosis/upper_radiallocal_dp_262002.json,c85fc0be779108773fce88d1f4ed0b7c4c5b2759,423,git show archive/pre-cleanup-20261010:logs/precapture_planning_v2/upper_diagnosis/upper_radiallocal_dp_262002.json
logs/precapture_planning_v2/upper_diagnosis/upper_radiallocal_dp_262003.json,7942940f4fcb34761b1ffa8d95002c1fc6760443,424,git show archive/pre-cleanup-20261010:logs/precapture_planning_v2/upper_diagnosis/upper_radiallocal_dp_262003.json
logs/precapture_planning_v2/upper_diagnosis/upper_radiallocal_dp_262004.json,73438f4679809c30e8e528be41608f2cd92cea17,423,git show archive/pre-cleanup-20261010:logs/precapture_planning_v2/upper_diagnosis/upper_radiallocal_dp_262004.json
logs/precapture_planning_v2/upper_diagnosis/upper_radiallocal_dp_262005.json,663ffd3a2797c85b5779f77c0f6052c585f4aadb,459,git show archive/pre-cleanup-20261010:logs/precapture_planning_v2/upper_diagnosis/upper_radiallocal_dp_262005.json
logs/precapture_planning_v2/upper_diagnosis/upper_radiallocal_dp_262006.json,f9e7270d78515738e62c8e547b67b78f5fac91f8,426,git show archive/pre-cleanup-20261010:logs/precapture_planning_v2/upper_diagnosis/upper_radiallocal_dp_262006.json
logs/precapture_planning_v2/upper_diagnosis/upper_radiallocal_dp_262007.json,707a817b7e91fc2b2f94bd08de2fbc6b15f868ed,436,git show archive/pre-cleanup-20261010:logs/precapture_planning_v2/upper_diagnosis/upper_radiallocal_dp_262007.json
logs/precapture_planning_v2/upper_diagnosis/upper_radiallocal_dp_262008.json,eb13f67b95ca56a20c9dfee84fa619375bbc5dac,423,git show archive/pre-cleanup-20261010:logs/precapture_planning_v2/upper_diagnosis/upper_radiallocal_dp_262008.json
logs/precapture_planning_v2/upper_diagnosis/upper_radiallocal_dp_262009.json,8269e3d8bc29df71e9e2536ec5dfca3e94f3e136,424,git show archive/pre-cleanup-20261010:logs/precapture_planning_v2/upper_diagnosis/upper_radiallocal_dp_262009.json
logs/precapture_planning_v2/upper_diagnosis/upper_radiallocal_dp_262010.json,b3d83c05067e533eb6ac1dd2a5ca2e3c8a6c976b,436,git show archive/pre-cleanup-20261010:logs/precapture_planning_v2/upper_diagnosis/upper_radiallocal_dp_262010.json
logs/precapture_planning_v2/upper_diagnosis/upper_radiallocal_dp_262011.json,641b8efdfdf6c599c95ebb05ce0960de2d7cbfe8,439,git show archive/pre-cleanup-20261010:logs/precapture_planning_v2/upper_diagnosis/upper_radiallocal_dp_262011.json
logs/precapture_planning_v2/upper_diagnosis/upper_seedsweep_h20_262000.json,b1775e48871219c344dea0460fdbdb2fff54b64f,35504,git show archive/pre-cleanup-20261010:logs/precapture_planning_v2/upper_diagnosis/upper_seedsweep_h20_262000.json
logs/precapture_planning_v2/upper_diagnosis/upper_seedsweep_h20_262001.json,ef0f51bdf2af793d8f699d202b4176c33c6657c6,37899,git show archive/pre-cleanup-20261010:logs/precapture_planning_v2/upper_diagnosis/upper_seedsweep_h20_262001.json
logs/precapture_planning_v2/upper_diagnosis/upper_seedsweep_h20_262002.json,baec9326bab8bc91f5716c1c61433399353678fb,36109,git show archive/pre-cleanup-20261010:logs/precapture_planning_v2/upper_diagnosis/upper_seedsweep_h20_262002.json
logs/precapture_planning_v2/upper_diagnosis/upper_seedsweep_h20_262003.json,aeae61473afa1dcb09f5095d0f287b8a9a301b8d,92151,git show archive/pre-cleanup-20261010:logs/precapture_planning_v2/upper_diagnosis/upper_seedsweep_h20_262003.json
logs/precapture_planning_v2/upper_diagnosis/upper_seedsweep_h20_262004.json,b1aa8cf48ebd14fbbc3ba082d0b11d2f80890322,39669,git show archive/pre-cleanup-20261010:logs/precapture_planning_v2/upper_diagnosis/upper_seedsweep_h20_262004.json
logs/precapture_planning_v2/upper_diagnosis/upper_seedsweep_h20_262005.json,635b1f0d7a2a012ec1da48f56365198a7ec556ce,92051,git show archive/pre-cleanup-20261010:logs/precapture_planning_v2/upper_diagnosis/upper_seedsweep_h20_262005.json
logs/precapture_planning_v2/upper_diagnosis/upper_seedsweep_h20_262006.json,36004ca104ce80c42655605ff84cf2a94c46c2d1,92231,git show archive/pre-cleanup-20261010:logs/precapture_planning_v2/upper_diagnosis/upper_seedsweep_h20_262006.json
logs/precapture_planning_v2/upper_diagnosis/upper_seedsweep_h20_262007.json,3c221b541998d547c6462bdbaef861f72df1483e,42096,git show archive/pre-cleanup-20261010:logs/precapture_planning_v2/upper_diagnosis/upper_seedsweep_h20_262007.json
logs/precapture_planning_v2/upper_diagnosis/upper_seedsweep_h20_262008.json,e6d13f4fd2c1a7b2d1db6a5bbf7aabef42f6e30a,39156,git show archive/pre-cleanup-20261010:logs/precapture_planning_v2/upper_diagnosis/upper_seedsweep_h20_262008.json
logs/precapture_planning_v2/upper_diagnosis/upper_seedsweep_h20_262009.json,7043c4e287ee553b71d1be24cb9bd409684473e8,44661,git show archive/pre-cleanup-20261010:logs/precapture_planning_v2/upper_diagnosis/upper_seedsweep_h20_262009.json
logs/precapture_planning_v2/upper_diagnosis/upper_seedsweep_h20_262010.json,55e418c8292a4117601681eb5281d8b3a788f8a6,36089,git show archive/pre-cleanup-20261010:logs/precapture_planning_v2/upper_diagnosis/upper_seedsweep_h20_262010.json
logs/precapture_planning_v2/upper_diagnosis/upper_seedsweep_h20_262011.json,5b19da9ec86971b77379c7098fb29d52d8577541,92065,git show archive/pre-cleanup-20261010:logs/precapture_planning_v2/upper_diagnosis/upper_seedsweep_h20_262011.json
logs/precapture_planning_v2/upper_diagnosis/upper_seedsweep_h50_262000.json,8037eb9a56d3814d7cd45e2af9e46e8e582ab49b,93556,git show archive/pre-cleanup-20261010:logs/precapture_planning_v2/upper_diagnosis/upper_seedsweep_h50_262000.json
logs/precapture_planning_v2/upper_diagnosis/upper_seedsweep_h50_262001.json,ff9725d41ff4ade8e0c46c3aea38d1b7d8380e9e,93333,git show archive/pre-cleanup-20261010:logs/precapture_planning_v2/upper_diagnosis/upper_seedsweep_h50_262001.json
logs/precapture_planning_v2/upper_diagnosis/upper_seedsweep_h50_262002.json,76a7bc24034a566ce6413f36e0634ae693a26c5c,93443,git show archive/pre-cleanup-20261010:logs/precapture_planning_v2/upper_diagnosis/upper_seedsweep_h50_262002.json
logs/precapture_planning_v2/upper_diagnosis/upper_seedsweep_h50_262003.json,cb63a544d42d127bf02c873b73442b84e886784d,26528,git show archive/pre-cleanup-20261010:logs/precapture_planning_v2/upper_diagnosis/upper_seedsweep_h50_262003.json
logs/precapture_planning_v2/upper_diagnosis/upper_seedsweep_h50_262004.json,bbfc70025ae0f108c7c1dd432add54b83a561778,93456,git show archive/pre-cleanup-20261010:logs/precapture_planning_v2/upper_diagnosis/upper_seedsweep_h50_262004.json
logs/precapture_planning_v2/upper_diagnosis/upper_seedsweep_h50_262005.json,83e4222c9c4b7f10cc270dea18ebb755da3ced59,92921,git show archive/pre-cleanup-20261010:logs/precapture_planning_v2/upper_diagnosis/upper_seedsweep_h50_262005.json
logs/precapture_planning_v2/upper_diagnosis/upper_seedsweep_h50_262006.json,c196546139dceecfd86155f42710e5fb1052e0ef,91971,git show archive/pre-cleanup-20261010:logs/precapture_planning_v2/upper_diagnosis/upper_seedsweep_h50_262006.json
logs/precapture_planning_v2/upper_diagnosis/upper_seedsweep_h50_262007.json,f0fdba7e90776d4b4af2380130f86405c4f81237,93207,git show archive/pre-cleanup-20261010:logs/precapture_planning_v2/upper_diagnosis/upper_seedsweep_h50_262007.json
logs/precapture_planning_v2/upper_diagnosis/upper_seedsweep_h50_262008.json,2d1de8cbf22324c0c6aca862dad7464a58dcaa50,93660,git show archive/pre-cleanup-20261010:logs/precapture_planning_v2/upper_diagnosis/upper_seedsweep_h50_262008.json
logs/precapture_planning_v2/upper_diagnosis/upper_seedsweep_h50_262009.json,973b5488bb4ab48fe50b740c9ef3ceb8f7cd0c77,93708,git show archive/pre-cleanup-20261010:logs/precapture_planning_v2/upper_diagnosis/upper_seedsweep_h50_262009.json
logs/precapture_planning_v2/upper_diagnosis/upper_seedsweep_h50_262010.json,97848e05a14e1a11a9c04d9b7c0c3c0f5c5063f5,93312,git show archive/pre-cleanup-20261010:logs/precapture_planning_v2/upper_diagnosis/upper_seedsweep_h50_262010.json
logs/precapture_planning_v2/upper_diagnosis/upper_seedsweep_h50_262011.json,3b4cc430ee70c9215a4f5a9ce48e214e5a472c9c,92934,git show archive/pre-cleanup-20261010:logs/precapture_planning_v2/upper_diagnosis/upper_seedsweep_h50_262011.json
logs/ps_mpc_exact_s990000.json,0823a96b2dc0ed0828241750f829fd386144e772,447699,git show archive/pre-cleanup-20261010:logs/ps_mpc_exact_s990000.json
logs/ps_mpc_exact_s992000.json,b290bf2afbe1a8ddc6bf2070e2d1b941e490135d,446099,git show archive/pre-cleanup-20261010:logs/ps_mpc_exact_s992000.json
logs/ps_mpc_exact_s994000.json,d454f460503c20810b49de3eea94276868972e2a,452594,git show archive/pre-cleanup-20261010:logs/ps_mpc_exact_s994000.json
logs/ps_mpc_local_s990000.json,ccb44aa855038ea6b6c647366e6e36c192bd4898,449066,git show archive/pre-cleanup-20261010:logs/ps_mpc_local_s990000.json
logs/ps_mpc_local_s992000.json,21187d7b6875844b891dc2f5b589704afad37340,447303,git show archive/pre-cleanup-20261010:logs/ps_mpc_local_s992000.json
logs/ps_mpc_local_s994000.json,a1fd6425d9ba99cce3346fed508d9c82632ac2ba,453588,git show archive/pre-cleanup-20261010:logs/ps_mpc_local_s994000.json
logs/ps_mpc_refresh100_s990000.json,728071298346142e1feb838243208c4e37be9236,448689,git show archive/pre-cleanup-20261010:logs/ps_mpc_refresh100_s990000.json
logs/ps_mpc_refresh100_s992000.json,a7d8dfea96791919c2352ad13c01eeafcf23fef0,446059,git show archive/pre-cleanup-20261010:logs/ps_mpc_refresh100_s992000.json
logs/ps_mpc_refresh100_s994000.json,82c85a4c6e9ebcc2d8d04363c77026bf62642814,453577,git show archive/pre-cleanup-20261010:logs/ps_mpc_refresh100_s994000.json
logs/ps_scripted_s990000.json,25f76dbb497b99553c87d6538bc1405f022ac4bd,55129,git show archive/pre-cleanup-20261010:logs/ps_scripted_s990000.json
logs/ps_scripted_s992000.json,8312d44087fbc6353141f394b5c535d3ad76d8c2,55147,git show archive/pre-cleanup-20261010:logs/ps_scripted_s992000.json
logs/ps_scripted_s994000.json,f9fa62670aa5f1d3c680f8f93e5bbb02981b00da,55164,git show archive/pre-cleanup-20261010:logs/ps_scripted_s994000.json
logs/sac_mpc_v2_arrival_262200/manifest.json,67988ecce0893330a0a693d592ca640cddf3d8a8,11375,git show archive/pre-cleanup-20261010:logs/sac_mpc_v2_arrival_262200/manifest.json
"""logs/sac_mpc_v2_arrival_262200/tensorboard/SAC_1/events.out.tfevents.1789092564.\351\243\216\351\223\203.9520.0""",a986773bdbe1265c23f1344074acfaead2963c89,3865,"git show archive/pre-cleanup-20261010:""logs/sac_mpc_v2_arrival_262200/tensorboard/SAC_1/events.out.tfevents.1789092564.\351\243\216\351\223\203.9520.0"""
logs/sac_mpc_v2_arrival_262200/train.monitor.csv,d05be3120e0c0828b3880eae2d9024a9a586cb68,3954,git show archive/pre-cleanup-20261010:logs/sac_mpc_v2_arrival_262200/train.monitor.csv
logs/sac_mpc_v2_arrival_262201/manifest.json,0c9c0fc78cee09597b7ed5b977fa48f87cd1b72f,11375,git show archive/pre-cleanup-20261010:logs/sac_mpc_v2_arrival_262201/manifest.json
"""logs/sac_mpc_v2_arrival_262201/tensorboard/SAC_1/events.out.tfevents.1789092564.\351\243\216\351\223\203.12036.0""",e2ed56535ab87be13ec1c3cfb520daafb91bea40,3643,"git show archive/pre-cleanup-20261010:""logs/sac_mpc_v2_arrival_262201/tensorboard/SAC_1/events.out.tfevents.1789092564.\351\243\216\351\223\203.12036.0"""
logs/sac_mpc_v2_arrival_262201/train.monitor.csv,ae8009b3cd4c4a3ac0a9ccfec95b7275acaa7a98,3893,git show archive/pre-cleanup-20261010:logs/sac_mpc_v2_arrival_262201/train.monitor.csv
logs/sac_mpc_v2_arrival_262202/manifest.json,4d508d4c1f7822d65802098864c6d771b85d5f8e,11375,git show archive/pre-cleanup-20261010:logs/sac_mpc_v2_arrival_262202/manifest.json
"""logs/sac_mpc_v2_arrival_262202/tensorboard/SAC_1/events.out.tfevents.1789092564.\351\243\216\351\223\203.13940.0""",3c21f8965cdf2ba4fef66e820350c5ffa552c1d2,3865,"git show archive/pre-cleanup-20261010:""logs/sac_mpc_v2_arrival_262202/tensorboard/SAC_1/events.out.tfevents.1789092564.\351\243\216\351\223\203.13940.0"""
logs/sac_mpc_v2_arrival_262202/train.monitor.csv,c2ab3feefca304995dbc541c0568b1141072811a,3766,git show archive/pre-cleanup-20261010:logs/sac_mpc_v2_arrival_262202/train.monitor.csv
logs/sac_mpc_v3_bidirectional_262300/manifest.json,0093a916cc267a1cd08e8c7189f8763a9046b63d,11539,git show archive/pre-cleanup-20261010:logs/sac_mpc_v3_bidirectional_262300/manifest.json
"""logs/sac_mpc_v3_bidirectional_262300/tensorboard/SAC_1/events.out.tfevents.1789092564.\351\243\216\351\223\203.11396.0""",8470780dda16a80f2a8018877a5584e65e76da78,4576,"git show archive/pre-cleanup-20261010:""logs/sac_mpc_v3_bidirectional_262300/tensorboard/SAC_1/events.out.tfevents.1789092564.\351\243\216\351\223\203.11396.0"""
logs/sac_mpc_v3_bidirectional_262300/train.monitor.csv,9b2e4cb6b3d93bfbfcf7cd8e702e8867698eb8bb,4559,git show archive/pre-cleanup-20261010:logs/sac_mpc_v3_bidirectional_262300/train.monitor.csv
logs/sac_mpc_v3_bidirectional_262301/manifest.json,45cc80640b46bb0c3897c4b247e20befcff1ed44,11539,git show archive/pre-cleanup-20261010:logs/sac_mpc_v3_bidirectional_262301/manifest.json
"""logs/sac_mpc_v3_bidirectional_262301/tensorboard/SAC_1/events.out.tfevents.1789092564.\351\243\216\351\223\203.4064.0""",0567b7287579029c8767ae017b779a0bd36743c6,3969,"git show archive/pre-cleanup-20261010:""logs/sac_mpc_v3_bidirectional_262301/tensorboard/SAC_1/events.out.tfevents.1789092564.\351\243\216\351\223\203.4064.0"""
logs/sac_mpc_v3_bidirectional_262301/train.monitor.csv,f55c2d92475eda76546386ce01763523bf80a4d2,4423,git show archive/pre-cleanup-20261010:logs/sac_mpc_v3_bidirectional_262301/train.monitor.csv
logs/sac_mpc_v3_bidirectional_262302/manifest.json,fe2a2000ebf5ceb50b7c0bc3b68e9028643020f1,11539,git show archive/pre-cleanup-20261010:logs/sac_mpc_v3_bidirectional_262302/manifest.json
"""logs/sac_mpc_v3_bidirectional_262302/tensorboard/SAC_1/events.out.tfevents.1789092564.\351\243\216\351\223\203.7812.0""",812a2e2985ec9142210fead930be83d2f3a1b09c,3969,"git show archive/pre-cleanup-20261010:""logs/sac_mpc_v3_bidirectional_262302/tensorboard/SAC_1/events.out.tfevents.1789092564.\351\243\216\351\223\203.7812.0"""
logs/sac_mpc_v3_bidirectional_262302/train.monitor.csv,f078b4a18b9cd87838420d74ea6b960ff9fe8a3c,4428,git show archive/pre-cleanup-20261010:logs/sac_mpc_v3_bidirectional_262302/train.monitor.csv
logs/sac_seed260860.json,390cf32e6466ecf97b58d6438e0e4a58214dc5b5,66144,git show archive/pre-cleanup-20261010:logs/sac_seed260860.json
logs/sac_seed260861.json,5ebaffa8401958b4fc6cca16da13da883bf31f5c,67301,git show archive/pre-cleanup-20261010:logs/sac_seed260861.json
logs/sac_seed260862.json,5a1b2fd57f2e4c48861848923a627dcd9ff214ca,67350,git show archive/pre-cleanup-20261010:logs/sac_seed260862.json
logs/scripted_single_phase.json,77ee5c11440c2e8149f8f8e18b194ccbf95010b8,55107,git show archive/pre-cleanup-20261010:logs/scripted_single_phase.json
logs/t0_amendment_20260910/diagnostics_off.json,df4fa91dbc067888c93d2ed1c1c30bf829514b21,47136,git show archive/pre-cleanup-20261010:logs/t0_amendment_20260910/diagnostics_off.json
logs/t0_amendment_20260910/diagnostics_on.json,b24e146764c692af620334205923ef9435e22a9c,47136,git show archive/pre-cleanup-20261010:logs/t0_amendment_20260910/diagnostics_on.json
logs/t0_amendment_20260910/manifest.json,00525c5d398ad9f8542c9fd9eefcc8daf32062ba,764,git show archive/pre-cleanup-20261010:logs/t0_amendment_20260910/manifest.json
logs/t0_amendment_20260910/pytest.txt,aa9fd4528f432d92adc5f479a833ffcdb45a4ec2,272,git show archive/pre-cleanup-20261010:logs/t0_amendment_20260910/pytest.txt
logs/t10/commit_at_100.json,4129d557a4f22032d7300e90aefd2d744d4eea71,9758,git show archive/pre-cleanup-20261010:logs/t10/commit_at_100.json
logs/t10/commit_at_100.stderr.log,e69de29bb2d1d6434b8b29ae775ad8c2e48c5391,0,git show archive/pre-cleanup-20261010:logs/t10/commit_at_100.stderr.log
logs/t10/commit_at_100.stdout.log,446eadd1f128c62cc4c705d322e7bc7b7221d3e0,8402,git show archive/pre-cleanup-20261010:logs/t10/commit_at_100.stdout.log
logs/t10/commit_at_120.json,fc4d0561be39c5b22486ad99539e8d7c291ace6e,9748,git show archive/pre-cleanup-20261010:logs/t10/commit_at_120.json
logs/t10/commit_at_120.stderr.log,e69de29bb2d1d6434b8b29ae775ad8c2e48c5391,0,git show archive/pre-cleanup-20261010:logs/t10/commit_at_120.stderr.log
logs/t10/commit_at_120.stdout.log,870db93be29067cf901bdb942730cf032805fe65,8392,git show archive/pre-cleanup-20261010:logs/t10/commit_at_120.stdout.log
logs/t10/commit_at_20.json,c2f27b288c7091185b8e5f77c13e9ae4011a57db,9700,git show archive/pre-cleanup-20261010:logs/t10/commit_at_20.json
logs/t10/commit_at_20.stderr.log,e69de29bb2d1d6434b8b29ae775ad8c2e48c5391,0,git show archive/pre-cleanup-20261010:logs/t10/commit_at_20.stderr.log
logs/t10/commit_at_20.stdout.log,477047eb9c2ef57bb29fbe2902e38d61934d3319,8343,git show archive/pre-cleanup-20261010:logs/t10/commit_at_20.stdout.log
logs/t10/commit_at_40.json,54dd1224198edb17a644ddc6cdde8b1903115315,9709,git show archive/pre-cleanup-20261010:logs/t10/commit_at_40.json
logs/t10/commit_at_40.stderr.log,e69de29bb2d1d6434b8b29ae775ad8c2e48c5391,0,git show archive/pre-cleanup-20261010:logs/t10/commit_at_40.stderr.log
logs/t10/commit_at_40.stdout.log,c62f28a7dbc797962af9ee6b451102ec47dcf3a3,8352,git show archive/pre-cleanup-20261010:logs/t10/commit_at_40.stdout.log
logs/t10/commit_at_60.json,7fa2655e422a61816e192afbe9372ddc3c105360,9714,git show archive/pre-cleanup-20261010:logs/t10/commit_at_60.json
logs/t10/commit_at_60.stderr.log,e69de29bb2d1d6434b8b29ae775ad8c2e48c5391,0,git show archive/pre-cleanup-20261010:logs/t10/commit_at_60.stderr.log
logs/t10/commit_at_60.stdout.log,af6969646ca496cf195f0095f8b071404a27e040,8357,git show archive/pre-cleanup-20261010:logs/t10/commit_at_60.stdout.log
logs/t10/commit_at_80.json,24e19f3941896d2ee9169ee5a1b4afdbbf1002d4,9727,git show archive/pre-cleanup-20261010:logs/t10/commit_at_80.json
logs/t10/commit_at_80.stderr.log,e69de29bb2d1d6434b8b29ae775ad8c2e48c5391,0,git show archive/pre-cleanup-20261010:logs/t10/commit_at_80.stderr.log
logs/t10/commit_at_80.stdout.log,227d8b9eb2934a2d0c82cd4d00d3c999fb0339a4,8370,git show archive/pre-cleanup-20261010:logs/t10/commit_at_80.stdout.log
logs/t10/gate_h20_check.json,616d2189669ebc31c63a780052566342cb1fc7a3,6674,git show archive/pre-cleanup-20261010:logs/t10/gate_h20_check.json
logs/t10/gate_h20_check.stderr.log,e69de29bb2d1d6434b8b29ae775ad8c2e48c5391,0,git show archive/pre-cleanup-20261010:logs/t10/gate_h20_check.stderr.log
logs/t10/gate_h20_check.stdout.log,37f258c84dc89676b7336c2043432f4e156e9a67,5754,git show archive/pre-cleanup-20261010:logs/t10/gate_h20_check.stdout.log
logs/t10/orchestrator.stderr.log,e69de29bb2d1d6434b8b29ae775ad8c2e48c5391,0,git show archive/pre-cleanup-20261010:logs/t10/orchestrator.stderr.log
logs/t10/orchestrator.stdout.log,e69de29bb2d1d6434b8b29ae775ad8c2e48c5391,0,git show archive/pre-cleanup-20261010:logs/t10/orchestrator.stdout.log
logs/t10/pure_mpc_h35_48.json,0410dde082fd87092a9c9d8d80f17f476db2f5ff,28863,git show archive/pre-cleanup-20261010:logs/t10/pure_mpc_h35_48.json
logs/t10/pure_mpc_h35_48.stderr.log,e69de29bb2d1d6434b8b29ae775ad8c2e48c5391,0,git show archive/pre-cleanup-20261010:logs/t10/pure_mpc_h35_48.stderr.log
logs/t10/pure_mpc_h35_48.stdout.log,fcd3d4b04b2025953a6e75150eb76ff73eb1218f,24723,git show archive/pre-cleanup-20261010:logs/t10/pure_mpc_h35_48.stdout.log
logs/t10/regression.log,674a70229c7d4d72eb79a79fea0a040761bf1329,352,git show archive/pre-cleanup-20261010:logs/t10/regression.log
logs/t10/state.json,dc9ea595e5061c3c10b5fc511c5b1552c70593b3,7152,git show archive/pre-cleanup-20261010:logs/t10/state.json
logs/t10/summary.json,3e01b2e841e9b1c436c7a8c553b84b7df2db8cdf,14081,git show archive/pre-cleanup-20261010:logs/t10/summary.json
logs/t10_gate_a/probe_262039_T120_default.json,7799be5b4506b5d142444e4c41f741f81b20b6ed,79227,git show archive/pre-cleanup-20261010:logs/t10_gate_a/probe_262039_T120_default.json
logs/t10_gate_a/probe_262039_T120_slack_relaxed.json,1eeb1ecd7610b83983135b9de2fe42264edf2186,32848,git show archive/pre-cleanup-20261010:logs/t10_gate_a/probe_262039_T120_slack_relaxed.json
logs/t10_headroom/baseline_commit_now_h35.json,1b9aaf65e09b5f64d199a1816e4b2dde14950440,7219,git show archive/pre-cleanup-20261010:logs/t10_headroom/baseline_commit_now_h35.json
logs/t10_headroom/commit_at_T110_completing.json,a2caa8e98c87dbf0ad016a60a303693e5b5a7e00,4875,git show archive/pre-cleanup-20261010:logs/t10_headroom/commit_at_T110_completing.json
logs/t10_headroom/commit_at_T110_failing.json,bbeb36d66595d634b073cbbab67c1d8d32ea61f6,2437,git show archive/pre-cleanup-20261010:logs/t10_headroom/commit_at_T110_failing.json
logs/t10_headroom/commit_at_T125_failing.json,0cf2aa174d0f37eb215561620984f4f0834959a4,2439,git show archive/pre-cleanup-20261010:logs/t10_headroom/commit_at_T125_failing.json
logs/t10_headroom/commit_at_T140_failing.json,94bae299cbb344cb7b2c117ff6c0018dbecd3b51,2443,git show archive/pre-cleanup-20261010:logs/t10_headroom/commit_at_T140_failing.json
logs/t10_headroom/commit_at_T20_failing.json,a45f6fcbfbde16bb53cc1e67d893eb4abf046b03,2427,git show archive/pre-cleanup-20261010:logs/t10_headroom/commit_at_T20_failing.json
logs/t10_headroom/commit_at_T50_failing.json,6c2cda52e0a841a67450759d98f736f4b1e0f622,2429,git show archive/pre-cleanup-20261010:logs/t10_headroom/commit_at_T50_failing.json
logs/t10_headroom/commit_at_T80_failing.json,6e6faac05e03120414015b3468345d4a91a299e8,2432,git show archive/pre-cleanup-20261010:logs/t10_headroom/commit_at_T80_failing.json
logs/t10_headroom/commit_at_T95_completing.json,c9f07aa222f4bb4e9a681b73868a481185e2eaf7,4863,git show archive/pre-cleanup-20261010:logs/t10_headroom/commit_at_T95_completing.json
logs/t10_headroom/commit_at_T95_failing.json,d8f044e7cf61e5f28332523ed3ca4b347168b81d,2435,git show archive/pre-cleanup-20261010:logs/t10_headroom/commit_at_T95_failing.json
logs/t10_headroom/headroom_report.txt,14df26a5f2b4e4836239ba50fb9f08f4a4afe096,1529,git show archive/pre-cleanup-20261010:logs/t10_headroom/headroom_report.txt
logs/t11/headroom_48.txt,d3a700823991aadc253bbddf3cbbe1c48bd4425d,3038,git show archive/pre-cleanup-20261010:logs/t11/headroom_48.txt
logs/t11/orchestrator.stderr.log,e69de29bb2d1d6434b8b29ae775ad8c2e48c5391,0,git show archive/pre-cleanup-20261010:logs/t11/orchestrator.stderr.log
logs/t11/orchestrator.stdout.log,e69de29bb2d1d6434b8b29ae775ad8c2e48c5391,0,git show archive/pre-cleanup-20261010:logs/t11/orchestrator.stdout.log
logs/t11/regression.log,b8eeb9f600a6ef50127a57731b2305201a0d5c23,32,git show archive/pre-cleanup-20261010:logs/t11/regression.log
logs/t11/reverse_T100.json,5510a6b2a73e159eabddd76ffcfe02b5634169d7,20887,git show archive/pre-cleanup-20261010:logs/t11/reverse_T100.json
logs/t11/reverse_T100.stderr.log,e69de29bb2d1d6434b8b29ae775ad8c2e48c5391,0,git show archive/pre-cleanup-20261010:logs/t11/reverse_T100.stderr.log
logs/t11/reverse_T100.stdout.log,4f8f11bcba3f3b7116c909f2c6f83993ed5e653e,18012,git show archive/pre-cleanup-20261010:logs/t11/reverse_T100.stdout.log
logs/t11/reverse_T120.json,3847f67f72acd727abe84e10a2745862cd8b69ff,20924,git show archive/pre-cleanup-20261010:logs/t11/reverse_T120.json
logs/t11/reverse_T120.stderr.log,e69de29bb2d1d6434b8b29ae775ad8c2e48c5391,0,git show archive/pre-cleanup-20261010:logs/t11/reverse_T120.stderr.log
logs/t11/reverse_T120.stdout.log,4dc5e4d88df8056231bcf1a345fcade46bf6261e,18049,git show archive/pre-cleanup-20261010:logs/t11/reverse_T120.stdout.log
logs/t11/reverse_T20.json,031210212604d6213ef205bedd3b61eeee75a1c2,20783,git show archive/pre-cleanup-20261010:logs/t11/reverse_T20.json
logs/t11/reverse_T20.stderr.log,e69de29bb2d1d6434b8b29ae775ad8c2e48c5391,0,git show archive/pre-cleanup-20261010:logs/t11/reverse_T20.stderr.log
logs/t11/reverse_T20.stdout.log,076b692d91d5b2535c5acf02ce5565f1d463d94b,17907,git show archive/pre-cleanup-20261010:logs/t11/reverse_T20.stdout.log
logs/t11/reverse_T40.json,d429985e9b130fe94c3419a211a7001edba6f65e,20821,git show archive/pre-cleanup-20261010:logs/t11/reverse_T40.json
logs/t11/reverse_T40.stderr.log,e69de29bb2d1d6434b8b29ae775ad8c2e48c5391,0,git show archive/pre-cleanup-20261010:logs/t11/reverse_T40.stderr.log
logs/t11/reverse_T40.stdout.log,d5af18677219da0d4378a151ed76cac372b40800,17945,git show archive/pre-cleanup-20261010:logs/t11/reverse_T40.stdout.log
logs/t11/reverse_T60.json,ded91d20cab328b0ce00245cda5e13f17f2d7d6a,20821,git show archive/pre-cleanup-20261010:logs/t11/reverse_T60.json
logs/t11/reverse_T60.stderr.log,e69de29bb2d1d6434b8b29ae775ad8c2e48c5391,0,git show archive/pre-cleanup-20261010:logs/t11/reverse_T60.stderr.log
logs/t11/reverse_T60.stdout.log,9883b8af5ca1b8f87a4df9c600a8c1e786dbd35a,17945,git show archive/pre-cleanup-20261010:logs/t11/reverse_T60.stdout.log
logs/t11/reverse_T80.json,a527287a32761a09ea74369bb3ca2a05c16afa04,20834,git show archive/pre-cleanup-20261010:logs/t11/reverse_T80.json
logs/t11/reverse_T80.stderr.log,e69de29bb2d1d6434b8b29ae775ad8c2e48c5391,0,git show archive/pre-cleanup-20261010:logs/t11/reverse_T80.stderr.log
logs/t11/reverse_T80.stdout.log,cc869167b0af4d89c32bd0fd5cc6a900d657ea2f,17958,git show archive/pre-cleanup-20261010:logs/t11/reverse_T80.stdout.log
logs/t11/state.json,9510ee0089e7e30f3293eaf84c53da8da4f4cf69,16168,git show archive/pre-cleanup-20261010:logs/t11/state.json
logs/t11_gate_b/headroom_48_corrected.txt,cacb9e7a968ff461fcb755be7f55b73b342a96f8,3290,git show archive/pre-cleanup-20261010:logs/t11_gate_b/headroom_48_corrected.txt
logs/t11_gate_b/lower_review_summary.json,d5dd218c1343f4da77301d332ead5be989a09763,3775,git show archive/pre-cleanup-20261010:logs/t11_gate_b/lower_review_summary.json
logs/t11_gate_b/reverse_T100.json,5510a6b2a73e159eabddd76ffcfe02b5634169d7,20887,git show archive/pre-cleanup-20261010:logs/t11_gate_b/reverse_T100.json
logs/t11_gate_b/reverse_T120.json,3847f67f72acd727abe84e10a2745862cd8b69ff,20924,git show archive/pre-cleanup-20261010:logs/t11_gate_b/reverse_T120.json
logs/t11_gate_b/reverse_T20.json,031210212604d6213ef205bedd3b61eeee75a1c2,20783,git show archive/pre-cleanup-20261010:logs/t11_gate_b/reverse_T20.json
logs/t11_gate_b/reverse_T40.json,d429985e9b130fe94c3419a211a7001edba6f65e,20821,git show archive/pre-cleanup-20261010:logs/t11_gate_b/reverse_T40.json
logs/t11_gate_b/reverse_T60.json,ded91d20cab328b0ce00245cda5e13f17f2d7d6a,20821,git show archive/pre-cleanup-20261010:logs/t11_gate_b/reverse_T60.json
logs/t11_gate_b/reverse_T80.json,a527287a32761a09ea74369bb3ca2a05c16afa04,20834,git show archive/pre-cleanup-20261010:logs/t11_gate_b/reverse_T80.json
logs/t11_interface/floor_commit_now_after_ratchet.json,0f09e3d31d53bd0cfcab4f6d1498a0393d8baf3a,9535,git show archive/pre-cleanup-20261010:logs/t11_interface/floor_commit_now_after_ratchet.json
logs/t11_interface/noisy_commit_ratchet.json,7dc9505054405529d095d8a3f1e98734e11c8027,6434,git show archive/pre-cleanup-20261010:logs/t11_interface/noisy_commit_ratchet.json
logs/t11_interface/noisy_commit_raw_blend.json,4e18b74ad0fd8999ec4b91fecfa03ecbe6dba199,6508,git show archive/pre-cleanup-20261010:logs/t11_interface/noisy_commit_raw_blend.json
logs/t12_eval/arrival_262400.json,9298d7748239942ca7f4e43efb9a0daa2760684f,621750,git show archive/pre-cleanup-20261010:logs/t12_eval/arrival_262400.json
logs/t12_eval/arrival_262400.stderr.log,e69de29bb2d1d6434b8b29ae775ad8c2e48c5391,0,git show archive/pre-cleanup-20261010:logs/t12_eval/arrival_262400.stderr.log
logs/t12_eval/arrival_262400.stdout.log,60a867d9a67461cbf1de28bda9bddb87bc9b2f7f,4439,git show archive/pre-cleanup-20261010:logs/t12_eval/arrival_262400.stdout.log
logs/t12_eval/arrival_262401.json,173cb91aead73c1eae58932fb01326b784a6c1cc,445886,git show archive/pre-cleanup-20261010:logs/t12_eval/arrival_262401.json
logs/t12_eval/arrival_262401.stderr.log,e69de29bb2d1d6434b8b29ae775ad8c2e48c5391,0,git show archive/pre-cleanup-20261010:logs/t12_eval/arrival_262401.stderr.log
logs/t12_eval/arrival_262401.stdout.log,c2b500e160c6b811fd0781a2e7cf38a886f20500,4392,git show archive/pre-cleanup-20261010:logs/t12_eval/arrival_262401.stdout.log
logs/t12_eval/arrival_262402.json,85d1b21f13917bd7488821f9c9450b22ce751382,563250,git show archive/pre-cleanup-20261010:logs/t12_eval/arrival_262402.json
logs/t12_eval/arrival_262402.stderr.log,e69de29bb2d1d6434b8b29ae775ad8c2e48c5391,0,git show archive/pre-cleanup-20261010:logs/t12_eval/arrival_262402.stderr.log
logs/t12_eval/arrival_262402.stdout.log,53e9192d44b07c8734423149e3e9f20813c16878,4419,git show archive/pre-cleanup-20261010:logs/t12_eval/arrival_262402.stdout.log
logs/t12_eval/launch_state.json,662586a863a68745940fd6aad8369fc80d9ac0d5,1916,git show archive/pre-cleanup-20261010:logs/t12_eval/launch_state.json
logs/t12_eval/main_table_seed_rows.json,4f7354cdb2510e34f4ef97d26129748950e5a330,2449,git show archive/pre-cleanup-20261010:logs/t12_eval/main_table_seed_rows.json
logs/t12_eval/main_table_seed_rows.txt,a9680b5c74f185f2d20b7dfbc9a1b92d5b0ab4a7,2149,git show archive/pre-cleanup-20261010:logs/t12_eval/main_table_seed_rows.txt
logs/t12_eval/pure_mpc_h35_48_main_table.json,89a4d2d8251a70eca3b101fb3da6977d586ac6fe,30955,git show archive/pre-cleanup-20261010:logs/t12_eval/pure_mpc_h35_48_main_table.json
logs/t12_eval/radial_262500.json,507362877d9c6cd9417398cea03f08e362e7813f,638992,git show archive/pre-cleanup-20261010:logs/t12_eval/radial_262500.json
logs/t12_eval/radial_262500.stderr.log,e69de29bb2d1d6434b8b29ae775ad8c2e48c5391,0,git show archive/pre-cleanup-20261010:logs/t12_eval/radial_262500.stderr.log
logs/t12_eval/radial_262500.stdout.log,2f4f1b4ee97ca52914a3cdf6189c64a0c132fec3,4485,git show archive/pre-cleanup-20261010:logs/t12_eval/radial_262500.stdout.log
logs/t12_eval/radial_262501.json,3a1d781d9985549d7f6f17f83d164feea69cd823,668414,git show archive/pre-cleanup-20261010:logs/t12_eval/radial_262501.json
logs/t12_eval/radial_262501.stderr.log,e69de29bb2d1d6434b8b29ae775ad8c2e48c5391,0,git show archive/pre-cleanup-20261010:logs/t12_eval/radial_262501.stderr.log
logs/t12_eval/radial_262501.stdout.log,872523cfbd923b0cc84695950a7478d9b96e46c7,4481,git show archive/pre-cleanup-20261010:logs/t12_eval/radial_262501.stdout.log
logs/t12_eval/radial_262502.json,3c399b87a22e5ffe99d6280ef6ec8d1849a18b63,610658,git show archive/pre-cleanup-20261010:logs/t12_eval/radial_262502.json
logs/t12_eval/radial_262502.stderr.log,e69de29bb2d1d6434b8b29ae775ad8c2e48c5391,0,git show archive/pre-cleanup-20261010:logs/t12_eval/radial_262502.stderr.log
logs/t12_eval/radial_262502.stdout.log,b098ae05e28f252863e9ad77fa602318cb211353,4466,git show archive/pre-cleanup-20261010:logs/t12_eval/radial_262502.stdout.log
logs/t12_eval/t12_s10_summary.json,f98e92dcd27ef5d4890579742286aeba569d13d7,18377,git show archive/pre-cleanup-20261010:logs/t12_eval/t12_s10_summary.json
logs/t12_eval_v2/arrival_262400.json,e9dd4d4e5c94c6a149056466d0733403aec1806f,633607,git show archive/pre-cleanup-20261010:logs/t12_eval_v2/arrival_262400.json
logs/t12_eval_v2/arrival_262400.stderr.log,e69de29bb2d1d6434b8b29ae775ad8c2e48c5391,0,git show archive/pre-cleanup-20261010:logs/t12_eval_v2/arrival_262400.stderr.log
logs/t12_eval_v2/arrival_262400.stdout.log,b9809cd998ce9a8ec4b9d918fde633e8a089f740,4439,git show archive/pre-cleanup-20261010:logs/t12_eval_v2/arrival_262400.stdout.log
logs/t12_eval_v2/arrival_262401.json,8987f4674715109675bb211421761e7754ccd0c4,457742,git show archive/pre-cleanup-20261010:logs/t12_eval_v2/arrival_262401.json
logs/t12_eval_v2/arrival_262401.stderr.log,e69de29bb2d1d6434b8b29ae775ad8c2e48c5391,0,git show archive/pre-cleanup-20261010:logs/t12_eval_v2/arrival_262401.stderr.log
logs/t12_eval_v2/arrival_262401.stdout.log,ab09846700b38abcafe16cf3ccd3bda8b4ce5c08,4392,git show archive/pre-cleanup-20261010:logs/t12_eval_v2/arrival_262401.stdout.log
logs/t12_eval_v2/arrival_262402.json,accbcace288ea83323c8135be76fb77c2a549460,575104,git show archive/pre-cleanup-20261010:logs/t12_eval_v2/arrival_262402.json
logs/t12_eval_v2/arrival_262402.stderr.log,e69de29bb2d1d6434b8b29ae775ad8c2e48c5391,0,git show archive/pre-cleanup-20261010:logs/t12_eval_v2/arrival_262402.stderr.log
logs/t12_eval_v2/arrival_262402.stdout.log,dcae5b9478bf1e512c530742e2f57e6218bab444,4419,git show archive/pre-cleanup-20261010:logs/t12_eval_v2/arrival_262402.stdout.log
logs/t12_eval_v2/launch_state.json,af51c56c0eff1bfdd3eeabef62049364817732f8,1968,git show archive/pre-cleanup-20261010:logs/t12_eval_v2/launch_state.json
logs/t12_eval_v2/main_table_seed_rows.json,a1e0404ff25dd8cda757f4ea43ac91e6242696d8,2328,git show archive/pre-cleanup-20261010:logs/t12_eval_v2/main_table_seed_rows.json
logs/t12_eval_v2/main_table_seed_rows.txt,2d48b79df3ffe7feb4168a7c384878b637fb0167,2155,git show archive/pre-cleanup-20261010:logs/t12_eval_v2/main_table_seed_rows.txt
logs/t12_eval_v2/radial_262500.json,80282a51b43b965a9e3add90705731aa951412ee,650842,git show archive/pre-cleanup-20261010:logs/t12_eval_v2/radial_262500.json
logs/t12_eval_v2/radial_262500.stderr.log,e69de29bb2d1d6434b8b29ae775ad8c2e48c5391,0,git show archive/pre-cleanup-20261010:logs/t12_eval_v2/radial_262500.stderr.log
logs/t12_eval_v2/radial_262500.stdout.log,c0c6f34bd7bf65675d96988e2a99d080c2b31fa7,4485,git show archive/pre-cleanup-20261010:logs/t12_eval_v2/radial_262500.stdout.log
logs/t12_eval_v2/radial_262501.json,bac0c708ccbb09b7fa9196b268c2d466fd1ec0cc,680271,git show archive/pre-cleanup-20261010:logs/t12_eval_v2/radial_262501.json
logs/t12_eval_v2/radial_262501.stderr.log,e69de29bb2d1d6434b8b29ae775ad8c2e48c5391,0,git show archive/pre-cleanup-20261010:logs/t12_eval_v2/radial_262501.stderr.log
logs/t12_eval_v2/radial_262501.stdout.log,44009bbc533552a0b940df1e1f0fb84f49afa6b9,4481,git show archive/pre-cleanup-20261010:logs/t12_eval_v2/radial_262501.stdout.log
logs/t12_eval_v2/radial_262502.json,4964e2d5199cc42447a072be76f44de180dea6bf,622515,git show archive/pre-cleanup-20261010:logs/t12_eval_v2/radial_262502.json
logs/t12_eval_v2/radial_262502.stderr.log,e69de29bb2d1d6434b8b29ae775ad8c2e48c5391,0,git show archive/pre-cleanup-20261010:logs/t12_eval_v2/radial_262502.stderr.log
logs/t12_eval_v2/radial_262502.stdout.log,d0ee3a8afa55f384939ef97140bc4c69afa58ced,4466,git show archive/pre-cleanup-20261010:logs/t12_eval_v2/radial_262502.stdout.log
logs/t12_eval_v2/result_only/arrival_262400.json,2d39db467c942c966ec6898ceb50bb027c30c73f,633058,git show archive/pre-cleanup-20261010:logs/t12_eval_v2/result_only/arrival_262400.json
logs/t12_eval_v2/result_only/arrival_262401.json,6b67db00e22965e6291ab4f970925f09b0c567d3,457197,git show archive/pre-cleanup-20261010:logs/t12_eval_v2/result_only/arrival_262401.json
logs/t12_eval_v2/result_only/arrival_262402.json,8ba13793ddcefda3a7ddf91c8ad652ac66b574d8,574556,git show archive/pre-cleanup-20261010:logs/t12_eval_v2/result_only/arrival_262402.json
logs/t12_eval_v2/result_only/radial_262500.json,c1c86885a1a7e0bbacdf90499ffdd5e269c26f02,650297,git show archive/pre-cleanup-20261010:logs/t12_eval_v2/result_only/radial_262500.json
logs/t12_eval_v2/result_only/radial_262501.json,49b6f72eaebbca4f0dd5ad017bda5635b3e8c8a0,679722,git show archive/pre-cleanup-20261010:logs/t12_eval_v2/result_only/radial_262501.json
logs/t12_eval_v2/result_only/radial_262502.json,b3e03d181299227a53365354b224114e11499217,621967,git show archive/pre-cleanup-20261010:logs/t12_eval_v2/result_only/radial_262502.json
logs/t12_eval_v2/t12_s10_final_summary.json,e1dc0128944d62470d6fb6f793e1b0cc75a1395e,16448,git show archive/pre-cleanup-20261010:logs/t12_eval_v2/t12_s10_final_summary.json
logs/t12_train/launch_state.json,0e4b7885f90c7ca6f332168ae223d102c19711a5,3500,git show archive/pre-cleanup-20261010:logs/t12_train/launch_state.json
logs/t12_train/regression.log,f4c5f4387cac7e59366f6fbb43d9dd1db8ec8aa4,32,git show archive/pre-cleanup-20261010:logs/t12_train/regression.log
logs/t12_train/sac_mpc_arrival_262400.stderr.log,e69de29bb2d1d6434b8b29ae775ad8c2e48c5391,0,git show archive/pre-cleanup-20261010:logs/t12_train/sac_mpc_arrival_262400.stderr.log
logs/t12_train/sac_mpc_arrival_262400.stdout.log,abbe8aaba290cbef23248b8c4d626a3effc0edb5,80915,git show archive/pre-cleanup-20261010:logs/t12_train/sac_mpc_arrival_262400.stdout.log
logs/t12_train/sac_mpc_arrival_262400/checkpoints/sac_mpc_10000_steps.zip,564596ae040658258df505f7be0ec491011f149f,9162017,git show archive/pre-cleanup-20261010:logs/t12_train/sac_mpc_arrival_262400/checkpoints/sac_mpc_10000_steps.zip
logs/t12_train/sac_mpc_arrival_262400/checkpoints/sac_mpc_15000_steps.zip,256a1f1a6ed220a3b62245986e0e98fe25551e8d,9162029,git show archive/pre-cleanup-20261010:logs/t12_train/sac_mpc_arrival_262400/checkpoints/sac_mpc_15000_steps.zip
logs/t12_train/sac_mpc_arrival_262400/checkpoints/sac_mpc_20000_steps.zip,99a31ba63b3b8c198e3a5f7d82439d81d12d8e71,9162029,git show archive/pre-cleanup-20261010:logs/t12_train/sac_mpc_arrival_262400/checkpoints/sac_mpc_20000_steps.zip
logs/t12_train/sac_mpc_arrival_262400/checkpoints/sac_mpc_25000_steps.zip,eb790b1743f7b339c85659294cf81dc1a1259f43,9162018,git show archive/pre-cleanup-20261010:logs/t12_train/sac_mpc_arrival_262400/checkpoints/sac_mpc_25000_steps.zip
logs/t12_train/sac_mpc_arrival_262400/checkpoints/sac_mpc_30000_steps.zip,3293d5fc6f47911c6401d9ed6de373e6b4d00410,9162029,git show archive/pre-cleanup-20261010:logs/t12_train/sac_mpc_arrival_262400/checkpoints/sac_mpc_30000_steps.zip
logs/t12_train/sac_mpc_arrival_262400/checkpoints/sac_mpc_35000_steps.zip,8d0ee91b0f8790d8396cb7897f41fb33a35d9615,9162029,git show archive/pre-cleanup-20261010:logs/t12_train/sac_mpc_arrival_262400/checkpoints/sac_mpc_35000_steps.zip
logs/t12_train/sac_mpc_arrival_262400/checkpoints/sac_mpc_40000_steps.zip,55493327d54c6bb93cba369ff7dbec4c20c4c768,9162030,git show archive/pre-cleanup-20261010:logs/t12_train/sac_mpc_arrival_262400/checkpoints/sac_mpc_40000_steps.zip
logs/t12_train/sac_mpc_arrival_262400/checkpoints/sac_mpc_45000_steps.zip,27278a4066f4cfafec8153b342d12f47d8e1f8da,9162030,git show archive/pre-cleanup-20261010:logs/t12_train/sac_mpc_arrival_262400/checkpoints/sac_mpc_45000_steps.zip
logs/t12_train/sac_mpc_arrival_262400/checkpoints/sac_mpc_50000_steps.zip,a04c6e633b619e58ae2be7faac8374ac20e45368,9162029,git show archive/pre-cleanup-20261010:logs/t12_train/sac_mpc_arrival_262400/checkpoints/sac_mpc_50000_steps.zip
logs/t12_train/sac_mpc_arrival_262400/checkpoints/sac_mpc_5000_steps.zip,a0efebba674c115face8bb7740d5b69794b9d988,9158654,git show archive/pre-cleanup-20261010:logs/t12_train/sac_mpc_arrival_262400/checkpoints/sac_mpc_5000_steps.zip
logs/t12_train/sac_mpc_arrival_262400/checkpoints/sac_mpc_55000_steps.zip,4f72b3e031ebb7164eb6c30c7bfdb4e53a9253e0,9162030,git show archive/pre-cleanup-20261010:logs/t12_train/sac_mpc_arrival_262400/checkpoints/sac_mpc_55000_steps.zip
logs/t12_train/sac_mpc_arrival_262400/checkpoints/sac_mpc_60000_steps.zip,1a49e97a1c9cb930e215a1804a2d1b2f79285a67,9162032,git show archive/pre-cleanup-20261010:logs/t12_train/sac_mpc_arrival_262400/checkpoints/sac_mpc_60000_steps.zip
logs/t12_train/sac_mpc_arrival_262400/final_model.zip,6b2901d23d6be4fe0d1e344cdcc9df159a2359b8,9162014,git show archive/pre-cleanup-20261010:logs/t12_train/sac_mpc_arrival_262400/final_model.zip
logs/t12_train/sac_mpc_arrival_262400/manifest.json,c91386d0e474c65b31f1c514fb353119fcbfd50e,11719,git show archive/pre-cleanup-20261010:logs/t12_train/sac_mpc_arrival_262400/manifest.json
"""logs/t12_train/sac_mpc_arrival_262400/tensorboard/SAC_1/events.out.tfevents.1789261454.\351\243\216\351\223\203.17136.0""",e05cb9ec7b0be31617a56a3478a92e4cfb25998a,57664,"git show archive/pre-cleanup-20261010:""logs/t12_train/sac_mpc_arrival_262400/tensorboard/SAC_1/events.out.tfevents.1789261454.\351\243\216\351\223\203.17136.0"""
logs/t12_train/sac_mpc_arrival_262400/train.monitor.csv,2d5e5e8e675eb1134d50ac8a4d69a7385a579d45,36310,git show archive/pre-cleanup-20261010:logs/t12_train/sac_mpc_arrival_262400/train.monitor.csv
logs/t12_train/sac_mpc_arrival_262401.stderr.log,e69de29bb2d1d6434b8b29ae775ad8c2e48c5391,0,git show archive/pre-cleanup-20261010:logs/t12_train/sac_mpc_arrival_262401.stderr.log
logs/t12_train/sac_mpc_arrival_262401.stdout.log,d8100ba031300337c233ab4f450171ae467382c5,73435,git show archive/pre-cleanup-20261010:logs/t12_train/sac_mpc_arrival_262401.stdout.log
logs/t12_train/sac_mpc_arrival_262401/checkpoints/sac_mpc_10000_steps.zip,270d897e22b7d23f03063097dde1ba1407f24a09,9161136,git show archive/pre-cleanup-20261010:logs/t12_train/sac_mpc_arrival_262401/checkpoints/sac_mpc_10000_steps.zip
logs/t12_train/sac_mpc_arrival_262401/checkpoints/sac_mpc_15000_steps.zip,8f89cd39257f9edc7c63309acf64ed8ef85e74b7,9162029,git show archive/pre-cleanup-20261010:logs/t12_train/sac_mpc_arrival_262401/checkpoints/sac_mpc_15000_steps.zip
logs/t12_train/sac_mpc_arrival_262401/checkpoints/sac_mpc_20000_steps.zip,2cec60f5639dac7be048ce960df1d20c607575cc,9162029,git show archive/pre-cleanup-20261010:logs/t12_train/sac_mpc_arrival_262401/checkpoints/sac_mpc_20000_steps.zip
logs/t12_train/sac_mpc_arrival_262401/checkpoints/sac_mpc_25000_steps.zip,f3fb7df17855d2bc87e453e78e6f30773a92817c,9162018,git show archive/pre-cleanup-20261010:logs/t12_train/sac_mpc_arrival_262401/checkpoints/sac_mpc_25000_steps.zip
logs/t12_train/sac_mpc_arrival_262401/checkpoints/sac_mpc_30000_steps.zip,480410a3ec37314315bbd9831aa53e83a2327888,9162029,git show archive/pre-cleanup-20261010:logs/t12_train/sac_mpc_arrival_262401/checkpoints/sac_mpc_30000_steps.zip
logs/t12_train/sac_mpc_arrival_262401/checkpoints/sac_mpc_35000_steps.zip,ff1184872bd9d618ded3fc1e74373c7824342466,9162029,git show archive/pre-cleanup-20261010:logs/t12_train/sac_mpc_arrival_262401/checkpoints/sac_mpc_35000_steps.zip
logs/t12_train/sac_mpc_arrival_262401/checkpoints/sac_mpc_40000_steps.zip,4161a4059652c987c1ad2828c9ed90fc9f161d90,9162030,git show archive/pre-cleanup-20261010:logs/t12_train/sac_mpc_arrival_262401/checkpoints/sac_mpc_40000_steps.zip
logs/t12_train/sac_mpc_arrival_262401/checkpoints/sac_mpc_45000_steps.zip,3798ac4c0965ef30f9ab4899f60d5de7c3880840,9162030,git show archive/pre-cleanup-20261010:logs/t12_train/sac_mpc_arrival_262401/checkpoints/sac_mpc_45000_steps.zip
logs/t12_train/sac_mpc_arrival_262401/checkpoints/sac_mpc_50000_steps.zip,b27e578aa3e9cec4a2bf85d6813897f121312759,9162029,git show archive/pre-cleanup-20261010:logs/t12_train/sac_mpc_arrival_262401/checkpoints/sac_mpc_50000_steps.zip
logs/t12_train/sac_mpc_arrival_262401/checkpoints/sac_mpc_5000_steps.zip,a5d81cccd858a229012b38f2db19c4c7278a39be,9158434,git show archive/pre-cleanup-20261010:logs/t12_train/sac_mpc_arrival_262401/checkpoints/sac_mpc_5000_steps.zip
logs/t12_train/sac_mpc_arrival_262401/checkpoints/sac_mpc_55000_steps.zip,4690bc63ad1fc31006d7c967eadd26c7b1a42669,9162030,git show archive/pre-cleanup-20261010:logs/t12_train/sac_mpc_arrival_262401/checkpoints/sac_mpc_55000_steps.zip
logs/t12_train/sac_mpc_arrival_262401/checkpoints/sac_mpc_60000_steps.zip,850ce5e3eb5beddd4f87d9c3b3afa04a744200bf,9162032,git show archive/pre-cleanup-20261010:logs/t12_train/sac_mpc_arrival_262401/checkpoints/sac_mpc_60000_steps.zip
logs/t12_train/sac_mpc_arrival_262401/final_model.zip,117cfbeb875a09a9770f3a9f2a09fe01bb7670a7,9162014,git show archive/pre-cleanup-20261010:logs/t12_train/sac_mpc_arrival_262401/final_model.zip
logs/t12_train/sac_mpc_arrival_262401/manifest.json,f369576fb33cf79a782509c82c2b9b16ae391b70,11719,git show archive/pre-cleanup-20261010:logs/t12_train/sac_mpc_arrival_262401/manifest.json
"""logs/t12_train/sac_mpc_arrival_262401/tensorboard/SAC_1/events.out.tfevents.1789261454.\351\243\216\351\223\203.11960.0""",b74d209f44a3dcf6693272e48203ea6a778c64bc,52229,"git show archive/pre-cleanup-20261010:""logs/t12_train/sac_mpc_arrival_262401/tensorboard/SAC_1/events.out.tfevents.1789261454.\351\243\216\351\223\203.11960.0"""
logs/t12_train/sac_mpc_arrival_262401/train.monitor.csv,5f6bb4193f5addb2c5c5f2ed7438881151559d28,33164,git show archive/pre-cleanup-20261010:logs/t12_train/sac_mpc_arrival_262401/train.monitor.csv
logs/t12_train/sac_mpc_arrival_262402.stderr.log,e69de29bb2d1d6434b8b29ae775ad8c2e48c5391,0,git show archive/pre-cleanup-20261010:logs/t12_train/sac_mpc_arrival_262402.stderr.log
logs/t12_train/sac_mpc_arrival_262402.stdout.log,c4554f9c9586e600583177a8f618e4721635d768,71803,git show archive/pre-cleanup-20261010:logs/t12_train/sac_mpc_arrival_262402.stdout.log
logs/t12_train/sac_mpc_arrival_262402/checkpoints/sac_mpc_10000_steps.zip,ab69faaa60fa16776370ee431f42c69ef2d816cd,9161648,git show archive/pre-cleanup-20261010:logs/t12_train/sac_mpc_arrival_262402/checkpoints/sac_mpc_10000_steps.zip
logs/t12_train/sac_mpc_arrival_262402/checkpoints/sac_mpc_15000_steps.zip,70dc6824df9c855fecc4b325395984d7093962bc,9162029,git show archive/pre-cleanup-20261010:logs/t12_train/sac_mpc_arrival_262402/checkpoints/sac_mpc_15000_steps.zip
logs/t12_train/sac_mpc_arrival_262402/checkpoints/sac_mpc_20000_steps.zip,46f640ac3c50ef9169f614a4d7589629a96ae6fd,9162029,git show archive/pre-cleanup-20261010:logs/t12_train/sac_mpc_arrival_262402/checkpoints/sac_mpc_20000_steps.zip
logs/t12_train/sac_mpc_arrival_262402/checkpoints/sac_mpc_25000_steps.zip,b85d5efd105039841fbc875a6ebb25726f78974d,9162018,git show archive/pre-cleanup-20261010:logs/t12_train/sac_mpc_arrival_262402/checkpoints/sac_mpc_25000_steps.zip
logs/t12_train/sac_mpc_arrival_262402/checkpoints/sac_mpc_30000_steps.zip,f5a3ca2020fe17be87f667f1754d070a17a73122,9162029,git show archive/pre-cleanup-20261010:logs/t12_train/sac_mpc_arrival_262402/checkpoints/sac_mpc_30000_steps.zip
logs/t12_train/sac_mpc_arrival_262402/checkpoints/sac_mpc_35000_steps.zip,5ac028658d1335df7666d775f2e9005cecc94ad8,9162029,git show archive/pre-cleanup-20261010:logs/t12_train/sac_mpc_arrival_262402/checkpoints/sac_mpc_35000_steps.zip
logs/t12_train/sac_mpc_arrival_262402/checkpoints/sac_mpc_40000_steps.zip,de080f9505cc572b80758a51e1ecd8a4d68b0401,9162030,git show archive/pre-cleanup-20261010:logs/t12_train/sac_mpc_arrival_262402/checkpoints/sac_mpc_40000_steps.zip
logs/t12_train/sac_mpc_arrival_262402/checkpoints/sac_mpc_45000_steps.zip,f5bf38e8f887db73e7f8fce2609e38593096a0d0,9162030,git show archive/pre-cleanup-20261010:logs/t12_train/sac_mpc_arrival_262402/checkpoints/sac_mpc_45000_steps.zip
logs/t12_train/sac_mpc_arrival_262402/checkpoints/sac_mpc_50000_steps.zip,7f78eb3c37c80113cbe121e911085b5db14989c2,9162029,git show archive/pre-cleanup-20261010:logs/t12_train/sac_mpc_arrival_262402/checkpoints/sac_mpc_50000_steps.zip
logs/t12_train/sac_mpc_arrival_262402/checkpoints/sac_mpc_5000_steps.zip,f07a1c7ded0da72aa88b17cf727caa9402e82810,9158506,git show archive/pre-cleanup-20261010:logs/t12_train/sac_mpc_arrival_262402/checkpoints/sac_mpc_5000_steps.zip
logs/t12_train/sac_mpc_arrival_262402/checkpoints/sac_mpc_55000_steps.zip,2ac4767c31fb951d8864324ce9558e142a64c726,9162030,git show archive/pre-cleanup-20261010:logs/t12_train/sac_mpc_arrival_262402/checkpoints/sac_mpc_55000_steps.zip
logs/t12_train/sac_mpc_arrival_262402/checkpoints/sac_mpc_60000_steps.zip,5ebce0c91c20f8faefa751a1cebce7d36d3ecf14,9162032,git show archive/pre-cleanup-20261010:logs/t12_train/sac_mpc_arrival_262402/checkpoints/sac_mpc_60000_steps.zip
logs/t12_train/sac_mpc_arrival_262402/final_model.zip,a9d2e264c7acf1b731d7366b60ec6c8b52993181,9162014,git show archive/pre-cleanup-20261010:logs/t12_train/sac_mpc_arrival_262402/final_model.zip
logs/t12_train/sac_mpc_arrival_262402/manifest.json,22bcaf7e317623f598e97b433a01005795294945,11719,git show archive/pre-cleanup-20261010:logs/t12_train/sac_mpc_arrival_262402/manifest.json
"""logs/t12_train/sac_mpc_arrival_262402/tensorboard/SAC_1/events.out.tfevents.1789261454.\351\243\216\351\223\203.20948.0""",234e87adea0251262fb1b723032ebe55832066bb,51032,"git show archive/pre-cleanup-20261010:""logs/t12_train/sac_mpc_arrival_262402/tensorboard/SAC_1/events.out.tfevents.1789261454.\351\243\216\351\223\203.20948.0"""
logs/t12_train/sac_mpc_arrival_262402/train.monitor.csv,27ad15b4413c3d25e59beabeb307d447e5dc2a5f,32278,git show archive/pre-cleanup-20261010:logs/t12_train/sac_mpc_arrival_262402/train.monitor.csv
logs/t12_train/sac_mpc_radial_262500.stderr.log,40f2463d3d470162d255d446b6277b6295148967,227,git show archive/pre-cleanup-20261010:logs/t12_train/sac_mpc_radial_262500.stderr.log
logs/t12_train/sac_mpc_radial_262500.stdout.log,749d69805af41285f955d726cc561efd9756beec,75134,git show archive/pre-cleanup-20261010:logs/t12_train/sac_mpc_radial_262500.stdout.log
logs/t12_train/sac_mpc_radial_262500/checkpoints/sac_mpc_10000_steps.zip,64acdba64fdb948a4d255935c8205aff4ed76572,9179424,git show archive/pre-cleanup-20261010:logs/t12_train/sac_mpc_radial_262500/checkpoints/sac_mpc_10000_steps.zip
logs/t12_train/sac_mpc_radial_262500/checkpoints/sac_mpc_15000_steps.zip,4b902d090c440d4c572cdfed56589bd49022c1c6,9179436,git show archive/pre-cleanup-20261010:logs/t12_train/sac_mpc_radial_262500/checkpoints/sac_mpc_15000_steps.zip
logs/t12_train/sac_mpc_radial_262500/checkpoints/sac_mpc_20000_steps.zip,934ce0bcc78959a691fff324b84ab471cfcd9ea0,9179436,git show archive/pre-cleanup-20261010:logs/t12_train/sac_mpc_radial_262500/checkpoints/sac_mpc_20000_steps.zip
logs/t12_train/sac_mpc_radial_262500/checkpoints/sac_mpc_25000_steps.zip,dd07c656b2ee547e2eff30859a31f0794019ae5d,9179425,git show archive/pre-cleanup-20261010:logs/t12_train/sac_mpc_radial_262500/checkpoints/sac_mpc_25000_steps.zip
logs/t12_train/sac_mpc_radial_262500/checkpoints/sac_mpc_30000_steps.zip,4cff4a4c1f4c0e5a2f80566c4b9ec9d790c9f2da,9179436,git show archive/pre-cleanup-20261010:logs/t12_train/sac_mpc_radial_262500/checkpoints/sac_mpc_30000_steps.zip
logs/t12_train/sac_mpc_radial_262500/checkpoints/sac_mpc_35000_steps.zip,fec9d4804800ff353b3340744d91b1ece9c86c20,9179436,git show archive/pre-cleanup-20261010:logs/t12_train/sac_mpc_radial_262500/checkpoints/sac_mpc_35000_steps.zip
logs/t12_train/sac_mpc_radial_262500/checkpoints/sac_mpc_40000_steps.zip,ff576b5c5a4e0f01ec94d6dddd6ec8a861c6003e,9179437,git show archive/pre-cleanup-20261010:logs/t12_train/sac_mpc_radial_262500/checkpoints/sac_mpc_40000_steps.zip
logs/t12_train/sac_mpc_radial_262500/checkpoints/sac_mpc_45000_steps.zip,59790b0c6d5089b9d2eb83e9877567d70fe70c73,9179437,git show archive/pre-cleanup-20261010:logs/t12_train/sac_mpc_radial_262500/checkpoints/sac_mpc_45000_steps.zip
logs/t12_train/sac_mpc_radial_262500/checkpoints/sac_mpc_50000_steps.zip,06075c0f8b39b41e87bbb476feedee8357e6f3da,9179436,git show archive/pre-cleanup-20261010:logs/t12_train/sac_mpc_radial_262500/checkpoints/sac_mpc_50000_steps.zip
logs/t12_train/sac_mpc_radial_262500/checkpoints/sac_mpc_5000_steps.zip,ab0a08fa20bd9ea4d9e1be9e06b4acffd21c4705,9179434,git show archive/pre-cleanup-20261010:logs/t12_train/sac_mpc_radial_262500/checkpoints/sac_mpc_5000_steps.zip
logs/t12_train/sac_mpc_radial_262500/checkpoints/sac_mpc_55000_steps.zip,aaf406055e0f9e1b9ed0b8bffeccc460ae6d320d,9179437,git show archive/pre-cleanup-20261010:logs/t12_train/sac_mpc_radial_262500/checkpoints/sac_mpc_55000_steps.zip
logs/t12_train/sac_mpc_radial_262500/checkpoints/sac_mpc_60000_steps.zip,3dcec1d5898d75b4b299d1e4e7a2875f07f579f9,9179439,git show archive/pre-cleanup-20261010:logs/t12_train/sac_mpc_radial_262500/checkpoints/sac_mpc_60000_steps.zip
logs/t12_train/sac_mpc_radial_262500/final_model.zip,dac3861829e3b7ed5c57d17891b5f16ba23f1d84,9179421,git show archive/pre-cleanup-20261010:logs/t12_train/sac_mpc_radial_262500/final_model.zip
logs/t12_train/sac_mpc_radial_262500/manifest.json,856315da4ef91a39b05b86571a863eced8a29499,11571,git show archive/pre-cleanup-20261010:logs/t12_train/sac_mpc_radial_262500/manifest.json
"""logs/t12_train/sac_mpc_radial_262500/tensorboard/SAC_1/events.out.tfevents.1789261454.\351\243\216\351\223\203.5068.0""",704587fc1d224985c7087645e63bfdb1cbd6dd66,52918,"git show archive/pre-cleanup-20261010:""logs/t12_train/sac_mpc_radial_262500/tensorboard/SAC_1/events.out.tfevents.1789261454.\351\243\216\351\223\203.5068.0"""
logs/t12_train/sac_mpc_radial_262500/train.monitor.csv,dcfda3532c15a42bd683678164e0090042a6e3ec,34326,git show archive/pre-cleanup-20261010:logs/t12_train/sac_mpc_radial_262500/train.monitor.csv
logs/t12_train/sac_mpc_radial_262501.stderr.log,e69de29bb2d1d6434b8b29ae775ad8c2e48c5391,0,git show archive/pre-cleanup-20261010:logs/t12_train/sac_mpc_radial_262501.stderr.log
logs/t12_train/sac_mpc_radial_262501.stdout.log,c29c3680213b4d41dc2430c785162f762eeafbd6,70782,git show archive/pre-cleanup-20261010:logs/t12_train/sac_mpc_radial_262501.stdout.log
logs/t12_train/sac_mpc_radial_262501/checkpoints/sac_mpc_10000_steps.zip,c75d996540ebf1d11726b481b08df9f206005350,9179424,git show archive/pre-cleanup-20261010:logs/t12_train/sac_mpc_radial_262501/checkpoints/sac_mpc_10000_steps.zip
logs/t12_train/sac_mpc_radial_262501/checkpoints/sac_mpc_15000_steps.zip,d5ddbe3d2b1243301302f16874cfa8a8712b8199,9179436,git show archive/pre-cleanup-20261010:logs/t12_train/sac_mpc_radial_262501/checkpoints/sac_mpc_15000_steps.zip
logs/t12_train/sac_mpc_radial_262501/checkpoints/sac_mpc_20000_steps.zip,af12c19db845343995d30739703275910b2a5035,9179436,git show archive/pre-cleanup-20261010:logs/t12_train/sac_mpc_radial_262501/checkpoints/sac_mpc_20000_steps.zip
logs/t12_train/sac_mpc_radial_262501/checkpoints/sac_mpc_25000_steps.zip,fd80910b3f466e917c6e230c2c923b332073b9ff,9179425,git show archive/pre-cleanup-20261010:logs/t12_train/sac_mpc_radial_262501/checkpoints/sac_mpc_25000_steps.zip
logs/t12_train/sac_mpc_radial_262501/checkpoints/sac_mpc_30000_steps.zip,e6ba1331b2f790d29a26dab43a1a569eefcb027b,9179436,git show archive/pre-cleanup-20261010:logs/t12_train/sac_mpc_radial_262501/checkpoints/sac_mpc_30000_steps.zip
logs/t12_train/sac_mpc_radial_262501/checkpoints/sac_mpc_35000_steps.zip,6720f1513e08b841c40964299c08b06796e5079f,9179436,git show archive/pre-cleanup-20261010:logs/t12_train/sac_mpc_radial_262501/checkpoints/sac_mpc_35000_steps.zip
logs/t12_train/sac_mpc_radial_262501/checkpoints/sac_mpc_40000_steps.zip,9018cbe8e47138743fd1bb8f7d9852bce2c88259,9179437,git show archive/pre-cleanup-20261010:logs/t12_train/sac_mpc_radial_262501/checkpoints/sac_mpc_40000_steps.zip
logs/t12_train/sac_mpc_radial_262501/checkpoints/sac_mpc_45000_steps.zip,28ab3945a3cf8a73b901fc1beae010fc491d56cd,9179437,git show archive/pre-cleanup-20261010:logs/t12_train/sac_mpc_radial_262501/checkpoints/sac_mpc_45000_steps.zip
logs/t12_train/sac_mpc_radial_262501/checkpoints/sac_mpc_50000_steps.zip,2fc4545fe51fe9d1b5fa78c54f485ec5a4e3808c,9179436,git show archive/pre-cleanup-20261010:logs/t12_train/sac_mpc_radial_262501/checkpoints/sac_mpc_50000_steps.zip
logs/t12_train/sac_mpc_radial_262501/checkpoints/sac_mpc_5000_steps.zip,7cc478f19f11bd65023800684aa0a5247d8260d3,9178405,git show archive/pre-cleanup-20261010:logs/t12_train/sac_mpc_radial_262501/checkpoints/sac_mpc_5000_steps.zip
logs/t12_train/sac_mpc_radial_262501/checkpoints/sac_mpc_55000_steps.zip,866f18bec2b92fd20c449f769c43451345465601,9179437,git show archive/pre-cleanup-20261010:logs/t12_train/sac_mpc_radial_262501/checkpoints/sac_mpc_55000_steps.zip
logs/t12_train/sac_mpc_radial_262501/checkpoints/sac_mpc_60000_steps.zip,b38bb9527445435ccb043e36194a1efd1d8298c2,9179439,git show archive/pre-cleanup-20261010:logs/t12_train/sac_mpc_radial_262501/checkpoints/sac_mpc_60000_steps.zip
logs/t12_train/sac_mpc_radial_262501/final_model.zip,84b48295f27738ef4dc6dec9e47bba8d54cf3351,9179421,git show archive/pre-cleanup-20261010:logs/t12_train/sac_mpc_radial_262501/final_model.zip
logs/t12_train/sac_mpc_radial_262501/manifest.json,2412762908d2d9a4d448b9f1e13e0885265990c2,11571,git show archive/pre-cleanup-20261010:logs/t12_train/sac_mpc_radial_262501/manifest.json
"""logs/t12_train/sac_mpc_radial_262501/tensorboard/SAC_1/events.out.tfevents.1789261454.\351\243\216\351\223\203.17320.0""",8a98ed5ecdbe1a238c1bdf8b0ef4ca70b379291d,49838,"git show archive/pre-cleanup-20261010:""logs/t12_train/sac_mpc_radial_262501/tensorboard/SAC_1/events.out.tfevents.1789261454.\351\243\216\351\223\203.17320.0"""
logs/t12_train/sac_mpc_radial_262501/train.monitor.csv,e4732b45c6683eeb0792e88be5f94a4a603ba871,31283,git show archive/pre-cleanup-20261010:logs/t12_train/sac_mpc_radial_262501/train.monitor.csv
logs/t12_train/sac_mpc_radial_262502.stderr.log,40f2463d3d470162d255d446b6277b6295148967,227,git show archive/pre-cleanup-20261010:logs/t12_train/sac_mpc_radial_262502.stderr.log
logs/t12_train/sac_mpc_radial_262502.stdout.log,0bf9512fcdb7860319ccb3e130878a7d0558ea17,79146,git show archive/pre-cleanup-20261010:logs/t12_train/sac_mpc_radial_262502.stdout.log
logs/t12_train/sac_mpc_radial_262502/checkpoints/sac_mpc_10000_steps.zip,4d1f299833fa7dbae303e90aaaf7826bb3616b28,9179424,git show archive/pre-cleanup-20261010:logs/t12_train/sac_mpc_radial_262502/checkpoints/sac_mpc_10000_steps.zip
logs/t12_train/sac_mpc_radial_262502/checkpoints/sac_mpc_15000_steps.zip,02a3ec9d131ecdab1535cfaf34701b5719341bda,9179436,git show archive/pre-cleanup-20261010:logs/t12_train/sac_mpc_radial_262502/checkpoints/sac_mpc_15000_steps.zip
logs/t12_train/sac_mpc_radial_262502/checkpoints/sac_mpc_20000_steps.zip,91c0580d3c29a42ad181f060bb962839bff858f3,9179436,git show archive/pre-cleanup-20261010:logs/t12_train/sac_mpc_radial_262502/checkpoints/sac_mpc_20000_steps.zip
logs/t12_train/sac_mpc_radial_262502/checkpoints/sac_mpc_25000_steps.zip,25518f4d4bffbab43f2e161b036bda2beea36435,9179425,git show archive/pre-cleanup-20261010:logs/t12_train/sac_mpc_radial_262502/checkpoints/sac_mpc_25000_steps.zip
logs/t12_train/sac_mpc_radial_262502/checkpoints/sac_mpc_30000_steps.zip,6c6e503e1bb21f016a93005e7c9f5cd3cc8230dd,9179436,git show archive/pre-cleanup-20261010:logs/t12_train/sac_mpc_radial_262502/checkpoints/sac_mpc_30000_steps.zip
logs/t12_train/sac_mpc_radial_262502/checkpoints/sac_mpc_35000_steps.zip,5dbaf60a00008c1b9e3cc0e93814863de9a78e66,9179436,git show archive/pre-cleanup-20261010:logs/t12_train/sac_mpc_radial_262502/checkpoints/sac_mpc_35000_steps.zip
logs/t12_train/sac_mpc_radial_262502/checkpoints/sac_mpc_40000_steps.zip,8b7f2805cc0096d8f8f6995d2e6d55008339c64b,9179437,git show archive/pre-cleanup-20261010:logs/t12_train/sac_mpc_radial_262502/checkpoints/sac_mpc_40000_steps.zip
logs/t12_train/sac_mpc_radial_262502/checkpoints/sac_mpc_45000_steps.zip,8f96e2167744ff718023bae51c460d4653582a1b,9179437,git show archive/pre-cleanup-20261010:logs/t12_train/sac_mpc_radial_262502/checkpoints/sac_mpc_45000_steps.zip
logs/t12_train/sac_mpc_radial_262502/checkpoints/sac_mpc_50000_steps.zip,544bf9440112e27bc10d1c93deb2d4c93d775a7f,9179436,git show archive/pre-cleanup-20261010:logs/t12_train/sac_mpc_radial_262502/checkpoints/sac_mpc_50000_steps.zip
logs/t12_train/sac_mpc_radial_262502/checkpoints/sac_mpc_5000_steps.zip,2f609f6350918397127db5de28cf199a76a2057b,9178405,git show archive/pre-cleanup-20261010:logs/t12_train/sac_mpc_radial_262502/checkpoints/sac_mpc_5000_steps.zip
logs/t12_train/sac_mpc_radial_262502/checkpoints/sac_mpc_55000_steps.zip,62f3c5bf8a529650c2b12bfcfbdf57230fde60c0,9179437,git show archive/pre-cleanup-20261010:logs/t12_train/sac_mpc_radial_262502/checkpoints/sac_mpc_55000_steps.zip
logs/t12_train/sac_mpc_radial_262502/checkpoints/sac_mpc_60000_steps.zip,40b81df0297a2a381841bcf65849dcc746cd3067,9179439,git show archive/pre-cleanup-20261010:logs/t12_train/sac_mpc_radial_262502/checkpoints/sac_mpc_60000_steps.zip
logs/t12_train/sac_mpc_radial_262502/final_model.zip,a1e1fa1b867e90ed5f792e29a1c1b07d3b5f1cfc,9179421,git show archive/pre-cleanup-20261010:logs/t12_train/sac_mpc_radial_262502/final_model.zip
logs/t12_train/sac_mpc_radial_262502/manifest.json,0c63d582bf0945386eb6eb9041aec4bf4b0532b9,11571,git show archive/pre-cleanup-20261010:logs/t12_train/sac_mpc_radial_262502/manifest.json
"""logs/t12_train/sac_mpc_radial_262502/tensorboard/SAC_1/events.out.tfevents.1789261454.\351\243\216\351\223\203.6660.0""",37c44651ded784512e390fd2fd5267921f653ea6,55912,"git show archive/pre-cleanup-20261010:""logs/t12_train/sac_mpc_radial_262502/tensorboard/SAC_1/events.out.tfevents.1789261454.\351\243\216\351\223\203.6660.0"""
logs/t12_train/sac_mpc_radial_262502/train.monitor.csv,63b4659eb86379998d9ae84d2c7b366ae0eb8b8a,34813,git show archive/pre-cleanup-20261010:logs/t12_train/sac_mpc_radial_262502/train.monitor.csv
logs/t7_launch_20260911/launches.json,e2c3a3a48f38f6adaea3bdd57a7bcda345d7537e,5256,git show archive/pre-cleanup-20261010:logs/t7_launch_20260911/launches.json
logs/t7_launch_20260911/launches_initial_interrupted.json,0d0eb1c96d6431fd8cc6b96e930633971c15d84f,3118,git show archive/pre-cleanup-20261010:logs/t7_launch_20260911/launches_initial_interrupted.json
logs/t7_launch_20260911/sac_mpc_v2_arrival_262200.stderr.log,e69de29bb2d1d6434b8b29ae775ad8c2e48c5391,0,git show archive/pre-cleanup-20261010:logs/t7_launch_20260911/sac_mpc_v2_arrival_262200.stderr.log
logs/t7_launch_20260911/sac_mpc_v2_arrival_262200.stdout.log,fa3bb7bccaf5394cb4abc59f9b9236e9f88a8804,6437,git show archive/pre-cleanup-20261010:logs/t7_launch_20260911/sac_mpc_v2_arrival_262200.stdout.log
logs/t7_launch_20260911/sac_mpc_v2_arrival_262201.stderr.log,e69de29bb2d1d6434b8b29ae775ad8c2e48c5391,0,git show archive/pre-cleanup-20261010:logs/t7_launch_20260911/sac_mpc_v2_arrival_262201.stderr.log
logs/t7_launch_20260911/sac_mpc_v2_arrival_262201.stdout.log,5737dd8394b6854b3f8b69bad21acc69634eadc0,6233,git show archive/pre-cleanup-20261010:logs/t7_launch_20260911/sac_mpc_v2_arrival_262201.stdout.log
logs/t7_launch_20260911/sac_mpc_v2_arrival_262202.stderr.log,e69de29bb2d1d6434b8b29ae775ad8c2e48c5391,0,git show archive/pre-cleanup-20261010:logs/t7_launch_20260911/sac_mpc_v2_arrival_262202.stderr.log
logs/t7_launch_20260911/sac_mpc_v2_arrival_262202.stdout.log,b871e0070231c7a353f6a506ad24e0da6be3575f,6437,git show archive/pre-cleanup-20261010:logs/t7_launch_20260911/sac_mpc_v2_arrival_262202.stdout.log
logs/t7_launch_20260911/sac_mpc_v3_bidirectional_262300.stderr.log,e69de29bb2d1d6434b8b29ae775ad8c2e48c5391,0,git show archive/pre-cleanup-20261010:logs/t7_launch_20260911/sac_mpc_v3_bidirectional_262300.stderr.log
logs/t7_launch_20260911/sac_mpc_v3_bidirectional_262300.stdout.log,a357ff8428ef2d23ce34beef92eb315a9af6d0b7,7667,git show archive/pre-cleanup-20261010:logs/t7_launch_20260911/sac_mpc_v3_bidirectional_262300.stdout.log
logs/t7_launch_20260911/sac_mpc_v3_bidirectional_262301.stderr.log,e69de29bb2d1d6434b8b29ae775ad8c2e48c5391,0,git show archive/pre-cleanup-20261010:logs/t7_launch_20260911/sac_mpc_v3_bidirectional_262301.stderr.log
logs/t7_launch_20260911/sac_mpc_v3_bidirectional_262301.stdout.log,05e9ebf1011b5c9382f71589c138d2ed0dcd30a3,6919,git show archive/pre-cleanup-20261010:logs/t7_launch_20260911/sac_mpc_v3_bidirectional_262301.stdout.log
logs/t7_launch_20260911/sac_mpc_v3_bidirectional_262302.stderr.log,e69de29bb2d1d6434b8b29ae775ad8c2e48c5391,0,git show archive/pre-cleanup-20261010:logs/t7_launch_20260911/sac_mpc_v3_bidirectional_262302.stderr.log
logs/t7_launch_20260911/sac_mpc_v3_bidirectional_262302.stdout.log,e5e5557780b0b204a7c0e398f28875bf3c8ff557,6919,git show archive/pre-cleanup-20261010:logs/t7_launch_20260911/sac_mpc_v3_bidirectional_262302.stdout.log
logs/t7_retry1_20260911/sac_mpc_v2_arrival_262200.stderr.log,e69de29bb2d1d6434b8b29ae775ad8c2e48c5391,0,git show archive/pre-cleanup-20261010:logs/t7_retry1_20260911/sac_mpc_v2_arrival_262200.stderr.log
logs/t7_retry1_20260911/sac_mpc_v2_arrival_262200.stdout.log,e9b812c82979c1b0f574dfe49ac0b404d093a530,95139,git show archive/pre-cleanup-20261010:logs/t7_retry1_20260911/sac_mpc_v2_arrival_262200.stdout.log
logs/t7_retry1_20260911/sac_mpc_v2_arrival_262200/checkpoints/sac_mpc_10000_steps.zip,29e9e215f614e8d5335ccb5f00d4a030d9e4ad37,9150703,git show archive/pre-cleanup-20261010:logs/t7_retry1_20260911/sac_mpc_v2_arrival_262200/checkpoints/sac_mpc_10000_steps.zip
logs/t7_retry1_20260911/sac_mpc_v2_arrival_262200/checkpoints/sac_mpc_15000_steps.zip,b9563b399d05081a9ec58d3e88b2c07a8e9ca87a,9150715,git show archive/pre-cleanup-20261010:logs/t7_retry1_20260911/sac_mpc_v2_arrival_262200/checkpoints/sac_mpc_15000_steps.zip
logs/t7_retry1_20260911/sac_mpc_v2_arrival_262200/checkpoints/sac_mpc_20000_steps.zip,6d9565077358246e809c1cb3e3fed879f99d5c64,9150715,git show archive/pre-cleanup-20261010:logs/t7_retry1_20260911/sac_mpc_v2_arrival_262200/checkpoints/sac_mpc_20000_steps.zip
logs/t7_retry1_20260911/sac_mpc_v2_arrival_262200/checkpoints/sac_mpc_25000_steps.zip,e837e36492d6a264370fca6e288b8b3b14af4449,9150704,git show archive/pre-cleanup-20261010:logs/t7_retry1_20260911/sac_mpc_v2_arrival_262200/checkpoints/sac_mpc_25000_steps.zip
logs/t7_retry1_20260911/sac_mpc_v2_arrival_262200/checkpoints/sac_mpc_30000_steps.zip,ed960b6de807075caa0232c449ab0b141e1a6d12,9150715,git show archive/pre-cleanup-20261010:logs/t7_retry1_20260911/sac_mpc_v2_arrival_262200/checkpoints/sac_mpc_30000_steps.zip
logs/t7_retry1_20260911/sac_mpc_v2_arrival_262200/checkpoints/sac_mpc_35000_steps.zip,4ab3a63b8514dcdef9c41bf13200d64a0517ddaa,9150715,git show archive/pre-cleanup-20261010:logs/t7_retry1_20260911/sac_mpc_v2_arrival_262200/checkpoints/sac_mpc_35000_steps.zip
logs/t7_retry1_20260911/sac_mpc_v2_arrival_262200/checkpoints/sac_mpc_40000_steps.zip,445054eed743131915429ddfa216c0d56efb83c2,9150716,git show archive/pre-cleanup-20261010:logs/t7_retry1_20260911/sac_mpc_v2_arrival_262200/checkpoints/sac_mpc_40000_steps.zip
logs/t7_retry1_20260911/sac_mpc_v2_arrival_262200/checkpoints/sac_mpc_45000_steps.zip,48338e1b9a6284c02dd9e662d480f737d774c966,9150716,git show archive/pre-cleanup-20261010:logs/t7_retry1_20260911/sac_mpc_v2_arrival_262200/checkpoints/sac_mpc_45000_steps.zip
logs/t7_retry1_20260911/sac_mpc_v2_arrival_262200/checkpoints/sac_mpc_50000_steps.zip,d533e1a78ff5ddd2ce6fd9bd81284c6d96ec6efc,9150715,git show archive/pre-cleanup-20261010:logs/t7_retry1_20260911/sac_mpc_v2_arrival_262200/checkpoints/sac_mpc_50000_steps.zip
logs/t7_retry1_20260911/sac_mpc_v2_arrival_262200/checkpoints/sac_mpc_5000_steps.zip,8d26f7b6000039125eae91d363296e6c1bd45058,9148584,git show archive/pre-cleanup-20261010:logs/t7_retry1_20260911/sac_mpc_v2_arrival_262200/checkpoints/sac_mpc_5000_steps.zip
logs/t7_retry1_20260911/sac_mpc_v2_arrival_262200/checkpoints/sac_mpc_55000_steps.zip,120fc7b955ba88df267a005e8b0afb4b352c2064,9150716,git show archive/pre-cleanup-20261010:logs/t7_retry1_20260911/sac_mpc_v2_arrival_262200/checkpoints/sac_mpc_55000_steps.zip
logs/t7_retry1_20260911/sac_mpc_v2_arrival_262200/checkpoints/sac_mpc_60000_steps.zip,08634ec614a06b4afffcec494bfb85476e5c9d38,9150718,git show archive/pre-cleanup-20261010:logs/t7_retry1_20260911/sac_mpc_v2_arrival_262200/checkpoints/sac_mpc_60000_steps.zip
logs/t7_retry1_20260911/sac_mpc_v2_arrival_262200/final_model.zip,ab08794b3c52e83216cd1b1c4cf08039ec4aa187,9150700,git show archive/pre-cleanup-20261010:logs/t7_retry1_20260911/sac_mpc_v2_arrival_262200/final_model.zip
logs/t7_retry1_20260911/sac_mpc_v2_arrival_262200/manifest.json,ff81926563ce23c9efbdcc7b11b647fda3277231,11527,git show archive/pre-cleanup-20261010:logs/t7_retry1_20260911/sac_mpc_v2_arrival_262200/manifest.json
"""logs/t7_retry1_20260911/sac_mpc_v2_arrival_262200/tensorboard/SAC_1/events.out.tfevents.1789100131.\351\243\216\351\223\203.11424.0""",a74bdce947d2cbaf0d19f8d14b1ad9261a6bd57c,67530,"git show archive/pre-cleanup-20261010:""logs/t7_retry1_20260911/sac_mpc_v2_arrival_262200/tensorboard/SAC_1/events.out.tfevents.1789100131.\351\243\216\351\223\203.11424.0"""
logs/t7_retry1_20260911/sac_mpc_v2_arrival_262200/train.monitor.csv,5762f0b715ff0e22862392d9bd158899f1e7ca21,42742,git show archive/pre-cleanup-20261010:logs/t7_retry1_20260911/sac_mpc_v2_arrival_262200/train.monitor.csv
logs/t7_retry1_20260911/sac_mpc_v2_arrival_262201.stderr.log,e69de29bb2d1d6434b8b29ae775ad8c2e48c5391,0,git show archive/pre-cleanup-20261010:logs/t7_retry1_20260911/sac_mpc_v2_arrival_262201.stderr.log
logs/t7_retry1_20260911/sac_mpc_v2_arrival_262201.stdout.log,7373b7e3ffa732239dda390cacdabbcbfd880195,73719,git show archive/pre-cleanup-20261010:logs/t7_retry1_20260911/sac_mpc_v2_arrival_262201.stdout.log
logs/t7_retry1_20260911/sac_mpc_v2_arrival_262201/checkpoints/sac_mpc_10000_steps.zip,d3b5022fb5b206385e8853a3017a4de337843fed,9150699,git show archive/pre-cleanup-20261010:logs/t7_retry1_20260911/sac_mpc_v2_arrival_262201/checkpoints/sac_mpc_10000_steps.zip
logs/t7_retry1_20260911/sac_mpc_v2_arrival_262201/checkpoints/sac_mpc_15000_steps.zip,d1a33f08dbd2edd14d3969aa1886869a427a3cc7,9150711,git show archive/pre-cleanup-20261010:logs/t7_retry1_20260911/sac_mpc_v2_arrival_262201/checkpoints/sac_mpc_15000_steps.zip
logs/t7_retry1_20260911/sac_mpc_v2_arrival_262201/checkpoints/sac_mpc_20000_steps.zip,1e63dc89b25daf07efd9cebef7339f0cb5f34197,9150711,git show archive/pre-cleanup-20261010:logs/t7_retry1_20260911/sac_mpc_v2_arrival_262201/checkpoints/sac_mpc_20000_steps.zip
logs/t7_retry1_20260911/sac_mpc_v2_arrival_262201/checkpoints/sac_mpc_25000_steps.zip,1b3dfac91ce4842e3898fd385fb38687af3a85fa,9150700,git show archive/pre-cleanup-20261010:logs/t7_retry1_20260911/sac_mpc_v2_arrival_262201/checkpoints/sac_mpc_25000_steps.zip
logs/t7_retry1_20260911/sac_mpc_v2_arrival_262201/checkpoints/sac_mpc_30000_steps.zip,723415153b40cbd309d7ac02f0b4f38e384e1611,9150711,git show archive/pre-cleanup-20261010:logs/t7_retry1_20260911/sac_mpc_v2_arrival_262201/checkpoints/sac_mpc_30000_steps.zip
logs/t7_retry1_20260911/sac_mpc_v2_arrival_262201/checkpoints/sac_mpc_35000_steps.zip,f495e4264c2ec772cf815ee478fdbaa37aeb4256,9150711,git show archive/pre-cleanup-20261010:logs/t7_retry1_20260911/sac_mpc_v2_arrival_262201/checkpoints/sac_mpc_35000_steps.zip
logs/t7_retry1_20260911/sac_mpc_v2_arrival_262201/checkpoints/sac_mpc_40000_steps.zip,5f9ca9c2514ca9d19a29816456ac3617719208fb,9150712,git show archive/pre-cleanup-20261010:logs/t7_retry1_20260911/sac_mpc_v2_arrival_262201/checkpoints/sac_mpc_40000_steps.zip
logs/t7_retry1_20260911/sac_mpc_v2_arrival_262201/checkpoints/sac_mpc_45000_steps.zip,eaa36f54a489503d5269680b7c1ac0a42816bf71,9150712,git show archive/pre-cleanup-20261010:logs/t7_retry1_20260911/sac_mpc_v2_arrival_262201/checkpoints/sac_mpc_45000_steps.zip
logs/t7_retry1_20260911/sac_mpc_v2_arrival_262201/checkpoints/sac_mpc_50000_steps.zip,dc81d9c8253705249d25932ea81b2ee98e7eac36,9150711,git show archive/pre-cleanup-20261010:logs/t7_retry1_20260911/sac_mpc_v2_arrival_262201/checkpoints/sac_mpc_50000_steps.zip
logs/t7_retry1_20260911/sac_mpc_v2_arrival_262201/checkpoints/sac_mpc_5000_steps.zip,6a05a5f2afc6ec83230f41cb323e3197d1924fc8,9148508,git show archive/pre-cleanup-20261010:logs/t7_retry1_20260911/sac_mpc_v2_arrival_262201/checkpoints/sac_mpc_5000_steps.zip
logs/t7_retry1_20260911/sac_mpc_v2_arrival_262201/checkpoints/sac_mpc_55000_steps.zip,a9271031d22c82c50c8432f1fab7bd1b44170503,9150712,git show archive/pre-cleanup-20261010:logs/t7_retry1_20260911/sac_mpc_v2_arrival_262201/checkpoints/sac_mpc_55000_steps.zip
logs/t7_retry1_20260911/sac_mpc_v2_arrival_262201/checkpoints/sac_mpc_60000_steps.zip,3e3906eb24dce2d5e91de50f777dc1db39de7ac3,9150714,git show archive/pre-cleanup-20261010:logs/t7_retry1_20260911/sac_mpc_v2_arrival_262201/checkpoints/sac_mpc_60000_steps.zip
logs/t7_retry1_20260911/sac_mpc_v2_arrival_262201/final_model.zip,2d70a9112b88be7c75269e2ad697a834ce73e93f,9150696,git show archive/pre-cleanup-20261010:logs/t7_retry1_20260911/sac_mpc_v2_arrival_262201/final_model.zip
logs/t7_retry1_20260911/sac_mpc_v2_arrival_262201/manifest.json,21efe5f2742ce45665af855dca0f29d46c14b1d1,11527,git show archive/pre-cleanup-20261010:logs/t7_retry1_20260911/sac_mpc_v2_arrival_262201/manifest.json
"""logs/t7_retry1_20260911/sac_mpc_v2_arrival_262201/tensorboard/SAC_1/events.out.tfevents.1789100131.\351\243\216\351\223\203.22004.0""",084d53c601ba398f717bb5c48fdf7936707ef793,52048,"git show archive/pre-cleanup-20261010:""logs/t7_retry1_20260911/sac_mpc_v2_arrival_262201/tensorboard/SAC_1/events.out.tfevents.1789100131.\351\243\216\351\223\203.22004.0"""
logs/t7_retry1_20260911/sac_mpc_v2_arrival_262201/train.monitor.csv,5200c1cec022817465bc2f32ffe3a365e4739f6c,34028,git show archive/pre-cleanup-20261010:logs/t7_retry1_20260911/sac_mpc_v2_arrival_262201/train.monitor.csv
logs/t7_retry1_20260911/sac_mpc_v2_arrival_262202.stderr.log,e69de29bb2d1d6434b8b29ae775ad8c2e48c5391,0,git show archive/pre-cleanup-20261010:logs/t7_retry1_20260911/sac_mpc_v2_arrival_262202.stderr.log
logs/t7_retry1_20260911/sac_mpc_v2_arrival_262202.stdout.log,131a75e62a61629208f60150d5f36c96f1eca8ee,143,git show archive/pre-cleanup-20261010:logs/t7_retry1_20260911/sac_mpc_v2_arrival_262202.stdout.log
logs/t7_retry1_20260911/sac_mpc_v2_arrival_262202/manifest.json,9de97cea944cc5d7ea9afa9d48a419eed33b1254,11435,git show archive/pre-cleanup-20261010:logs/t7_retry1_20260911/sac_mpc_v2_arrival_262202/manifest.json
"""logs/t7_retry1_20260911/sac_mpc_v2_arrival_262202/tensorboard/SAC_1/events.out.tfevents.1789100131.\351\243\216\351\223\203.21880.0""",feb1602c4b7053f099f42e8345200320bfe2d0bf,88,"git show archive/pre-cleanup-20261010:""logs/t7_retry1_20260911/sac_mpc_v2_arrival_262202/tensorboard/SAC_1/events.out.tfevents.1789100131.\351\243\216\351\223\203.21880.0"""
logs/t7_retry1_20260911/sac_mpc_v2_arrival_262202/train.monitor.csv,7c042126a67b279acd6e51294ca48047fb72ca54,169,git show archive/pre-cleanup-20261010:logs/t7_retry1_20260911/sac_mpc_v2_arrival_262202/train.monitor.csv
logs/t7_retry1_20260911/sac_mpc_v3_bidirectional_262300.stderr.log,e69de29bb2d1d6434b8b29ae775ad8c2e48c5391,0,git show archive/pre-cleanup-20261010:logs/t7_retry1_20260911/sac_mpc_v3_bidirectional_262300.stderr.log
logs/t7_retry1_20260911/sac_mpc_v3_bidirectional_262300.stdout.log,f1e3a0173532622288d1b5d5d970461509c6c3d7,92017,git show archive/pre-cleanup-20261010:logs/t7_retry1_20260911/sac_mpc_v3_bidirectional_262300.stdout.log
logs/t7_retry1_20260911/sac_mpc_v3_bidirectional_262300/checkpoints/sac_mpc_10000_steps.zip,5146b4538636ac3235d9de334148aa1873ef8e73,9184699,git show archive/pre-cleanup-20261010:logs/t7_retry1_20260911/sac_mpc_v3_bidirectional_262300/checkpoints/sac_mpc_10000_steps.zip
logs/t7_retry1_20260911/sac_mpc_v3_bidirectional_262300/checkpoints/sac_mpc_15000_steps.zip,8cf2483ab446788067b1ad726faaae21a65c7841,9184711,git show archive/pre-cleanup-20261010:logs/t7_retry1_20260911/sac_mpc_v3_bidirectional_262300/checkpoints/sac_mpc_15000_steps.zip
logs/t7_retry1_20260911/sac_mpc_v3_bidirectional_262300/checkpoints/sac_mpc_20000_steps.zip,bc0fdc5d17d9fb6605934a47bc519eb11a5f7e70,9184711,git show archive/pre-cleanup-20261010:logs/t7_retry1_20260911/sac_mpc_v3_bidirectional_262300/checkpoints/sac_mpc_20000_steps.zip
logs/t7_retry1_20260911/sac_mpc_v3_bidirectional_262300/checkpoints/sac_mpc_25000_steps.zip,78b00ec1ac5617f5a857370c1aea97587a38f785,9184700,git show archive/pre-cleanup-20261010:logs/t7_retry1_20260911/sac_mpc_v3_bidirectional_262300/checkpoints/sac_mpc_25000_steps.zip
logs/t7_retry1_20260911/sac_mpc_v3_bidirectional_262300/checkpoints/sac_mpc_30000_steps.zip,599da0dbe1a99901a749912bedb17a8d34de2357,9184711,git show archive/pre-cleanup-20261010:logs/t7_retry1_20260911/sac_mpc_v3_bidirectional_262300/checkpoints/sac_mpc_30000_steps.zip
logs/t7_retry1_20260911/sac_mpc_v3_bidirectional_262300/checkpoints/sac_mpc_35000_steps.zip,4b7abae61d1b8cae4c6b782178d11cbeeda7a848,9184711,git show archive/pre-cleanup-20261010:logs/t7_retry1_20260911/sac_mpc_v3_bidirectional_262300/checkpoints/sac_mpc_35000_steps.zip
logs/t7_retry1_20260911/sac_mpc_v3_bidirectional_262300/checkpoints/sac_mpc_40000_steps.zip,6cbf9c325917822c5af6dacfb01ba9eefbe55121,9184712,git show archive/pre-cleanup-20261010:logs/t7_retry1_20260911/sac_mpc_v3_bidirectional_262300/checkpoints/sac_mpc_40000_steps.zip
logs/t7_retry1_20260911/sac_mpc_v3_bidirectional_262300/checkpoints/sac_mpc_45000_steps.zip,7e01767731ba1540abf93122165f4db148544de3,9184712,git show archive/pre-cleanup-20261010:logs/t7_retry1_20260911/sac_mpc_v3_bidirectional_262300/checkpoints/sac_mpc_45000_steps.zip
logs/t7_retry1_20260911/sac_mpc_v3_bidirectional_262300/checkpoints/sac_mpc_50000_steps.zip,4635bb5db51a99a9e7bf23f1d70d779b91ab14a8,9184711,git show archive/pre-cleanup-20261010:logs/t7_retry1_20260911/sac_mpc_v3_bidirectional_262300/checkpoints/sac_mpc_50000_steps.zip
logs/t7_retry1_20260911/sac_mpc_v3_bidirectional_262300/checkpoints/sac_mpc_5000_steps.zip,181c3f784c11be000a2f89f7a8e0dbe09cc5abde,9183316,git show archive/pre-cleanup-20261010:logs/t7_retry1_20260911/sac_mpc_v3_bidirectional_262300/checkpoints/sac_mpc_5000_steps.zip
logs/t7_retry1_20260911/sac_mpc_v3_bidirectional_262300/checkpoints/sac_mpc_55000_steps.zip,28e7f1534d2d02e0f92c175a05b73db01673b563,9184712,git show archive/pre-cleanup-20261010:logs/t7_retry1_20260911/sac_mpc_v3_bidirectional_262300/checkpoints/sac_mpc_55000_steps.zip
logs/t7_retry1_20260911/sac_mpc_v3_bidirectional_262300/checkpoints/sac_mpc_60000_steps.zip,d9b643eb892323032825a2c96f6f8bce16691210,9184714,git show archive/pre-cleanup-20261010:logs/t7_retry1_20260911/sac_mpc_v3_bidirectional_262300/checkpoints/sac_mpc_60000_steps.zip
logs/t7_retry1_20260911/sac_mpc_v3_bidirectional_262300/final_model.zip,f3b97ed22c46697844eaf5a447c115f8f2f5b005,9184696,git show archive/pre-cleanup-20261010:logs/t7_retry1_20260911/sac_mpc_v3_bidirectional_262300/final_model.zip
logs/t7_retry1_20260911/sac_mpc_v3_bidirectional_262300/manifest.json,0e1e00b16f871376806108ce7dc1cc1c8b552401,11691,git show archive/pre-cleanup-20261010:logs/t7_retry1_20260911/sac_mpc_v3_bidirectional_262300/manifest.json
"""logs/t7_retry1_20260911/sac_mpc_v3_bidirectional_262300/tensorboard/SAC_1/events.out.tfevents.1789100131.\351\243\216\351\223\203.14768.0""",b03e8c860df5e86b11f86df9628598efb8432a32,65126,"git show archive/pre-cleanup-20261010:""logs/t7_retry1_20260911/sac_mpc_v3_bidirectional_262300/tensorboard/SAC_1/events.out.tfevents.1789100131.\351\243\216\351\223\203.14768.0"""
logs/t7_retry1_20260911/sac_mpc_v3_bidirectional_262300/train.monitor.csv,91ef69fd051bc7689a8956ee41fcad8a47438b72,41644,git show archive/pre-cleanup-20261010:logs/t7_retry1_20260911/sac_mpc_v3_bidirectional_262300/train.monitor.csv
logs/t7_retry1_20260911/sac_mpc_v3_bidirectional_262301.stderr.log,e69de29bb2d1d6434b8b29ae775ad8c2e48c5391,0,git show archive/pre-cleanup-20261010:logs/t7_retry1_20260911/sac_mpc_v3_bidirectional_262301.stderr.log
logs/t7_retry1_20260911/sac_mpc_v3_bidirectional_262301.stdout.log,a203fe203eadb9c36cb9041df4c5df99e3ce5d69,73861,git show archive/pre-cleanup-20261010:logs/t7_retry1_20260911/sac_mpc_v3_bidirectional_262301.stdout.log
logs/t7_retry1_20260911/sac_mpc_v3_bidirectional_262301/checkpoints/sac_mpc_10000_steps.zip,12d2c8a25537b52725a332981994a0eb028bb9de,9184699,git show archive/pre-cleanup-20261010:logs/t7_retry1_20260911/sac_mpc_v3_bidirectional_262301/checkpoints/sac_mpc_10000_steps.zip
logs/t7_retry1_20260911/sac_mpc_v3_bidirectional_262301/checkpoints/sac_mpc_15000_steps.zip,64fa2c7685eec902ce4c46c261d11167812c9679,9184711,git show archive/pre-cleanup-20261010:logs/t7_retry1_20260911/sac_mpc_v3_bidirectional_262301/checkpoints/sac_mpc_15000_steps.zip
logs/t7_retry1_20260911/sac_mpc_v3_bidirectional_262301/checkpoints/sac_mpc_20000_steps.zip,273aeeed24725b72d7b44599b8db38b76df3601c,9184711,git show archive/pre-cleanup-20261010:logs/t7_retry1_20260911/sac_mpc_v3_bidirectional_262301/checkpoints/sac_mpc_20000_steps.zip
logs/t7_retry1_20260911/sac_mpc_v3_bidirectional_262301/checkpoints/sac_mpc_25000_steps.zip,e793391d4e5267e619142b9b2ee0f4352f21b0e9,9184700,git show archive/pre-cleanup-20261010:logs/t7_retry1_20260911/sac_mpc_v3_bidirectional_262301/checkpoints/sac_mpc_25000_steps.zip
logs/t7_retry1_20260911/sac_mpc_v3_bidirectional_262301/checkpoints/sac_mpc_30000_steps.zip,9c90c3f892b925fff30d0d4b4eff270db6d975ee,9184711,git show archive/pre-cleanup-20261010:logs/t7_retry1_20260911/sac_mpc_v3_bidirectional_262301/checkpoints/sac_mpc_30000_steps.zip
logs/t7_retry1_20260911/sac_mpc_v3_bidirectional_262301/checkpoints/sac_mpc_35000_steps.zip,950ee1a9ea06558b765de3f934c1010838ccbad8,9184711,git show archive/pre-cleanup-20261010:logs/t7_retry1_20260911/sac_mpc_v3_bidirectional_262301/checkpoints/sac_mpc_35000_steps.zip
logs/t7_retry1_20260911/sac_mpc_v3_bidirectional_262301/checkpoints/sac_mpc_40000_steps.zip,8c4f1c7a6410bcad23e5a365b0947603448ec645,9184712,git show archive/pre-cleanup-20261010:logs/t7_retry1_20260911/sac_mpc_v3_bidirectional_262301/checkpoints/sac_mpc_40000_steps.zip
logs/t7_retry1_20260911/sac_mpc_v3_bidirectional_262301/checkpoints/sac_mpc_45000_steps.zip,3b05dc71ae439b95e69cf15ec27e5506cde67efb,9184712,git show archive/pre-cleanup-20261010:logs/t7_retry1_20260911/sac_mpc_v3_bidirectional_262301/checkpoints/sac_mpc_45000_steps.zip
logs/t7_retry1_20260911/sac_mpc_v3_bidirectional_262301/checkpoints/sac_mpc_50000_steps.zip,519307a373764a2fa05c9dbba57943db3cd7adeb,9184711,git show archive/pre-cleanup-20261010:logs/t7_retry1_20260911/sac_mpc_v3_bidirectional_262301/checkpoints/sac_mpc_50000_steps.zip
logs/t7_retry1_20260911/sac_mpc_v3_bidirectional_262301/checkpoints/sac_mpc_5000_steps.zip,fe5baf122a6b80adba8aaa0a831c17fe3b08d2d4,9183168,git show archive/pre-cleanup-20261010:logs/t7_retry1_20260911/sac_mpc_v3_bidirectional_262301/checkpoints/sac_mpc_5000_steps.zip
logs/t7_retry1_20260911/sac_mpc_v3_bidirectional_262301/checkpoints/sac_mpc_55000_steps.zip,0c41a88fad9535e5fbea77250d2bbf351d5db3f5,9184712,git show archive/pre-cleanup-20261010:logs/t7_retry1_20260911/sac_mpc_v3_bidirectional_262301/checkpoints/sac_mpc_55000_steps.zip
logs/t7_retry1_20260911/sac_mpc_v3_bidirectional_262301/checkpoints/sac_mpc_60000_steps.zip,8c2c6d2d1be9d6418e64cea9aefc3ec8f4a81b73,9184714,git show archive/pre-cleanup-20261010:logs/t7_retry1_20260911/sac_mpc_v3_bidirectional_262301/checkpoints/sac_mpc_60000_steps.zip
logs/t7_retry1_20260911/sac_mpc_v3_bidirectional_262301/final_model.zip,12d6dcd66e089b4fc460b117da67e1e01318cb43,9184696,git show archive/pre-cleanup-20261010:logs/t7_retry1_20260911/sac_mpc_v3_bidirectional_262301/final_model.zip
logs/t7_retry1_20260911/sac_mpc_v3_bidirectional_262301/manifest.json,3e57fe254d34bf2f0ade5f5302fe97fe6dc8f1cf,11691,git show archive/pre-cleanup-20261010:logs/t7_retry1_20260911/sac_mpc_v3_bidirectional_262301/manifest.json
"""logs/t7_retry1_20260911/sac_mpc_v3_bidirectional_262301/tensorboard/SAC_1/events.out.tfevents.1789100131.\351\243\216\351\223\203.14004.0""",6a86418c55a90a88460b0e5e046fe877ada16ec6,51989,"git show archive/pre-cleanup-20261010:""logs/t7_retry1_20260911/sac_mpc_v3_bidirectional_262301/tensorboard/SAC_1/events.out.tfevents.1789100131.\351\243\216\351\223\203.14004.0"""
logs/t7_retry1_20260911/sac_mpc_v3_bidirectional_262301/train.monitor.csv,67df81fc62cc35cb74efbd0ecbd6f0d0fdae7a03,34041,git show archive/pre-cleanup-20261010:logs/t7_retry1_20260911/sac_mpc_v3_bidirectional_262301/train.monitor.csv
logs/t7_retry1_20260911/sac_mpc_v3_bidirectional_262302.stderr.log,e69de29bb2d1d6434b8b29ae775ad8c2e48c5391,0,git show archive/pre-cleanup-20261010:logs/t7_retry1_20260911/sac_mpc_v3_bidirectional_262302.stderr.log
logs/t7_retry1_20260911/sac_mpc_v3_bidirectional_262302.stdout.log,5201e326f902ee2bbcaa33ba5b4dc6c079b96e60,149,git show archive/pre-cleanup-20261010:logs/t7_retry1_20260911/sac_mpc_v3_bidirectional_262302.stdout.log
logs/t7_retry1_20260911/sac_mpc_v3_bidirectional_262302/manifest.json,482d2a9b12df1546555dc640f60d8775fb745e88,11599,git show archive/pre-cleanup-20261010:logs/t7_retry1_20260911/sac_mpc_v3_bidirectional_262302/manifest.json
"""logs/t7_retry1_20260911/sac_mpc_v3_bidirectional_262302/tensorboard/SAC_1/events.out.tfevents.1789100131.\351\243\216\351\223\203.19988.0""",feb1602c4b7053f099f42e8345200320bfe2d0bf,88,"git show archive/pre-cleanup-20261010:""logs/t7_retry1_20260911/sac_mpc_v3_bidirectional_262302/tensorboard/SAC_1/events.out.tfevents.1789100131.\351\243\216\351\223\203.19988.0"""
logs/t7_retry1_20260911/sac_mpc_v3_bidirectional_262302/train.monitor.csv,94bac35c3baacc10d6ffd204bfd0236d554285a8,228,git show archive/pre-cleanup-20261010:logs/t7_retry1_20260911/sac_mpc_v3_bidirectional_262302/train.monitor.csv
logs/t8_eval/eval_control_desired_pose.json,b2cf6bd34144d2bb3d7ede1f1ec3a7bf6568ba7b,60309,git show archive/pre-cleanup-20261010:logs/t8_eval/eval_control_desired_pose.json
logs/t8_eval/eval_control_desired_pose.stderr.log,e69de29bb2d1d6434b8b29ae775ad8c2e48c5391,0,git show archive/pre-cleanup-20261010:logs/t8_eval/eval_control_desired_pose.stderr.log
logs/t8_eval/eval_control_desired_pose.stdout.log,34e9266880e29362ab08ba8a1c8abfbe04608557,1129,git show archive/pre-cleanup-20261010:logs/t8_eval/eval_control_desired_pose.stdout.log
logs/t8_eval/eval_v2_262200.json,cf9b1567a849f77f001897df6747a2ae9c1a692e,93993,git show archive/pre-cleanup-20261010:logs/t8_eval/eval_v2_262200.json
logs/t8_eval/eval_v2_262200.stderr.log,e69de29bb2d1d6434b8b29ae775ad8c2e48c5391,0,git show archive/pre-cleanup-20261010:logs/t8_eval/eval_v2_262200.stderr.log
logs/t8_eval/eval_v2_262200.stdout.log,1d1c64be7361adc445d33ca7f0db0c0e80531965,1130,git show archive/pre-cleanup-20261010:logs/t8_eval/eval_v2_262200.stdout.log
logs/t8_eval/eval_v2_262201.json,5e73b1c3742641d42e33b1a589a5c323abe013f0,151521,git show archive/pre-cleanup-20261010:logs/t8_eval/eval_v2_262201.json
logs/t8_eval/eval_v2_262201.stderr.log,e69de29bb2d1d6434b8b29ae775ad8c2e48c5391,0,git show archive/pre-cleanup-20261010:logs/t8_eval/eval_v2_262201.stderr.log
logs/t8_eval/eval_v2_262201.stdout.log,17fcf735e4bc61653746aec6d13e43778b63d5f8,1146,git show archive/pre-cleanup-20261010:logs/t8_eval/eval_v2_262201.stdout.log
logs/t8_eval/eval_v3_262300.json,47eac14f607256181aba4a61528ba50e52cd3af7,98396,git show archive/pre-cleanup-20261010:logs/t8_eval/eval_v3_262300.json
logs/t8_eval/eval_v3_262300.stderr.log,e69de29bb2d1d6434b8b29ae775ad8c2e48c5391,0,git show archive/pre-cleanup-20261010:logs/t8_eval/eval_v3_262300.stderr.log
logs/t8_eval/eval_v3_262300.stdout.log,5f287f20bf582caa575b4a892fbf528a076b76b1,1131,git show archive/pre-cleanup-20261010:logs/t8_eval/eval_v3_262300.stdout.log
logs/t8_eval/eval_v3_262301.json,2afc17afb591a63dd2603a1cdcf40968197eeb1c,142353,git show archive/pre-cleanup-20261010:logs/t8_eval/eval_v3_262301.json
logs/t8_eval/eval_v3_262301.stderr.log,e69de29bb2d1d6434b8b29ae775ad8c2e48c5391,0,git show archive/pre-cleanup-20261010:logs/t8_eval/eval_v3_262301.stderr.log
logs/t8_eval/eval_v3_262301.stdout.log,dc5058c8c063960e2b75655d60d6d13ae98e24fc,1145,git show archive/pre-cleanup-20261010:logs/t8_eval/eval_v3_262301.stdout.log
logs/t8_eval/orchestrator.stderr.log,e69de29bb2d1d6434b8b29ae775ad8c2e48c5391,0,git show archive/pre-cleanup-20261010:logs/t8_eval/orchestrator.stderr.log
logs/t8_eval/orchestrator.stdout.log,e69de29bb2d1d6434b8b29ae775ad8c2e48c5391,0,git show archive/pre-cleanup-20261010:logs/t8_eval/orchestrator.stdout.log
logs/t8_eval/regression.log,0deca88f5baa7d7f9bc2696ea2c3d02ae2874580,352,git show archive/pre-cleanup-20261010:logs/t8_eval/regression.log
logs/t8_eval/regression_t8b.log,c9b61ae4f83244fe0475b6379467069e2f960d62,352,git show archive/pre-cleanup-20261010:logs/t8_eval/regression_t8b.log
logs/t8_eval/replay_v2_262200_live.json,3008a03989218faff9b98a93bb737789556008b4,155799,git show archive/pre-cleanup-20261010:logs/t8_eval/replay_v2_262200_live.json
logs/t8_eval/replay_v2_262200_live.stderr.log,e69de29bb2d1d6434b8b29ae775ad8c2e48c5391,0,git show archive/pre-cleanup-20261010:logs/t8_eval/replay_v2_262200_live.stderr.log
logs/t8_eval/replay_v2_262200_live.stdout.log,924f130234de1a2f0547038adaa68256bd419055,504,git show archive/pre-cleanup-20261010:logs/t8_eval/replay_v2_262200_live.stdout.log
logs/t8_eval/replay_v2_262201_dead.json,1c6be5c3e12ced144449a4b317ba3023317647b0,396593,git show archive/pre-cleanup-20261010:logs/t8_eval/replay_v2_262201_dead.json
logs/t8_eval/replay_v2_262201_dead.stderr.log,e69de29bb2d1d6434b8b29ae775ad8c2e48c5391,0,git show archive/pre-cleanup-20261010:logs/t8_eval/replay_v2_262201_dead.stderr.log
logs/t8_eval/replay_v2_262201_dead.stdout.log,dee11e921d75d237c66d75f1dd0a741ad12e75f2,509,git show archive/pre-cleanup-20261010:logs/t8_eval/replay_v2_262201_dead.stdout.log
logs/t8_eval/replay_v3_262300_live.json,96d5ff0817da9029d8fd759e5846ea3450a58a63,180209,git show archive/pre-cleanup-20261010:logs/t8_eval/replay_v3_262300_live.json
logs/t8_eval/replay_v3_262300_live.stderr.log,e69de29bb2d1d6434b8b29ae775ad8c2e48c5391,0,git show archive/pre-cleanup-20261010:logs/t8_eval/replay_v3_262300_live.stderr.log
logs/t8_eval/replay_v3_262300_live.stdout.log,181ff0c19b0f7d58a239a1aa9370f94810d27f66,509,git show archive/pre-cleanup-20261010:logs/t8_eval/replay_v3_262300_live.stdout.log
logs/t8_eval/replay_v3_262301_dead.json,50a9a14edfb1ad0c4fb7b6afd8b3d0859adbbc67,396504,git show archive/pre-cleanup-20261010:logs/t8_eval/replay_v3_262301_dead.json
logs/t8_eval/replay_v3_262301_dead.stderr.log,e69de29bb2d1d6434b8b29ae775ad8c2e48c5391,0,git show archive/pre-cleanup-20261010:logs/t8_eval/replay_v3_262301_dead.stderr.log
logs/t8_eval/replay_v3_262301_dead.stdout.log,89ab7364eb4ef82a71ab1fefeb5f846669e06e6c,509,git show archive/pre-cleanup-20261010:logs/t8_eval/replay_v3_262301_dead.stdout.log
logs/t8_eval/serial_state.json,9a61d9f8c700e8f4daf7b0bd9a9b75d2f425af35,5758,git show archive/pre-cleanup-20261010:logs/t8_eval/serial_state.json
logs/t8_eval/summary.json,cdbefcd683d03dccebe0837db6cc15df4f74eb89,10522,git show archive/pre-cleanup-20261010:logs/t8_eval/summary.json
logs/terminal_gate/default_h35.json,2586734295ab655b598c5fd392d7175f0b176789,6655,git show archive/pre-cleanup-20261010:logs/terminal_gate/default_h35.json
logs/terminal_gate/gate_h20.json,88cb533186bdc127ceb3a1baf9220261246f116f,6647,git show archive/pre-cleanup-20261010:logs/terminal_gate/gate_h20.json
logs/terminal_gate/gate_h35.json,e7e6e9ccdc99872ade74fb9c894713ffe4f8cfc4,6629,git show archive/pre-cleanup-20261010:logs/terminal_gate/gate_h35.json
logs/upper_d2_fallback/d2_shift_h20_262000.json,b603401b963309d78ce1eba566ce5c5e4acf413f,687547,git show archive/pre-cleanup-20261010:logs/upper_d2_fallback/d2_shift_h20_262000.json
logs/upper_d2_fallback/d2_shift_h20_262001.json,378ed28797509dee1a3577ed9cae8384e5149f32,154691,git show archive/pre-cleanup-20261010:logs/upper_d2_fallback/d2_shift_h20_262001.json
logs/upper_d2_fallback/d2_shift_h20_262002.json,c1b7237fc62fdba80fd67b890006a0a9a1764f48,701087,git show archive/pre-cleanup-20261010:logs/upper_d2_fallback/d2_shift_h20_262002.json
logs/upper_d2_fallback/d2_shift_h20_262003.json,a2e29c2b700ce8e0183eb85240c60d833903fa20,933200,git show archive/pre-cleanup-20261010:logs/upper_d2_fallback/d2_shift_h20_262003.json
logs/upper_d2_fallback/d2_shift_h20_262004.json,819a6576dfcd16350b758403ffb10a32400de262,765990,git show archive/pre-cleanup-20261010:logs/upper_d2_fallback/d2_shift_h20_262004.json
logs/upper_d2_fallback/d2_shift_h20_262005.json,7b5aa755532cd40e4341cd82032fe384068c2350,1401677,git show archive/pre-cleanup-20261010:logs/upper_d2_fallback/d2_shift_h20_262005.json
logs/upper_d2_fallback/d2_shift_h20_262006.json,71e169ac600ff38b8dba856892fae1434555222a,219382,git show archive/pre-cleanup-20261010:logs/upper_d2_fallback/d2_shift_h20_262006.json
logs/upper_d2_fallback/d2_shift_h20_262007.json,5b90b336cff1929923cb906af6c169f362007a34,811173,git show archive/pre-cleanup-20261010:logs/upper_d2_fallback/d2_shift_h20_262007.json
logs/upper_d2_fallback/d2_shift_h20_262008.json,7340845fab773cca7e8e9f7c03aac97fb5a02c98,761153,git show archive/pre-cleanup-20261010:logs/upper_d2_fallback/d2_shift_h20_262008.json
logs/upper_d2_fallback/d2_shift_h20_262009.json,098aeb39fa33a6e4bf1dfb704932882d31d95c78,863375,git show archive/pre-cleanup-20261010:logs/upper_d2_fallback/d2_shift_h20_262009.json
logs/upper_d2_fallback/d2_shift_h20_262010.json,9a965b4441495ec66d657062c3f749b0ce61dd79,696756,git show archive/pre-cleanup-20261010:logs/upper_d2_fallback/d2_shift_h20_262010.json
logs/upper_d2_fallback/d2_shift_h20_262011.json,cbc4537ea71e81411865d15d920cdeb54b0f24c1,468413,git show archive/pre-cleanup-20261010:logs/upper_d2_fallback/d2_shift_h20_262011.json
logs/upper_d2_fallback/stream_h20_0.log,df6f780243d6007499ae54fbd1c224551dfbe9aa,336,git show archive/pre-cleanup-20261010:logs/upper_d2_fallback/stream_h20_0.log
logs/upper_d2_fallback/stream_h20_1.log,816bb894e52a00732176f6154e178b456d2ac22b,343,git show archive/pre-cleanup-20261010:logs/upper_d2_fallback/stream_h20_1.log
logs/upper_d2_fallback/stream_h20_2.log,5114f25cdf8f1355f3aa3729696af7270006a2cf,339,git show archive/pre-cleanup-20261010:logs/upper_d2_fallback/stream_h20_2.log
logs/upper_d2_fallback/stream_h20_3.log,9d2e7683de3b9bc82a78be153c32fe017ae8cbbd,340,git show archive/pre-cleanup-20261010:logs/upper_d2_fallback/stream_h20_3.log
logs/upper_d3_slack/d3_slack20_h20_262000.json,f306832b1df7cf64ce5abcddd7b120df6471d6c5,687536,git show archive/pre-cleanup-20261010:logs/upper_d3_slack/d3_slack20_h20_262000.json
logs/upper_d3_slack/d3_slack20_h20_262001.json,7be56284306119651a5597798f18a2a6600f3ccb,47890,git show archive/pre-cleanup-20261010:logs/upper_d3_slack/d3_slack20_h20_262001.json
logs/upper_d3_slack/d3_slack20_h20_262005.json,a916077fdca781a8508615487d17b6bc5b7821d1,292796,git show archive/pre-cleanup-20261010:logs/upper_d3_slack/d3_slack20_h20_262005.json
logs/upper_d3_slack/d3_slack20_h20_262006.json,e707e00516546a30bb629af1438e2df97cd8f007,86243,git show archive/pre-cleanup-20261010:logs/upper_d3_slack/d3_slack20_h20_262006.json
logs/upper_d3_slack/stream.log,e994afd2becbc2a743e27c3b09eb7217e4ac9e8b,342,git show archive/pre-cleanup-20261010:logs/upper_d3_slack/stream.log
logs/upper_na_f1/compute_h20_262000.json,2886494ffa7c4a5de54e81ab149aac4ef11d5458,765,git show archive/pre-cleanup-20261010:logs/upper_na_f1/compute_h20_262000.json
logs/upper_na_f1/compute_h50_262000.json,f07eaad9403af0d739f3cabbdc63f8aaa811e7c7,769,git show archive/pre-cleanup-20261010:logs/upper_na_f1/compute_h50_262000.json
logs/upper_na_f1/na_f1_h20_262000.json,c07308dbf60d69e5093ed8b357343ef9da8ee02f,687514,git show archive/pre-cleanup-20261010:logs/upper_na_f1/na_f1_h20_262000.json
logs/upper_na_f1/na_f1_h20_262001.json,8a719dd9c1d18e61a45a62d9a8b3c24f166bb1d1,216884,git show archive/pre-cleanup-20261010:logs/upper_na_f1/na_f1_h20_262001.json
logs/upper_na_f1/na_f1_h20_262002.json,419dd1c84b7de2ce7f42d8571a95b6913d621651,701054,git show archive/pre-cleanup-20261010:logs/upper_na_f1/na_f1_h20_262002.json
logs/upper_na_f1/na_f1_h20_262003.json,e91d45714ed62666a76aa81646e1ca424e03d8df,933167,git show archive/pre-cleanup-20261010:logs/upper_na_f1/na_f1_h20_262003.json
logs/upper_na_f1/na_f1_h20_262004.json,7fa5acb316b10bbf81623a330d8f18ccc51de455,765957,git show archive/pre-cleanup-20261010:logs/upper_na_f1/na_f1_h20_262004.json
logs/upper_na_f1/na_f1_h20_262005.json,7d4d0d702dab5f247788a7dd8cd1a7edaaf774b3,571510,git show archive/pre-cleanup-20261010:logs/upper_na_f1/na_f1_h20_262005.json
logs/upper_na_f1/na_f1_h20_262006.json,ca92bae1b9dbb1fb046f70d74d83c192e29b094d,198816,git show archive/pre-cleanup-20261010:logs/upper_na_f1/na_f1_h20_262006.json
logs/upper_na_f1/na_f1_h20_262007.json,9e63b486ed715dde3d80eeb85e71764b28020ba7,811140,git show archive/pre-cleanup-20261010:logs/upper_na_f1/na_f1_h20_262007.json
logs/upper_na_f1/na_f1_h20_262008.json,7828e3a1afc8cf3dd49b9143d586680f7f7506f5,761088,git show archive/pre-cleanup-20261010:logs/upper_na_f1/na_f1_h20_262008.json
logs/upper_na_f1/na_f1_h20_262009.json,0aa161194859b9490bb4d4b0f7180043d064d8f8,863310,git show archive/pre-cleanup-20261010:logs/upper_na_f1/na_f1_h20_262009.json
logs/upper_na_f1/na_f1_h20_262010.json,c36127d23888e09d36b7b459badc9196828bf920,696723,git show archive/pre-cleanup-20261010:logs/upper_na_f1/na_f1_h20_262010.json
logs/upper_na_f1/na_f1_h20_262011.json,4b539ba6c29f8aa420df3fe9a8f3886eabcfd15d,589411,git show archive/pre-cleanup-20261010:logs/upper_na_f1/na_f1_h20_262011.json
logs/upper_na_f1/na_f1_h50_262000.json,0faeb740881082e701768049de46bfe2f8991bda,351122,git show archive/pre-cleanup-20261010:logs/upper_na_f1/na_f1_h50_262000.json
logs/upper_na_f1/na_f1_h50_262001.json,df11321105f03cd76d3eba63a6a078fccc694807,911292,git show archive/pre-cleanup-20261010:logs/upper_na_f1/na_f1_h50_262001.json
logs/upper_na_f1/na_f1_h50_262002.json,aac638bda189a7f2b0d42d75a1abdb2157045e49,375994,git show archive/pre-cleanup-20261010:logs/upper_na_f1/na_f1_h50_262002.json
logs/upper_na_f1/na_f1_h50_262003.json,7579750c1551f7e4e229bff5938cb4138b458909,497008,git show archive/pre-cleanup-20261010:logs/upper_na_f1/na_f1_h50_262003.json
logs/upper_na_f1/na_f1_h50_262004.json,084b46779dde506748be60fb1b3145c10e22e65e,386924,git show archive/pre-cleanup-20261010:logs/upper_na_f1/na_f1_h50_262004.json
logs/upper_na_f1/na_f1_h50_262005.json,44c3f0d48d370474b61628b2aeeaba7c6b6c4e76,168115,git show archive/pre-cleanup-20261010:logs/upper_na_f1/na_f1_h50_262005.json
logs/upper_na_f1/na_f1_h50_262006.json,7ec696437f1860723aec28749f31908f2561047b,161147,git show archive/pre-cleanup-20261010:logs/upper_na_f1/na_f1_h50_262006.json
logs/upper_na_f1/na_f1_h50_262007.json,bdedbc4fce21bdc3eafef2fb34d05b7023c0521a,426025,git show archive/pre-cleanup-20261010:logs/upper_na_f1/na_f1_h50_262007.json
logs/upper_na_f1/na_f1_h50_262008.json,fe7c556a6470fafb210a3959bc91041caeff0e45,369775,git show archive/pre-cleanup-20261010:logs/upper_na_f1/na_f1_h50_262008.json
logs/upper_na_f1/na_f1_h50_262009.json,d7b747a6a6ab4efde41f5dcfa8dee529f44b850a,423133,git show archive/pre-cleanup-20261010:logs/upper_na_f1/na_f1_h50_262009.json
logs/upper_na_f1/na_f1_h50_262010.json,edf2ca530ea98dc854d5e6ccced0319c5d8a8a90,363237,git show archive/pre-cleanup-20261010:logs/upper_na_f1/na_f1_h50_262010.json
logs/upper_na_f1/na_f1_h50_262011.json,4e3140849ef14e53f0b22585106194583588d0c1,491875,git show archive/pre-cleanup-20261010:logs/upper_na_f1/na_f1_h50_262011.json
logs/upper_na_f1/stream_h20_0.log,df6f780243d6007499ae54fbd1c224551dfbe9aa,336,git show archive/pre-cleanup-20261010:logs/upper_na_f1/stream_h20_0.log
logs/upper_na_f1/stream_h20_1.log,367ebdf9d489a7a2652554a54fa31a6c48d95b09,342,git show archive/pre-cleanup-20261010:logs/upper_na_f1/stream_h20_1.log
logs/upper_na_f1/stream_h20_2.log,afc8ad318453c4b86a03828ff4fee024281963bb,339,git show archive/pre-cleanup-20261010:logs/upper_na_f1/stream_h20_2.log
logs/upper_na_f1/stream_h20_3.log,304bfbe4be202b0f176290b4a1908fdb34eed7fa,341,git show archive/pre-cleanup-20261010:logs/upper_na_f1/stream_h20_3.log
logs/upper_na_f1/stream_h50_0.log,b8a468d51e9d8610c2e1905374db0cd1e5bf5be9,336,git show archive/pre-cleanup-20261010:logs/upper_na_f1/stream_h50_0.log
logs/upper_na_f1/stream_h50_1.log,e159b6c479ea0e03762a9e86b2251ec7c0b89324,340,git show archive/pre-cleanup-20261010:logs/upper_na_f1/stream_h50_1.log
logs/upper_na_f1/stream_h50_2.log,eef88aec96812b2d456e0e415526946aa8d2987c,339,git show archive/pre-cleanup-20261010:logs/upper_na_f1/stream_h50_2.log
logs/upper_na_f1/stream_h50_3.log,022950ff65589e225aede8b36e12e46b6a8eed23,336,git show archive/pre-cleanup-20261010:logs/upper_na_f1/stream_h50_3.log
