time_s,x_m,y_m,z_m,vx_m_s,vy_m_s,vz_m_s,relative_speed_m_s,distance_m,position_error_m,attitude_error_deg,fov_margin_deg,keepout_margin_m,branch,decision_k
0.0,-9.109625044744462,7.536145264282823,-16.673402950167656,0.3679083524277771,-0.43183745641112603,-0.3460990223954162,0.664548476673309,20.439694710021172,19.29049946399524,155.07498110546504,49.98680232832248,18.439694710021172,baseline,0
0.1,-9.07309345761314,7.492762012407184,-16.707571663428098,0.3627173448652491,-0.43580986675205835,-0.3372727861848154,0.6597325553020793,20.435397190995335,19.29162765574904,154.8824636100152,49.99800803733429,18.435397190995335,baseline,0
0.2,-9.037082750350237,7.448986788280308,-16.74085702514276,0.3574911326978845,-0.439677339770401,-0.3284320649361888,0.654968468205487,20.430677001629782,19.29222813059245,154.7062343099743,49.969662675711575,18.430677001629782,baseline,0
0.30000000000000004,-9.001596336718649,7.404829946346581,-16.773257608991116,0.35223174998589074,-0.443442744784289,-0.31957734625050654,0.65026022009382,20.425533382536578,19.29229991319864,154.54850773371442,49.92486187589516,18.425533382536578,baseline,0
0.4,-8.966637460049242,7.360301541164517,-16.8047720589675,0.34694053322172125,-0.4471091315366917,-0.31070954777189363,0.6456119052281188,20.419965476726006,19.29184193669403,154.41212057580503,49.866880016910365,18.419965476726006,baseline,0
0.5,-8.932209258433431,7.315411315299571,-16.83539911918342,0.34161844888207915,-0.4506796717337894,-0.30182974818660957,0.6410277123659055,20.41397238292094,19.29085308896572,154.29748380162027,49.79470236702493,18.41397238292094,baseline,0
0.6000000000000001,-8.898314766585827,7.270168696530163,-16.865137641783804,0.3362664827348645,-0.45415753067120596,-0.2929389612324546,0.6365119363249945,20.40755316635386,19.289332223745966,154.2040840868306,49.70722982299468,18.40755316635386,baseline,0
0.7000000000000001,-8.864956921897829,7.224582794122398,-16.893986575305462,0.3308857069754438,-0.4575458606165422,-0.284038081908174,0.6320689816958637,20.400706854980168,19.287278155599036,154.1315147676854,49.60400371153442,18.400706854980168,baseline,0
0.8,-8.832138550002128,7.178662403486669,-16.92194494884461,0.3254772063031771,-0.4608478214538811,-0.27512791457403313,0.6277033501101978,20.393432426185505,19.28468964804416,154.07949381257964,49.484896812265106,18.393432426185505,baseline,0
0.9,-8.799862368032336,7.132416006177664,-16.94901187205687,0.32004210606922623,-0.46406643562260796,-0.26620919303428536,0.6234195543810471,20.38572881259377,19.281565419136015,154.04566074999508,49.34988598625908,18.38572881259377,baseline,0
1.0,-8.768130977638066,7.08585180900991,-16.975186520721763,0.3145815399028859,-0.46720421588868943,-0.25728244355399316,0.619221753778846,20.377594905031337,19.277904145620465,154.02499727268375,49.20065752878189,18.377594905031337,baseline,0
1.1,-8.736946874298155,7.038977802731097,-17.000468109734356,0.3090964998866185,-0.4702627966042066,-0.24834813768078612,0.6151134379947185,20.369029558173462,19.273704467381336,154.01226556422225,49.042340083455024,18.369029558173462,baseline,0
1.2000000000000002,-8.706312474329025,6.991801858879626,-17.024855910334736,0.3035875483778565,-0.47324304271451245,-0.23940671054731363,0.6110973327243807,20.360031652778673,19.26896504891156,154.00366884049248,48.880320224353945,18.360031652778673,baseline,0
1.3,-8.676230158656836,6.944331781938672,-17.04834921658039,0.2980548444098416,-0.4761455356251959,-0.23045834209484162,0.6071756820007556,20.350600105994594,19.263684583229818,153.99707113679798,48.71760633359118,18.350600105994594,baseline,0
1.4000000000000001,-8.646702286787331,6.896575352177024,-17.07094737328589,0.29249868931624795,-0.47897007877180575,-0.22150380428458852,0.6033504412221292,20.3407339161124,19.257861836802167,153.9912723332595,48.55584457606415,18.3407339161124,baseline,0
1.5,-8.617731199134141,6.848540368489921,-17.092649788595736,0.2869191803435072,-0.48171654851679896,-0.21254359955260693,0.5996234075440238,20.330432189084124,19.251495676963465,153.98559654135806,48.39593466120724,18.330432189084124,baseline,0
1.6,-8.589319228660315,6.800234651193023,-17.11345592001453,0.28131637613213506,-0.48438473836461926,-0.2035782311335797,0.5959962872637334,20.319694132771797,19.244585063789728,153.97966345098715,48.23835630275721,18.319694132771797,baseline,0
1.7000000000000002,-8.561468699015677,6.751666037365794,-17.13336527859792,0.2756903271404684,-0.48697439012727745,-0.19460820336251672,0.5924707300235506,20.308519058124567,19.237129051397318,153.97325820196198,48.08335273608424,18.308519058124567,baseline,0
1.8,-8.534181935712695,6.702842398546636,-17.152377422433347,0.27004107595815785,-0.48948522557493945,-0.18563402031995896,0.5890483496801768,20.296906384304002,19.229126791378864,153.96625870886575,47.931035672408335,18.296906384304002,baseline,0
1.9000000000000001,-8.507461255416274,6.653771628625691,-17.170491960830986,0.2643686732515426,-0.4919169521366173,-0.17665618313235779,0.5857307318512945,20.284855633582282,19.220577528856335,153.95859510695183,47.781444696041,18.284855633582282,baseline,0
2.0,-8.481308971066028,6.604461655952036,-17.187708554323763,0.2586731704035388,-0.494269278234788,-0.1676751898689834,0.5825194398395268,20.272366437493183,19.21148060794909,153.9502270752748,47.63458010377441,18.272366437493183,baseline,0
2.1,-8.455727390479296,6.554920429363847,-17.204026910010725,0.2529546236632364,-0.4965419228079762,-0.15869152932441283,0.5794160199871701,20.25943852770275,19.20183546213462,153.9411253807958,47.49041385556049,18.25943852770275,baseline,1
2.2,-8.430718811694533,6.505155935883522,-17.21944678761065,0.24721311809017243,-0.4987345962027495,-0.14970568890159713,0.5764219951518912,20.2460717449923,19.191641624238617,153.93126709223446,47.348852596504145,18.2460717449923,baseline,1
2.3000000000000003,-8.406285528093576,6.455176186747849,-17.233967991545796,0.24144875136384678,-0.5008469936672972,-0.14071816823039252,0.5735388508818278,20.232266030166198,19.18089871582809,153.92064379934226,47.209849789610004,18.232266030166198,baseline,1
2.4000000000000004,-8.382429821416736,6.404989222064614,-17.247590380720794,0.23566159153608793,-0.5028788473850982,-0.13172944786498508,0.5707680512322854,20.218021431061768,19.169606455490225,153.90925744032074,47.07343876329769,18.218021431061768,baseline,1
2.5,-8.359153965953737,6.354603111743927,-17.260313857346773,0.2298517357061918,-0.5048298602564435,-0.12274002947057441,0.5681110129614869,20.203338095186716,19.157764650206463,153.8971108403892,46.93960222901821,18.203338095186716,baseline,1
2.6,-8.336460227612406,6.3040259554982185,-17.27213837997988,0.22401927638833088,-0.5066997543250267,-0.11375041735019617,0.5655691245762428,20.188216280576466,19.145373206747845,153.88420448968913,46.80828579698491,18.188216280576466,baseline,1
2.7,-8.314350858330727,6.253265877254307,-17.283063953742385,0.21816437521966087,-0.5084882051235011,-0.10476114067472005,0.5631437169676788,20.172656343580716,19.1324321194725,153.87053727954023,46.67943172454268,18.172656343580716,baseline,1
2.8000000000000003,-8.292828098405153,6.202331033535302,-17.293090634047985,0.2122870868485668,-0.5101950283944584,-0.09577262465903542,0.5608361346018582,20.15665874585,19.118941477137806,153.8561078425817,46.55299034620972,18.15665874585,baseline,1
2.9000000000000004,-8.271894181612879,6.1512296022847295,-17.302218521013856,0.20638757076976114,-0.5118199059679882,-0.08678537389590944,0.5586476050566908,20.14022404842458,19.104901455675257,153.840915344884,46.42891706456106,18.14022404842458,baseline,1
3.0,-8.251551325898618,6.099969786591828,-17.310447764582932,0.20046586691497809,-0.513362696756859,-0.07779981632828378,0.55657940461372,20.123352913757355,19.090312321600056,153.8249595718284,46.30716850454463,18.123352913757355,baseline,1
3.1,-8.231801736634225,6.048559813760221,-17.31777855940163,0.19452225824392097,-0.5148230227189037,-0.06881650481409916,0.5546326396891661,20.106046102711495,19.07517442815543,153.8082472110102,46.18764755623582,18.106046102711495,baseline,1
3.2,-8.212647602893412,5.99700793530792,-17.32421115320176,0.18855680653698478,-0.5162007404643785,-0.05983586783320457,0.552808470292154,20.088304480621982,19.059488222111757,153.79077818991098,46.07028265198322,18.088304480621982,baseline,1
3.3000000000000003,-8.19409110210836,5.945322424173355,-17.329745835624635,0.1825696208356147,-0.5174956340057655,-0.050858347641793505,0.5511079469504526,20.070129009161334,19.043254234288035,153.77254773354403,45.95509709833783,18.070129009161334,baseline,1
3.4000000000000004,-8.176134349778295,5.893511648289859,-17.334382999688387,0.1765618720003401,-0.5187060001073953,-0.041885593077712016,0.5495310838334346,20.0515208010275,19.026473144946458,153.7535599287325,45.84209640602349,18.0515208010275,baseline,1
3.5,-8.158779493533075,5.841583946719766,-17.33812306681648,0.17053171979218837,-0.5198341121953854,-0.03291648415433,0.5480803468345935,20.03248105729152,19.00914570278068,153.7338181215458,45.731230297831466,18.03248105729152,baseline,1
3.6,-8.142028691712767,5.789547620341182,-17.340966440737247,0.16448078500747196,-0.5208784921136912,-0.023951771787277563,0.5467559049110093,20.013011016927152,18.991272674925476,153.71332417195558,45.62243365739533,18.013011016927152,baseline,1
3.7,-8.125884051900357,5.737411032430828,-17.342913600616157,0.15840852594485225,-0.5218392904436588,-0.014992313440028434,0.5455586820911626,19.9931120423616,18.972854946660565,153.69207931318624,45.515651836077524,17.9931120423616,baseline,1
3.8000000000000003,-8.110347665846348,5.68518256302923,-17.343965073581785,0.15231576504170835,-0.5227160680176673,-0.006038120187231741,0.5444893377647417,19.972785597144323,18.953893492219947,153.67008505927316,45.41083726663634,17.972785597144323,baseline,1
3.9000000000000004,-8.095421496313065,5.63287069555372,-17.344121422618628,0.1462042121443153,-0.5235072501234876,0.0029100879823543567,0.543547588710189,19.95203321464592,18.934389359587374,153.64734358224425,45.30794516785436,17.95203321464592,baseline,1
4.0,-8.081072703935206,5.580513136461377,-17.34338551107794,0.1407687365185233,-0.5236304554093336,0.011806563469937062,0.5423505194559853,19.930852563259126,18.914345023678763,153.62385738376625,45.20698245962127,17.930852563259126,baseline,1
4.1000000000000005,-8.067303209099919,5.528118046931922,-17.341758204624057,0.13461784110638716,-0.5242572182588007,0.020738364669894996,0.5416619552911038,19.909245285445003,18.89376163132727,153.59963929351883,45.107848737538966,17.909245285445003,baseline,2
4.2,-8.054148834664375,5.47566532343626,-17.33923814399168,0.12846635977343202,-0.5247831188062257,0.029661547818651234,0.5410921684855772,19.887217090363947,18.87263920577293,153.5746960470853,45.01044275851819,17.887217090363947,baseline,2
4.3,-8.04154037963599,5.423223039135337,-17.33583062561229,0.12370045878429509,-0.5240496104083507,0.03848650927487093,0.5398249800340421,19.864761344890137,18.850981433644918,153.54902498432384,44.91491212293219,17.864761344890137,baseline,2
4.4,-8.029352203942835,5.370905676856637,-17.33154492266476,0.12006157520054248,-0.5222856596221714,0.04722439783266189,0.5379844196975037,19.841864176810585,18.828793397011456,153.52263060229706,44.82145155440989,17.841864176810585,baseline,2
4.5,-8.017484417650849,5.318805038928986,-17.326389158144593,0.11729329534410955,-0.5197158385743998,0.05588706867989474,0.5357104016569059,19.818514189738874,18.806078756162222,153.49551776491148,44.730188030500344,17.818514189738874,baseline,2
4.6000000000000005,-8.005873896181583,5.266992033459246,-17.320384175516665,0.11491687838524799,-0.5165337492353081,0.06420812202290145,0.5330437936704656,19.794719748194794,18.782856186759336,153.4676919002555,44.64120905199448,17.794719748194794,baseline,2
4.7,-7.994534084107727,5.215544393286109,-17.313643858302385,0.11188052523834284,-0.5124104704749171,0.07059235030023879,0.5292116987565987,19.770602979991033,18.75925205566,153.43916090501514,44.55457842381783,17.770602979991033,baseline,2
4.800000000000001,-7.983524963725358,5.164546921849251,-17.306344913318753,0.10830426216508039,-0.5075319780282397,0.07537946477515207,0.5244049824650491,19.746361437317063,18.73546477221236,153.40993425003555,44.470353968660206,17.746361437317063,baseline,2
4.9,-7.972883458249271,5.114048346877098,-17.298594379331917,0.10452860807869122,-0.5024330702766955,0.07962380015193599,0.519331464062376,19.722112681801487,18.711612113449213,153.38002228141326,44.38855664031637,17.722112681801487,baseline,2
5.0,-7.962541080545634,5.06396009773016,-17.29050464509055,0.10232080742124783,-0.4993288362422478,0.08216664777952606,0.5162849913969011,19.69790098494451,18.687751516151003,153.349437110272,44.3087723985593,17.69790098494451,baseline,2
5.1000000000000005,-7.952409035991877,5.013776222243905,-17.28204008191824,0.10031468181336044,-0.5043426053428617,0.08713103959321039,0.5215518354027094,19.673527158989366,18.663687113203032,153.31820229298003,44.229494193940006,17.673527158989366,baseline,2
5.2,-7.942438702099025,4.963177463971078,-17.273096799384803,0.09908809103724055,-0.507627574398927,0.09173915967094448,0.5252811413830442,19.648799864530872,18.63922487400681,153.28633334483948,44.14987601248395,17.648799864530872,baseline,2
5.300000000000001,-7.932584181427956,4.912333373911679,-17.263782946858555,0.0980004102478561,-0.5092517100182964,0.09454034055619878,0.5271425429215414,19.623840414356508,18.614499926658358,153.25382972277905,44.07033843019372,17.623840414356508,baseline,2
5.4,-7.922831436153501,4.861387020908296,-17.25425393693149,0.0970540445794626,-0.5096746549546592,0.09604080798871371,0.5276472100480664,19.59881681767738,18.589691553007345,153.22069216506537,43.99114051324207,17.59881681767738,baseline,2
5.5,-7.913161695934832,4.810425657778978,-17.244596739765257,0.096340891784156,-0.5095526735799542,0.09710347980068529,0.5275931959110616,19.573820264632836,18.56489885715896,153.18691992091127,43.912426847736995,17.573820264632836,baseline,2
5.6000000000000005,-7.903556921519339,4.759487754665315,-17.23484107060358,0.09575496253085243,-0.5092057915981585,0.09801000913312564,0.5273191755821777,19.548879313849916,18.54015482401248,153.15251350848868,43.83426487979098,17.548879313849916,baseline,2
5.7,-7.894007836934179,4.7085888274014,-17.224997467827052,0.0952271885048287,-0.5087732109812305,0.09886206488965919,0.526964994584017,19.524003335426773,18.51547080741267,153.1174754087982,43.75669099980948,17.524003335426773,baseline,2
5.800000000000001,-7.884510188829154,4.6577347703278065,-17.215069517027587,0.09472628321604536,-0.5083084593673906,0.09969693760188024,0.5265833627865295,19.49919517786731,18.49085047940167,153.08180958427255,43.67972525150469,17.49919517786731,baseline,2
5.9,-7.8750619436614215,4.606927820947021,-17.20505821192637,0.09423912910155545,-0.5078311031287293,0.10052914951991754,0.5261934555483939,19.474455387499162,18.466294727901605,153.04552074139406,43.603378593206145,17.474455387499162,baseline,2
6.0,-7.865661989431828,4.556168902199715,-17.19496352598071,0.09376042986714743,-0.5073478296678998,0.10136457994578651,0.5258018795565363,19.449783655793485,18.44180339122453,153.00861390232328,43.527657436800695,17.449783655793485,baseline,2
6.1000000000000005,-7.8562510926276445,4.505456456448883,-17.18474575318396,0.09445768450004019,-0.5069014636488987,0.10299139771013573,0.5258123011235019,19.42512048129803,18.417323343992695,152.97110549196762,43.452521105596304,17.42512048129803,baseline,3
6.2,-7.8468046728521585,4.454790600109845,-17.174392303451896,0.09447111790598416,-0.5064162687828166,0.10407779518395173,0.5255610496000145,19.400444681954827,18.392836263623845,152.93300675217668,43.37799894878483,17.400444681954827,baseline,3
6.300000000000001,-7.8373707216233015,4.404172925278544,-17.163939112331718,0.09420837780433895,-0.5059378425903646,0.10498613026694889,0.5252336685342499,19.375807720860188,18.36838862029017,152.89431667851738,43.30416653851374,17.375807720860188,baseline,3
6.4,-7.827968721278012,4.353603019379079,-17.15339741948992,0.09383214989117951,-0.5054608694997631,0.1058477864351833,0.5248799070662598,19.351227262957174,18.343995863904595,152.8550379188095,43.23101388496983,17.351227262957174,baseline,3
6.5,-7.818606520071626,4.3030810952186584,-17.14276964450255,0.0934123821516437,-0.5049781816196628,0.10670776636440138,0.524514427307415,19.326708615597557,18.31966230015671,152.81517248755543,43.15851601263601,17.326708615597557,baseline,3
6.6000000000000005,-7.809287008829415,4.252607891336083,-17.132055427879095,0.09297832554724263,-0.5044864612397948,0.1075766100703713,0.5241414748234037,19.302252735047468,18.295388451592682,152.77472322627438,43.0866606154867,17.302252735047468,baseline,3
6.7,-7.80001107044518,4.202184286434203,-17.121253861114383,0.09254096387257835,-0.5039861532650529,0.10845475851014327,0.5237635986977949,19.277859301617127,18.271173821905233,152.73369426101425,43.015446109882866,17.277859301617127,baseline,3
6.800000000000001,-7.790778835304081,4.151811060495675,-17.110364065039903,0.09210425776323085,-0.503478871900165,0.1093411679448391,0.523382899754587,19.253527686657453,18.247017711644293,152.69209053314347,42.944873867329086,17.253527686657453,baseline,3
6.9,-7.781590153463185,4.101488847285509,-17.09938525222242,0.09166990287163926,-0.5029659085861143,0.11023511049676561,0.5230008182389254,19.229257190146587,18.22291939190933,152.64991730459772,42.87494455586044,17.229257190146587,baseline,3
7.0,-7.772444741800427,4.051218175794929,-17.088316692505032,0.09123883214984664,-0.5024480248639225,0.11113611346454608,0.5226181951460638,19.205047080274976,18.198878122147416,152.60717992764125,42.805657830139985,17.205047080274976,baseline,3
7.1000000000000005,-7.7633183766156435,4.001057218760252,-17.077079352922738,0.09128919818626048,-0.5007698230375336,0.11360931372577641,0.5215469389573435,19.1808292393867,18.17482599781406,152.56389367336524,42.737179669636845,17.1808292393867,baseline,3
7.2,-7.754206153564155,3.951042892411351,-17.06564019434154,0.0909560953437005,-0.4995163458230162,0.11517291876696897,0.5206288430752317,19.156579241930746,18.150738038189715,152.5200699280514,42.66965461045195,17.156579241930746,baseline,3
7.300000000000001,-7.745133662596345,3.901137717999518,-17.054062752518803,0.0904944030651354,-0.49858719620558656,0.11637536473247234,0.5199246625453338,19.132355508748283,18.126671656361868,152.47570996143676,42.60300714292214,17.132355508748283,baseline,3
7.4,-7.736108318902552,3.851316976826638,-17.042372271884233,0.0900130841488026,-0.4978278544810499,0.1174339437751211,0.519351190588568,19.10817801443337,18.102646688201688,152.43081786668932,42.537138444422254,17.10817801443337,baseline,3
7.5,-7.727130361832678,3.8015676019713283,-17.030578940641135,0.08954664043814972,-0.4971599997694461,0.11843251938323032,0.51885732897587,19.084053000202125,18.078669661884078,152.38539671702543,42.47197426941321,17.084053000202125,baseline,3
7.6000000000000005,-7.718197972513735,3.751882600132376,-17.018687080126256,0.08910169549433358,-0.4965404086898128,0.11940461780574357,0.5184100233937872,19.05998197584005,18.054742454110638,152.3394501464583,42.40747250129737,17.05998197584005,baseline,3
7.7,-7.709309158846736,3.702258279081434,-17.006698625627905,0.08867513504181827,-0.49594641265136863,0.12036441060178234,0.5179900724299268,19.035964966731772,18.03086540523108,152.29298280922993,42.34361280869908,17.035964966731772,baseline,3
7.800000000000001,-7.700462311506271,3.652692684903741,-16.994614452589303,0.08826233461007005,-0.49536590020802757,0.1213190517745382,0.517586637311284,19.012001579356,18.00703835127802,152.24599991383084,42.28038445320525,17.012001579356,baseline,3
7.9,-7.691656231880188,3.603184813633561,-16.98243486462161,0.08785979999685899,-0.4947919588397325,0.12227268880688569,0.5171934236008934,18.988091276422082,17.983260909258235,152.19850676637702,42.21778015987121,16.988091276422082,baseline,3
8.0,-7.68289000261575,3.5537342154420912,-16.970159844029695,0.08746532112295809,-0.4942204430411821,0.12322774601188216,0.5168066428618477,18.964233461920227,17.959532588085924,152.15050859253944,42.155794243726355,16.964233461920227,baseline,3
8.1,-7.674151971004903,3.504378702957183,-16.957710274029523,0.08729577494523569,-0.4928881608775641,0.1257627091681445,0.5161158304817515,18.940359455557985,17.93578279528706,152.10201943476125,42.09452486914816,16.940359455557985,baseline,4
8.200000000000001,-7.665441579185426,3.4551478708162904,-16.945053164847195,0.08691274524619685,-0.4917279777782162,0.12737866384039276,0.5153402307387305,18.916444385047868,17.911985336569938,152.05304943679576,42.03408716995593,16.916444385047868,baseline,4
8.3,-7.656773050315678,3.406021212693304,-16.932252771686763,0.08645851825810111,-0.49080516011227254,0.12862870648010977,0.514694205041174,18.89254715409363,17.888200011956407,152.00359976586776,41.97445602260711,16.89254715409363,baseline,4
8.4,-7.648149816319346,3.3569799321703613,-16.919334778562188,0.08600673793145674,-0.4900206276679571,0.1297308780553786,0.5141473283318007,18.86868832820459,17.864447943583595,151.95367430336609,41.915552345531474,16.86868832820459,baseline,4
8.5,-7.63957058172673,3.3080131211318076,-16.906309680081904,0.08557858673425807,-0.4893158562886409,0.13077093689756164,0.5136679274200258,18.844874541413,17.84073633545531,151.90327569418398,41.857310707938424,16.844874541413,baseline,4
8.6,-7.631032928824425,3.25911460025236,-16.89318197686225,0.0851750240489149,-0.4886548908029926,0.13178303350269405,0.5132301189004695,18.82110753493971,17.81706741494845,151.85240717257426,41.799692511261874,16.82110753493971,baseline,4
8.700000000000001,-7.6225346615538,3.210280979052186,-16.8799537406303,0.08479087516404872,-0.48801788627170034,0.13278166452026074,0.5128176286604768,18.79738750243959,17.793441739796982,151.8010730209726,41.74267823327117,16.79738750243959,baseline,4
8.8,-7.614075411111116,3.161508406046778,-16.866625672206283,0.08439462820153745,-0.4874339292535059,0.133779744439804,0.5124561529332698,18.773714106002558,17.76985899964467,151.7492789117384,41.686248744587225,16.773714106002558,baseline,4
8.9,-7.605654314160347,3.1127951433882117,-16.853198172990233,0.08402785668243033,-0.4868316943335276,0.1347702649226852,0.5120828093322671,18.750086928046187,17.74631888376647,151.6970302286581,41.630393425132056,16.750086928046187,baseline,4
9.0,-7.597269226796925,3.0641424297355115,-16.839671624358743,0.08367440656141792,-0.4862229775817523,0.13576074570566424,0.511708090923359,18.726505518926217,17.722821264956448,151.64433121862402,41.575112904879404,16.726505518926217,baseline,4
9.1,-7.588906182907522,3.0155902984552085,-16.825985624920577,0.08358706968139928,-0.4848185088161904,0.1379582418989036,0.5109483938877917,18.702916193768903,17.69931176779758,151.59119312518342,41.52050327364,16.702916193768903,baseline,4
9.200000000000001,-7.580562975257635,2.967166748829186,-16.812115096487105,0.0832778138734821,-0.48365217089112844,0.13945159411349697,0.5101973772884796,18.679299439613203,17.675770130412655,151.53762470329497,41.46666821735717,16.679299439613203,baseline,4
9.3,-7.572254762984812,2.9188483580946922,-16.798109117895365,0.08288709091580607,-0.48271566642898456,0.14066752916476932,0.5095802568955994,18.655701216245333,17.65224233042105,151.48362835220846,41.4135774164834,16.655701216245333,baseline,4
9.4,-7.563985786400735,2.8706170371733606,-16.783987228758633,0.0824930700546465,-0.48191094047882777,0.14177000680345594,0.5090599139485263,18.63213757050208,17.6287445873979,151.42920825569985,41.36115754346051,16.63213757050208,baseline,4
9.5,-7.555756558664143,2.8224606588482857,-16.76975715626031,0.08209205766797358,-0.48121686529428787,0.14283135709075392,0.508635010537231,18.608613500862617,17.605282078754136,151.37436760463558,41.30934070781324,16.608613500862617,baseline,4
9.600000000000001,-7.547565493732691,2.7743729376234114,-16.755422332324088,0.08172975319105442,-0.4805378482786862,0.14386507441627946,0.5082258708702085,18.585130282399053,17.581856405151026,151.31910985750324,41.25808897120129,16.585130282399053,baseline,4
9.700000000000001,-7.539409554563463,2.7263525291346014,-16.7409847099334,0.08138960557922681,-0.47987065124854567,0.14488735143989628,0.5078311278696034,18.56168805908518,17.558468221214646,151.26343880353826,41.207390617291445,16.56168805908518,baseline,4
9.8,-7.5312869204208255,2.6783984936773777,-16.72644512541592,0.08106360585401028,-0.4792104091921582,0.14590433677265588,0.5074465488711483,18.53828653630602,17.5351175125706,151.20735882268798,41.15723716113553,16.53828653630602,baseline,4
9.9,-7.523196396417916,2.6305103208869696,-16.71180393639952,0.08074744273559635,-0.47855339465981983,0.14691944929904574,0.5070688568933321,18.514925313811744,17.51180404748521,151.15087446374207,41.107621578691386,16.514925313811744,baseline,4
10.0,-7.515137109905481,2.582687819842249,-16.697061236016452,0.0804387781783426,-0.4778969938988619,0.1479345878053834,0.5066957431058032,18.49160393461647,17.488527479902086,151.09399027512632,41.05853776111609,16.49160393461647,baseline,4
10.100000000000001,-7.507097085937858,2.5349740139208734,-16.68217097176239,0.08036250848167803,-0.4763782869226166,0.14986955500369054,0.5058213998416821,18.468281680764523,17.46524679826871,151.03671609535374,41.01008510529637,16.468281680764523,baseline,5
10.200000000000001,-7.499074445106089,2.4873967403545976,-16.66711395699531,0.08009110991005458,-0.47516699105541227,0.15126997851382296,0.5050553055605407,18.444943690145482,17.44194659612284,150.9790601053656,40.96236205223061,16.444943690145482,baseline,5
10.3,-7.491082661785185,2.4399286061525345,-16.65192742878571,0.07974520685160998,-0.4741957444244901,0.15246011228453904,0.5044452278334256,18.421624742198123,17.41866131973565,150.92102560370324,40.91532779453078,16.421624742198123,baseline,5
10.4,-7.483126798644662,2.392549104988575,-16.636625899467617,0.07937268871655001,-0.4733944321628733,0.1535702724178824,0.5039703767955079,18.39833686024941,17.39540279589249,150.8626170721178,40.86890289710766,16.39833686024941,baseline,5
10.5,-7.475206495262682,2.3452473301440477,-16.6212155665271,0.07903393402167952,-0.4726413041923583,0.15463627203914138,0.5035360382194703,18.375083784715866,17.37217502570567,150.8038372996646,40.82302701993928,16.375083784715866,baseline,5
10.600000000000001,-7.467318821698427,2.298019474837929,-16.605699575971812,0.07872012132435469,-0.4719160760215094,0.15568345921255516,0.5031291879639339,18.351866452735983,17.348979490703936,150.74468895369247,40.777672905225224,16.351866452735983,baseline,5
10.700000000000001,-7.45946164149791,2.250863378867507,-16.590079354587942,0.07842405100850396,-0.47120613459997507,0.15672094150603938,0.5027395016982191,18.32868481159602,17.325816490827876,150.68517564711655,40.73282553885494,16.32868481159602,baseline,5
10.8,-7.4516334515064955,2.203777879010886,-16.574355634860694,0.0781403222037719,-0.4705041868750594,0.15775342651891575,0.5023606706336883,18.30553858116354,17.30268597754198,150.62530150592193,40.68847571377386,16.30553858116354,baseline,5
10.9,-7.443833185359836,2.156762398313731,-16.55852877860889,0.07786555603566768,-0.4698057375607321,0.15878368089346537,0.501988777942102,18.28242740574301,17.27958774780533,150.56507076312272,40.64461630945524,16.28242740574301,baseline,5
11.0,-7.436060044914484,2.1098167304880917,-16.5425989292562,0.0775977782594589,-0.4691079495883712,0.1598133150174658,0.5016213504374407,18.25935089103798,17.256521511954908,150.50448759792684,40.60124120329151,16.25935089103798,baseline,5
11.100000000000001,-7.428305106237531,2.0629849014803767,-16.52653179410845,0.07750189449010912,-0.46752806009444015,0.1615281523622937,0.5006799123499991,18.23627913245375,17.23345716794349,150.44356000371383,40.55844979231334,16.23627913245375,baseline,5
11.200000000000001,-7.420568197965622,2.0162927699275315,-16.510312472004443,0.07723706340590945,-0.4663144318366521,0.1628575182549144,0.49993728062113746,18.213200894898904,17.21038284438067,150.38229549679573,40.51632971674742,16.213200894898904,baseline,5
11.3,-7.412860341370106,1.9697104804217815,-16.493968464434147,0.07692074763944001,-0.46533142982238807,0.1640222118762886,0.49935300838860336,18.1901416575872,17.18732356927246,150.3206982256971,40.47483265865895,16.1901416575872,baseline,5
11.4,-7.405183896422386,1.9232203690335155,-16.477511409670115,0.07660879786854538,-0.46447097941912885,0.16511863019276266,0.49886507260998214,18.167110595345306,17.164288625077745,150.25877188010114,40.433892875008326,16.167110595345306,baseline,5
11.5,-7.3975376188755035,1.8768131844699383,-16.46094619203359,0.0763173377200959,-0.4636729425028772,0.16618557236141837,0.49843211985891506,18.14411034162611,17.141281001601094,150.1965185343487,40.39345811697653,16.14411034162611,baseline,5
11.600000000000001,-7.389919462613761,1.8304842188954353,-16.444275022950023,0.07604638962005553,-0.46290661067040423,0.16723771175889518,0.49803015552369695,18.12114133187976,17.11830150436305,150.13394069383833,40.35349859669901,16.12114133187976,baseline,5
11.700000000000001,-7.382327610626817,1.7842310685664415,-16.427499065175653,0.07579120499091488,-0.46215668116555525,0.1682813845382629,0.4976461886541987,18.098203418931057,17.095350283900206,150.07104168510352,40.31399932860227,16.098203418931057,baseline,5
11.8,-7.374760712496936,1.738052498549223,-16.410618983674794,0.07554734486801536,-0.4614150130650972,0.16932020764636274,0.49727311239989447,18.07529633177971,17.072427279290647,150.00782514897026,40.274951599709944,16.07529633177971,baseline,5
11.9,-7.367217779159546,1.6919479202479124,-16.39363514771685,0.07531186904368233,-0.4606768471627309,0.17035648613236995,0.4969067996093585,18.052419752677284,17.04953231768824,149.94429462391372,40.236349026020285,16.052419752677284,baseline,5
12.0,-7.359698062762618,1.6459171287715435,-16.37654774170369,0.07508301335465048,-0.4599392834090028,0.17139160525489447,0.4965447468950318,18.029573336774103,17.026665155853035,149.88045343409314,40.198186445474754,16.029573336774103,baseline,5
12.100000000000001,-7.35219588316977,1.6000039945356548,-16.359332624357194,0.07496153929888894,-0.4583230536283467,0.17290945242438657,0.4955571940744806,18.006736545009655,17.003805036002017,149.81630741957767,40.160562152076174,16.006736545009655,baseline,6
12.200000000000001,-7.3447120524942875,1.5542335277423263,-16.341978969983757,0.07471587792139756,-0.45708623087612804,0.17416286206753007,0.49481611472714154,17.98390151352605,16.980943475944994,149.75186255802078,40.12355931132612,15.98390151352605,baseline,6
12.3,-7.337254581972957,1.508575348649174,-16.32450588280335,0.07443421842759847,-0.456077446231689,0.17529843784825377,0.494243494793998,17.961085621446056,16.958097452517443,149.68712286262164,40.08712834035598,15.961085621446056,baseline,6
12.4,-7.329824825748801,1.463012155611068,-16.306921772193164,0.07416152513390906,-0.4551865979642038,0.17638350796736496,0.4937670631576054,17.938295187337523,16.935273404157485,149.6220915244702,40.05120751184507,15.938295187337523,baseline,6
12.5,-7.322421282529831,1.4175350945442915,-16.28923030477017,0.0739099634644056,-0.4543548268071825,0.17744568553466666,0.4933436557382312,17.915531895675148,16.91247336759986,149.55677029499827,40.015748712126054,15.915531895675148,baseline,6
12.600000000000001,-7.315041898749769,1.3721397244371474,-16.271433242131025,0.07367830713061806,-0.45355282690776155,0.1784954337422632,0.49294957105620274,17.892795901059444,16.889697858886375,149.49116143968584,39.98072457596384,15.892795901059444,baseline,6
12.700000000000001,-7.307684930041432,1.3268237886950374,-16.253531591501087,0.07346163957519546,-0.4527661532555886,0.17953748792933452,0.49257234148388296,17.870087005913696,16.866946967921518,149.4252680541383,39.9461210713443,15.870087005913696,baseline,6
12.8,-7.300349093973637,1.2815861380659044,-16.2355259754695,0.0732556544133311,-0.45198713219537906,0.1805747616023585,0.49220524489431955,17.84740495487535,16.844220642685354,149.35909360410471,39.91192967782094,15.847404954875351,baseline,6
12.9,-7.29303346388042,1.2364262309856713,-16.21741677587852,0.0730575421390526,-0.4512112877818531,0.18160918468600534,0.49184441304895726,17.824749474045774,16.821518749185895,149.29264157392393,39.87814374821608,15.824749474045774,baseline,6
13.0,-7.285737332887948,1.191343885846436,-16.199204217642546,0.07286561292764797,-0.4504359108890255,0.18264192954733313,0.49148751946974295,17.802120267627362,16.798841091746215,149.22591536185126,39.84475753391075,15.802120267627362,baseline,6
13.100000000000001,-7.278458167798817,1.1463822307996452,-16.18087241007015,0.0727187361208884,-0.44879701023415663,0.18399287348407328,0.4904693145050598,17.779504421396563,16.77617442874468,149.15891982348697,39.811865529479675,15.779504421396563,baseline,6
13.200000000000001,-7.271197798661888,1.1015653857029974,-16.162413840647787,0.07248942629956773,-0.44753992117133756,0.1851777297352153,0.489732058943639,17.75689682581412,16.753513007445225,149.09166044966113,39.77954497399092,15.75689682581412,baseline,6
13.3,-7.26396142039448,1.0568630965426564,-16.143840790260583,0.07223887670242113,-0.4465059761519795,0.18628280531908542,0.4891700375168209,17.734308291644606,16.73086734334857,149.02414199517784,39.74774443329961,15.734308291644606,baseline,6
13.4,-7.256749412976205,1.012258539441973,-16.1251590535976,0.07200189959627112,-0.44558534472766387,0.18735166187648275,0.488703609756898,17.711742824951596,16.70824160165776,148.95636790319065,39.7164045358098,15.711742824951596,baseline,6
13.5,-7.2495600041002035,0.9677432375028729,-16.106371317990124,0.07178689214320501,-0.4447209069401961,0.1884028354088009,0.48828851240159893,17.689201346012116,16.68563706410863,148.88833999889258,39.685480048880265,15.689201346012116,baseline,6
13.600000000000001,-7.2423911187797785,0.923312968108803,-16.08747899811715,0.07159140810254051,-0.4438846982829291,0.18944342160432742,0.48790138867704247,17.666683799437813,16.663054034499194,148.8200604280679,39.65494542128822,15.666683799437813,baseline,6
13.700000000000001,-7.2352410620078444,0.8789655971340835,-16.068482976406813,0.07141032789766034,-0.4430629986465584,0.19047689037080595,0.48753020569546623,17.644189947667908,16.640492556932866,148.75153194832268,39.62478766648866,15.644189947667908,baseline,6
13.8,-7.228108601644635,0.8347000358626246,-16.049383847042918,0.07123944065021239,-0.4422484909136751,0.1915056111632358,0.48716853831767765,17.621719552210575,16.617952592509482,148.68275749110893,39.594999121140916,15.621719552210575,baseline,6
13.9,-7.220992855727673,0.7905157804489136,-16.0301819993183,0.07107605719592806,-0.4414368919524203,0.19253123670657657,0.4868127079184513,17.59927236998386,16.595434035255337,148.6137398565148,39.565574151429985,15.599272369983861,baseline,6
14.0,-7.21389315277338,0.746412668377161,-16.010877694003284,0.07091856986015078,-0.44062561347535756,0.1935547867564329,0.48646051255767153,17.576848148160025,16.57293673151612,148.54448166825222,39.53650818479071,15.576848148160025,baseline,6
14.100000000000001,-7.206810424104333,0.7024323847144842,-15.991462011355907,0.07073704204971362,-0.43898004578174205,0.19475750286077578,0.48542527193487606,17.554440606431,16.55045384453513,148.47498598963446,39.507892195331415,15.554440606431001,baseline,7
14.200000000000001,-7.199747707694769,0.6585980276577175,-15.971930203959346,0.07051812370333799,-0.4377071671811895,0.19587782190705993,0.48469422431825504,17.532047024139523,16.527981927944833,148.40525693806887,39.47979908687101,15.532047024139523,baseline,7
14.3,-7.192707112058997,0.6148802125826478,-15.95228875381872,0.0702945054530095,-0.436649262901723,0.19695068160836818,0.4841419908203605,17.509672462981737,16.505525956131994,148.33529903408888,39.4521793502694,15.509672462981737,baseline,7
14.4,-7.1856879172846675,0.5712627866305411,-15.932541243266314,0.07009004481558126,-0.4356994433715844,0.19799923223566437,0.4836841069359952,17.487318904977457,16.483088150606786,148.26511534023587,39.424978070440176,15.487318904977457,baseline,7
14.5,-7.178688001818955,0.52773766964674,-15.912689556833357,0.06990887894075738,-0.43480312235095503,0.19903427771814008,0.4832759566414149,17.464986613438242,16.460669166126365,148.19470750028276,39.39815392405912,15.464986613438242,baseline,7
14.600000000000001,-7.171705232933164,0.4843008345924318,-15.892734826076776,0.06974710127980084,-0.43393380390863007,0.20006015022434248,0.4828946759070084,17.442675353811453,16.438269133362628,148.1240775374787,39.37168341663199,15.442675353811453,baseline,7
14.700000000000001,-7.164737944491208,0.44095023488625884,-15.872677845414728,0.06959926623944705,-0.433078447438424,0.20107931217488953,0.4825286408924053,17.42038486679321,16.41588807345648,148.05322808694226,39.34555421594859,15.42038486679321,baseline,7
14.8,-7.157784953713417,0.3976848227903247,-15.852519187610596,0.06946116231464033,-0.4322300521186115,0.20209367318103663,0.4821716745769727,17.398114933964717,16.393525964025113,147.98216200836862,39.31975858809716,15.398114933964717,baseline,7
14.9,-7.150845416821539,0.3545041074976325,-15.832259266171604,0.06933012932451814,-0.4313845226361425,0.20310462421699702,0.4818202585824869,17.375865354243135,16.371182740042265,147.91088212323166,39.2942904477865,15.375865354243135,baseline,7
15.0,-7.143918712623417,0.31140792462974787,-15.811898377723992,0.0692045705568027,-0.4305393955568792,0.20411303784602622,0.4814723002740321,17.353635923793142,16.348858293465735,147.8393911532841,39.26914449641174,15.353635923793142,baseline,7
15.100000000000001,-7.137009009718895,0.2684362158179283,-15.791432909667492,0.0689905461814979,-0.42889488533518955,0.20519493907565434,0.4804325979275014,17.331425473610093,16.32655061208544,147.76769127790826,39.244405602153904,15.331425473610093,baseline,7
15.200000000000001,-7.130120531655848,0.22561108088120818,-15.770860232412815,0.06877982621799579,-0.4276079393894769,0.20625775613433725,0.4797097833993632,17.309233132234848,16.304257984837015,147.69578612327865,39.220140572104356,15.309233132234848,baseline,7
15.3,-7.123252598568797,0.18290435103699565,-15.750182440504432,0.06857958326520464,-0.426526812860629,0.20729757145954997,0.479166531033734,17.28705956760199,16.281981233940996,147.62368078656777,39.19630080100753,15.28705956760199,baseline,7
15.4,-7.11640346236527,0.14030057121999562,-15.729401445947587,0.06840374917790194,-0.4255489778471011,0.2083219847881766,0.47871604818972924,17.264905222364447,16.259721140383544,147.55137851744556,39.17283432114828,15.264905222364447,baseline,7
15.5,-7.109570677392185,0.09779201005585492,-15.708518534898758,0.0682525844887667,-0.42462246436481255,0.20933598838852113,0.47831392261488875,17.24276987770014,16.237477913486757,147.47888103614014,39.14970245919139,15.242769877700141,baseline,7
15.600000000000001,-7.102752035483718,0.05537479557096958,-15.68753463216126,0.06812085138093488,-0.42372207068692663,0.21034185867130378,0.4779378004399516,17.220653172304804,16.2152515696769,147.40619028893516,39.12688318389963,15.220653172304804,baseline,7
15.700000000000001,-7.095945882610977,0.013046939857304096,-15.666450463235378,0.06800277592731012,-0.42283529421503396,0.21134130303373,0.4775763917277834,17.19855483197909,16.193042117308455,147.333308671483,39.10436483491967,15.198554831979092,baseline,7
15.8,-7.089151066727936,-0.02919257851317525,-15.645266596227884,0.06789412229116407,-0.42195534929051504,0.21233589452548093,0.4772237009417117,17.17647466509278,16.170849560867435,147.2602386751451,39.082140177272315,15.17647466509278,baseline,7
15.9,-7.082366776652634,-0.07134424429386854,-15.623983451165259,0.06779226299860848,-0.42107823705409436,0.21332685079626104,0.4768763130138745,17.15441249482222,16.14867385832648,147.1869826515084,39.0602036949825,15.154412494822221,baseline,7
16.0,-7.075592410750687,-0.11340821976773441,-15.602601352147758,0.06769563784239063,-0.42020153907631735,0.21431495998533456,0.4765321971268148,17.13236814749866,16.12651493277213,147.11354276287682,39.03855085741315,15.13236814749866,baseline,7
16.1,-7.068835529498756,-0.1553467637859285,-15.581121088936925,0.06744307186743662,-0.418569530701341,0.2152889050062962,0.4754979837951651,17.110344904420767,16.104374858132342,147.0399196968325,39.01726060155516,15.110344904420767,baseline,8
16.2,-7.062101615592837,-0.19713885756209493,-15.559541776776314,0.06723603507629357,-0.41727250886902706,0.21629648685410724,0.47478542658348505,17.088343490852683,16.082253373448953,146.9661158570633,38.9963951566359,15.088343490852683,baseline,8
16.3,-7.055387070402503,-0.23881096090190113,-15.537861839868128,0.06705559851133204,-0.41616973277476016,0.217301693878703,0.47425069945344495,17.06636071173582,16.060147742803142,146.89213599168272,38.975910318869914,15.066360711735818,baseline,8
16.400000000000002,-7.048689047805965,-0.28037767950445414,-15.516081790439785,0.06690549451186818,-0.41516484818890825,0.21829894099780742,0.4738065259242015,17.04439564969791,16.03805751257319,146.81798282926638,38.9557593759936,15.044395649697911,baseline,8
16.5,-7.042004711925983,-0.32184636406600475,-15.494202415458858,0.06678180331618101,-0.414209074473904,0.21928828588242563,0.473409251024884,17.022447648210328,16.015982506999233,146.7436577431001,38.93590798164022,15.022447648210328,baseline,8
16.6,-7.035331763327122,-0.36322073731571436,-15.472224472090602,0.0666777795474601,-0.413278635421562,0.22027033057623102,0.47303718174520926,17.00051624036326,15.993922653898645,146.6691623665754,38.91633661227058,15.000516240363261,baseline,8
16.7,-7.028668542392552,-0.4045027340762317,-15.450148633681238,0.0665872339824543,-0.41236156056682377,0.22124619459536232,0.47267937863362447,16.97860114212994,15.971877957497068,146.59449876162847,38.89703483649177,14.97860114212994,baseline,8
16.8,-7.022013918496668,-0.4456933618057519,-15.427975456230342,0.06650584086898012,-0.41145126735576887,0.22221716407846584,0.4723300120566491,16.956702177085155,15.949848438508262,146.51966911553995,38.87799598254775,14.956702177085155,baseline,8
16.900000000000002,-7.015367110259831,-0.48679310479201376,-15.405705372802913,0.06643093058075619,-0.4105438692815453,0.22318427464441806,0.47198575994519454,16.934819197505387,15.927834083472806,146.4446755609731,38.85921474196389,14.934819197505387,baseline,8
17.0,-7.008727548643947,-0.5278021355625242,-15.383338739164174,0.06636089568258295,-0.4096370277990848,0.22414820072943506,0.47164465321903726,16.912952069620907,15.905834854462386,146.36952014694106,38.840686484932085,14.912952069620907,baseline,8
17.1,-7.0021058125421405,-0.5686849460471421,-15.360879257321358,0.06607488232049245,-0.40801943181426764,0.22504008202567252,0.47062595054865614,16.89110712581927,15.883855484757149,146.29420273435798,38.8224826471052,14.891107125819271,baseline,8
17.2,-6.995508568361402,-0.6094215039629489,-15.338327230885625,0.06587085598247405,-0.40671192194716693,0.22599954825060428,0.46992483753393954,16.869286201296063,15.861896656171648,146.21872525801746,38.80465947755287,14.869286201296063,baseline,8
17.3,-6.988929694518447,-0.6500364621169865,-15.315678713843226,0.06570730762452513,-0.40558742671626613,0.22697019888548323,0.4693975736704466,16.847483495842155,15.839953345119522,146.14309293333372,38.78717581604279,14.847483495842155,baseline,8
17.400000000000002,-6.982365411706269,-0.6905436280649155,-15.29293329641223,0.06557899103121374,-0.40455610592656815,0.22793772268695423,0.46895826288792,16.82569719367869,15.81802432616442,146.06730878680335,38.769988004711024,14.825697193678689,baseline,8
17.5,-6.975812572054565,-0.7309500323608518,-15.270091446116567,0.06547844326397163,-0.4035722177239233,0.22889897219663824,0.4685645109518606,16.803926379361616,15.796109214951567,145.99137445868232,38.75306379194643,14.803926379361616,baseline,8
17.6,-6.96926879696548,-0.7712592878378928,-15.247153809294105,0.06539766821532278,-0.402613152804004,0.2298534830767348,0.4681952899178809,16.782170531182924,15.774207902646387,145.91529169978156,38.73638443994104,14.782170531182924,baseline,8
17.7,-6.962732437998056,-0.811473298817873,-15.224121022038162,0.06533014054115366,-0.4016673318306282,0.23080197378032116,0.4678399553522069,16.760429374318218,15.752320406324925,145.8390625330571,38.719939580667926,14.760429374318218,baseline,8
17.8,-6.956202386878431,-0.8515930662397295,-15.200993632897735,0.06527145781835282,-0.4007282938083031,0.23174552087613853,0.46749279685402584,16.738702752157295,15.730446767457295,145.76268900370403,38.70372247726216,14.738702752157295,baseline,8
17.900000000000002,-6.949677897617221,-0.891619075788185,-15.177772093564272,0.06521891688702648,-0.3997921893086513,0.23268503590578676,0.4671505407110203,16.71699055395788,15.708587008238958,145.686173042853,38.68772781868276,14.716990553957881,baseline,8
18.0,-6.943158436566591,-0.9315515048801899,-15.154456773772836,0.0651708776855828,-0.3988566803332244,0.23362112790808512,0.4668112318162396,16.69529267157841,15.686741113764205,145.60951645995453,38.67195105327822,14.695292671578411,baseline,8
18.1,-6.936657408252358,-0.9713575409259647,-15.131053633056581,0.06485074294837034,-0.3972643361468166,0.23444032398497366,0.4658184594295356,16.67361794926976,15.664915929193386,145.53271811211897,38.656455145015876,14.673617949269762,baseline,9
18.2,-6.930182546377182,-1.0110183160286397,-15.107563932426274,0.06464731192155096,-0.3959513800377578,0.23535283925402345,0.46513194820117165,16.651969136825937,15.643112888921452,145.45577916574328,38.64129075232457,14.651969136825937,baseline,9
18.3,-6.9237253637984395,-1.0505562496837229,-15.083981893025339,0.06449703329300334,-0.39480751430824446,0.23628735100690648,0.4646122608194003,16.630338273654317,15.621325133079493,145.378704856844,38.626422152223384,14.630338273654317,baseline,9
18.400000000000002,-6.9172812616452575,-1.0899841208010912,-15.060306357219815,0.06438569114589904,-0.3937501342096588,0.23722289192549872,0.4641760289674126,16.60872279886755,15.59955080890957,145.30149805783938,38.61181038379698,14.60872279886755,baseline,9
18.5,-6.910846863873303,-1.1293084856588393,-15.036537505686283,0.06430287162837182,-0.392737413071728,0.23815374972713535,0.4637830779955463,16.58712157643992,15.57778934920995,145.22416023978124,38.597426751273424,14.58712157643992,baseline,9
18.6,-6.904419770464301,-1.168532759649679,-15.012675874866545,0.06423961497609831,-0.39174833270621656,0.2390785230981433,0.4634134487875458,16.565534042129546,15.556040610584912,145.14669287104982,38.58325458755033,14.565534042129546,baseline,9
18.7,-6.897998357191682,-1.2076587616465986,-14.988722056150436,0.0641892385954877,-0.3907719829859549,0.23999753401925658,0.4630570346874865,16.54395992188483,15.534304611207462,145.06909757362425,38.5692847638764,14.54395992188483,baseline,9
18.8,-6.891581559553742,-1.246687455335632,-14.964676583185792,0.06414735844236087,-0.3898021794058472,0.2409116406151647,0.4627083760302717,16.522399076484675,15.512581406242456,144.99137592146923,38.55551146101451,14.522399076484675,baseline,9
18.900000000000002,-6.885168657638133,-1.2856193084735423,-14.94053990393877,0.06411127709440129,-0.38883518003990214,0.24182162670123017,0.4623643068271677,16.500851404446657,15.490871025407202,144.91352934892754,38.54193023850785,14.500851404446657,baseline,9
19.0,-6.878759156912565,-1.3244544863700867,-14.91631240490824,0.06407932832685713,-0.38786867293422267,0.24272803391839448,0.46202290658847794,16.47931682400984,15.46917347645369,144.83555917189722,38.52853737787978,14.479316824009839,baseline,9
19.1,-6.872368587180972,-1.3631637562066317,-14.89200168196112,0.06373309648352318,-0.3863170531575593,0.2434851174710613,0.4610724190163787,16.45780603603773,15.447497143445412,144.7574632338448,38.51538561789045,14.45780603603773,baseline,9
19.200000000000003,-6.8660054029896855,-1.4017298207618296,-14.867609738372266,0.0635313961032178,-0.3850044774903923,0.24435288715533712,0.4604052773802912,16.43632246023539,15.425844015771075,144.67924183367296,38.50251973525652,14.436322460235392,baseline,9
19.3,-6.8596593560650945,-1.4401720659807324,-14.843129491433501,0.06339022542132741,-0.38384065007146373,0.24525140359980538,0.4598915266602824,16.41485653791545,15.404205887482645,144.60089993880567,38.48991201128565,14.414856537915451,baseline,9
19.400000000000002,-6.853325445204973,-1.478501736652106,-14.818559160456061,0.06328870937717111,-0.38275299756410397,0.24615470891577645,0.45945343463766336,16.393405156803556,15.382580406547,144.52244022184044,38.477529211970705,14.393405156803556,baseline,9
19.5,-6.847000298090279,-1.5167246367782354,-14.793898660689592,0.063214841223998,-0.3817052645490998,0.24705483399234926,0.4590545894928628,16.37196702563903,15.360966847827973,144.44386413201607,38.46534649930854,14.37196702563903,baseline,9
19.6,-6.84068158455193,-1.5548438698751852,-14.769148430787027,0.06316003840071066,-0.3806796684454582,0.24794938501945782,0.4586775533531705,16.350541562025867,15.339365041103353,144.36517312291946,38.45334908269227,14.350541562025867,baseline,9
19.700000000000003,-6.834367712028325,-1.5928611733252183,-14.744309031404555,0.0631180133956039,-0.37966668207316956,0.24883820752926938,0.4583133498141163,16.32912849953298,15.317775010819627,144.28636877809785,38.44152842750485,14.329128499532981,baseline,9
19.8,-6.828057611361146,-1.6307775313034654,-14.719381007365882,0.06308465877754005,-0.378660766003048,0.2497218899072763,0.4579570636882409,16.307727718498203,15.29619683687771,144.20745264456264,38.429878734177926,14.307727718498203,baseline,9
19.900000000000002,-6.821750537492335,-1.6685934780398384,-14.694364842958748,0.06305739548440625,-0.37765846969765704,0.25060106387136616,0.4576057780154371,16.286339144470624,15.27463058485416,144.12842615699103,38.418395348684776,14.286339144470624,baseline,9
20.0,-6.815445969812572,-1.706309266272001,-14.669260960072279,0.06303458582270406,-0.37665759715916614,0.25147619724939546,0.4572576760324242,16.26496271727362,15.253076292191858,144.0492906481657,38.40707420463321,14.264962717273619,baseline,9
20.1,-6.80916022695601,-1.7439006170025095,-14.644077808596194,0.06268119937801117,-0.3751697727687463,0.2521856278979394,0.4563758123225821,16.243610042800242,15.23154312145768,143.97004344953592,38.395953995002294,14.243610042800242,baseline,10
20.200000000000003,-6.802902069874108,-1.7813521835487336,-14.618817809037864,0.06248275574057458,-0.37386181811980507,0.25301348298505805,0.45573300997954136,16.222284867057844,15.210033329639,143.89068445367272,38.38507207501665,14.222284867057844,baseline,10
20.3,-6.796660806983709,-1.8186789433239028,-14.593473218381405,0.062343226517654636,-0.3726736052298835,0.25387763622736603,0.45522098820689877,16.200976877944537,15.188538012520866,143.81121876646077,38.37441084210903,14.200976877944537,baseline,10
20.400000000000002,-6.790431577712297,-1.8558900991920382,-14.568041873164475,0.06224206887304479,-0.37154975185015315,0.25474865798638985,0.4547748585656136,16.1796827252621,15.167054546742788,143.73164913157845,38.363942956488536,14.1796827252621,baseline,10
20.5,-6.784211067482829,-1.8929907024139538,-14.542523574084044,0.062168750747653455,-0.3704625699505768,0.25561685718386773,0.454364883084584,16.158401081492325,15.145582164627259,143.65197706165904,38.35364690535771,14.158401081492325,baseline,10
20.6,-6.777996873483062,-1.9299837235594168,-14.51691874768585,0.06211577663629015,-0.3693981296558147,0.25647916492136896,0.4539767724665067,16.13713136579929,15.124120717455444,143.5722039801931,38.34350929242694,14.137131365799291,baseline,10
20.700000000000003,-6.7717872420325875,-1.9668710407568142,-14.49122801143676,0.062077451729736395,-0.3683485019720839,0.2573351509895402,0.453602919802271,16.115873337234085,15.102670292685893,143.49233135564762,38.33352197141846,14.115873337234085,baseline,10
20.8,-6.765580918639898,-2.0036538768326864,-14.465451966039836,0.062049706931346794,-0.36730851642755225,0.25818530417307534,0.4532387490731776,16.09462688621941,15.081231020536,143.41236057509548,38.32367912475052,14.094626886219409,baseline,10
20.900000000000002,-6.759376973845065,-2.040333020151593,-14.439591167494655,0.062029790535226954,-0.36627465577962903,0.25903024685567505,0.4528813168661761,16.073391956648646,15.059803024906635,143.3322928936469,38.31397602539969,14.073391956648646,baseline,10
21.0,-6.753174724988639,-2.0769089615205303,-14.413646110333502,0.062015813197534714,-0.36524448713957147,0.2598704855596329,0.4525286352678684,16.052168510659293,15.038386400963034,143.2521294536506,38.30440854578229,14.052168510659293,baseline,10
21.1,-6.746991062536836,-2.1133624118519947,-14.387625588104129,0.06165833076061748,-0.36382488877742564,0.26053884761929497,0.4517198142265646,16.030968752550468,15.016990802755007,143.1718669418,38.29500166659442,14.030968752550468,baseline,10
21.200000000000003,-6.740835374221206,-2.1496794844279066,-14.361532130278647,0.06145622236093966,-0.3625168296001888,0.26132938726204363,0.45109684953123397,16.009796643216557,14.995618570496546,143.09150468225673,38.28578658930963,14.009796643216557,baseline,10
21.3,-6.73469687346369,-2.1858705259510316,-14.335357728414237,0.06131447438375408,-0.36130423982890897,0.2621579518414748,0.4505851863976653,15.988641378655938,14.974260312098448,143.01104768275604,38.276756689967655,13.988641378655938,baseline,10
21.400000000000002,-6.728570472449064,-2.221943214593921,-14.309100141748786,0.06121426095925999,-0.3601497795246563,0.2629931629176243,0.45013381696764687,15.9674994635412,14.952913304219154,142.9304985829203,38.26789006514369,13.9674994635412,baseline,10
21.5,-6.72245255112648,-2.257902297715191,-14.282759209163487,0.06114483158785108,-0.35903215408375705,0.26382493513187544,0.44971810558756425,15.946369546549423,14.931576822571687,142.84985882386374,38.25916816940549,13.946369546549423,baseline,10
21.6,-6.716340433806181,-2.293750856362749,-14.256335420534015,0.06109816665309815,-0.35793930557711684,0.26465029655676986,0.4493253964700689,15.925251063534835,14.910250797145578,142.76912969416023,38.250578942986365,13.925251063534835,baseline,10
21.700000000000003,-6.710232153534889,-2.329490984498989,-14.22982943430543,0.06106808710201384,-0.35686355912502016,0.2654689341237671,0.4489484002404785,15.904143784895203,14.888935375284943,142.68831246401032,38.24211472962962,13.904143784895203,baseline,10
21.8,-6.704126277007163,-2.365124120609835,-14.203241893090308,0.06105006815389798,-0.3557994793160334,0.26628140223830726,0.448582395420457,15.883047614283095,14.867630741161852,142.60740829004692,38.23376996595912,13.883047614283095,baseline,10
21.900000000000002,-6.698021754622459,-2.400651237985585,-14.176573380827904,0.06104096956878468,-0.3547431944037015,0.2670883630664349,0.44822419348708453,15.86196250827229,14.846337059561224,142.5264181827005,38.2255401074453,13.86196250827229,baseline,10
22.0,-6.69191780872643,-2.436072978307493,-14.14982442278415,0.061038588523424794,-0.3536919453393091,0.267890355432303,0.4478715709000543,15.840888444465755,14.825054463901646,142.44534302926394,38.21742125469946,13.840888444465755,baseline,10
22.1,-6.685832690447569,-2.4713730001240037,-14.123003452084959,0.06066461642115978,-0.35230885255188743,0.2685279951724449,0.4471118511774057,15.819837855616694,14.803792542295287,142.3641789310117,38.20942880103028,13.819837855616694,baseline,11
22.200000000000003,-6.679776605218649,-2.5065382628818043,-14.096112923696637,0.0604578847263685,-0.3509966763885259,0.2692816619314421,0.4465046876729716,15.798814801007204,14.782553550899532,142.2829246369681,38.20158926080668,13.798814801007204,baseline,11
22.3,-6.673737780191004,-2.5415764724602923,-14.06914524268359,0.060319350888079,-0.34976776925383835,0.27007120977863475,0.44599817808110026,15.777808301023269,14.76132812800707,142.20158490000108,38.19390352624245,13.777808301023269,baseline,11
22.400000000000002,-6.667710525915027,-2.576494537090184,-14.042098322883248,0.06022643472319777,-0.3485937902884469,0.2708664890037156,0.4455485483449961,15.75681481348861,14.740113632909482,142.1201621539522,38.18635391072048,13.75681481348861,baseline,11
22.5,-6.661690924316645,-2.611297033727169,-14.014972067438066,0.06016626675322323,-0.3474564309131739,0.2716580432002425,0.4451337366155547,15.735833000529215,14.718909425451479,142.03865768522178,38.178924565932505,13.735833000529215,baseline,11
22.6,-6.655676145106554,-2.6459870653925464,-13.987766976468265,0.06012992799411783,-0.34634451126989646,0.272443210326984,0.4447419831549912,15.714862312051649,14.697715489697776,141.95707257661397,38.1716048907376,13.714862312051649,baseline,11
22.700000000000003,-6.649664140306413,-2.6805667977314442,-13.960483700037003,0.06011081876820027,-0.3452504596283178,0.27322176707876505,0.44436620529940285,15.693902531715178,14.676532009747318,141.87540784784753,38.1643879775108,13.693902531715178,baseline,11
22.8,-6.643653419800103,-2.715037742324057,-13.933122876100242,0.06010418930716879,-0.3441687696512195,0.2739942453310719,0.44400169149458185,15.672953575672123,14.655359199500126,141.7936643997534,38.15726875769596,13.672953575672123,baseline,11
22.900000000000002,-6.637642904184759,-2.749400936983875,-13.905685075558722,0.06010674396846976,-0.34309547138297014,0.2747612596529529,0.4436452106808672,15.652015405575687,14.634197239044925,141.71184300623014,38.15024304325472,13.652015405575687,baseline,11
23.0,-6.631631789728999,-2.7836570786312222,-13.878170822747052,0.06011616577029238,-0.34202771759998485,0.27552330779677797,0.4432944914307579,15.631088007918883,14.613046279709497,141.62994434589558,38.143307246850824,13.631088007918883,baseline,11
23.1,-6.625639806501567,-2.8177916989079677,-13.850587653927505,0.05972433070493459,-0.3406650241384258,0.27613904258251587,0.4425747679068195,15.610183575572128,14.591915310337173,141.5479640930526,38.13646907581059,13.610183575572128,baseline,11
23.200000000000003,-6.619677850045264,-2.8517923906174474,-13.822937817312777,0.059515578361511445,-0.3393490919393239,0.27685679677117525,0.44198370579258317,15.58930609677221,14.570806342772784,141.4659005785303,38.12975086863923,13.58930609677221,baseline,11
23.3,-6.613732994534075,-2.8856652163485705,-13.795214626006782,0.05938224533393065,-0.33810769443513056,0.27760621753060083,0.44148417424499603,15.568444830535391,14.549710528880626,141.38375842258344,38.12315913702335,13.568444830535391,baseline,11
23.400000000000002,-6.607799037359655,-2.9194165134831565,-13.767416276037693,0.05929758718217903,-0.33691853721816833,0.27836008728983125,0.4410381420726113,15.547596335608823,14.528625454284345,141.3015400462858,38.116679575685865,13.547596335608823,baseline,11
23.5,-6.6018718453124166,-2.9530507018207572,-13.73954273853451,0.05924693228342684,-0.3357655420293007,0.27911000704215616,0.4406257984166378,15.526759319750829,14.50755058242413,141.2192467884827,38.110298441884105,13.526759319750829,baseline,11
23.6,-6.5959485014900565,-2.9865708675934,-13.711594524793327,0.05922058151436991,-0.3346381064739791,0.27985370600999093,0.44023611431471266,15.505933270648654,14.48648596398963,141.13687973856162,38.10400618787992,13.505933270648654,baseline,11
23.700000000000003,-6.590026916004717,-3.0199792014173,-13.683572258800268,0.05921176917899559,-0.3335289168657042,0.2805910417700051,0.4398623701983306,15.48511798122533,14.46543180815698,141.0544398767998,38.0977963444111,13.48511798122533,baseline,11
23.8,-6.584105578251183,-3.0532772522128653,-13.655476555228233,0.05921560582558246,-0.332432460013708,0.2813225014124453,0.4394999183674687,15.464313376119446,14.444388347220512,140.97192804576565,38.09166404231392,13.464313376119446,baseline,11
23.900000000000002,-6.578183394856751,-3.0864660932275,-13.627307971939445,0.05922870019228709,-0.33134473150448723,0.2820486336085958,0.43914553594762235,15.443519426707645,14.423355778526576,140.8893449554418,38.08560524021862,13.443519426707645,baseline,11
24.0,-6.572259557433426,-3.119546453206567,-13.599067021161318,0.059248664414306144,-0.330262846938621,0.2827698806309377,0.4387969435797347,15.422736125928695,14.40233426446649,140.80669121577066,38.079616467612446,13.422736125928695,baseline,11
24.1,-6.566355083137751,-3.1525053978548385,-13.57075998838991,0.05884163071597263,-0.3289163495715302,0.2833697627805631,0.43811725026422843,15.401975068926626,14.381331841140822,140.72396217525827,38.073698148287605,13.401975068926626,baseline,12
24.200000000000003,-6.560481479391456,-3.1853310374426655,-13.542388799600303,0.05863121642930914,-0.32759672969448617,0.2840530555997018,0.43754242679085414,15.381240049458743,14.360350155296523,140.64115584488658,38.06786862796985,13.381240049458743,baseline,12
24.3,-6.554624834097922,-3.2180280747124925,-13.513947994448245,0.05850241166557253,-0.32634430785956103,0.28476223723899624,0.4370499641921762,15.360520883162222,14.339381186002246,140.55827679463022,38.06213964585641,13.360520883162222,baseline,12
24.400000000000002,-6.548778503201902,-3.250602369720582,-13.485436141490936,0.058424886286323155,-0.3251419027039357,0.2854741380578271,0.43660761300206935,15.339814326655402,14.31842283762604,140.4753274366743,38.056500090425956,13.339814326655402,baseline,12
24.5,-6.542938170954585,-3.283058211032767,-13.456853311508894,0.05838239402824904,-0.3239752592603105,0.2861817868783764,0.43619776212877986,15.319119170939041,14.297474712259664,140.39230910700795,38.05093826996331,13.319119170939041,baseline,12
24.6,-6.537100858986378,-3.315398663864471,-13.428200021386147,0.05836449346958392,-0.3228341505949673,0.2868834034146008,0.43581003894251874,15.29843494463632,14.276536926066889,140.30922282978545,38.045445720792536,13.29843494463632,baseline,12
24.700000000000003,-6.531264457851648,-3.3476259208400734,-13.399476872757077,0.058364184985838057,-0.32171136180554427,0.28757895882260315,0.43543798176242204,15.277761458663646,14.255609718308033,140.22606947211244,38.040016554785325,13.277761458663646,baseline,12
24.8,-6.5254274494946,-3.379741545591969,-13.370684451423585,0.05837658213734212,-0.3206015185071379,0.2882689033046865,0.43507714215252363,15.257098643358063,14.234693334111235,140.14284974461225,38.03464626799938,13.257098643358063,baseline,12
24.900000000000002,-6.519588744267821,-3.4117466294555925,-13.34182329243049,0.058398177386282425,-0.3195005544995604,0.2889537141530123,0.4347242808613145,15.236446476276088,14.213787980648195,140.05956422137893,38.02933110382205,13.236446476276088,baseline,12
25.0,-6.513747541233897,-3.4436419131816365,-13.312893891707063,0.0584264879722193,-0.31840551997601313,0.2896337769744814,0.43437708780789397,15.215804955013162,14.192893826898015,139.97621337635135,38.024067865164895,13.215804955013162,baseline,12
25.1,-6.507925940677524,-3.4754158798605204,-13.283901052549481,0.0580063061876698,-0.31707408060681846,0.290222012699093,0.4337390007888493,15.195184854461472,14.172017750383683,139.8927922329673,38.01884974321266,13.195184854461472,baseline,12
25.200000000000003,-6.502135956659913,-3.507057152222842,-13.254846309311688,0.05779412242908775,-0.3157516597008671,0.29087191717519467,0.43318095917569355,15.174589699603768,14.151160970442012,139.8092984615149,38.013691201468944,13.174589699603768,baseline,12
25.3,-6.49636285007,-3.53856919426471,-13.225725625175983,0.05766871797852681,-0.3144894882638391,0.2915409203262701,0.4326955367073097,15.154010047997376,14.130316466179568,139.72573649744555,38.00860941002868,13.154010047997376,baseline,12
25.400000000000002,-6.490599625743926,-3.569957393105142,-13.196538007352501,0.057596439992325034,-0.3132748204333948,0.29221068205597733,0.43225634260816204,15.133442921879752,14.109482517630788,139.64210868742305,38.003596579226674,13.133442921879752,baseline,12
25.5,-6.484841862693429,-3.6012258586706594,-13.167283643502742,0.05755950239484967,-0.31209485204990234,0.29287590516564477,0.43184787694116183,15.112887223087263,14.088658880162926,139.55841631895402,37.998643143529506,13.112887223087263,baseline,12
25.6,-6.479086579754949,-3.632377566420473,-13.13796304864809,0.057546803669394464,-0.31093967717988674,0.2935353665783291,0.4314604604011474,15.092342520650597,14.067845722857083,139.47466032018897,37.99374182327986,13.092342520650597,baseline,12
25.700000000000003,-6.47333172429353,-3.6634146271971986,-13.108576791826636,0.0575509260022387,-0.30980192857422983,0.2941891586341689,0.4310876999983965,15.071808645637832,14.04704330117061,139.39084142817788,37.98888741732475,13.071808645637832,baseline,12
25.8,-6.467575870454311,-3.694338510511443,-13.079125418327749,0.05756680333476802,-0.30867614525766573,0.2948377051184715,0.43072516975078456,15.051285539071994,14.026251856998428,139.30696021476433,37.98407591932289,13.051285539071994,baseline,12
25.900000000000002,-6.461818013340235,-3.725150213809684,-13.049609432928264,0.05759092469627034,-0.30755832568079944,0.29548141773005926,0.4303697323543025,15.030773183869984,14.00547158880784,139.22301711809888,37.97930403785598,13.030773183869984,baseline,12
26.0,-6.456057454459369,-3.7558503897162154,-13.020029303152114,0.05762084733366751,-0.30644561098074585,0.2961206138812289,0.4300191769005288,15.010271585156332,13.984702654450517,139.13901248123105,37.97456895457152,13.010271585156332,baseline,12
26.1,-6.450316803529859,-3.786429396481253,-12.990388101432472,0.05719297075138367,-0.30513474968164056,0.29670245840565596,0.4294305533967117,14.989790441039373,13.963950610235495,139.05494105969163,37.969855451980585,12.989790441039373,baseline,13
26.200000000000003,-6.444608181715012,-3.8168767492752522,-12.960686894599348,0.0569801808892398,-0.303812596777374,0.2973207410436542,0.42889212866352466,14.96933290146309,13.943216215225785,138.9708002223436,37.96517353981289,12.96933290146309,baseline,13
26.3,-6.438916438259184,-3.8471943727927282,-12.930923300329596,0.056855367452292166,-0.30254019547729577,0.29795029227263314,0.4284127441532558,14.948890488592765,13.922493606045725,138.88659425088628,37.96054685876435,12.948890488592765,baseline,13
26.400000000000002,-6.433234608732164,-3.8773868156131357,-12.901096820831299,0.056781912923422266,-0.30130901339854627,0.29857851355463744,0.42797247101530406,14.928460578014844,13.901781453358787,138.80232541649983,37.955971517687516,12.928460578014844,baseline,13
26.5,-6.427558493800461,-3.9074576508719474,-12.871207758318633,0.056741080084262256,-0.3001080635015518,0.2992020170937558,0.42755847200207864,14.90804221359686,13.88107962946626,138.71799495272634,37.95144046992537,12.90804221359686,baseline,13
26.6,-6.421885373070836,-3.9374094689264894,-12.84125661617145,0.05672199581319459,-0.2989286928659948,0.2998201124555679,0.4271625546094528,14.887635022165885,13.860388317604784,138.63360369899516,37.94694791385395,12.887635022165885,baseline,13
26.700000000000003,-6.416213411837816,-3.9672441116999835,-12.811243931297213,0.056717870735422345,-0.2977645640616326,0.3004329239287339,0.426779327348388,14.867238864539216,13.839707763686285,138.5491522834879,37.94248953722011,12.867238864539216,baseline,13
26.8,-6.410541335120797,-3.996962874312885,-12.781170214060694,0.05672430711431755,-0.29661110295531573,0.3010407579962694,0.4264051258943034,14.846853689207022,13.81903818860037,138.46464116979035,37.93806193255698,12.846853689207022,baseline,13
26.900000000000002,-6.404868233017623,-4.026566660497338,-12.751035949680954,0.0567383738810979,-0.29546504675709495,0.3016438921139982,0.42603740983102056,14.8264794858322,13.79837977973129,138.3800706962562,37.9336622457367,12.8264794858322,baseline,13
27.0,-6.399193442426622,-4.056056096218526,-12.720841597765684,0.05675806804436963,-0.29432408807701554,0.3022425320427285,0.4256744005529295,14.806116260677989,13.7777326897481,138.29544111439802,37.929287998026965,12.806116260677989,baseline,13
27.1,-6.393539025448263,-4.085424957447685,-12.690588067285717,0.05633093898734719,-0.2930533023466725,0.30282716980376984,0.4251560977745088,14.785772345278447,13.757101064312618,138.2107469906197,37.92491175024751,12.785772345278447,baseline,13
27.200000000000003,-6.387916729785502,-4.1146643566899,-12.660275780130178,0.05611574225323437,-0.2917349756131614,0.3034176358177467,0.4246416539270189,14.765450407753859,13.736485189637325,138.1259854555682,37.92053752391181,12.765450407753859,baseline,13
27.3,-6.382311844266951,-4.1437734082574025,-12.629904380068183,0.05598267807086839,-0.29044637830233405,0.3040094977222892,0.42416380517235036,14.745143172791401,13.715880435484817,138.04116064022213,37.91619877888167,12.745143172791401,baseline,13
27.400000000000002,-6.376717900857329,-4.172755180159584,-12.599474014248699,0.05589686389661217,-0.28918942313023344,0.3045969765412338,0.42371488050567035,14.72484846836772,13.69528586818279,137.95627473607885,37.911896871098634,12.72484846836772,baseline,13
27.5,-6.371130980551243,-4.201612601289526,-12.56898518325761,0.055842226638569845,-0.28795938010512734,0.30517885769719416,0.4232884289132493,14.704565514138936,13.674701498617681,137.87132892617873,37.907627542780425,12.704565514138936,baseline,13
27.6,-6.365548411384225,-4.230348096229136,-12.538438448216766,0.05580984088879653,-0.2867509141342553,0.30575511204983585,0.4228794315658679,14.684294001165537,13.654127575365656,137.78632397897744,37.90338628202561,12.684294001165537,baseline,13
27.700000000000003,-6.359968247823417,-4.258963589556515,-12.507834355346859,0.05579404883640861,-0.2855593650383604,0.3063260225663555,0.42248403395630757,14.6640337980818,13.633564381494109,137.70126043756667,37.89916930811399,12.6640337980818,baseline,13
27.8,-6.354389030486345,-4.287460581632331,-12.477173423860222,0.055790954412490004,-0.2843809087509826,0.30689190791513427,0.4220992478080036,14.643784853612814,13.613012181585015,137.6161386806905,37.894973412366845,12.643784853612814,baseline,13
27.900000000000002,-6.3488096268847585,-4.315840230323374,-12.446456142235547,0.055797731360254205,-0.283212500034455,0.30745303277160635,0.42172274584278197,14.623547143996742,13.592471199579078,137.5309589664764,37.890795812984614,12.623547143996742,baseline,13
28.0,-6.343229159712791,-4.344103421084583,-12.415682977996767,0.05581225571640073,-0.2820517544969375,0.3080095975738264,0.42135271721034867,14.603320667431367,13.571941628136754,137.4457214694989,37.88663404826323,12.603320667431367,baseline,13
28.1,-6.337669651024044,-4.372246384853497,-12.384852475952357,0.05537862012299463,-0.28080762409991367,0.3085995931907411,0.4208959755531719,14.583112353214554,13.551426050432282,137.36042064857176,37.882449395543226,12.583112353214554,baseline,14
28.200000000000003,-6.332142974250019,-4.40026115719229,-12.353964293375611,0.05515563224603013,-0.27948809021049414,0.3091631137187207,0.42040167366724795,14.56292438557032,13.530924167045596,137.27505343881572,37.878240626580514,12.56292438557032,baseline,14
28.3,-6.32663440797478,-4.428144932957366,-12.323020263109356,0.05501640202857361,-0.278187767661549,0.30971657136602526,0.41992808092268824,14.542750733078325,13.510432725734638,137.18962378348877,37.87405018085209,12.542750733078325,baseline,14
28.400000000000002,-6.32113731186837,-4.455900127533823,-12.292021301575005,0.05492622251257039,-0.2769164897641921,0.3102618124689947,0.4194782765523954,14.522589663707507,13.489951321973475,137.1041337880482,37.86988384717397,12.522589663707507,baseline,14
28.5,-6.315647592768073,-4.483529548626393,-12.260968152433634,0.05486883879503744,-0.2756723372261491,0.3108003462428027,0.41904973715191557,14.502440545109467,13.469480175857809,137.0185845796814,37.86573954268564,12.502440545109467,baseline,14
28.6,-6.310162428766489,-4.511035683564842,-12.229861441068351,0.054835087900088425,-0.27445077641730153,0.31133310836170824,0.41863877018646184,14.482303120827916,13.449019633822498,136.9329768514846,37.86161372979356,12.482303120827916,baseline,14
28.700000000000003,-6.304679756052792,-4.538420561701059,-12.198701713699847,0.054819049055207014,-0.27324722761213194,0.3118606842549964,0.4182418701194657,14.462177274569568,13.42857002754797,136.84731106062645,37.85750305671416,12.462177274569568,baseline,14
28.8,-6.299198008142412,-4.565685786772519,-12.167489469982684,0.05481656391491391,-0.2720577242399163,0.31238345756742536,0.4178560584218202,14.44206294998957,13.408131644737344,136.76158750356376,37.85340457593238,12.44206294998957,baseline,14
28.900000000000002,-6.293715983629227,-4.592832601163536,-12.136225178372115,0.054824551492999946,-0.27087901327034974,0.31290168380030536,0.4174789036607637,14.42196012215586,13.387704727221859,136.67580636420738,37.8493156891839,12.42196012215586,baseline,14
29.0,-6.28823275398463,-4.61986195249483,-12.104909282643348,0.054840640731009756,-0.2697084635174221,0.3134155360626007,0.4171084384355268,14.401868780454137,13.36728947264597,136.58996774947707,37.84523410426394,12.401868780454137,baseline,14
29.1,-6.282770534045994,-4.646770952735096,-12.073538315482438,0.05440443875990974,-0.26847161405507264,0.31400297395846033,0.4166949941682455,14.381794509937961,13.346886907507898,136.50406604226816,37.841114083014986,12.381794509937961,baseline,14
29.200000000000003,-6.2773413602262735,-4.673552125226706,-12.042111301794648,0.05417975029381874,-0.26715209308078175,0.31453634041759015,0.4162196482899785,14.361739052943028,13.32649618104741,136.41809803786333,37.83695046605626,12.361739052943028,baseline,14
29.3,-6.271930359303951,-4.7002020622603595,-12.01063194964081,0.05404096402559356,-0.2658469944346129,0.3150498097901143,0.4157540533675166,14.341697587376737,13.306115418556388,136.33206754819815,37.83279098252527,12.341697587376737,baseline,14
29.400000000000002,-6.266530761495233,-4.726722824387252,-11.97910181293264,0.05395168358814251,-0.2645686495259762,0.3155520367272591,0.4153076478427954,14.321668781533647,13.285744695687331,136.2459766354606,37.8286446781506,12.321668781533647,baseline,14
29.5,-6.26113847643137,-4.75311703234911,-11.94752182578668,0.053894723747608606,-0.26331592214005173,0.31604687708710033,0.41488015693306607,14.301652153576718,13.265384406918534,136.1598264007517,37.824511259471485,12.301652153576718,baseline,14
29.6,-6.255750754848123,-4.77938702236861,-11.915892640128732,0.05386037561533628,-0.2620843169485075,0.31653604457240697,0.414468571504928,14.28164749696065,13.245034945154115,136.07361749213612,37.820388148964554,12.28164749696065,baseline,14
29.700000000000003,-6.250365653075278,-4.805534668033943,-11.884214783087373,0.05384231224796395,-0.26086903857689797,0.3170203305433123,0.4140694867459245,14.261654716524717,13.22469664434387,135.9873503140303,37.8162725731408,12.261654716524717,baseline,14
29.8,-6.244981769472361,-4.831561385421082,-11.85248872358352,0.05383599233706233,-0.25966576675999675,0.31750011379441667,0.41367976353387265,14.24167376626809,13.204369770949862,135.90102511372035,37.81216204529457,12.24167376626809,baseline,14
29.900000000000002,-6.239598097279668,-4.857468202942982,-11.820714900735766,0.05383807987925144,-0.25847105071317883,0.31797560589952506,0.41329687737633514,14.221704627879696,13.184054533373894,135.814642033669,37.808054399200884,12.221704627879696,baseline,14
30.0,-6.234213917516172,-4.883255844237283,-11.788893738761544,0.053846111931557444,-0.2572822477919703,0.3184469213931557,0.412918878890047,14.20174730071765,13.163751094894799,135.72820115018206,37.80394775599472,12.20174730071765,baseline,14
30.1,-6.228850936517119,-4.908922717906535,-11.7570197340101,0.05341416752512605,-0.25605523550111176,0.3190323346939548,0.4125517997781704,14.181805923986973,13.143458968115254,135.64169681229126,37.79978898772662,12.181805923986973,baseline,15
30.200000000000003,-6.223520883359015,-4.934462280245498,-11.72509125387296,0.0531876169941328,-0.25473628306604384,0.31953630779113423,0.41209580015890557,14.161881763820073,13.123176817838944,135.555125727764,37.795568492278576,12.161881763820073,baseline,15
30.3,-6.218209378421307,-4.959870162187144,-11.693113879300654,0.05304318963294281,-0.2534217010724019,0.3200102456115858,0.41163417719773177,14.141971294481355,13.102904098840332,135.46849162174755,37.79133949860187,12.141971294481355,baseline,15
30.400000000000002,-6.212910078465939,-4.985147535800934,-11.661089835688472,0.05294351951227647,-0.25212618354311145,0.3204697204040312,0.4111830132461693,14.122073635015601,13.082641296084178,135.38179652932422,37.78711487050493,12.122073635015601,baseline,15
30.5,-6.20761934760958,-5.010296349646524,-11.629020259249955,0.05287179516032784,-0.2508505148643253,0.320920941234385,0.410745247147105,14.102188470806365,13.062388892560444,135.29504153046713,37.782896552683326,12.102188470806365,baseline,15
30.6,-6.202334818430245,-5.035318452864885,-11.596905851736665,0.05281946101798558,-0.2495919940741833,0.3213663739812715,0.41031988167042077,14.082315663828796,13.042147275089956,135.20822723764124,37.77868325855073,12.082315663828796,baseline,15
30.700000000000003,-6.197054798714817,-5.060215411009267,-11.5647471412085,0.05278159468837552,-0.2483476224088703,0.3218070174622246,0.4099051046058335,14.062455142121527,13.02191674953773,135.1213540189739,37.7744729756364,12.062455142121527,baseline,15
30.8,-6.191777999512851,-5.084988505812362,-11.53254458680749,0.05275501929921656,-0.24711474140994608,0.3222432824319093,0.4094991093468416,14.042606864332488,13.001697564130648,135.03442209689985,37.77026365586638,12.042606864332488,baseline,15
30.900000000000002,-6.186503405682743,-5.1096387770958245,-11.500298616010696,0.0527374820630496,-0.24589114979505222,0.32267534738582415,0.40910032922554046,14.022770806026283,12.981489923897277,134.94743160042367,37.766053358302344,12.022770806026283,baseline,15
31.0,-6.1812301920726895,-5.134167071664706,-11.468009644653648,0.05272743531512887,-0.2446752179629518,0.3231033233647192,0.40870759998984035,14.002946954731572,12.961294004249346,134.8603825976199,37.76184029574523,12.002946954731572,baseline,15
31.1,-6.175979417748749,-5.158573903143406,-11.435669640544802,0.052288714526125164,-0.2434613504107768,0.3236959273671897,0.4083951422393986,13.983137938614725,12.941107761850759,134.77326942509202,37.75756033217002,11.983137938614725,baseline,15
31.200000000000003,-6.170762655325234,-5.182853957405314,-11.40327603649348,0.05204720248393935,-0.24213996996055318,0.32417519587848437,0.407958617952551,13.963344558400573,12.920929352204643,134.68608871536233,37.7531975601338,11.963344558400573,baseline,15
31.3,-6.165565948933363,-5.207001511706039,-11.370836676564068,0.05188764336115571,-0.2408114777998731,0.3246110410088887,0.4074982494669243,13.943564642466793,12.900759638294558,134.59884409583952,37.74881341193693,11.943564642466793,baseline,15
31.400000000000002,-6.160382932052016,-5.231016947887838,-11.338354686275125,0.05177341787142956,-0.23949767885902187,0.32502780630266376,0.4070413981978624,13.92379772800455,12.880599581466406,134.51153755158,37.74442589220494,11.92379772800455,baseline,15
31.5,-6.155209879390895,-5.254901962354779,-11.305831506848335,0.051688362751210894,-0.2382030481496487,0.32543486197901517,0.4065959030573049,13.904043633222527,12.860449839652208,134.42417012226355,37.740039344027146,11.904043633222527,baseline,15
31.6,-6.15004428755492,-5.2786584119312465,-11.273267929442227,0.051624158724912356,-0.23692639125879147,0.32583582838223263,0.4061627207124069,13.884302257503977,12.840310878339375,134.3367423759867,37.73565350176131,11.884302257503977,baseline,15
31.700000000000003,-6.1448843302205205,-5.302287955302745,-11.240664491429925,0.05157566585811696,-0.23566493527190233,0.3262320815968584,0.40574053542681354,13.864573531184861,12.82018304160704,134.24925463969493,37.73126677476658,11.864573531184861,baseline,15
31.8,-6.1397286197170615,-5.325791961979121,-11.208021638449281,0.05153919281843206,-0.23441568085333467,0.3266241323757624,0.4053274277377828,13.8448574060552,12.800066596533751,134.16170710184537,37.72687734674426,11.8448574060552,baseline,15
31.900000000000002,-6.134576094336808,-5.349171520676464,-11.175339781679213,0.05151198205463394,-0.23317597364620066,0.3270121844953676,0.40492158227178127,13.825153852699318,12.779961755998567,134.07409986418048,37.72248346165123,11.825153852699318,baseline,15
32.0,-6.129425948485732,-5.372427460271865,-11.142619320191443,0.05149158590993602,-0.2319433031677369,0.32739625754000423,0.4045211845566086,13.80546285310844,12.759868686536027,133.9864329726286,37.71808353937702,11.80546285310844,baseline,15
32.1,-6.124298925511539,-5.395561220590025,-11.109850111417472,0.05104948349609654,-0.23073178834803917,0.32798709429137674,0.404250840371672,13.785785712548979,12.739783913365654,133.89870075491635,37.71360551877026,11.785785712548979,baseline,16
32.2,-6.119206624105573,-5.418568420223892,-11.077028727624565,0.05079719746278077,-0.22941243318379248,0.3284396404848997,0.40383538380289435,13.766122869775828,12.719705150715232,133.81089977886,37.70902769021819,11.766122869775828,baseline,16
32.300000000000004,-6.114135418087244,-5.441442905459553,-11.044164860621095,0.050627639238328616,-0.22807762939933093,0.32883671774241374,0.4033808991795085,13.746473375839447,12.699634552385326,133.72303357627231,37.704416840734865,11.746473375839447,baseline,16
32.4,-6.109078995883465,-5.464184304699302,-11.011262459680438,0.05050153051874213,-0.22675076665779464,0.32921034768248186,0.40292154048381884,13.726837117472998,12.67957346578873,133.63510408190348,37.69979579680282,11.726837117472998,baseline,16
32.5,-6.10403389018029,-5.486793696414679,-10.97832325892523,0.05040127655331857,-0.22543751733033454,0.3295727240289591,0.40246806497179055,13.707214026816102,12.65952262274776,133.54711229185182,37.69517155497296,11.707214026816102,baseline,16
32.6,-6.0989979431033134,-5.509272433351725,-10.945348151959479,0.050318367886256744,-0.22413767789762504,0.32992849248324996,0.4020229433158587,13.687604057046306,12.639482472152512,133.4590587287046,37.690545300764576,11.687604057046306,baseline,16
32.7,-6.09396964777261,-5.531621770001948,-10.912337713409215,0.050248212315144626,-0.22284953967402804,0.33027937997619217,0.40158594224804733,13.668007164390366,12.619453314592938,133.37094368128285,37.68591635716982,11.668007164390366,baseline,16
32.800000000000004,-6.088947869837284,-5.553842787630856,-10.879292400088161,0.05018801485509049,-0.22157127481994657,0.33062601990361984,0.4011561188586557,13.648423315457771,12.599435375401058,133.28276731213265,37.68128349944352,11.648423315457771,baseline,16
32.9,-6.083931711502373,-5.575936388224363,-10.846212623640895,0.050135849830666136,-0.22030122556175868,0.3309686210720689,0.40073240642179503,13.628852481151004,12.579428829798339,133.1945297084893,37.67664540634939,11.628852481151004,baseline,16
33.0,-6.0789204416796565,-5.597903321497142,-10.81309878686443,0.05009023627736933,-0.21903795506287171,0.33130725196763516,0.40031381781646436,13.609294644014014,12.559433827108235,133.10623091046372,37.67200080435475,11.609294644014014,baseline,16
33.1,-6.073933945037425,-5.619746356271207,-10.779938566032797,0.049640281584260544,-0.21782257546160538,0.33189636541831463,0.40008252812935846,13.589749746222063,12.53944554175814,133.01786526551692,37.66726901831767,11.589749746222063,baseline,16
33.2,-6.068983750417829,-5.64146239683032,-10.746727500576526,0.04936431045834877,-0.2164984177620195,0.3323239590441809,0.3996843927341729,13.570217894688867,12.51946129858737,132.92942930754472,37.66242117162744,11.570217894688867,baseline,16
33.300000000000004,-6.064056996256113,-5.663044742774218,-10.713477120734751,0.0491714543630019,-0.215148832100568,0.3326826607236997,0.3992300146840308,13.550699429513312,12.49948451142989,132.8409264849692,37.6575293154397,11.550699429513312,baseline,16
33.4,-6.059147311374545,-5.684492238797247,-10.68019230524078,0.049022952944567696,-0.2138015103300616,0.33301265142911,0.39876278881895016,13.531194545597513,12.479516896200776,132.75235868200673,37.65262185512116,11.531194545597513,baseline,16
33.5,-6.054251157678664,-5.705805555451661,-10.646875150036067,0.04890087156305156,-0.21246527510347518,0.33332944209198206,0.39829801070275694,13.511703244866355,12.459559287200332,132.6637268511313,37.64770873039001,11.511703244866355,baseline,16
33.6,-6.049366330727935,-5.726985851768404,-10.613526686094701,0.04879636778044783,-0.21114110893510657,0.3336388908612964,0.3978398709104799,13.492225489745737,12.439612159620452,132.5750314750519,37.64279261485057,11.492225489745737,baseline,16
33.7,-6.044491338543594,-5.748034253716469,-10.580147535074502,0.048704189225108566,-0.20982741708252556,0.333943172668538,0.39738858259835336,13.472761231001218,12.41967580721445,132.48627281292514,37.637873628146686,11.472761231001218,baseline,16
33.800000000000004,-6.039625125005841,-5.768951703328639,-10.546738177537918,0.048620770864288454,-0.20852205636238136,0.3342430727658718,0.39694314333542235,13.453310432435433,12.399750434643474,132.3974510100576,37.63295110302936,11.453310432435433,baseline,16
33.9,-6.034766937606037,-5.7897389330901206,-10.513299036771059,0.04854365405844225,-0.20722304535713196,0.33453882316323047,0.39650233426786896,13.433873065543448,12.379836182902322,132.30856614745915,37.62802414264961,11.433873065543448,baseline,16
34.0,-6.029916233383119,-5.810396502260119,-10.47983052674681,0.04847114071088439,-0.20592882904166315,0.33483046604200856,0.3960651147250835,13.414449118932472,12.35993316179863,132.21961826766525,37.62309183570779,11.414449118932472,baseline,16
34.1,-6.0250921761617064,-5.830928014125675,-10.446318288333714,0.04801055640199307,-0.20470118883934235,0.3354134561137204,0.3958658570531433,13.395037253338865,12.340035249599806,132.1306017583896,37.618065805236085,11.395037253338865,baseline,17
34.2,-6.020306429825723,-5.851331639569253,-10.412756737787277,0.04770510824820626,-0.20337146851484697,0.3358165638622653,0.3954851402051882,13.375637343527204,12.320139437790674,132.04151314695142,37.61290919012288,11.375637343527204,baseline,17
34.300000000000004,-6.015547106973827,-5.871600527316332,-10.37915898906067,0.04748207081177279,-0.20200661727964658,0.3361373833197437,0.3950310885720061,13.356251010998616,12.300250340011726,131.9523558102713,37.60769756492194,11.356251010998616,baseline,17
34.4,-6.010807880200446,-5.891732602380216,-10.345530905760825,0.04730316821736915,-0.20063528955758167,0.3364232508466808,0.3945538148966552,13.336878726024397,12.280369981050223,131.86313158061913,37.60246536001002,11.336878726024397,baseline,17
34.5,-6.006085282191634,-5.911727814003825,-10.31187503086403,0.0471495204097509,-0.19926938815180933,0.3366932281619463,0.3940732117505304,13.317520520576736,12.260499219967866,131.77384136559013,37.597226258994425,11.317520520576736,baseline,17
34.6,-6.00137728266418,-5.931586920283735,-10.278192539233714,0.047011206564474134,-0.1979132011174572,0.33695556624743134,0.39359718284603334,13.298176362017402,12.240638498842015,131.6844856237329,37.5919845031239,11.298176362017402,baseline,17
34.7,-5.996682579629123,-5.951310850679874,-10.244484089314938,0.04688356799835807,-0.19656588121811186,0.33721244585621596,0.3931265041276674,13.278846224671566,12.220788091637116,131.59506460527163,37.58674076010151,11.278846224671566,baseline,17
34.800000000000004,-5.9920001802966,-5.970900241751224,-10.21075029624626,0.046765120503949174,-0.1952224155246406,0.3374624400105852,0.3926571869161726,13.259530062182158,12.200948175782601,131.50557840781158,37.58149578115139,11.259530062182158,baseline,17
34.9,-5.9873293014243245,-5.990355324931443,-10.176991874352098,0.04665315340204382,-0.19387974341992772,0.3377050189877531,0.3921868833610455,13.240227818782326,12.181118868343393,131.41602704743295,37.5762512044895,11.240227818782326,baseline,17
35.0,-5.9826694736257195,-6.00967622641474,-10.143209452275187,0.046544105561438495,-0.1925387688603373,0.3379424281112561,0.39171752066316895,13.220939466229781,12.16130024002195,131.32641055243553,37.57100789514947,11.220939466229781,baseline,17
35.1,-5.978039359673858,-6.028867296874523,-10.109386594966054,0.046058797904481766,-0.19128237241656593,0.3385138418970957,0.3915379675301587,13.201662501200836,12.141484943678394,131.2367234041898,37.565668768764546,11.201662501200836,baseline,17
35.2,-5.973450908437371,-6.0479280152358115,-10.075516381766647,0.045710911574294515,-0.18993209713041606,0.33888938902818166,0.3911645522707867,13.182396572407974,12.121669602064284,131.14696220887865,37.56018772713315,11.182396572407974,baseline,17
35.300000000000004,-5.968893404118717,-6.066852175630629,-10.041612938046455,0.04543991504882657,-0.18855140082779437,0.3391784438145842,0.3907152842956763,13.163144540277145,12.101859929924643,131.05713040355934,37.55464001616353,11.163144540277145,baseline,17
35.4,-5.96436043549329,-6.085636821575463,-10.00768336514011,0.045220215411494326,-0.18714191755047277,0.33941191356063793,0.3902145720667334,13.143907229796431,12.082058378129744,130.96722975413923,37.54906730898449,11.143907229796431,baseline,17
35.5,-5.959848308004439,-6.104280558414757,-9.973731246776879,0.04502307419132934,-0.18573326670739113,0.3396293594597418,0.3897076152431094,13.124684680905565,12.062265878564052,130.8772610109683,37.5434912500164,11.124684680905565,baseline,17
35.6,-5.9553552120924,-6.122783669736236,-9.93975784489885,0.044839599960386535,-0.18432941804439157,0.33983757895839195,0.3892011101647744,13.105476778195179,12.042482730369958,130.78722459472547,37.53791740683714,11.105476778195179,baseline,17
35.7,-5.950880027376115,-6.141146656591445,-9.905763936694711,0.04466485094304488,-0.18293079787802702,0.34003950670772426,0.38869717241586466,13.086283449761806,12.022709110814128,130.69712075134117,37.53234785708437,11.086283449761806,baseline,17
35.800000000000004,-5.946422033943236,-6.1593700014054775,-9.871750096324831,0.04449573015984965,-0.1815365720373738,0.34023622826087724,0.3881959402295786,13.0671046442687,12.002945121119616,130.6069496447904,37.52678324283594,11.0671046442687,baseline,17
35.9,-5.941980781033635,-6.17745408276096,-9.837716826237738,0.044330098897773555,-0.1801455415629401,0.3404280888040839,0.38769686284530674,13.047940331716505,11.983190819386648,130.516711395648,37.52122362560743,11.047940331716505,baseline,17
36.0,-5.937555993907154,-6.195399161428213,-9.803664611652493,0.04416636672593124,-0.17875651094568,0.34061514893539746,0.38719922241596183,13.028790495206207,11.963446234448194,130.42640610209642,37.51566889304367,11.028790495206207,baseline,17
36.1,-5.933165828697383,-6.21321096085012,-9.769574495963752,0.043637637374195196,-0.1774791205218316,0.34118623317963453,0.38705442424562536,13.009651533651306,11.943702861962512,130.33602838081407,37.51000967469767,11.009651533651306,baseline,18
36.2,-5.92882243450731,-6.230890450067818,-9.735438213218004,0.04323092529600538,-0.17611071373662632,0.34153838476416043,0.3866941487300841,12.990523025038248,11.923957139180139,130.2455748469417,37.504190224367825,10.990523025038248,baseline,18
36.300000000000004,-5.924515780992806,-6.248430569190532,-9.701272228732705,0.04290286865499202,-0.17469192722036692,0.3417801787608826,0.38622741509195635,12.971409124424683,11.904216059331715,130.1550486561043,37.49829534589832,10.971409124424683,baseline,18
36.4,-5.920239642262459,-6.265827530063689,-9.667084583546966,0.042620680084332285,-0.17324766702381686,0.3419715650099842,0.3857146973806212,12.95231085188166,11.884482258398833,130.06445145692706,37.492372030362056,10.95231085188166,baseline,18
36.5,-5.9159904876723886,-6.283079559914768,-9.63287902250886,0.04236320283199925,-0.17179333256608076,0.3421384877874327,0.385183508076107,12.933228153432545,11.86475653111794,129.9737840406694,37.486443504814794,10.933228153432545,baseline,18
36.6,-5.911766427569091,-6.300186006817967,-9.59865743573755,0.04211878226485783,-0.17033606351898656,0.3422920764031544,0.3846455926213137,12.914160854785639,11.845039131124183,129.8830467904394,37.48052053025603,10.914160854785639,baseline,18
36.7,-5.907566472887993,-6.317146711051464,-9.564420921728015,0.04188110647168298,-0.16887847787378737,0.3424370261227076,0.3841055639118284,12.895108831201355,11.825330140473849,129.7922399250092,37.474607984802546,10.895108831201355,baseline,18
36.800000000000004,-5.903390130028129,-6.333961664699018,-9.530170248355716,0.041646530471901436,-0.16742105722538136,0.3425752672126089,0.3835649327149209,12.87607200817993,11.805629571508076,129.70136360285915,37.4687081284393,10.87607200817993,baseline,18
36.9,-5.899237208999693,-6.350630860310048,-9.495906048454344,0.04141269097424515,-0.16596332665067043,0.3427075317570793,0.383023875352066,12.857050348079088,11.785937400098579,129.61041796222958,37.462822043428865,10.857050348079088,baseline,18
37.0,-5.89510771818459,-6.367154224775732,-9.46162891248241,0.04117786463916546,-0.16450443068883158,0.3428340351025935,0.38248202556097244,12.838043838864317,11.7662535796019,129.5194031365973,37.45695034292529,10.838043838864317,baseline,18
37.1,-5.8910198621451855,-6.383538672234863,-9.42731774924323,0.04057994407823094,-0.16318405501760727,0.34338824653597283,0.3823496508857199,12.819048363326491,11.746568936009886,129.42831387819777,37.45097096468042,10.819048363326491,baseline,18
37.2,-5.886986231431365,-6.399786492343992,-9.392962810583413,0.04009340832604928,-0.16177232822411305,0.34370939132203376,0.38198679722368994,12.800063452876088,11.726879679141675,129.33714689872335,37.44481769715374,10.800063452876088,baseline,18
37.300000000000004,-5.882997597567737,-6.415890363510698,-9.358581876382232,0.03968004853702832,-0.16030532228113134,0.34390810580105835,0.38150371929934085,12.781094030892941,11.707193474147456,129.24590526135117,37.43858048783509,10.781094030892941,baseline,18
37.4,-5.879048035480082,-6.43184576369822,-9.324184024706483,0.039312030863816315,-0.15880299996610184,0.34404769093866905,0.38096278323361366,12.76214141349627,11.687513219038346,129.15459049165503,37.43231176604366,10.76214141349627,baseline,18
37.5,-5.875134046189487,-6.447649939451367,-9.289773743133992,0.0389685641921185,-0.15728091495647986,0.34415666639432,0.38039406702575423,12.74320548374795,11.667839633963387,129.0632033056725,37.42604014649132,10.74320548374795,baseline,18
37.6,-5.871253818273544,-6.4633013610728085,-9.255353439133614,0.03863683481526574,-0.15574793247723714,0.34424811872154265,0.37981178328061055,12.724285958980948,11.648172829086906,128.97174404852012,37.41978057045252,10.724285958980948,baseline,18
37.7,-5.867406546138227,-6.47879914753139,-9.220924566499889,0.03830943367240793,-0.1542082257591756,0.34432801400829455,0.3792223237508438,12.705382632286222,11.628512740500007,128.88021292837232,37.4135408290933,10.705382632286222,baseline,18
37.800000000000004,-5.863592015579343,-6.494142704643309,-9.186488149221987,0.03798200032292981,-0.15266333533613483,0.34439902708286735,0.3786283351257666,12.6864953911328,11.608859255575359,128.78861011614032,37.40732511541249,10.6864953911328,baseline,18
37.9,-5.859810370020568,-6.509331521578133,-9.15204501664266,0.037651784282945924,-0.151113466383298,0.3444623053215008,0.378030708236075,12.667624182026598,11.58921223366548,128.6969357828018,37.40113585089425,10.667624182026598,baseline,18
38.0,-5.8560619773343205,-6.5243650819174945,-9.117595920804888,0.037316888564554104,-0.14955820160556682,0.3445182774422292,0.37742952896056176,12.648768990680594,11.569571518236836,128.6051901115719,37.39497461793943,10.648768990680594,baseline,18
38.1,-5.852366106584668,-6.539252078626305,-9.083117154426873,0.03660125566069949,-0.14818113663061575,0.3450559854964271,0.37730747977742446,12.629925733525244,11.549927592623911,128.5133680448459,37.38870037231249,10.629925733525244,baseline,19
38.2,-5.848736234009266,-6.55399616016075,-9.048597152344882,0.03599699240501988,-0.14670038807315747,0.34534282969033603,0.3769329613360319,12.611093990127845,11.53027641575791,128.4214664375991,37.38223386411232,10.611093990127845,baseline,19
38.300000000000004,-5.84516326058656,-6.568589004687965,-9.01405535871163,0.03546330675252418,-0.1451566520137583,0.3454917283784831,0.37642082052885767,12.592278946455101,11.510625938749683,128.32948821634778,37.3756754486209,10.592278946455101,baseline,19
38.400000000000006,-5.8416414530947804,-6.583025200758129,-8.979502145200968,0.03497369569806242,-0.14356755267450924,0.34557115151809226,0.37583802672596733,12.573482192137574,11.49097931933706,128.2374347153443,37.36908473369573,10.573482192137574,baseline,19
38.5,-5.838167421519756,-6.597300970926881,-8.944942907430232,0.03450785182566048,-0.14194819353803548,0.34561216449201665,0.3752170701489873,12.554703603027585,11.471337238123342,128.1453065359236,37.36249628263071,10.554703603027585,baseline,19
38.6,-5.834739468060434,-6.611413792241365,-8.910380729939789,0.034052128732212875,-0.14030863183423975,0.345629934050224,0.3745745732827492,12.535942794415735,11.451699652737195,128.0531039652541,37.35592996376547,10.535942794415735,baseline,19
38.7,-5.831357005983591,-6.62536193151027,-8.87581756291911,0.0335980186892189,-0.13865453262261931,0.3456319167306283,0.3739188790894705,12.517199473722656,11.432066332429198,127.96082719799723,37.34939715240299,10.517199473722656,baseline,19
38.800000000000004,-5.8280201349407434,-6.6391440709121525,-8.84125480381772,0.03314030863006558,-0.1369886681925482,0.345621776900493,0.3732540528073583,12.498473474534105,11.412437004601083,127.86847642883262,37.34290456413555,10.498473474534105,baseline,19
38.900000000000006,-5.824729380197823,-6.652759090531617,-8.80669357534498,0.03267571642348451,-0.1353121335612159,0.3456012747907455,0.37258196020428136,12.47976472531487,11.392811387801801,127.77605188455676,37.33645634768823,10.47976472531487,baseline,19
39.0,-5.821485538035631,-6.6662059323862195,-8.772134874481708,0.03220205490404264,-0.13362511785075448,0.3455712007959871,0.37190334669138353,12.46107321456051,11.373189193468278,127.68355383079714,37.33005531365044,10.46107321456051,baseline,19
39.1,-5.818310431204736,-6.679496199358255,-8.737551564350724,0.03130081770911918,-0.13217945026966801,0.34609384130067383,0.3717957708865274,12.44239579384915,11.35356113752714,127.5909774692589,37.323531159976696,10.44239579384915,baseline,19
39.2,-5.815219319425523,-6.692635281011462,-8.702929764054716,0.030522318137702373,-0.13060194696507432,0.34634079148274033,0.37140331756792133,12.42373249936301,11.333923120401671,127.49831980236736,37.3167864327296,10.42373249936301,baseline,19
39.300000000000004,-5.812202219851315,-6.70561266085133,-8.6682911333628,0.029820578279335097,-0.12894571713843808,0.3464303409421585,0.3708507057867899,12.40508794707036,11.314282728279439,127.4055836183052,37.30993990019852,10.40508794707036,baseline,19
39.400000000000006,-5.809253018349409,-6.71842154674232,-8.63364766864106,0.029164390071619726,-0.12723219450928175,0.3464373693497452,0.37021270082193164,12.386463610618021,11.294643096046372,127.31277012059657,37.30306208860775,10.386463610618021,baseline,19
39.5,-5.806368263438344,-6.73105705389753,-8.599005865864456,0.028531673249573116,-0.1254782254359025,0.34639706563702555,0.36952641112497675,12.367859287470043,11.275004823680963,127.21987982812668,37.29619475087827,10.367859287470043,baseline,19
39.6,-5.803546346724033,-6.74351571360603,-8.564369580708444,0.02790767203778349,-0.12369527987996637,0.346326957201475,0.36881122774067493,12.349274500681789,11.255367724461305,127.12691300374497,37.28936282497102,10.349274500681789,baseline,19
39.7,-5.80078686401248,-6.755794978700578,-8.529741343576461,0.02728298688009638,-0.12189036398129395,0.3462360882038456,0.3680775067554291,12.330708877605263,11.235731406551974,127.03386986435581,37.28258137126104,10.330708877605263,baseline,19
39.800000000000004,-5.79809017945081,-6.767892849165946,-8.495122992433608,0.026651756377347482,-0.12006741539671911,0.3461291903211694,0.36733080016578257,12.312162198550244,11.216095440335053,126.94075066820702,37.275859648063864,10.312162198550244,baseline,19
39.900000000000006,-5.795457126572728,-6.779807626269758,-8.460516008548439,0.02601031111395871,-0.11822847494319529,0.3460087305181533,0.36657407186873253,12.293634364420987,11.196459401374893,126.84755574105891,37.269203601063815,10.293634364420987,baseline,19
40.0,-5.792888849042356,-6.791537755634636,-8.425921684596688,0.02535629967406067,-0.11637448347492126,0.34587595926662645,0.365808886627737,12.275125357344693,11.176822868967395,126.75428547610336,37.26261724251963,10.275125357344693,baseline,19
40.1,-5.790411323308945,-6.803099112585187,-8.391308927442878,0.024195021501809945,-0.11485167776083087,0.3463779041831345,0.36572388417527707,12.25663438079738,11.157177887113331,126.66093523409283,37.2558905253032,10.25663438079738,baseline,20
40.2,-5.788042461499572,-6.814499414060265,-8.356660820078105,0.02318313513170113,-0.11315394857239323,0.346582718880554,0.36532294597889087,12.238162356423377,11.13752050921482,126.56750224609006,37.24890098628351,10.238162356423377,baseline,20
40.300000000000004,-5.785770149901509,-6.8257248708978295,-8.32200134312734,0.022264114619481253,-0.11135509207195375,0.3466051129913879,0.36473380934856514,12.219712050441196,11.117856884143126,126.4739893419784,37.2417925132455,10.219712050441196,baseline,20
40.400000000000006,-5.78358708601445,-6.836766866501421,-8.28734463872388,0.02139822090979324,-0.10948492199468872,0.34652717211816997,0.36404108699225585,12.201284437688935,11.098189916076564,126.38039752063479,37.23465139695016,10.201284437688935,baseline,20
40.5,-5.781489259563386,-6.847619323991239,-8.252698679920286,0.02055944118710281,-0.107564437066016,0.34639012505178096,0.36328902746524466,12.182879132877543,11.078520136233122,126.28672713718284,37.227529015112495,10.182879132877543,baseline,20
40.6,-5.779474792070687,-6.858277921564877,-8.218068311456591,0.019731035443926768,-0.10560777847476477,0.3462153120928185,0.362501529598969,12.164495537973275,11.0588472699892,126.19297838640888,37.22045651582307,10.164495537973275,baseline,20
40.7,-5.777543170377612,-6.868739492725581,-8.183456739410758,0.018902535942151577,-0.10362393341658037,0.34601415969264737,0.3616918911858228,12.146133191691602,11.03917082429866,126.09915149386788,37.2134529383557,10.146133191691602,baseline,20
40.800000000000004,-5.775694722309709,-6.8790015946142375,-8.148866284638643,0.018067551729597377,-0.10161840763803422,0.3457929250157998,0.36086768238147054,12.127791810092301,11.019490272017286,126.00524678455778,37.20653006290371,10.127791810092301,baseline,20
40.900000000000006,-5.773930292576551,-6.8890622248873115,-8.114298782777041,0.017222254410906003,-0.09959451381484792,0.3455550787320483,0.36003331188450055,12.109471255925232,10.99980510475618,125.91126469596037,37.199695309840976,10.109471255925232,baseline,20
41.0,-5.772251017391682,-6.898919647093862,-8.079755797516555,0.01636439875444429,-0.09755424645052171,0.3453025570013268,0.35919142587035413,12.091171483869518,10.98011483309666,125.81720576706911,37.192953515115725,10.091171483869518,baseline,20
41.1,-5.770688073709607,-6.908595371991396,-8.045201837550849,0.014895356992661608,-0.09595902285876087,0.3457752758111785,0.3591525401417114,12.072895405199482,10.960413998687693,125.72306554612315,37.18604554202561,10.072895405199482,baseline,20
41.2,-5.769262533634901,-6.91810021083802,-8.010616464540362,0.013616456953077375,-0.09413712040309717,0.3459304814989419,0.3587688717932926,12.05464544692898,10.940699321768978,125.62884155837838,37.1788181295086,10.05464544692898,baseline,20
41.300000000000004,-5.76795887388289,-6.927416521124542,-7.976025960408151,0.01245787977980146,-0.09218887953086585,0.3458776970277396,0.35816947047309505,12.036421368042014,10.920974595051534,125.53453665955902,37.171445556306864,10.036421368042014,baseline,20
41.400000000000006,-5.766767608933151,-6.93653380125761,-7.941446712240577,0.01136859030154489,-0.09015672816683959,0.3457052397392055,0.35744872815878836,12.018223068107307,10.901242133866566,125.44015153869215,37.164032718421105,10.018223068107307,baseline,20
41.5,-5.765683385543525,-6.945445027202368,-7.90688829543069,0.01031711912193145,-0.08806791172991987,0.34546098536669373,0.35665907030940913,12.000049751756931,10.881502365545872,125.3456863248297,37.156642105740524,10.000049751756931,baseline,20
41.6,-5.764703392982483,-6.954145431518555,-7.8723565875552595,0.009283923149459375,-0.08594039506813902,0.3451709890694571,0.3558299515621193,11.981900606055737,10.861755004395189,125.25114111481274,37.149311599708625,9.981900606055737,baseline,20
41.7,-5.7638264037668705,-6.9626317247748375,-7.837855440098792,0.008257138227606197,-0.08378571834853077,0.3448497453589401,0.35497827229989015,11.963775041661698,10.841999576871702,125.1565161266469,37.14206409681438,9.963775041661698,baseline,20
41.800000000000004,-5.763052122667432,-6.970901560038328,-7.803387566935271,0.007229774319086596,-0.08161122396849523,0.3445054823425495,0.3541139490028789,11.945672682947846,10.82223558753559,125.06181174208493,37.13491338266465,9.945672682947846,baseline,20
41.900000000000006,-5.762380804866552,-6.978953186422586,-7.768955030944198,0.0061978794909451655,-0.07942163341822439,0.34414296245093867,0.3532429591223458,11.927593319333354,10.802462569349931,124.9670285038847,37.12786768032027,9.927593319333354,baseline,20
42.0,-5.761813006363809,-6.986785259097815,-7.7345595196820796,0.005159382896795414,-0.0772200967494159,0.34376500831791235,0.3523690444940918,11.909536865073903,10.782680107578612,124.87216709204802,37.1209317918363,9.909536865073903,baseline,20
42.1,-5.761384659446776,-6.994425426237285,-7.70016144355759,0.003408427829156861,-0.07558175769630834,0.3441951069124414,0.35241238783447576,11.891510690158512,10.762886162060505,124.77722330370028,37.11379670295569,9.891510690158512,baseline,21
42.2,-5.761119531467557,-7.001888111233711,-7.665737062226981,0.0018952263238187416,-0.07367114701588864,0.34429071416275925,0.35208965569036244,11.873519279695188,10.743078836929755,124.6821950099711,37.10627825217227,9.873519279695188,baseline,21
42.300000000000004,-5.760997951030731,-7.009152363054454,-7.63131445273757,0.0005375504086571074,-0.07161349886261982,0.3441594501391965,0.3515316618740087,11.855558802386897,10.723259150587989,124.58708502681158,37.09858061110499,9.855558802386897,baseline,21
42.400000000000006,-5.761007510125637,-7.016206335276365,-7.596911679022014,-0.0007274698647756885,-0.06946588814718396,0.34389386761973695,0.35084046376514555,11.837627546504294,10.703428463301067,124.49189365821327,37.09082568829746,9.837627546504294,baseline,21
42.5,-5.761140795424581,-7.0230427626520395,-7.562539519742131,-0.0019369351702950017,-0.06726271472078911,0.34354706139444363,0.35007514607898377,11.81972406185551,10.683587043959468,124.39662078053429,37.083085588728046,9.81972406185551,baseline,21
42.6,-5.761393371969461,-7.029657196253538,-7.528204582631588,-0.003113279245416677,-0.06502610066839226,0.3431493826894969,0.34927007475015465,11.801847233436298,10.663734706450235,124.30126638399595,37.07540365060191,9.801847233436298,baseline,21
42.7,-5.76176259573549,-7.03604699857533,-7.493911078199744,-0.004269852225616688,-0.06277016046546756,0.3427183689410589,0.3484454119263287,11.783996301074705,10.643871158997058,124.20583066725514,37.06780544377831,9.783996301074705,baseline,21
42.800000000000004,-5.7622468722984195,-7.042210688814521,-7.459661829285324,-0.005414376231299813,-0.060503899843379054,0.34226428234340456,0.34761311300679876,11.76617078790984,10.62399613029261,124.11031404907177,37.060305552723,9.76617078790984,baseline,21
42.900000000000006,-5.76284521818161,-7.0481475265696645,-7.425458836834878,-0.006551148139651447,-0.05823313039176933,0.3417932194714174,0.3467803626127191,11.748370419021436,10.604109401239137,124.01471714979891,37.052911774121455,9.748370419021436,baseline,21
43.0,-5.763556960970163,-7.0538572538644075,-7.391303614713252,-0.007682409726936921,-0.055961682795834855,0.3413088707212914,0.3459515494886493,11.73059504565375,10.584210804745688,123.91904075484551,37.045627823512305,9.73059504565375,baseline,21
43.1,-5.76442033611238,-7.059372439049184,-7.357154374476522,-0.009584165719482998,-0.05434041656756667,0.3416746413514916,0.3461015712878889,11.712856250055843,10.564302131130004,123.8232809146699,37.03811032939511,9.712856250055843,baseline,21
43.2,-5.765459997579455,-7.064710753038526,-7.32298533199355,-0.011207956102922322,-0.05242496077344841,0.34170444913384784,0.34588426583175047,11.69516058805435,10.544383395671034,123.72743587519517,37.03015447724289,9.69516058805435,baseline,21
43.300000000000004,-5.766652766615152,-7.069849772378802,-7.2888248497620225,-0.012646217500712624,-0.05035499052456505,0.3415031953133857,0.3454272489208933,11.6775009152311,10.524453003625997,123.63150840421044,37.02198360631644,9.6775009152311,baseline,21
43.400000000000006,-5.767983665689826,-7.07477733772248,-7.2546914271079,-0.013970496818562715,-0.04819624057829559,0.34116312895463047,0.34483377581865765,11.659873826442938,10.50451120492668,123.5354984182483,37.01372879339144,9.659873826442938,baseline,21
43.5,-5.769443388096988,-7.079486506059766,-7.220596227794886,-0.01522266847451839,-0.0459871637157491,0.34073864678624133,0.3441647487408075,11.642277100412278,10.484557966562166,123.439405563378,37.00546708171951,9.642277100412278,baseline,21
43.6,-5.77102599106729,-7.083973438479006,-7.186546092387289,-0.016428031213291068,-0.043751627298021935,0.3402618155738245,0.34345623918974777,11.624709261080781,10.464593133908911,123.34322973296008,36.99724467845066,9.624709261080781,baseline,21
43.7,-5.77272754907608,-7.088236226700246,-7.152545308228582,-0.017601786351546175,-0.04150436243396615,0.33975160776569746,0.34272961640802485,11.60716935982371,10.44461656803034,123.24697108514701,36.98908855682238,9.60716935982371,baseline,21
43.800000000000004,-5.7745453510433435,-7.092274156399071,-7.118596649728715,-0.018752935184220786,-0.03925446440959546,0.3392192957616895,0.34199753825307627,11.589656810376715,10.424628188863682,123.1506300231395,36.98101361007791,9.589656810376715,baseline,21
43.900000000000006,-5.77647740021348,-7.09608724527061,-7.084701990941539,-0.019886724089980178,-0.037007585738469316,0.3386716276667495,0.34126751176117914,11.572171259021374,10.404627972534119,123.05420716550377,36.973027323387086,9.572171259021374,baseline,21
44.0,-5.7785221086815,-7.099675974808633,-7.050862662494183,-0.021006148070668463,-0.0347672722657998,0.3381126921238157,0.34054399723499057,11.554712501535915,10.384615945766187,122.95770330182033,36.965132640062436,9.554712501535915,baseline,21
44.1,-5.780716792680323,-7.103074197657406,-7.0170380647759885,-0.02288665813347184,-0.0331956406358226,0.33837811455693,0.3407719150529338,11.537294869124125,10.364597056375898,122.86111472058181,36.956982219367205,9.537294869124125,baseline,22
44.2,-5.783085151575506,-7.106300691142678,-6.98320269677788,-0.024479437362283033,-0.031333353598540815,0.33832762635808455,0.3406561384422726,11.519926357733102,10.344573088249744,122.7644400151145,36.94837008889948,9.519926357733102,baseline,22
44.300000000000004,-5.785603095777333,-7.109333347529173,-6.949383329367265,-0.02587827196071857,-0.02931936422438431,0.33805787427995143,0.3403122631361886,11.502597640822104,10.324540372916475,122.66768182943188,36.939520907842585,9.502597640822104,baseline,22
44.400000000000006,-5.7882548766210675,-7.112160365097225,-6.9155975906178355,-0.027156114464435787,-0.027220903100468163,0.33765491598667324,0.33983712923748927,11.485304071331619,10.30449806401167,122.57083970806042,36.930563426040536,9.485304071331619,baseline,22
44.5,-5.791030527092516,-7.114775262773037,-6.88185621635057,-0.028355641480017717,-0.02507711388919037,0.33717051262639547,0.3392887540569257,11.468042840345843,10.284445703364497,122.4739131120175,36.92157281335418,9.468042840345843,baseline,22
44.6,-5.793923510238528,-7.1171747064217925,-6.848165799165145,-0.029502713059268847,-0.02291192503907605,0.3366357538416279,0.33870192965404683,11.450812209493266,10.264383040185557,122.3769018662211,36.912594198495135,9.450812209493266,baseline,22
44.7,-5.796929360367358,-7.119357288815081,-6.81453044526279,-0.030613032849418517,-0.02073992843564417,0.33606923138233696,0.33809736865830525,11.433611127037118,10.244309993459924,122.27980608749499,36.90365372790115,9.433611127037118,baseline,22
44.800000000000004,-5.800044866278768,-7.121322758495808,-6.780952763743699,-0.03169584478061832,-0.01856970209177474,0.33548231715666577,0.33748754871393405,11.416438966054185,10.22422659510086,122.18262614724821,36.89476549295635,9.416438966054185,baseline,22
44.900000000000006,-5.80326755438,-7.123071550391614,-6.747434451011941,-0.03275664258771323,-0.01640647557572679,0.3348818583616482,0.33687984376359936,11.39929534183674,10.204132935440464,122.085362650212,36.88593618779781,9.39929534183674,baseline,22
45.0,-5.8065953850746155,-7.124604532495141,-6.71397665515542,-0.03379867177662461,-0.014253449450707051,0.3342720042213804,0.3362785807054717,11.382180030046621,10.184029159715932,121.98801639213997,36.87716803318519,9.382180030046621,baseline,22
45.1,-5.810062573291361,-7.125953850336373,-6.680541754933074,-0.03554423489686386,-0.012731491329313544,0.3344249823815023,0.3365494797897331,11.36510816147779,10.163921884899594,121.89058402041732,36.86813109333535,9.36510816147779,baseline,22
45.2,-5.813690664246678,-7.127137640491128,-6.6471058637835085,-0.037016581246625276,-0.010943553553239857,0.3342914050634589,0.3365126032570878,11.348088228878005,10.143813999917361,121.79306451168385,36.85863188714386,9.348088228878005,baseline,22
45.300000000000004,-5.817456697113812,-7.128135654143989,-6.613693307153881,-0.03830296141483798,-0.009016365175228485,0.33395806941510076,0.3362683509068031,11.331110249563594,10.123700869992271,121.6954604375497,36.84888397192955,9.331110249563594,baseline,22
45.400000000000006,-5.821345503441989,-7.128937132656574,-6.580320179229602,-0.039472010537767846,-0.0070130984535217355,0.33350271251626895,0.33590368027385703,11.314169071257082,10.103580986577898,121.59777126357262,36.839006552024436,9.314169071257082,baseline,22
45.5,-5.825347356498241,-7.129536314867437,-6.546996323624626,-0.040563853818882445,-0.004970664795338329,0.33297256266656716,0.33547110342604514,11.297261648312345,10.0834536053596,121.49999656257515,36.829069028274105,9.297261648312345,baseline,22
45.6,-5.829455751925707,-7.129930408671498,-6.513727781595662,-0.04160285928223172,-0.002911395168759788,0.33239639686199324,0.33500244591513295,11.280386146266864,10.063318393916349,121.40213634157068,36.819113454359176,9.280386146266864,baseline,22
45.7,-5.833666144870222,-7.130118394270539,-6.480518282856792,-0.04260378868792905,-0.0008486058517992546,0.3317917093410378,0.3345168774963457,11.263541459974356,10.043175262402817,121.30419090418131,36.80916431451518,9.263541459974356,baseline,22
45.800000000000004,-5.837975076399744,-7.130099710077047,-6.447368756867945,-0.04357365268685899,0.0012220892618763463,0.33119693018557145,0.3340532341932724,11.246725690410623,10.02302291212306,121.2061612045849,36.799229928516766,9.246725690410623,baseline,22
45.900000000000006,-5.842379855923355,-7.129874690435827,-6.414279873948544,-0.044520743414882255,0.003278011013705927,0.33057886688443916,0.33357941960051957,11.229937746201344,10.002860723214015,121.10804823322836,36.789313953856315,9.229937746201344,baseline,22
46.0,-5.846878346987069,-7.129444824531674,-6.381253527710214,-0.04544785409777755,0.005318996235886401,0.3299462218991115,0.33310405057361275,11.213178251299752,9.982689838590566,121.0098526042791,36.77942163490279,9.213178251299752,baseline,22
46.1,-5.85150078125298,-7.128839907236397,-6.348257815930992,-0.04700003485294484,0.006780494726391966,0.3299671420227391,0.33336660480553104,11.19646359854483,9.96251938146278,120.91157072685836,36.76925849617216,9.19646359854483,baseline,23
46.2,-5.85626613534987,-7.128077041357756,-6.315272046253085,-0.048306087969453106,0.008477486647634633,0.32974700638231574,0.33337431534668704,11.179803056125937,9.942353824002828,120.81320165468563,36.75865350610098,9.179803056125937,baseline,23
46.300000000000004,-5.861153649166226,-7.127137843519449,-6.282315632328391,-0.049443113306035236,0.010306752661793888,0.3293798045114628,0.3332295098334394,11.16318528216115,9.922186439936612,120.71474861954927,36.74779421079808,9.16318528216115,baseline,23
46.400000000000006,-5.866149379871786,-7.126012469641864,-6.249401746084914,-0.05047040577002277,0.012200752266581372,0.32889634648481253,0.33296985891446557,11.146604166670253,9.902014349070594,120.6162115220349,36.736782996615354,9.146604166670253,baseline,23
46.5,-5.871244200505316,-7.124696085229516,-6.216539769666269,-0.051424887800122325,0.014126804726831045,0.3283415603206869,0.3326443535232012,11.130057029354992,9.881837090018362,120.51758998541922,36.72568427454683,9.130057029354992,baseline,23
46.6,-5.876431946642697,-7.12318648584187,-6.183735459810123,-0.05232891606802548,0.016064993497994125,0.32774300443721627,0.3322828259637838,11.113542296339014,9.861654561616932,120.4188841106013,36.714536999425526,9.113542296339014,baseline,23
46.7,-5.88170824944973,-7.121483043767512,-6.150992349954322,-0.05319605113279725,0.018003573088448747,0.3271175553329894,0.33190336471193793,11.097059050194776,9.841466865605522,120.32009431239834,36.70336400266948,9.097059050194776,baseline,23
46.800000000000004,-5.88706982973963,-7.119586065411568,-6.118312614504248,-0.05403444909191887,0.019935667266765388,0.32647552331196583,0.33151684699251754,11.080606760093735,9.821274214346996,120.22122123800233,36.692177635280395,9.080606760093735,baseline,23
46.900000000000006,-5.89251405838877,-7.117496403865516,-6.085697597358376,-0.054849012023015176,0.021857250750683142,0.3258232134682541,0.3311297630311395,11.064185113863621,9.80107687366591,120.12226573333997,36.68098375653097,9.064185113863621,baseline,23
47.0,-5.8980386992916465,-7.115215225145221,-6.053148132283241,-0.05564270410711971,0.02376598173688421,0.3251644922344247,0.3307459439182008,11.047793920500343,9.780875130278194,120.02322880458826,36.66978429650414,9.047793920500343,baseline,23
47.1,-5.903669787570834,-7.112767946906388,-6.0206340895965695,-0.05697828233086115,0.025180611356012773,0.3251156082051344,0.33102982727275854,11.031446852885068,9.760676254369,119.92410766195931,36.65830934436253,9.031446852885068,baseline,23
47.2,-5.909423412755132,-7.110169256106019,-5.988136182306334,-0.05809330746036816,0.026793735816973686,0.32484145073016113,0.33108111508086707,11.015151694803844,9.740483888545231,119.82490196392268,36.64640742721547,9.015151694803844,baseline,23
47.300000000000004,-5.915281001478434,-7.107404003851116,-5.955673451768234,-0.05905746829795638,0.028511445211444154,0.3244119063947723,0.33097397492929836,10.998899366050566,9.720293270042674,119.7256145080888,36.63425738823813,8.998899366050566,baseline,23
47.400000000000006,-5.921230162493885,-7.104464177973568,-5.923258423805237,-0.05992475061642017,0.030285058178841914,0.3238873027329107,0.33077355601216996,10.982684928946869,9.700102436240217,119.62624494843978,36.621951107062664,8.982684928946869,baseline,23
47.5,-5.927262792363763,-7.101345645263791,-5.890898763434961,-0.06072679761873267,0.032085426272041105,0.3233045098090139,0.3305193255937266,10.966505479152712,9.679910416429681,119.52679327391954,36.60954080343825,8.966505479152712,baseline,23
47.6,-5.933373333886266,-7.098046609200537,-5.858599156374112,-0.06148303411325675,0.033895034308132274,0.32268623139888697,0.3302354323341718,10.950359302813919,9.659716810414563,119.427259935706,36.59705845665925,8.950359302813919,baseline,23
47.7,-5.939557802863419,-7.094566658139229,-5.826362455030903,-0.06220530918135675,0.03570365373609432,0.32204637705975264,0.329936539894822,10.934245397727741,9.63952154417167,119.327645606534,36.584522511449904,8.934245397727741,baseline,23
47.800000000000004,-5.945813158061355,-7.090906192548573,-5.794190394226462,-0.0629007615772542,0.03750533463245133,0.3213934496863763,0.3296314691199856,10.918163172743181,9.619324722571607,119.22795111643835,36.571942574142454,8.918163172743181,baseline,23
47.900000000000006,-5.952136931475252,-7.087066078558564,-5.762084019836038,-0.06357368980132373,0.039296607449905804,0.3207326561798671,0.329325483575474,10.902112268021135,9.599126539205816,119.12817743564833,36.55932288338701,8.902112268021135,baseline,23
48.0,-5.9585270010866225,-7.083047456108034,-5.730043959105387,-0.06422670689675472,0.04107546448392011,0.3200671951863934,0.32902169092000044,10.886092460632371,9.578927239253737,119.02832564028519,36.546664590898814,8.886092460632371,baseline,23
48.1,-5.965004841797054,-7.078871483914554,-5.69804425467737,-0.06532934191431056,0.04244479143234916,0.3199262251051095,0.3292753752479795,10.870115573290963,9.558733364098007,118.92839315230522,36.5337347808859,8.870115573290963,baseline,24
48.2,-5.971583944745362,-7.07455079536885,-5.6660678770858794,-0.066251851681026,0.043969391343898746,0.3196004086156616,0.32934334123163234,10.85418854420445,9.538548384563917,118.82837980372392,36.52040404617629,8.85418854420445,baseline,24
48.300000000000004,-5.97824881831184,-7.070073334500194,-5.6341307973489165,-0.06704471266118793,0.04557990602011666,0.3191401219217348,0.329276386564302,10.838303637123898,9.518368180556061,118.72828834286241,36.50682724004418,8.838303637123898,baseline,24
48.400000000000006,-5.984988743439317,-7.065432499162853,-5.6022438909858465,-0.06775285649419138,0.047236714471770365,0.31859685648119296,0.32912871907037816,10.8224564343503,9.498190923158699,118.62811838694144,36.49308247538546,8.8224564343503,baseline,24
48.5,-5.9917965875938535,-7.060624898411334,-5.570413847686723,-0.06840309207137103,0.048915136048552306,0.31800282570777166,0.3289338393928181,10.806644286626048,9.478015679038744,118.52786988112388,36.47921439784659,8.806644286626048,baseline,24
48.6,-5.998667392414063,-7.055649116635323,-5.5386447459459305,-0.06901206922498998,0.05060020121983859,0.3173780151923473,0.328712413196759,10.790865607711135,9.457842048226361,118.42754313962749,36.465251416931174,8.790865607711135,baseline,24
48.7,-6.005597543902695,-7.050504932180047,-5.506939050741494,-0.06959000236765868,0.05228317477848821,0.3167346974931826,0.32847704241019127,10.775119459505165,9.437669950956682,118.32713860390191,36.45121077667106,8.775119459505165,baseline,24
48.800000000000004,-6.012584245298058,-7.045192805118859,-5.475298237288371,-0.0701430678785402,0.0539589880816869,0.31608038118916887,0.32823532676862105,10.75940526959358,9.417499470855825,118.22665682224049,36.43710213157161,8.75940526959358,baseline,24
48.900000000000006,-6.019625195302069,-7.03971360437572,-5.443723176140338,-0.07067500755419819,0.055624698200161665,0.31541966589315223,0.3279918129691545,10.743722685456635,9.397330789654214,118.12609848005803,36.42293037878683,8.743722685456635,baseline,24
49.0,-6.026718397624791,-7.03406841866672,-5.412214366719127,-0.07118811540933419,0.057278617046239794,0.31475537339649784,0.3277491919566412,10.728071472267258,9.377164130392826,118.02546440363813,36.40869754615025,8.728071472267258,baseline,24
49.1,-6.033880509901792,-7.028273969888687,-5.380750625394285,-0.0720533882126839,0.058610956383411406,0.3145188540295981,0.3279467098496302,10.712461262299556,9.357005035632813,117.92475232957516,36.39421290955863,8.712461262299556,baseline,24
49.2,-6.041122534312308,-7.022340870462358,-5.349317241692916,-0.07278628666911667,0.06005126137953714,0.314148039693658,0.32801370148778913,10.696898042321198,9.336856672453596,117.82396219632005,36.37936983339834,8.696898042321198,baseline,24
49.300000000000004,-6.048432609066367,-7.016260485164821,-5.317926385439932,-0.07341435479967294,0.06155644569307899,0.31366818793636697,0.3279734678602848,10.68137581321156,9.316715816673959,117.72309646781619,36.36429342342572,8.68137581321156,baseline,24
49.400000000000006,-6.055801843293011,-7.010027709417045,-5.286587078822777,-0.07396947974560827,0.06309896446922911,0.3131169926932535,0.3278646281076871,10.665890839212718,9.296580894836751,117.62215495627815,36.34904612706255,8.665890839212718,baseline,24
49.5,-6.063224014360458,-7.003639794886112,-5.255305123864673,-0.07447308326860583,0.06465910255455445,0.3125211117883562,0.32771402928181653,10.650440731244318,9.276451028469092,117.52113794340558,36.33366516544148,8.650440731244318,baseline,24
49.6,-6.070694673806429,-6.997095609083772,-5.22408412466757,-0.07493923143743408,0.06622431096500825,0.3118978740694974,0.32753905358032576,10.635024011578201,9.256325819892378,117.42004609785651,36.318175326922734,8.635024011578201,baseline,24
49.7,-6.078210516367108,-6.990395020693541,-5.192926274496131,-0.07537676883161461,0.06778713497763557,0.3112581295958557,0.32735054022787463,10.619639773502913,9.236205163418706,117.31888021520491,36.30259211204743,8.619639773502913,baseline,24
49.800000000000004,-6.085768953897059,-6.983538486994803,-5.161832889425568,-0.07579110787210494,0.06934321154759987,0.31060857681467985,0.3271551023766206,10.604287450739465,9.2160891171108,117.217641182714,36.28692441382217,8.604287450739465,baseline,24
49.900000000000006,-6.093367828987539,-6.976526807062328,-5.130804745131172,-0.07618554990773588,0.07089000374788561,0.3099533299483149,0.32695672097720874,10.588966669210937,9.195977824447757,117.1163299925129,36.27117697135904,8.588966669210937,baseline,24
50.0,-6.101005256175995,-6.969360982067883,-5.099842284922488,-0.0765621278771414,0.07242607077897453,0.30929490253731723,0.3267577571980891,10.573677173308289,9.175871480588903,117.01494773882801,36.25535193607622,8.573677173308289,baseline,24
50.1,-6.108693070709705,-6.962053316645324,-5.068929418572225,-0.07719342869861902,0.0737275702905629,0.3089618679099287,0.3268822660799923,10.558426154802422,9.15577437697968,116.91349250920115,36.239302247724844,8.558426154802422,baseline,25
50.2,-6.116439357865602,-6.954612019471824,-5.0380544369108975,-0.0777315554102287,0.07509848694847046,0.30853708807187713,0.32692065117443453,10.543218259578378,9.135689088509597,116.81196454580724,36.222948195769284,8.543218259578378,baseline,25
50.300000000000004,-6.124235725495964,-6.947031614370644,-5.007225754437968,-0.07819501271231957,0.07650955151199816,0.30803580793356966,0.326885653485946,10.528049260352706,9.115613357061465,116.7103665969629,36.20638447541569,8.528049260352706,baseline,25
50.400000000000006,-6.132075613364577,-6.939308851957321,-4.976449906826019,-0.0786019637457329,0.07794553248694254,0.3074803504337393,0.32679954198593003,10.512916452917453,9.095546089478907,116.60869888477323,36.18965230278345,8.512916452917453,baseline,25
50.5,-6.139954028651118,-6.93144186027348,-4.945731446496211,-0.07896551523567398,0.0793940524221493,0.3068880307516885,0.3266790957118251,10.497817929320458,9.075486604323505,116.50696204223146,36.17277803949987,8.497817929320458,baseline,25
50.6,-6.147867117077112,-6.9234298234805465,-4.9150734343566,-0.07929546894225217,0.0808463448009978,0.3062713844543614,0.32653646626072985,10.482752380697347,9.055434543551913,116.40515697327305,36.15578199191325,8.482752380697347,baseline,25
50.7,-6.155811860226095,-6.91527265124023,-4.8844778765924275,-0.07959859760041038,0.08229677587448672,0.3056389431999316,0.3263799314597308,10.467718931381956,9.035389779365119,116.3032846078086,36.13867842632481,8.467718931381956,baseline,25
50.800000000000004,-6.163785797078162,-6.906970703974366,-4.853946071700193,-0.07987933597685552,0.0837418138279206,0.30499632400094284,0.3262148944382852,10.452716973342211,9.01535231382154,116.20134589341124,36.12147664797385,8.452716973342211,baseline,25
50.900000000000006,-6.171786830294877,-6.898524628020823,-4.823478856123984,-0.08014054773662385,0.08517926500450416,0.3043471713047562,0.3260448056010711,10.437746068835276,8.995322229676766,116.09934182780243,36.10418259786024,8.437746068835276,baseline,25
51.0,-6.179813101422042,-6.889935254119337,-4.793076765490696,-0.08038409581190448,0.08660778769162479,0.30369383648193304,0.3258718430080299,10.422805891618186,8.975299663288045,115.99727346574966,36.086800061557355,8.422805891618186,baseline,25
51.1,-6.187872672453523,-6.881211358122528,-4.7627279395237565,-0.08080663750449912,0.08787029599677709,0.30328217066115587,0.3259309384275866,10.407901584448798,8.95528778749464,115.89513886010745,36.069218491635624,8.407901584448798,baseline,25
51.2,-6.195971070788801,-6.872358987107873,-4.732423521694727,-0.08116060184187272,0.08917707728987233,0.3028055931952143,0.32593070072578995,10.393036512320332,8.93528855279396,115.7929381707015,36.051383768111016,8.393036512320332,baseline,25
51.300000000000004,-6.204102160409093,-6.863374748267233,-4.702169461525045,-0.08146045176475196,0.09050753807078799,0.3022749735424624,0.32587970062501437,10.37820765820591,8.915300400681362,115.69067415601533,36.03337177049836,8.37820765820591,baseline,25
51.400000000000006,-6.212261125911027,-6.85425675008446,-4.671970393974334,-0.08171812514929742,0.09185220125610788,0.30170570685618603,0.3257928980243425,10.363413108371025,8.895322619179714,115.58834723187591,36.01520890379162,8.363413108371025,baseline,25
51.5,-6.220444147940725,-6.845003962516785,-4.6418296152260154,-0.08194158540028385,0.09320322708140187,0.3011091867604294,0.32568083656829816,10.348651449406816,8.875354749736228,115.48595821926254,35.99691184395068,8.348651449406816,baseline,25
51.6,-6.2286481144838035,-6.835616033524275,-4.611749436473474,-0.08213701062713602,0.09455503326027807,0.3004936992381677,0.32555123423426446,10.333921654272892,8.855396550677296,115.38350815316946,35.97849536124434,8.333921654272892,baseline,25
51.7,-6.23687044903636,-6.826093067415059,-4.581731459475122,-0.08230894014019935,0.09590391736538245,0.2998651487045139,0.32540963476917717,10.319222971223123,8.83544792501211,115.28099804196336,35.95997106024344,8.319222971223123,baseline,25
51.800000000000004,-6.245108961127698,-6.816435482352972,-4.551776781794615,-0.08246057486981193,0.09724738405838301,0.2992277214226011,0.3252599412497953,10.304554842045464,8.81550887504269,115.1784288699613,35.941347259007934,8.304554842045464,baseline,25
51.900000000000006,-6.253361734561622,-6.806643906980753,-4.52188614232,-0.08259416790049921,0.09858372034690605,0.2985843904780979,0.32510488265449056,10.289916838528065,8.795579465643732,115.07580163876561,35.92262978379251,8.289916838528065,baseline,25
52.0,-6.261627044528723,-6.796719110570848,-4.492060025804676,-0.08271132312696837,0.09991174796428529,0.29793727435959944,0.3249463645088522,10.275308617662283,8.7756597997548,114.97311738156655,35.90382273643588,8.275308617662283,baseline,25
52.1,-6.269910710398108,-6.786667571403086,-4.4622889931779355,-0.08296132427092771,0.10111903333457062,0.2974829216839043,0.3249672736151995,10.26073389674131,8.755752157144894,114.870374148192,35.8848371069705,8.26073389674131,baseline,26
52.2,-6.2782166614197195,-6.776493914425373,-4.4325659137102775,-0.08315700863263062,0.10235395445942864,0.296978164145197,0.32494222572214554,10.246195137677132,8.735857990537633,114.76757203007767,35.8656346709611,8.246195137677132,baseline,26
52.300000000000004,-6.286540071479976,-6.766196058131754,-4.4028953990200534,-0.08331049233885368,0.10360290663972194,0.2964315918612294,0.32487826805024006,10.231690137123637,8.71597628686731,114.66471378072318,35.84628094470937,8.231690137123637,baseline,26
52.400000000000006,-6.294877141248435,-6.755772916600108,-4.3732810352230445,-0.083430244852586,0.10485966934803384,0.29585512987738766,0.324786720613247,10.217217475277755,8.696106605236077,114.5617999634489,35.82679401430556,8.217217475277755,baseline,26
52.5,-6.3032247787341475,-6.745223987847567,-4.343725367099978,-0.08352181725503312,0.10611855641620983,0.29525766884828725,0.3246754271378854,10.202776059596241,8.676248650762917,114.45883150137003,35.80718477617995,8.202776059596241,baseline,26
52.6,-6.311580387875438,-6.734549265354872,-4.314230170974042,-0.08358967284814685,0.10737550597545634,0.29464568783677014,0.3245501718550598,10.188365068461595,8.656402280450914,114.35580944994965,35.787464227541136,8.188365068461595,baseline,26
52.7,-6.319941761903465,-6.723749077878892,-4.284796667401679,-0.0836371495157744,0.10862783901041362,0.29402382095824914,0.3244151468074277,10.173983881307521,8.636567457368956,114.2527347697632,35.767641630661586,8.173983881307521,baseline,26
52.800000000000004,-6.32830698415637,-6.712823978625238,-4.2554256793810055,-0.08366662462008953,0.1098737357587712,0.29339538182673003,0.3242733290947005,10.15963201924477,8.616744214697645,114.14960834130514,35.74772394987853,8.15963201924477,baseline,26
52.900000000000006,-6.336674337275326,-6.70177467353642,-4.226117745449301,-0.08367979181429465,0.11111193302673243,0.29276274657586826,0.3241268193187149,10.145309094844738,8.596932627762499,114.04643101664644,35.727716382356924,8.145309094844738,baseline,26
53.0,-6.34504225384444,-6.690601978451014,-4.196873200009577,-0.08367787466031011,0.11234155952421368,0.29212761954364835,0.3239770961105701,10.131014790931982,8.577132805956541,113.94320364732019,35.70762284570112,8.131014790931982,baseline,26
53.1,-6.353414835873991,-6.679310726001859,-4.167684640211519,-0.0837731479971031,0.11348335037445989,0.29164319201252453,0.3239632117769103,10.11675180635772,8.557346440117888,113.83992438245222,35.68737155374999,8.11675180635772,baseline,26
53.2,-6.3617947227321565,-6.667904523201287,-4.138546444301028,-0.08382397037488172,0.11464053025211053,0.29112030860208477,0.32391348114344853,10.102521937434611,8.537574664970997,113.73659317456242,35.666937688316494,8.102521937434611,baseline,26
53.300000000000004,-6.370178007055074,-6.656382226385176,-4.109462128777523,-0.08384109400417374,0.11580509383456492,0.29056556580665927,0.32383405755786887,10.088323506567448,8.517816805427953,113.63321244845397,35.6463793689319,8.088323506567448,baseline,26
53.400000000000006,-6.378561621531844,-6.644743304699659,-4.080434427014552,-0.08383056464006254,0.11697303182006717,0.2899880207661498,0.32373338710877364,10.07415540172949,8.498072565529457,113.52978279856606,35.62570858775477,8.07415540172949,baseline,26
53.5,-6.386942997574806,-6.632987625896931,-4.051465275028022,-0.0837963465783483,0.1181401505269513,0.2893945635283024,0.32361726818287373,10.06001672833249,8.478341735792483,113.42630518077594,35.60493206587642,8.06001672833249,baseline,26
53.6,-6.395319934934378,-6.6211154237389565,-4.0225560126127675,-0.08374178037986821,0.11930347976419527,0.28879023159939843,0.3234900368361753,10.045906798256196,8.458624225584431,113.32278066569958,35.584057930339604,8.045906798256196,baseline,26
53.7,-6.403690525330603,-6.60912717320025,-3.9937075475172605,-0.08366940529736455,0.12046110650141512,0.2881786196829466,0.3233548583286299,10.031825073775918,8.438920023252713,113.2192102473156,35.56309350953929,8.031825073775918,baseline,26
53.800000000000004,-6.41205307841301,-6.597023507580161,-3.964920479716966,-0.08358104184702662,0.12161174782308672,0.28756229265005717,0.3232139847206144,10.017771121882852,8.419229167801051,113.1155948671335,35.54204451733534,8.017771121882852,baseline,26
53.900000000000006,-6.420406061224639,-6.58480517193675,-3.9361951889877673,-0.0834779998222736,0.12275452201064278,0.2869430864265637,0.32306900807163674,10.003744584363671,8.39955173457713,113.01193546053692,35.520915343863294,8.003744584363671,baseline,26
54.0,-6.428748052567244,-6.57247298117727,-3.9075318974792026,-0.08336123960982539,0.12388883072294676,0.28632231396583274,0.32292105246009367,9.989745148977013,8.379887817035877,112.90823297610761,35.49970944279901,7.989745148977013,baseline,26
54.1,-6.437081603799015,-6.560030315071344,-3.8789253261347767,-0.08330919419834701,0.12496422372242136,0.28580879035831075,0.3228670681481871,9.975774606232466,8.360238595372648,112.80448577322501,35.478371597826886,7.975774606232466,baseline,27
54.2,-6.445408189669251,-6.547479853965342,-3.850371432461543,-0.08322194789708863,0.12604470304336618,0.285268743152787,0.32278695078495173,9.961834135210918,8.340604906086723,112.70069383583423,35.45688954607905,7.961834135210918,baseline,27
54.300000000000004,-6.453724763356149,-6.534821237437427,-3.821872651198646,-0.08310893803050307,0.12712724293375477,0.2847065298647115,0.32268597680113364,9.947922521230238,8.320986354288948,112.59685961246306,35.43531357317478,7.947922521230238,baseline,27
54.400000000000006,-6.46202894160524,-6.52205437514931,-3.7934308888361556,-0.0829740790351583,0.12820964116036818,0.28412836013743564,0.32256989151591847,9.934038917928813,8.301382750680323,112.49298397845644,35.41364959796193,7.934038917928813,baseline,27
54.5,-6.47031867178157,-6.5091794254258275,-3.765047496133775,-0.08281994337390113,0.12928896654185554,0.2835391344810921,0.3224425850786525,9.920182617015442,8.281793955674454,112.38906810808514,35.39190006014048,7.920182617015442,baseline,27
54.6,-6.478592140134424,-6.496196794323623,-3.7367233986115025,-0.08264886973575487,0.1303631726722114,0.2829424593325098,0.32230703956148943,9.906353045723877,8.262219909062951,112.28511321872185,35.37007009378109,7.906353045723877,baseline,27
54.7,-6.486847746185958,-6.483107063919306,-3.708459213224387,-0.08246267496201454,0.13143099150727958,0.2823408977730802,0.32216545569906524,9.892549753253055,8.242660622849355,112.18112040374035,35.34816494213716,7.892549753253055,baseline,27
54.800000000000004,-6.495084040332586,-6.46991091221571,-3.6802553374363924,-0.08226266858400459,0.13249159174488045,0.28173627035970916,0.3220194009090958,9.878772355496407,8.223116137433822,112.07709066503567,35.3261889492967,7.878772355496407,baseline,27
54.900000000000006,-6.503299690783024,-6.456609088927507,-3.6521120131437783,-0.08204980215787071,0.1335444121970077,0.28112987476865847,0.3218699839230611,9.86502052465726,8.203586520980371,111.97302496288445,35.30414562720505,7.865020524657259,baseline,27
55.0,-6.5114934467710555,-6.4432023903355,-3.624029371108918,-0.08182478306338634,0.13458908345373702,0.28052263200374994,0.3217179876453888,9.851293967435323,8.184071856490586,111.86892424014201,35.28203791343648,7.851293967435323,baseline,27
55.1,-6.519666495267302,-6.429692890495062,-3.596004223683849,-0.08163564589558578,0.13560054296058344,0.2799800436386315,0.3216219998194845,9.837593621020632,8.164572816794644,111.76478672797077,35.25982640116929,7.837593621020632,baseline,27
55.2,-6.527819311246276,-6.4160824296996,-3.5680340899998555,-0.08142013971873042,0.136608303858042,0.2794223557711145,0.3215088190695055,9.823920091917524,8.145089938417081,111.66061224849969,35.23751033538577,7.823920091917524,baseline,27
55.300000000000004,-6.535949658602476,-6.402371309697628,-3.540120375837432,-0.08118628220145789,0.1376136661703974,0.27885164459154393,0.3213829074888101,9.810272605918987,8.125623093082133,111.55640332660938,35.21513216923318,7.810272605918987,baseline,27
55.400000000000006,-6.544055800419301,-6.388559806160629,-3.512264210206922,-0.08093604558348919,0.13861597801106154,0.2782713857413219,0.3212475633480374,9.796650580590955,8.106172203677719,111.45216103582793,35.19269222008421,7.7966505805909545,baseline,27
55.5,-6.552136164624244,-6.374648311175406,-3.4844663999974728,-0.08067072561620867,0.13961343079000532,0.27768453971605855,0.3211049355362208,9.783053485679188,8.086737198395546,111.34788666603171,35.170189093976674,7.783053485679188,baseline,27
55.6,-6.560189312789589,-6.360637376084924,-3.4567274942819495,-0.08039172187411799,0.1406048005096135,0.2770932979368383,0.3209567488521579,9.76948087768291,8.06731806380996,111.2435814820195,35.14762518532175,7.769480877682909,baseline,27
55.7,-6.568213931750506,-6.346527641639113,-3.429047856654506,-0.08010015782599422,0.14158939433171688,0.2764991829801859,0.3208042862239872,9.755932377920503,8.04791482137172,111.13924658717238,35.12500386083879,7.755932377920503,baseline,27
55.800000000000004,-6.576208807062358,-6.332319808192551,-3.4014277219830547,-0.07979683656531045,0.14256678900300762,0.27590324272517414,0.32064844268875736,9.742407658027204,8.028527519589938,111.03488296774859,35.10232822490578,7.742407658027204,baseline,27
55.900000000000006,-6.5841727908700705,-6.318014606833458,-3.373867237212835,-0.07948234141137263,0.14353672018054384,0.27530619461671846,0.3204898335840939,9.728906415755723,8.009156216563168,110.93049154749274,35.07960106693402,7.7289064157557235,baseline,27
56.0,-6.592104787938297,-6.303612792864442,-3.346366489538923,-0.07915709478569329,0.14449903939598083,0.2747085051495871,0.32032886358052903,9.715428372430745,7.989800982014667,110.82607321613514,35.05682494778889,7.715428372430745,baseline,27
56.1,-6.60000478150323,-6.28911526221782,-3.3189243194065057,-0.07884229235443277,0.14545111923934223,0.2741346620079451,0.32019048715708204,9.701973641237878,7.9704619594007955,110.72162599027129,35.033975029344404,7.701973641237878,baseline,28
56.2,-6.607872373890132,-6.274523074738681,-3.2915397853357717,-0.07850908855559026,0.14639216957477355,0.2735557918702745,0.3200423652649938,9.688542268241225,7.951139354844438,110.61714948237197,35.01106090521923,7.688542268241225,baseline,28
56.300000000000004,-6.615706049371511,-6.25983708165586,-3.2642133991466835,-0.07816394689457183,0.14732719818184167,0.27297170444074,0.3198881950674826,9.675133897560968,7.931833308857684,110.5126463167233,34.98811782533066,7.675133897560968,baseline,28
56.400000000000006,-6.62350462237373,-6.2450578501448035,-3.2369456389569677,-0.07780704705944319,0.14825692555548653,0.27238327812278335,0.3197291083842524,9.661748190872288,7.912543862095272,110.40811776800095,34.96514143621188,7.661748190872288,baseline,28
56.5,-6.631266923155636,-6.230185949243605,-3.2097368860268034,-0.07743847742589872,0.14918057775275906,0.27179156104093904,0.319565666519041,9.64838477911259,7.893271014406998,110.30356523770685,34.942127346854704,7.64838477911259,baseline,28
56.6,-6.638991806656122,-6.215222009457648,-3.1825874311034568,-0.07705873418970187,0.1500976811502723,0.2711973230796815,0.319398419606599,9.635043310349548,7.874014779791492,110.19899003790417,34.91907596443633,7.635043310349548,baseline,28
56.7,-6.646678179502487,-6.200166694819927,-3.155497502128128,-0.07666827995000494,0.15100805195525505,0.27060104730324,0.31922779281795577,9.6217234605535,7.854775189294133,110.09439328861987,34.895989433922956,7.6217234605535005,baseline,28
56.800000000000004,-6.654324989300221,-6.185020685195923,-3.1284672879846767,-0.07626744977331441,0.15191160426697425,0.2700030276321421,0.31905406177701945,9.608424923551052,7.835552282750444,109.98977597431993,34.87287025280751,7.608424923551052,baseline,28
56.900000000000006,-6.661931208334863,-6.169784665107727,-3.101496954797767,-0.07585649485596827,0.1528082813467409,0.269403431181381,0.3188773861412555,9.595147398503283,7.8163460996168235,109.88513900325256,34.84972105783256,7.595147398503283,baseline,28
57.0,-6.669495837762952,-6.154459319077432,-3.0745866528595798,-0.07543564510388881,0.15369806227172753,0.26880241257085435,0.3186979257890385,9.581890592469666,7.797156680449673,109.78048324029703,34.82654452366712,7.581890592469666,baseline,28
57.1,-6.677017896436155,-6.13904447760433,-3.0477368938736618,-0.07500508166474085,0.15459819613655448,0.26819254536525056,0.3185178266811812,9.568653785230794,7.777983535788351,109.67580648824135,34.80332726278854,7.568653785230794,baseline,28
57.2,-6.68449629098177,-6.123540483415127,-3.0209480638732202,-0.07456237588099002,0.1554811373131628,0.26758385483614827,0.3183316687453284,9.555436458937518,7.7588264689256805,109.57110817217362,34.78008686808787,7.555436458937518,baseline,28
57.300000000000004,-6.69193007517606,-6.107948653399944,-2.9942200982477516,-0.07411288392564017,0.15635483040672718,0.26697527055296566,0.31814359594705194,9.542238672364407,7.739685938674158,109.4663910744857,34.75685315024608,7.542238672364407,baseline,28
57.400000000000006,-6.699318520259112,-6.092269831337035,-2.96755301032681,-0.07365559817673578,0.15722103588390052,0.2663663011793543,0.3179537822878507,9.529060352563931,7.720562160960248,109.36165670773353,34.733618323843494,7.529060352563931,baseline,28
57.5,-6.706660815980285,-6.076504762284458,-2.940946835791692,-0.0731898791810211,0.15807974279586126,0.26575701305169513,0.31776210202460736,9.515901308737087,7.701455240520619,109.25690661667268,34.71037553959567,7.515901308737087,baseline,28
57.6,-6.713956117164344,-6.060654195956886,-2.9144016006030142,-0.07271573221899127,0.15893098135292424,0.2651475217173505,0.3175686426881603,9.502761320572864,7.682365261609843,109.15214219610917,34.68712312686191,7.502761320572864,baseline,28
57.7,-6.721203590277582,-6.044718872755766,-2.8879173205932602,-0.07223331162010412,0.15977486791518092,0.26453790911830943,0.31737354188023853,9.489640161944633,7.66329229910533,109.04736462185053,34.663861427554636,7.489640161944633,baseline,28
57.800000000000004,-6.728402414824814,-6.028699524700642,-2.86149400472641,-0.07174277693701692,0.16061149734348865,0.26392824650009045,0.317176919750105,9.476537603683704,7.64423642132309,108.94257491658176,34.64059136687298,7.476537603683704,baseline,28
57.900000000000006,-6.735551786608994,-6.012596875429153,-2.835131654632278,-0.07124427126061711,0.16144092398393242,0.26331859874154184,0.3169788676985445,9.463453415937016,7.625197691598299,108.83777401068642,34.61731410295027,7.463453415937016,baseline,28
58.0,-6.7426509177312255,-5.996411637403071,-2.8088302655378357,-0.07073795039200535,0.16226319029515146,0.2627090310349661,0.3167794746156277,9.450387366884284,7.606176166627927,108.73296277623403,34.594030915922566,7.450387366884284,baseline,28
58.1,-6.749698274303228,-5.980142761953175,-2.7825912702828646,-0.07020875825003957,0.16311364997959477,0.2620706698710013,0.31656968988093853,9.437337994632138,7.587170670224043,108.62813880275253,34.57073434140188,7.437337994632138,baseline,29
58.2,-6.756692391820252,-5.963789997622371,-2.7564158444292843,-0.0696731916891018,0.16394094585128216,0.2614376772416481,0.3163552535493405,9.424304299036779,7.568180571968511,108.5233013288087,34.54744567539667,7.424304299036779,baseline,29
58.300000000000004,-6.763632862363011,-5.94735514651984,-2.7303034806391224,-0.06913583676498124,0.16475543727668748,0.26080943571169674,0.3161418665625929,9.411286831887708,7.549206756864255,108.41845329687128,34.52419002536482,7.411286831887708,baseline,29
58.400000000000006,-6.770519411191344,-5.930839344859123,-2.704253758653067,-0.0685947448097699,0.16555992448164217,0.26018485734523217,0.3159295611392567,9.398285844931351,7.530249687486395,108.31359642174282,34.500956492345274,7.398285844931351,baseline,29
58.5,-6.777351598720998,-5.914243555627763,-2.6782663395861164,-0.06804863145180837,0.1663551997779325,0.25956338005402585,0.31571793899094575,9.385301386408994,7.5113096408951625,108.20873234069704,34.47773581140463,7.385301386408994,baseline,29
58.6,-6.784128897357732,-5.897568669170141,-2.6523409381043166,-0.0674969749802724,0.16714187420241416,0.25894451801542284,0.31550675294456504,9.372333410388556,7.492386814049259,108.10386247465287,34.45452407980892,7.372333410388556,baseline,29
58.7,-6.7908507394604385,-5.880815518088639,-2.626477315905504,-0.06693950400024934,0.1679204724898738,0.25832780538999917,0.3152957933665388,9.359381817961522,7.473481355942897,107.99898799449521,34.431319712364306,7.359381817961522,baseline,29
58.800000000000004,-6.797516535036266,-5.863984892144799,-2.6006752783432603,-0.06637603832509788,0.16869138791127955,0.25771282549318286,0.31508485086218974,9.346446477821381,7.4545933861319424,107.89410989696995,34.4081220178553,7.346446477821381,baseline,29
58.900000000000006,-6.804125678259879,-5.847077544778585,-2.5749346705852076,-0.06580646397814333,0.16945491117988642,0.25709921720647183,0.3148737288381971,9.333527233473484,7.43572300105591,107.78922906869818,34.38493084298415,7.333527233473484,baseline,29
59.0,-6.810677555389702,-5.830094204284251,-2.549255370395258,-0.0652307181008358,0.17021126834085087,0.25648666641307,0.3146622514726565,9.32062391354822,7.41687028371595,107.68434632281559,34.3617464136241,7.32062391354822,baseline,29
59.1,-6.817170238588005,-5.813033198006451,-2.5236397228436545,-0.06462258130237811,0.1710080789664789,0.25582611021089563,0.3144309777226558,9.3077345510994,7.398033592935458,107.5794589567271,34.338566535086066,7.307734551099401,baseline,29
59.2,-6.823601997457445,-5.79589385446161,-2.4980896845227107,-0.06401223771791002,0.17177806848592178,0.2551745104193013,0.31419627966947405,9.294857818375162,7.379212009358803,107.4745659568008,34.315415655084266,7.294857818375162,baseline,29
59.300000000000004,-6.829972800333053,-5.778678249567747,-2.4726043997798115,-0.06340348162423451,0.1725332934619035,0.2545310489512781,0.31396463768253247,9.28199457461203,7.360406679058491,107.3696703711048,34.29231502904581,7.28199457461203,baseline,29
59.400000000000006,-6.836282671429217,-5.761387688107789,-2.4471831512637436,-0.06279358829763573,0.1732772390427736,0.25389380203555656,0.3137357152344149,9.269145280563496,7.341618227858028,107.26477404703849,34.26925192184079,7.269145280563496,baseline,29
59.5,-6.842531404457986,-5.744023227132857,-2.4218253830913454,-0.062180752730475373,0.17401125910267565,0.25326146130054716,0.31350874323488265,9.256310120184018,7.322847029282611,107.15987864707584,34.246215913747825,7.256310120184018,baseline,29
59.6,-6.848718659952283,-5.72658581007272,-2.396530660800636,-0.06156402023851872,0.1747363678328808,0.2526328824615917,0.31328309902101165,9.2434891427135,7.3040933435813,107.05498555907698,34.223202120189896,7.2434891427135,baseline,29
59.7,-6.85484401602298,-5.709076289087534,-2.3712986608734354,-0.06094276620444824,0.17545336619512364,0.2520070267855131,0.3130582150513296,9.230682309433453,7.285357355789063,106.95009589851286,34.20020824690552,7.230682309433453,baseline,29
59.800000000000004,-6.860906996298581,-5.691495444625616,-2.3461291559506208,-0.06031652704478269,0.1761628445989709,0.25138298141539583,0.31283355733878426,9.217889521167768,7.266639198877501,106.84521059418367,34.17723317275318,7.217889521167768,baseline,29
59.900000000000006,-6.866907085292041,-5.67384400498122,-2.321022004354745,-0.05968495906596547,0.17686523798864381,0.25075995849945154,0.3126086427694094,9.205110637879063,7.247938972138358,106.74033045397734,34.15427657747296,7.205110637879063,baseline,29
60.0,-6.872843741904944,-5.656122663989663,-2.2959771354217082,-0.05904785191380699,0.17756090082242437,0.25013734626381345,0.31238312104274873,9.19234549487337,7.229256756104951,106.63545620169207,34.131338753288375,7.19234549487337,baseline,29
60.1,-6.878714783582836,-5.638329292647541,-2.270997630432248,-0.05837262727756722,0.17830567081533014,0.24945259500847494,0.31213278106705306,9.179591740575246,7.210590532136758,106.5305848173917,34.10842141788354,7.179591740575246,baseline,30
60.2,-6.884518296457827,-5.620462890714407,-2.246086133411154,-0.05769731516577447,0.17902157436109062,0.2487772144613029,0.3118778714484042,9.166847778754821,7.191939127948403,106.42571499161657,34.085551387346705,7.166847778754821,baseline,30
60.300000000000004,-6.890254435129464,-5.60252567846328,-2.221241740277037,-0.057025165590353616,0.17972186659785083,0.24811054019138407,0.3116258317246556,9.154114650112847,7.173303870367813,106.32084978068812,34.062748345196816,7.154114650112847,baseline,30
60.400000000000006,-6.895923357922584,-5.5845190258696675,-2.196463697589934,-0.05635298520896091,0.18041042186993442,0.24745021978290874,0.31137628447243526,9.141392918121015,7.15468548127292,106.21599102086454,34.039999986669436,7.141392918121015,baseline,30
60.5,-6.90152495726943,-5.566444020718336,-2.171751450980082,-0.05567872125997797,0.18108890621050877,0.2467946209772241,0.3111284250867421,9.128682825930465,7.136084388011485,106.11114023530361,34.01729685332106,7.128682825930465,baseline,30
60.6,-6.907058970537037,-5.548301611095667,-2.147104595787823,-0.05500125764122809,0.18175851267791399,0.24614240343933746,0.31088161419404936,9.115984452346115,7.117500875461407,106.00629861680632,33.994634944247466,7.115984452346115,baseline,30
60.7,-6.912525042425841,-5.530092642642558,-2.1225228493567556,-0.05431989450290493,0.1824201144948241,0.24549245573991427,0.3106353085795709,9.10329777302793,7.0989351377414485,105.90146709186727,33.972012707420184,7.103297773027929,baseline,30
60.800000000000004,-6.91792275942862,-5.511817881837487,-2.0980060286819935,-0.053634168179936575,0.1830743128963573,0.24484389737148418,0.31038904961174923,9.090622693982517,7.080387306339834,105.79664643564087,33.94942959116811,7.090622693982517,baseline,30
60.900000000000006,-6.923251670785248,-5.493478054180741,-2.073554027825594,-0.05294378893393437,0.183721518655401,0.2441960561726972,0.3101424754109423,9.077959084238477,7.0618574830136875,105.69183734759784,33.92688563774866,7.077959084238477,baseline,30
61.0,-6.928511303383857,-5.475073838606477,-2.0491667999885976,-0.052248594690466686,0.18436201774709035,0.24354843149587574,0.3098953173557296,9.065306778785065,7.043345737160948,105.5870404883525,33.90438120805779,7.0653067787850645,baseline,30
61.1,-6.933699327521026,-5.45660260040313,-2.024847629945725,-0.0515116012932743,0.18506183579531835,0.24283481964663983,0.3096289356125275,9.052662935716128,7.02484948326741,105.48225264456366,33.881918276928424,7.052662935716128,baseline,30
61.2,-6.938813752494752,-5.438062989152968,-2.0005994704551995,-0.05077661561926543,0.1857294978836483,0.24212824602952204,0.3093538404532769,9.040025641943238,7.00636718221524,105.37747237273014,33.85952314894853,7.040025641943238,baseline,30
61.300000000000004,-6.943854925688356,-5.419457495212555,-1.9764215594623238,-0.05004657258844035,0.18637951710197131,0.24142988320869657,0.3090798801753018,9.027396244329228,6.98790050000709,105.2727029276384,33.83721467092712,7.027396244329228,baseline,30
61.400000000000006,-6.948823172599077,-5.400787661783397,-1.9523131428286433,-0.04931812094539093,0.18701631224197948,0.240738354593125,0.3088079232636024,9.014775507985938,6.969450367409806,105.16794644691537,33.81498021542025,7.014775507985938,baseline,30
61.5,-6.953718550503254,-5.3820547061041,-1.9282735909800977,-0.048589182867976276,0.18764195253965432,0.2400526304978015,0.3085379659840674,9.002163827701741,6.951017355593505,105.06320471701935,33.79280953754683,7.002163827701741,baseline,30
61.6,-6.95854095229879,-5.363259670324624,-1.9043023709673434,-0.047858608828817345,0.18825788930129098,0.2393717061328473,0.3082698379993688,8.989561390647589,6.932601840754238,104.95847916656692,33.770697215450284,6.989561390647589,baseline,30
61.7,-6.963290177285671,-5.34440347738564,-1.8803990525193512,-0.04712565145671488,0.1888651614481703,0.23869460737268844,0.3080032334617043,8.976968264335712,6.914204086890731,104.85377093208918,33.74864003619227,6.976968264335712,baseline,30
61.800000000000004,-6.967966421507299,-5.325486745685339,-1.8565629257354885,-0.046398978469606174,0.18946860872855886,0.23802789033256305,0.3077474540475183,8.964384587183828,6.89582427980116,104.74908128735066,33.72663083339696,6.964384587183828,baseline,30
61.900000000000006,-6.972569807898253,-5.306510042399168,-1.832793417852372,-0.04566851616800128,0.19006465060616248,0.23736222402646676,0.3074914798393936,8.951810446419232,6.877462571416217,104.64441125920108,33.704663846259734,6.951810446419232,baseline,30
62.0,-6.977099958341569,-5.287474109791219,-1.8090904254931957,-0.044934267838417224,0.19065321481635472,0.23669757825002669,0.30723521981604457,8.939245743238828,6.859119091251012,104.53976137368394,33.682739044987464,6.939245743238828,baseline,30
62.1,-6.9815543605946,-5.268375881947577,-1.785457476042211,-0.044153512490654,0.1913103848440194,0.23596125702764784,0.3069640220489966,8.926687186307102,6.840790740741293,104.435128027896,33.660858856410634,6.9266871863071025,baseline,31
62.2,-6.985930945258588,-5.249213716946542,-1.7618977858219296,-0.04337792284258078,0.1919319792742512,0.23523242895833613,0.30668195984098434,8.914132578427667,6.822475647023884,104.33050950554488,33.63904879592027,6.914132578427667,baseline,31
62.300000000000004,-6.990230321884155,-5.229990393854678,-1.7384105247911066,-0.042609393450331066,0.19253353525141648,0.23451271022878625,0.3063999573522559,8.90158360211852,6.804175827695844,104.22590918253329,33.61732593910287,6.901583602118521,baseline,31
62.400000000000006,-6.994452993851155,-5.2107076570391655,-1.714994865236804,-0.041843808004320804,0.1931203115232419,0.23380042210057553,0.3061192518701556,8.889041250782256,6.785892453834031,104.12132926619897,33.59567779722353,6.889041250782256,baseline,31
62.5,-6.998599115759134,-5.191366843879223,-1.6916501536034048,-0.04107842180188519,0.19369508918818745,0.23309375065638455,0.3058396980583362,8.87650604309035,6.767626233655688,104.01677151656011,33.57409476469513,6.87650604309035,baseline,31
62.6,-7.002668619155884,-5.17196905054152,-1.6683759309817106,-0.040311446328745754,0.19425985018666694,0.23239065619324908,0.30556066367513757,8.863978220672083,6.749377614388878,103.91223729163073,33.55257225808921,6.863978220672083,baseline,31
62.7,-7.006661282386631,-5.15251521486789,-1.6451719356700778,-0.03954162438744591,0.19481598940868797,0.23168921423836722,0.3052813485669832,8.851457849611972,6.731146883640084,103.80772763645953,33.53110833190353,6.851457849611972,baseline,31
62.800000000000004,-7.010576780885458,-5.133006150834262,-1.6220380761660635,-0.03876813131091014,0.19536441743452135,0.23098795027093036,0.3050010766788138,8.838944872875109,6.712934215409267,103.703243365103,33.50970253902143,6.838944872875109,baseline,31
62.900000000000006,-7.014414721634239,-5.113442601636052,-1.5989743792451918,-0.03799051227419091,0.19590567990519916,0.23028595873850036,0.3047194401971822,8.826439157032024,6.694739715850253,103.59878507630378,33.488355685771424,6.8264391570320235,baseline,31
63.0,-7.018174685072154,-5.09382526949048,-1.575980939436704,-0.037208571879418374,0.1964400705824465,0.2295828108158366,0.3044362760477841,8.813940532347333,6.676563457147866,103.49435317612156,33.4670695194305,6.813940532347333,baseline,31
63.1,-7.021854150108993,-5.074150746688247,-1.553061163984239,-0.03638049583515434,0.19704933198099206,0.2288125461865665,0.304149898904712,8.80144536338185,6.658401879125494,103.38994365351236,33.445845808972926,6.80144536338185,baseline,31
63.2,-7.025451078545302,-5.054417157545686,-1.5302183323074132,-0.035557860772082575,0.19762140541765,0.22804400721150664,0.30384642595728467,8.78895123459308,6.640252806390991,103.28555444243732,33.424708984535016,6.78895123459308,baseline,31
63.300000000000004,-7.0289660934358835,-5.034627420827746,-1.5074520919006318,-0.0347422534854695,0.19817231091044904,0.22728073102306517,0.30353882730750475,8.776459959379837,6.622118456957883,103.1811889198819,33.40367843647326,6.776459959379837,baseline,31
63.400000000000006,-7.032399701885879,-5.014783378690481,-1.4847619161009789,-0.033929738378719015,0.1987075382520433,0.22652272060662723,0.3032300378518983,8.763972606631011,6.604000124050839,103.0768493708873,33.38274455131233,6.763972606631011,baseline,31
63.5,-7.035752096911892,-4.994886455126107,-1.4621472854632884,-0.033118002729812204,0.1992299509572812,0.22576983680138826,0.3029214331680378,8.751489756218081,6.585898600169808,102.97253761680015,33.3618994804033,6.751489756218081,baseline,31
63.6,-7.0390232927165926,-4.974937833845615,-1.4396077110432088,-0.0323057516467522,0.19974146900981093,0.22502164237359834,0.3026137068411979,8.739011713445079,6.567814398369579,102.86825508448008,33.34113894976745,6.739011713445079,baseline,31
63.7,-7.042213196167722,-4.954938541166484,-1.4171427516266704,-0.03149216343656991,0.20024339419056067,0.2242775135569846,0.30230708950035445,8.726538616513643,6.549747861444556,102.76400291806861,33.320460150631845,6.726538616513643,baseline,31
63.800000000000004,-7.045321645215154,-4.934889491647482,-1.394752040039748,-0.03067666587640172,0.20073661306094703,0.22353671098353448,0.30200150133701154,8.714070497333893,6.531699224643923,102.65978208684386,33.29986097747858,6.714070497333893,baseline,31
63.900000000000006,-7.048348426353186,-4.914791524410248,-1.3724352868739516,-0.029858814749941332,0.20122176347000859,0.2227983669373892,0.3016966344230888,8.701607316142635,6.513668653395559,102.55559345017006,33.27933988565905,6.701607316142635,baseline,31
64.0,-7.051293283933774,-4.894645418971777,-1.3501922965515405,-0.029038203359923926,0.2016993454590442,0.2220614312517524,0.30139197478127366,8.68914897968599,6.495656263040358,102.4514377933542,33.25889587862211,6.68914897968599,baseline,31
64.10000000000001,-7.05415346683003,-4.874447077512741,-1.3280262909829617,-0.028165252868985597,0.2022663765299598,0.22125852194174078,0.301098492317011,8.676691147816927,6.477657637883034,102.34731133489849,33.23852630597641,6.676691147816927,baseline,32
64.2,-7.056926861405373,-4.8541941763833165,-1.3059405330568552,-0.027302473919569043,0.20279056108106405,0.22045653957655129,0.3007831820228136,8.664230981751308,6.45967006407502,102.24321224336603,33.21825114228449,6.664230981751308,baseline,32
64.3,-7.059614464407787,-4.833890090696514,-1.283934764796868,-0.026449444064253286,0.20329007243477967,0.21965875579728766,0.300460306264003,8.651770817310384,6.441696320754096,102.13914429595037,33.19808848682284,6.651770817310384,baseline,32
64.4,-7.062216977821663,-4.813536938279867,-1.2620086204260588,-0.025600694088598035,0.20377195314911922,0.218864093599287,0.30013313028564886,8.639312024463923,6.423738038643618,102.03511005252255,33.1780296933366,6.639312024463923,baseline,32
64.5,-7.064734667306766,-4.793136283755302,-1.24016183312051,-0.024752980147512166,0.20424003521305917,0.21807164010069716,0.2998031724752471,8.626855320823832,6.405796181786138,101.93111147510228,33.15806861999694,6.626855320823832,baseline,32
64.60000000000001,-7.0671675484627485,-4.772689391858876,-1.218394212424755,-0.02390453757943217,0.2046967487772078,0.2172807318084732,0.2994713714064693,8.614401061366793,6.387871347741818,101.82715006879945,33.138202835406375,6.614401061366793,baseline,32
64.7,-7.0695155006833375,-4.752197320573032,-1.1967056281864643,-0.023054403032256747,0.20514361328420136,0.21649096766836148,0.2991383403250998,8.601949380727408,6.369963904489304,101.7232270346516,33.11843126949539,6.601949380727408,baseline,32
64.8,-7.071778328623623,-4.7316610077396035,-1.175095974933356,-0.02220206027031304,0.20558157279335076,0.21570209641505753,0.29880446608155836,8.589500286492727,6.35207408646317,101.61934339469025,33.09875330796149,6.5895002864927275,baseline,32
64.9,-7.073955798055977,-4.711081312969327,-1.1535651762969792,-0.02134723876835816,0.2060112330639895,0.21491389713749046,0.29846995817737254,8.577053712448327,6.334202049026206,101.51550006504431,33.07916859766644,6.577053712448327,baseline,32
65.0,-7.076047653798014,-4.690459046512842,-1.1321131768636405,-0.020489789098125027,0.20643300715451718,0.21412609705094762,0.2981348744082356,8.564609548079984,6.316347899559899,101.4116978954375,33.05967694748279,6.564609548079984,baseline,32
65.10000000000001,-7.078051005257294,-4.669789579696953,-1.110742934513837,-0.019577073847372114,0.20695511271458175,0.21327859773734106,0.29782787101266606,8.55216292046886,6.298506536211476,101.3079329657485,33.04027226083134,6.552162920468859,baseline,32
65.2,-7.079963740194216,-4.6490702563896775,-1.0894576003775,-0.018677491205142862,0.20743015454347583,0.2124280003787539,0.2974924755965507,8.539710690318048,6.280674823071727,101.20420339538065,33.02097065782441,6.5397106903180475,baseline,32
65.3,-7.081787106348202,-4.628304819576442,-1.0682571954093874,-0.017789735610853796,0.20787738645250103,0.2115800504421549,0.2971457558783759,8.527255570117392,6.262855971520412,101.10051318975857,33.00179096111527,6.527255570117392,baseline,32
65.4,-7.083521987078711,-4.607495652511716,-1.0471414462663233,-0.01690780400318788,0.20830480153428257,0.21073490758488708,0.2967927988568085,8.514799183646707,6.245051898532017,100.99686505768433,32.98272616698205,6.514799183646707,baseline,32
65.5,-7.085168779129162,-4.586644507013261,-1.0261101061478257,-0.01602796591207084,0.20871693097923072,0.2098918806617504,0.29643591978097716,8.502342407383994,6.227263744023154,100.89326099428995,32.963771559952015,6.502342407383994,baseline,32
65.60000000000001,-7.086727575864643,-4.56575276888907,-1.0051630223169923,-0.015147917592733881,0.2091166709490029,0.20904980701447268,0.29607611063538725,8.489885675471255,6.209492195613434,100.78970242885642,32.944926109283436,6.489885675471255,baseline,32
65.7,-7.088198284851387,-4.544821587391198,-0.9843001500703394,-0.014266218556215036,0.2095058108165746,0.2082076520111327,0.295713773966978,8.477429148746435,6.191737661021126,100.68619037578057,32.92619067158545,6.477429148746435,baseline,32
65.8,-7.089580700034276,-4.523851968348026,-0.9635215285234153,-0.013382040092902156,0.20988541142258668,0.20736479166974325,0.29534915227457914,8.464972821560204,6.174000378162221,100.58272560213723,32.90756715383466,6.464972821560204,baseline,32
65.9,-7.090874552493915,-4.502844832837582,-0.9428272438235581,-0.012494979290242797,0.21025611042253556,0.20652094100405757,0.2949824665139921,8.45251659090438,6.156280484558051,100.47930878138598,32.88905791883592,6.452516590904381,baseline,32
66.0,-7.092079547001049,-4.4818010507151484,-0.9222174012102187,-0.011604879066255838,0.21061832354888116,0.20567593587065097,0.29461388634779545,8.440060301578239,6.138578061104269,100.37594059490655,32.870665270162256,6.440060301578239,baseline,32
66.10000000000001,-7.0931924832984805,-4.460715349763632,-0.9016946749761701,-0.010653731669121936,0.21109441688820674,0.20477842234323795,0.2942933181321574,8.427598372230332,6.120887143529805,100.27261691305924,32.852380049325674,6.427598372230332,baseline,33
66.2,-7.09421113692224,-4.439584672451019,-0.8812621184624732,-0.009719270960931179,0.21151785865949427,0.2038726185664272,0.2939359000888488,8.415127250406291,6.10320406172013,100.16933576316448,32.83421501718839,6.415127250406291,baseline,33
66.3,-7.095137022435665,-4.418413238599896,-0.8609201884828508,-0.008798392232164722,0.21190953117152325,0.20296594065754764,0.2935612954294366,8.402650087032628,6.085532544526848,100.06610129734301,32.81619164322133,6.402650087032628,baseline,33
66.4,-7.09597114729695,-4.39720375649631,-0.8406689260154963,-0.007884083636686592,0.212278832792268,0.20205930271824804,0.2931764373912449,8.390168749350881,6.067874814035174,99.96291641078957,32.798306282042205,6.390168749350881,baseline,33
66.5,-7.096713957609609,-4.375958193093538,-0.8205083329230547,-0.00697211454464804,0.21263114558046803,0.20115255511445465,0.2927848440086331,8.377684228247665,6.050232167658694,99.8597833117745,32.78055681338912,6.377684228247665,baseline,33
66.60000000000001,-7.097365563269705,-4.3546780832111835,-0.8004384553059936,-0.006060009815002631,0.21296980486800798,0.2002450273336795,0.2923883247948546,8.365197001136265,6.032605364865245,99.75670373366171,32.76294361331898,6.365197001136265,baseline,33
66.7,-7.097925879992545,-4.333364685066044,-0.7804593988694251,-0.005146342350227561,0.2132968539680036,0.19933613542897183,0.29198788954336957,8.352707235676892,6.014994836653964,99.65367912458439,32.74546788120127,6.352707235676892,baseline,33
66.8,-7.098394713830203,-4.312019100412726,-0.7605713168159127,-0.00423035269235848,0.21361353037520486,0.19842555120188582,0.29158418272092973,8.340214923107187,5.997400827078228,99.55071077772632,32.728131149071025,6.340214923107187,baseline,33
66.9,-7.0987718119286,-4.290642332285643,-0.7407743940129876,-0.003311640130454601,0.2139205266788838,0.19751296043935182,0.2911774857993688,8.327719949917801,5.979823466682553,99.44779990271448,32.71093508758017,6.327719949917801,baseline,33
67.0,-7.099056889070198,-4.269235328771174,-0.7210688558407128,-0.0023899496921563094,0.21421827842439914,0.19659785166890756,0.2907677732340264,8.315222143848375,5.962262822714644,99.34494766384917,32.693881547704144,6.315222143848375,baseline,33
67.10000000000001,-7.09924631845206,-4.247791973873973,-0.701457038987428,-0.0013985482449982167,0.2146473696365637,0.19563831660360415,0.29043037057542936,8.302715033102622,5.944711852579225,99.24215021205083,32.67695492336466,6.302715033102622,baseline,33
67.2,-7.0993376900441945,-4.226308693177998,-0.6819418864324689,-0.00042885720551726975,0.2150168247543654,0.19466465513884187,0.290046111517249,8.290194541974575,5.927166220338338,99.13940584993938,32.6601626684448,6.290194541974575,baseline,33
67.3,-7.099332896526903,-4.204790296964347,-0.6625243872404099,0.0005247076745917652,0.21534964334241105,0.19368531829317973,0.2896372675057161,8.27766437957247,5.909630293147064,99.03671911333481,32.643529078762796,6.277664379572469,baseline,33
67.4,-7.099233141634613,-4.1832399209961295,-0.6432050382718444,0.0014703450279371806,0.21565646277330602,0.1927016703020286,0.28921238837156893,8.265126747797474,5.892106695176995,98.93409317970203,32.627054389060774,6.265126747797474,baseline,33
67.5,-7.099038947373629,-4.161659790202975,-0.6239841976203024,0.002413483321600528,0.2159447200365071,0.19171517096659443,0.2887778623650705,8.252582775386127,5.8745969036486265,98.83153047238692,32.61073963839207,6.252582775386127,baseline,33
67.60000000000001,-7.098750464385375,-4.140051597729325,-0.6048621376976371,0.0033561014899036092,0.21621770413874092,0.19072609898280396,0.2883362686750263,8.240032984951752,5.857101741201072,98.7290329285808,32.59458715663408,6.2400329849517515,baseline,33
67.7,-7.098367664264515,-4.1184167535975575,-0.5858391216024756,0.0042998054084993995,0.21647775799264582,0.18973426950684044,0.2878892166396092,8.227477592177877,5.83962169529859,98.6266022052288,32.57859954375065,6.227477592177877,baseline,33
67.8,-7.09789038868621,-4.096756476908922,-0.5669154562056065,0.005245604500645775,0.21672633339838782,0.18873911095708043,0.2874374226849306,8.214916599417434,5.822157023240341,98.52423981094348,32.56277954625311,6.214916599417434,baseline,33
67.9,-7.097318395040929,-4.075071870349348,-0.5480915154330432,0.0061941620969603985,0.21696435098465963,0.18773977638544181,0.286981046202591,8.202349874175606,5.804707838310469,98.42194717922716,32.54713015989549,6.2023498741756065,baseline,33
68.0,-7.096651386702433,-4.053363959304988,-0.5293677602894604,0.0071458902571051326,0.21719239288976092,0.18673541285413237,0.2865200057422695,8.189777195785735,5.787274159429244,98.31972570762464,32.53165468705523,6.1897771957857355,baseline,33
68.10000000000001,-7.095885285874829,-4.031625855714083,-0.5107462820596993,0.008176158333476628,0.2175680942060962,0.18569398411691787,0.28615551876345313,8.177191253443631,5.76984792521831,98.21757165615585,32.516332437786765,6.177191253443631,baseline,34
68.2,-7.095017448300496,-4.009853427298367,-0.4922299450263381,0.00918055291316983,0.21787886756160865,0.1846326831417041,0.28573538661815306,8.16458740040705,5.752424074169306,98.1154835119979,32.501165937550134,6.164587400407051,baseline,34
68.3,-7.094050148501992,-3.9880519937723875,-0.4738201918080449,0.010165348086573621,0.2181482150317301,0.18356239116688972,0.2852842958772133,8.151969810337748,5.7350074888918945,98.01346615348496,32.48618214262594,6.151969810337748,baseline,34
68.4,-7.0929848628584296,-3.9662250792607665,-0.455517812166363,0.01114024785214838,0.21838851627181585,0.18248522852838225,0.284813110289306,8.139341012716983,5.717601152943963,97.91152301247419,32.47138447420249,6.139341012716983,baseline,34
68.5,-7.091822294984013,-3.9443752262741327,-0.43732344824820757,0.012110971100983798,0.21860694975394357,0.18140211715149948,0.28432798351336863,8.126702356286042,5.700206787280708,97.80965667868419,32.45677724157999,6.126702356286042,baseline,34
68.60000000000001,-7.0905626937747,-3.9225044017657638,-0.41923768632113934,0.01308089423668812,0.2188079316968094,0.180313197954348,0.2838324684104884,8.114054494138749,5.6828253687056955,97.70786918586433,32.442366116059745,6.114054494138749,baseline,34
68.7,-7.0892060389742255,-3.9006142178550363,-0.40126111544668674,0.014052027770050575,0.2189941405455999,0.17921830948634124,0.2833285999204779,8.101397658572932,5.665457420940135,97.60616223486116,32.42815708921019,6.101397658572932,baseline,34
68.8,-7.087752149673179,-3.8787060705944896,-0.38339435076341033,0.015025574541360654,0.21916719277958463,0.17811708924807484,0.2828174742893166,8.088731825537339,5.648103190224266,97.5045373543164,32.41415626849091,6.088731825537339,baseline,34
68.9,-7.0862007471732795,-3.8567812256515026,-0.3656380553729832,0.016002276444602066,0.21932806973818447,0.17700893735464657,0.2822995553129841,8.0760568125363,5.630762750842403,97.40299601605683,32.4003698781205,6.076056812536301,baseline,34
69.0,-7.084551493637264,-3.834840870462358,-0.34799295850098133,0.01698258739546899,0.2194773653831647,0.1758931403872098,0.28177494392769314,8.063372338354018,5.613436069388264,97.30153971303334,32.386804228392776,6.063372338354018,baseline,34
69.10000000000001,-7.082799618598074,-3.812877203337848,-0.3304609074257314,0.018054883771013948,0.21979419366839206,0.17474772764579088,0.28137561144436624,8.050669997974275,5.5961138037654905,97.2001648643289,32.37343331400452,6.050669997974275,baseline,34
69.2,-7.08094213437289,-3.790885491296649,-0.31304468819871545,0.0190946740817313,0.2200382531419421,0.17357657730524825,0.28090971434439527,8.037944469531384,5.57879005600971,97.09887019628121,32.360254823852756,6.037944469531384,baseline,34
69.3,-7.078981828643009,-3.768871769309044,-0.2957462561316788,0.020111266998085228,0.2202344238892665,0.17239208780596982,0.28040452290254986,8.025200557728667,5.561470400884145,96.9976608949179,32.3473001307429,6.025200557728667,baseline,34
69.4,-7.076920450432226,-3.7468401193618774,-0.27856682194396853,0.02111608404072859,0.22039678108495966,0.1711966591362842,0.27987305375339694,8.012441164594817,5.544158251123447,96.89654074281246,32.334577477906095,6.012441164594817,baseline,34
69.5,-7.074758841190487,-3.72479350771755,-0.2615074161440134,0.022115862179603544,0.22053362476260502,0.16999156822541062,0.27932297484921487,7.9996678346563925,5.526855563310224,96.79551273252352,32.32209537371592,5.9996678346563925,baseline,34
69.60000000000001,-7.072497306857258,-3.702734235674143,-0.24456897797062993,0.023114559399589115,0.22065005611178987,0.1687772873162206,0.2787588614415607,7.986881303770711,5.50956342366422,96.69457938837229,32.30986269554431,5.986881303770711,baseline,34
69.7,-7.070135838119313,-3.680664182640612,-0.22775243176147342,0.02411453220899845,0.22074917499304564,0.167553768435046,0.27818334644718423,7.974081813287711,5.492282379511268,96.59374300443181,32.29788783496132,5.974081813287711,baseline,34
69.8,-7.067674238234758,-3.658584989607334,-0.21105871861800551,0.025117176863541348,0.22083285224528407,0.16632064669337196,0.2775978723277312,7.961269311277696,5.475012659098013,96.49300578138718,32.28617889815231,5.961269311277696,baseline,34
69.9,-7.065112198935822,-3.636498144827783,-0.19448882155120373,0.02612328918829125,0.22090220887392853,0.16507745480308522,0.2770032097425235,7.9484435610121835,5.4577542862409185,96.39236989617372,32.27474384539381,5.9484435610121835,baseline,34
70.0,-7.0624493532814085,-3.614405045285821,-0.1780437733978033,0.027133298342460355,0.2209579105587585,0.16382368805774505,0.2763997374931363,7.935604216712065,5.440507160606432,96.29183753744893,32.263590585824474,5.935604216712065,baseline,34
70.10000000000001,-7.059680258156732,-3.592297038063407,-0.1617252640426159,0.028248475224688596,0.22120021561606296,0.16254634505863702,0.27595076740794555,7.922741849771244,5.423260722957757,96.19140581137762,32.25268598742077,5.922741849771244,baseline,35
70.2,-7.05680144764483,-3.570168669335544,-0.14553607162088156,0.02932751891743387,0.22136509155940112,0.16123746723844914,0.27542717362022295,7.9098502986548445,5.406008052274909,96.09107410417425,32.242021468442275,5.9098502986548445,baseline,35
70.3,-7.0538160901051015,-3.5480265421792865,-0.12947863107547164,0.030379352115154325,0.22147542210003365,0.159911408001265,0.2748561915589162,7.896934752987358,5.388755139390627,95.99084817525687,32.23163228663031,5.896934752987358,baseline,35
70.4,-7.050726281944662,-3.5258753607049584,-0.11355453310534358,0.031416485635940204,0.22154617091965975,0.15857065888740599,0.27425235692489935,7.883998528292627,5.3715058505462245,95.89073230963224,32.22153123047413,5.883998528292627,baseline,35
70.5,-7.047533104894683,-3.5037186201661825,-0.097765170969069,0.032446696392453275,0.22158662453360473,0.15721673656278884,0.2736247842108498,7.871043454494475,5.354262454640435,95.79072997277663,32.21173119162656,5.871043454494475,baseline,35
70.60000000000001,-7.044237015536055,-3.481559054926038,-0.08211182663217187,0.03347470200014821,0.2216026139287387,0.15585032131457785,0.2729791142704978,7.858070433386218,5.337026217177721,95.69084416623696,32.20224482212691,5.858070433386218,baseline,35
70.7,-7.040838092099875,-3.4593989346176386,-0.06659574061632156,0.03450335108587799,0.22159770650008423,0.1544715830631014,0.2723187373947549,7.845079796959779,5.319797784509037,95.59107767938502,32.19308396726891,5.845079796959779,baseline,35
70.8,-7.0373361862730235,-3.4372402438893914,-0.05121815064921975,0.03553432773651197,0.22157404511830595,0.1530804122758167,0.2716456488521562,7.83207152621811,5.30257741802591,95.49143322912722,32.18425985947352,5.83207152621811,baseline,35
70.9,-7.033731017727405,-3.415084789507091,-0.03598031308501959,0.03656858887462653,0.22153289609164925,0.1516765709594332,0.27096100811933604,7.819045384968231,5.285365136471515,95.39191352955932,32.175783340156876,5.819045384968231,baseline,35
71.0,-7.030022232444026,-3.3929342897608876,-0.02088350895792246,0.0376066436535922,0.22147498916236383,0.15025975117009635,0.270265468184629,7.806001012313469,5.268160818499635,95.29252132641417,32.167665137094474,5.806001012313469,baseline,35
71.10000000000001,-7.026204283698462,-3.3707799715921283,-0.005929405800998211,0.038752072642009416,0.221609085803309,0.14882222989556967,0.2697412948655058,7.792928808285265,5.250953599948454,95.19325439232274,32.15986790208771,5.792928808285265,baseline,35
71.2,-7.022273387294263,-3.348615910857916,0.008879182394593954,0.039865509759285274,0.2216697974796783,0.14734954636527323,0.26914428620556125,7.7798220342262345,5.23373581301793,95.09411279158168,32.15237792351046,5.7798220342262345,baseline,35
71.3,-7.018232500297017,-3.3264486314728856,0.023539571557193995,0.04095181454326887,0.22167347903709392,0.14585835751464984,0.26849737965139736,7.766685395809609,5.216512919153958,94.99510283557434,32.14523223921697,5.766685395809609,baseline,35
71.4,-7.0140838044462726,-3.3042832082137465,0.03805001359432936,0.04202163534317954,0.22163270018367875,0.14435065521554488,0.2678133366521927,7.753522227956361,5.199288808359824,94.8962293292177,32.1384471275234,5.753522227956361,baseline,35
71.5,-7.009828579495661,-3.282123651355505,0.05240893317386508,0.043082354220974894,0.22155610292711336,0.14282794992537742,0.2671011405242541,7.740334558207272,5.1820659582838005,94.79749625448682,32.13203962409682,5.740334558207272,baseline,35
71.60000000000001,-7.005467492504977,-3.2599732484668493,0.06661487463861704,0.044138845726587515,0.2214496247489413,0.14129114256956543,0.26636696674350535,7.7271235211291005,5.164845879187173,94.69890713814917,32.12602640082292,5.7271235211291005,baseline,35
71.7,-7.001000808784738,-3.237834789790213,0.08066645497456193,0.04519425779126601,0.22131717564935768,0.13974074632600544,0.26561492683669163,7.713889649686373,5.147629422834371,94.6004652980097,32.120422904206976,5.713889649686373,baseline,35
71.8,-6.996428537997417,-3.2157107470557094,0.0945623298175633,0.04625055911315611,0.2211612717651294,0.1381770555746523,0.26484773179004106,7.700633086328343,5.13041701056262,94.50217396524262,32.11524369992094,5.700633086328343,baseline,35
71.9,-6.991750532062724,-3.19360338896513,0.10830117901787162,0.04730893604241573,0.22098350688068014,0.13660025015070285,0.2640671772181912,7.687353722444779,5.113208783299315,94.40403633797581,32.11050280406375,5.687353722444779,baseline,35
72.0,-6.986966549186036,-3.1715148482471704,0.12188169732689857,0.04837007025809683,0.2207848792476284,0.1350104581381797,0.26327447731947784,7.674051286005338,5.0960046943781325,94.30605561416104,32.106213822289185,5.674051286005338,baseline,35
72.10000000000001,-6.982070949743502,-3.1494363313540816,0.13530241092666984,0.04954150327544867,0.22078290467039938,0.13340382634360945,0.26267095847201277,7.660716069331102,5.078793655627952,94.20823030229549,32.102335156862054,5.660716069331102,baseline,36
72.2,-6.97705975768622,-3.1273616515100002,0.14856059243902564,0.0506818232177633,0.2207081137232644,0.13175991308543988,0.26199502545705083,7.6473409765280955,5.0615674909229815,94.1105610953521,32.09884871078338,5.6473409765280955,baseline,36
72.3,-6.971935873036273,-3.1052974089980125,0.16165354941040277,0.05179529398381715,0.2205741347563308,0.13009944306500673,0.2612691456873524,7.633930421879466,5.04433131821049,94.01305458423059,32.09579369088548,5.633930421879466,baseline,36
72.4,-6.966701505356468,-3.083248956128955,0.17457972979173064,0.0528914221805006,0.22039231485173916,0.128424430308616,0.2605054880152751,7.620487653179455,5.027088923037041,93.91571596019551,32.09318851124671,5.620487653179455,baseline,36
72.5,-6.961358054890297,-3.0612206906080246,0.18733776034787297,0.05397690444488119,0.22017042105894352,0.12673649859743924,0.25971265005667904,7.607014757540888,5.009842831077944,93.81854965363645,32.09105281112621,5.607014757540888,baseline,36
72.60000000000001,-6.955906357616186,-3.0392163349315524,0.19992640893906355,0.05505632499775533,0.21991405995114516,0.12503682890194998,0.25889689312216524,7.593513004889854,4.992594677092685,93.7215596910422,32.08940557120702,5.593513004889854,baseline,36
72.7,-6.950346862548031,-3.0172391422092915,0.21234454680234194,0.056132821872816506,0.21962719510952317,0.1233263298311819,0.2580627484793405,7.57998309744605,4.975345473661062,93.62474993723309,32.088264243045124,5.57998309744605,baseline,36
72.8,-6.944679757580161,-2.9952920200303197,0.2245911294594407,0.05720849877679387,0.21931261187869658,0.12160576229104639,0.25721352119151264,7.566425338033332,4.958095788763249,93.52812421489384,32.087644801896964,5.566425338033332,baseline,36
72.9,-6.938905055751093,-2.9733776431530714,0.23666518554091454,0.0582847299150805,0.21897226715975115,0.11987580297089728,0.2563516562542023,7.552839756778751,4.940845884772277,93.43168635681327,32.08756213394502,5.552839756778751,baseline,36
73.0,-6.933022658457048,-2.9514985186979175,0.2485658060759306,0.059362381371213906,0.21860754011988284,0.1181370866808373,0.25547900142431135,7.539226196931951,4.923595809747458,93.33544022973885,32.08803021509329,5.539226196931951,baseline,36
73.10000000000001,-6.927026121178642,-2.929645212367177,0.2602920797653496,0.060567779578042956,0.2184557571965136,0.11638850455563095,0.25482868317364243,7.525573992767974,4.9063333757046985,93.23938539529368,32.08899879734007,5.525573992767974,baseline,36
73.2,-6.920910911518149,-2.9078109972178936,0.27184171648696065,0.06173573378820129,0.21822570343156406,0.11460446360888205,0.2541022265617682,7.511875302448442,4.88904950787226,93.14352341169852,32.09044246541541,5.511875302448442,baseline,36
73.3,-6.9146804651245475,-2.8860030388459563,0.28321240888908505,0.06287243832620025,0.21793064310723298,0.11280970193622313,0.25332338533414855,7.498135017692858,4.871749783476631,93.04786121157574,32.09240198835365,5.498135017692858,baseline,36
73.4,-6.908337397151627,-2.8642272129654884,0.29440320702269673,0.0639881088518334,0.2175830484754364,0.11100668494125339,0.2525061289552095,7.4843567772174655,4.8544383800570845,92.95240440902275,32.09489622948476,5.4843567772174655,baseline,36
73.5,-6.901883445912972,-2.8424883540719748,0.30541338585317135,0.06509005911377742,0.21719132357033216,0.10919733206728985,0.2516601759521791,7.470542984299108,4.837118130124877,92.85715789315825,32.09794527757051,5.470542984299108,baseline,36
73.60000000000001,-6.895319732837379,-2.8207905683666468,0.3162423842586577,0.06618330128637459,0.21676159430526365,0.1073831428484151,0.25079265839120146,7.456695172410119,4.819790918413381,92.76212616794076,32.10156824870942,5.456695172410119,baseline,36
73.7,-6.8886469568824396,-2.799137433990836,0.32688978407531977,0.06727128566443474,0.21629828531829856,0.10556535711552607,0.24990882083173982,7.442814266248171,4.802457960312893,92.66731359674081,32.10578215940383,5.442814266248171,baseline,36
73.8,-6.88186552724801,-2.7775321500375867,0.3373552751727402,0.06835634261894635,0.21580460518152828,0.10374507094660045,0.2490125638185938,7.428900763996234,4.7851199982671035,92.57272452217157,32.1106022375455,5.428900763996234,baseline,36
73.9,-6.874975660466589,-2.7559776343405247,0.3476386643014848,0.06944000302715564,0.215282903418024,0.10192328766303556,0.24810682999979572,7.414954867961809,4.7677774414407175,92.47836331593847,32.11604212055231,5.414954867961809,baseline,36
74.0,-6.8679774480406195,-2.73447659984231,0.3577398434281349,0.07052323124181256,0.2147349212510757,0.10010095068851117,0.2471938771050683,7.4009765772805745,4.750430465674871,92.38423439653246,32.122114196206695,5.4009765772805745,baseline,36
74.10000000000001,-6.860863545560278,-2.7130190040916204,0.3676586621440947,0.07175408178572779,0.21441402443382288,0.09827567909173146,0.24653626757084218,7.386954284359002,4.73306584845892,92.29033837392345,32.12875943777886,5.386954284359002,baseline,37
74.2,-6.853628860437311,-2.6915976349264383,0.3773935502395034,0.07293877649007474,0.21401033888354642,0.09642244309764984,0.24580028030463874,7.3728795105252605,4.715673770957799,92.19667768010433,32.13594476324926,5.3728795105252605,baseline,37
74.3,-6.846277559525333,-2.6702201068401337,0.3869430487975478,0.07408633233148207,0.21353731288987146,0.09456800314667513,0.2450103586661332,7.3587578275172385,4.698260466054881,92.10325945142718,32.14371056464986,5.3587578275172385,baseline,37
74.4,-6.838812800357118,-2.6488926531746984,0.3963071755133569,0.07520787611045168,0.21300885239051467,0.09271506747795771,0.24418247185908198,7.3445933981218205,4.680830629449428,92.01008952931429,32.15207421767634,5.3445933981218205,baseline,37
74.5,-6.831236779689789,-2.6276203524321318,0.4054861795157194,0.07631151870960803,0.21243425658674078,0.0908656182647055,0.24332760189085673,7.330389055055695,4.6633875048446916,91.91717303215373,32.161054301998796,5.330389055055695,baseline,37
74.60000000000001,-6.823551010689698,-2.606407475657761,0.41448049200698733,0.07740280418567953,0.21182038646843326,0.08902129882095668,0.24245383449888588,7.316146690909322,4.645933311915403,91.82451468021233,32.1706679489599,5.316146690909322,baseline,37
74.7,-6.815756540512666,-2.5852576978504658,0.4232906987890601,0.07848551043956707,0.21117232214536832,0.08718354771954313,0.24156716660629288,7.301867541904441,4.6284695479652465,91.73211903104882,32.18092965600214,5.301867541904441,baseline,37
74.8,-6.8078541023423895,-2.5641742451116443,0.4319175239652395,0.07956214297827409,0.2104938835994069,0.08535367299904982,0.24067209876195605,7.287552386472583,4.610997199253964,91.6399905914825,32.191851507839665,5.287552386472583,baseline,37
74.9,-6.79984422319103,-2.5431600091978908,0.4403618131764233,0.08063430168156385,0.2097879960346224,0.08353286143036154,0.23977204346345338,7.273201689665417,4.593516896606095,91.54813386129062,32.203443600528324,5.273201689665417,baseline,37
75.0,-6.791727302654181,-2.5222176210954785,0.44862452475354075,0.08170295313772562,0.2090569390061505,0.08172218711556362,0.23886961331445636,7.258815705471045,4.57602902417238,91.45655334418083,32.215714279982066,5.258815705471045,baseline,37
75.10000000000001,-6.783495476876851,-2.501336726360023,0.45670627895742655,0.08293269245070482,0.20855796120345485,0.07991325334448893,0.2382443760481356,7.2443824394274845,4.558519942637545,91.3652503696433,32.228596949831946,5.2443824394274845,baseline,37
75.2,-6.775143375445623,-2.480509826913476,0.46460637962445617,0.08410837487561262,0.20797703807453963,0.07808929788127218,0.23754284989042534,7.229893211330771,4.540979585350835,91.27422778237649,32.24205177107697,5.229893211330771,baseline,37
75.3,-6.766675870923791,-2.4597444124519825,0.4723246186040342,0.08524067935426896,0.20732838518556906,0.07627611047995371,0.23678909972881584,7.215354146684031,4.523414665551644,91.1834921853783,32.256114897761435,5.215354146684031,baseline,37
75.4,-6.758096708159428,-2.4390465216711164,0.47986218705773354,0.08634148959585407,0.20662654635379388,0.07447591348207251,0.23600009358624555,7.2007698734426375,4.5058302810162,91.09304893304325,32.27079860883695,5.2007698734426375,baseline,37
75.5,-6.7494086034130305,-2.418420989997685,0.48722045216709375,0.08741947819498622,0.20588130693376336,0.07269015998187905,0.23518745092123713,7.186143635476341,4.488230021870419,91.00290264920972,32.28611713943167,5.186143635476341,baseline,37
75.60000000000001,-6.740613540285267,-2.397871791385114,0.49440091755241156,0.0884806262364737,0.20509989762632624,0.07091992198520662,0.23435960522222224,7.171477692545254,4.470616406376486,90.91305752566052,32.302083166421134,5.171477692545254,baseline,37
75.7,-6.731712996144779,-2.377402275800705,0.5014051720499992,0.08952907412178988,0.20428766420057315,0.06916602892101517,0.23352268501011586,7.156773615953307,4.45299119841222,90.82351753915856,32.31870670996842,5.156773615953307,baseline,37
75.8,-6.7227081005694345,-2.357015327550471,0.5082348883152008,0.09056763608876739,0.2034486155174879,0.06742915959216993,0.23268117118923987,7.1420324951284355,4.435355629265133,90.734286538633,32.33599535862921,5.1420324951284355,baseline,37
75.9,-6.713599749025889,-2.336713472381234,0.5148917976766825,0.09159817619718043,0.20258581573818518,0.06570986567879038,0.23183835978646913,7.127255082108621,4.417710550872231,90.64536827507239,32.35395457913899,5.127255082108621,baseline,37
76.0,-6.704388684418518,-2.3164989659562707,0.5213776752352715,0.09262188650085953,0.201701651296602,0.06400859605817202,0.23099668907603926,7.112441899324681,4.400056552449999,90.55676644311562,32.372588021397746,5.112441899324681,baseline,37
76.10000000000001,-6.695066924614366,-2.2963615488260984,0.5276935277506709,0.09381236157431631,0.20104385811351871,0.06230898867209874,0.23043828271070463,7.097581133542766,4.3823802207859615,90.46848249711927,32.391824768588826,5.097581133542766,baseline,38
76.2,-6.6856292017619126,-2.2762938532978296,0.5338392332196236,0.094941059101174,0.2003072718294278,0.060605790275360595,0.22980398096182297,7.082664460281712,4.364671883013218,90.38051897993093,32.411621877916936,5.082664460281712,baseline,38
76.3,-6.676080948847812,-2.256302874535322,0.5398155422881246,0.09602290220209593,0.19950958248613337,0.05892112693709177,0.2291204278335771,7.067698374782337,4.346938534625721,90.29288120015195,32.43201045799418,5.067698374782337,baseline,38
76.4,-6.666426238138229,-2.236394035629928,0.5456243650987744,0.09707017249831013,0.19866453629403086,0.05725615500508543,0.22840421111647735,7.052687645070379,4.329185326374813,90.20557374413627,32.452996351007016,5.052687645070379,baseline,38
76.5,-6.656668087816797,-2.2165716039016843,0.5512677114456892,0.09809165991937331,0.19778154566887013,0.055611583286175444,0.2276667778761332,7.037635668053895,4.311415923958578,90.1186006590333,32.47458874460502,5.037635668053895,baseline,38
76.60000000000001,-6.646808772638906,-2.196839017793536,0.5567476339638233,0.09909344584251957,0.19686760844788195,0.05398779763497162,0.22691639111886028,7.022544870490604,4.293632939856464,90.03196567661398,32.49679564200615,5.022544870490604,baseline,38
76.7,-6.636850050999783,-2.177199116908014,0.5620662281289697,0.10007977200463394,0.19592790444537858,0.05238502832537331,0.2261590053424959,7.007417001929026,4.275838249153643,89.94567239673708,32.51962248677788,5.007417001929026,baseline,38
76.80000000000001,-6.626793323433958,-2.157654281705618,0.5672256043180823,0.1010535530102815,0.19496632307654482,0.050803438240939684,0.22539892867334219,6.992253330441159,4.258033195791425,89.85972436077694,32.5430724654139,4.992253330441159,baseline,38
76.9,-6.616639746236615,-2.138206551782787,0.5722278831526637,0.10201675320659026,0.19398583875155798,0.04924313748196775,0.22463928899466312,6.977054789796505,4.240218751715843,89.77412507342004,32.56714701781843,4.977054789796505,baseline,38
77.0,-6.606390313158045,-2.118857702240348,0.5770752001553774,0.1029706648722097,0.19298876876683038,0.047704192529072376,0.22388236348406912,6.961822083245597,4.222395628054978,89.68887800491248,32.59184610724458,4.961822083245597,baseline,38
77.10000000000001,-6.596037509443704,-2.09959814324975,0.5817685658112168,0.10408442408951055,0.19219983754229125,0.04616376696548201,0.22339525122475537,6.946544310179857,4.204551438219054,89.60398498040843,32.61710046409304,4.946544310179857,baseline,38
77.2,-6.585576478857547,-2.0804209019988775,0.5863080816343427,0.10513512919806098,0.19134244920365237,0.044627276170449794,0.22283833161540872,6.931213880334767,4.186677319999721,89.51944864385152,32.64286742645461,4.931213880334767,baseline,38
77.30000000000001,-6.575012747547589,-2.061332003213465,0.590695041231811,0.10613838889169665,0.19043310018746543,0.04311273962240626,0.22223598169802222,6.915837106932261,4.168779965929558,89.43527345504846,32.66917217533594,4.915837106932261,baseline,38
77.4,-6.564350456872489,-2.0423360308632255,0.5949316676706076,0.10710627951844952,0.18948399642502878,0.041620733037981535,0.2216037577120557,6.90041861576539,4.150864287298081,89.35146311431578,32.696015767536906,4.90041861576539,baseline,38
77.5,-6.553592720796587,-2.02343653421849,0.5990202315151691,0.1080472724381283,0.18850365431718646,0.04015144088782366,0.2209524360074377,6.884961742511909,4.1329338091812104,89.26802081911228,32.7234038532211,4.884961742511909,baseline,38
77.60000000000001,-6.542741934477817,-2.004636318422854,0.6029629940167069,0.10896726881341441,0.18749840041016183,0.03870477655349337,0.22028975363616016,6.8694689141496275,4.114991076005044,89.18494946293384,32.75134137830413,4.8694689141496275,baseline,38
77.7,-6.531799990189029,-1.9859376437962055,0.6067622136324644,0.10987042086594823,0.1864728967386899,0.037280574864795135,0.21962124638028144,6.853941918397937,4.0970379397362455,89.10225177772651,32.77983097796891,4.853941918397937,baseline,38
77.80000000000001,-6.52076842833776,-1.9673423590138555,0.6104201236739755,0.11075961156212831,0.18543063545879912,0.03587864617254043,0.21895088346755293,6.838382087962244,4.079075754498351,89.01993033814817,32.80887330161369,4.838382087962244,baseline,38
77.9,-6.509648546867538,-1.9488520063459873,0.6139389425516129,0.1116368082798347,0.18437428495982866,0.034498744983869546,0.21828150934703272,6.822790438783447,4.061105525635796,88.93798751589422,32.83846731277253,4.822790438783447,baseline,38
78.0,-6.498441479518078,-1.9304678915068507,0.6173208560794592,0.11250332837228164,0.18330591415696657,0.033140561086219225,0.21761515077970114,6.807167765099572,4.0431280099821505,88.85642551277377,32.868610320017524,4.807167765099572,baseline,38
78.10000000000001,-6.48714058866608,-1.9121815105900168,0.6205667331814766,0.11351350440398501,0.18241946328875838,0.0317777105478672,0.21719115809879605,6.791504562090255,4.025132381039941,88.77524557895376,32.899237417697364,4.791504562090255,baseline,39
78.2,-6.475741702408413,-1.8939866041764617,0.623676729388535,0.11446317624574256,0.1814764332471398,0.03042304017179112,0.21670504358150489,6.775794308853544,4.007110966948832,88.69444957776412,32.93030824722418,4.775794308853544,baseline,39
78.30000000000001,-6.464250048666145,-1.8758880775421858,0.6266523720696568,0.11536881627580275,0.18049201607457702,0.02909067978801322,0.21617955334877076,6.760042748871172,3.989069775595412,88.61404047013434,32.961841103578365,4.760042748871172,baseline,39
78.4,-6.45266950687801,-1.8578895861282945,0.6294959047809243,0.11624091161214874,0.17947575700757185,0.02778089034006369,0.21562762984819683,6.744254041283826,3.9710131619153772,88.53402076050403,32.99383192624624,4.744254041283826,baseline,39
78.5,-6.441003061248921,-1.8399939639493823,0.6322095803916454,0.11708687450400478,0.17843471411764547,0.02649360924017009,0.21505858437628864,6.728431256684362,3.9529443214436486,88.45439257554372,33.02628376479056,4.728431256684362,baseline,39
78.60000000000001,-6.4292530658131,-1.8222034238278866,0.634795636869967,0.1179118944581366,0.17737416598908784,0.025228497316438704,0.21447910549020105,6.712576688773571,3.934865614959139,88.37515783754885,33.059199691043624,4.712576688773571,baseline,39
78.7,-6.417421430407558,-1.8045197194442153,0.6372562721371651,0.11871966851451778,0.1762980035470062,0.023985196619027396,0.21389398169118878,6.696692078160334,3.9167788049939745,88.29631839883936,33.092580866984406,4.696692078160334,baseline,39
78.80000000000001,-6.405509751559293,-1.7869442701339722,0.6395936496555805,0.11951275916560121,0.17520911890740445,0.022763394612433974,0.213306603474823,6.680778774855936,3.898685230845114,88.21787608063205,33.126426914576236,4.680778774855936,baseline,39
78.9,-6.3935194151927135,-1.7694782419130206,0.6418099086731672,0.12029281789378941,0.1741096293284647,0.021562814893638173,0.2127192517095269,6.664837861487767,3.880585938845389,88.13983267713608,33.16073621189333,4.664837861487767,baseline,39
79.0,-6.381451670480601,-1.7521226145327091,0.6439071577042341,0.12106092390460994,0.17300115245937486,0.020383198353356332,0.21213349764717002,6.6488702428893385,3.862481777807596,88.06218994999033,33.195506205165245,4.6488702428893385,baseline,39
79.10000000000001,-6.369302178740327,-1.7348710466176271,0.6458862721920013,0.1219279330731302,0.17202833880916377,0.019199894779938838,0.21172814214574046,6.632869429523281,3.8443652007402385,87.98494919909923,33.23068586694243,4.632869429523281,baseline,39
79.2,-6.35706815719459,-1.7177185406908393,0.6477475464344025,0.12275148304472558,0.17101991089710883,0.01802645826976032,0.21128343453921322,6.6168307688924815,3.8262305838768698,87.90811214233709,33.266243093418865,4.6168307688924815,baseline,39
79.30000000000001,-6.344753511021963,-1.7006682958453894,0.6494925459846854,0.12354040275422536,0.1699831859201721,0.016874481696138366,0.21081096446997558,6.6007583151793146,3.808082098547388,87.83168087623741,33.30218827598733,4.6007583151793146,baseline,39
79.4,-6.33236137511085,-1.6837228648364544,0.651123434305191,0.12430125866396784,0.1689237227003414,0.015744236712670494,0.21031858687727312,6.584655267914201,3.789923052860722,87.75565698248957,33.33851371367768,4.584655267914201,baseline,39
79.5,-6.3198943185198,-1.666884289123118,0.6526423767209053,0.12503880709987672,0.16784609055840433,0.014635598568260086,0.2098123307676446,6.568524149493267,3.7717560355035484,87.68004164831831,33.375220443285585,4.568524149493267,baseline,39
79.60000000000001,-6.307354494547326,-1.6501542078331113,0.6540515134111047,0.1257565981419939,0.16675394477511404,0.013548112074409095,0.20929680220942098,6.552366977795965,3.7535830941151516,87.60483574817424,33.412310466518676,4.552366977795965,baseline,39
79.7,-6.294743743666913,-1.6335339238867164,0.6553529305383563,0.12645733955905264,0.16565012791578335,0.012481270794800896,0.20877549120412117,6.536185381588231,3.7354058521780753,87.5300399259892,33.44978416830595,4.536185381588231,baseline,39
79.80000000000001,-6.282063668404589,-1.617024495266378,0.6565486723557115,0.12714308538518998,0.164536893635816,0.011434597819178686,0.20825105895499285,6.519980698694779,3.7172256187814217,87.4556547519008,33.487640464371026,4.519980698694779,baseline,39
79.9,-6.269315689809446,-1.6006267732009292,0.6576407346874475,0.12781540551107684,0.1634160534543669,0.010407683633035777,0.20772555040525678,6.503754040667494,3.699043455089718,87.38168087563632,33.525877014283765,4.503754040667494,baseline,39
80.0,-6.256501090363599,-1.5843414412811399,0.6586310779675841,0.12847550495263102,0.1622890942824363,0.009400180502847426,0.20720055233838813,6.487506346289493,3.6808602324680644,87.30811904987198,33.564490689107096,4.487506346289493,baseline,39
80.10000000000001,-6.243616799998563,-1.5681634787470102,0.6595205226913095,0.1292093619077753,0.1612686113428751,0.008389601521305653,0.2068163669121959,6.471232862534869,3.662670332033701,87.23497020829062,33.60343940757974,4.471232862534869,baseline,40
80.2,-6.230660775152501,-1.5520886685699224,0.6603094236925244,0.12991017156798626,0.16022607950939305,0.0073893170456553565,0.20640651936936288,6.454930012412548,3.6444693460405544,87.16223555942152,33.64269634355147,4.454930012412548,baseline,40
80.30000000000001,-6.2176360640442,-1.5361190661787987,0.6609992673620582,0.13058307503400757,0.15916450477094923,0.006408451204093938,0.20597656981111717,6.4386007829212595,3.6262602854137556,87.08991608111504,33.68226594973209,4.4386007829212595,baseline,40
80.4,-6.204545206259354,-1.5202563935890794,0.6615920085459948,0.13123309368224104,0.1580875090790826,0.0054473429474176,0.20553213605036963,6.422247636500505,3.60804565755205,87.0180124277944,33.722137447213704,4.422247636500505,baseline,40
80.5,-6.19139031477971,-1.5045020310208201,0.662089622579515,0.1318637425443517,0.15699839829270312,0.004505880469236785,0.20507765998050684,6.405872544753077,3.5898274569877304,86.94652502136182,33.76231022582507,4.405872544753077,baseline,40
80.60000000000001,-6.178173193417024,-1.488857051357627,0.6624940475448966,0.13247769178813434,0.15589986188119337,0.003583605060023306,0.20461658774721397,6.389477106169679,3.5716072754103734,86.87545419096108,33.80278496566575,4.389477106169679,baseline,40
80.7,-6.164895407273434,-1.4733222918584943,0.6628071824088693,0.13307703530691958,0.15479400197228,0.0026800567185007993,0.20415156888127928,6.373062632624995,3.5533863954994294,86.80480025514372,33.843561366874184,4.373062632624995,baseline,40
80.80000000000001,-6.151558336336166,-1.457898403517902,0.6630308767780662,0.13366338998217497,0.15368250936396916,0.0017948282624496929,0.20368465065985003,6.356630212926351,3.53516585832562,86.73456352973493,33.88463825899059,4.356630212926351,baseline,40
80.9,-6.1381632174307015,-1.4425858780741692,0.6631669458001852,0.13423799560402863,0.15256676678225192,0.0009275449796444552,0.20321741591179265,6.340180762205459,3.5169465154955057,86.6647443192496,33.9260136609545,4.340180762205459,baseline,40
81.0,-6.124711178330472,-1.4273850843310356,0.6632171655073762,0.13480180090383764,0.15144791430923576,7.785471667289382e-05,0.20275108467500838,6.323715063596762,3.498729074332244,86.5953429031045,33.967684979242804,4.323715063596762,baseline,40
81.10000000000001,-6.111199769133236,-1.4122917978093028,0.6631823005154729,0.13542550761300826,0.15041653625703585,-0.0007743122747589455,0.20240010388165314,6.30722930486363,3.4805089985993614,86.5263601238593,34.00961701476988,4.30722930486363,baseline,40
81.2,-6.097627390321577,-1.3973023565486073,0.6630627354606986,0.13602118237908647,0.149371075417766,-0.0016161321576833442,0.20202992874922207,6.2907206151579205,3.4622827030794836,86.45779685237066,34.05178720979276,4.2907206151579205,baseline,40
81.30000000000001,-6.083996632281924,-1.3824181212112308,0.6628598505631089,0.13659308381113314,0.1483124309003785,-0.0024406274722241646,0.20164375608253524,6.274191427184823,3.444052594149512,86.38965291466955,34.09419673943517,4.274191427184823,baseline,40
81.4,-6.07030967072933,-1.3676402913406491,0.6625754032284021,0.1371452455747681,0.1472430146096852,-0.0032473947112563253,0.2012457932666472,6.257643776215745,3.425820720007931,86.3219276714622,34.13683386551512,4.257643776215745,baseline,40
81.5,-6.056568326632259,-1.3529698066413403,0.6622111583128572,0.13768073400427985,0.14616555434442652,-0.004036620357287981,0.20083985684290764,6.241079298570259,3.4075887150958657,86.25462036457603,34.17969733388159,4.241079298570259,baseline,40
81.60000000000001,-6.042774173751241,-1.3384073777124286,0.6617688415572047,0.13820142162765361,0.1450819491116369,-0.004808735630963418,0.20042836335285627,6.224499339169859,3.3893579009627426,86.1877303725386,34.222787353129306,4.224499339169859,baseline,40
81.7,-6.0289286012994125,-1.323953534476459,0.6612501488998532,0.13870912461687676,0.14399389442468505,-0.005564205129810661,0.2000135576962077,6.207905025082043,3.3711293645664804,86.12125722253448,34.266103398580995,4.207905025082043,baseline,40
81.80000000000001,-6.01503283585771,-1.309608648531139,0.660656719468534,0.13920528490837716,0.14290277773518512,-0.006303439966978853,0.19959721587805648,6.191297289723126,3.3529039823094644,86.05520053757954,34.30964418914841,4.191297289723126,baseline,40
81.9,-6.00108798162546,-1.295372978784144,0.6599901616573334,0.1396909070548652,0.1418096657756177,-0.007026796744750695,0.19918058814476733,6.174676925221117,3.3346824798030403,85.98955999657151,34.353407956141666,4.174676925221117,baseline,40
82.0,-5.987095051968936,-1.281246674247086,0.6592520456761122,0.14016680079921295,0.1407154666220178,-0.007734614477378962,0.19876468210940326,6.158044613455498,3.3164654603198653,85.92433530528687,34.39739226975637,4.158044613455498,baseline,40
82.10000000000001,-5.972962994128466,-1.2673846948891878,0.6584363579750061,0.14246948871666065,0.13652065023616639,-0.008574527024814203,0.19750687499373698,6.141342632647264,3.298228519493463,85.84685686890703,34.45387504264526,4.141342632647264,baseline,41
82.2,-5.958630676439498,-1.2538898466154933,0.6576030794531107,0.1441735481694949,0.1333752890769937,-0.008087529718933327,0.19657158458207516,6.12453762301755,3.2799660115800706,85.7445023082446,34.53435466590939,4.12453762301755,baseline,41
82.30000000000001,-5.944138541875873,-1.240690409205854,0.6568147484213114,0.1456662207971392,0.1306126036754988,-0.007675973535281348,0.19579892923590816,6.107659233311348,3.2616974199024242,85.61734765572464,34.63775125014324,4.107659233311348,baseline,41
82.4,-5.929502950690221,-1.2277567079290748,0.6560672540217638,0.14704288331600296,0.12806065003937495,-0.00727098745369162,0.19512561820771426,6.090715558775384,3.243423856631632,85.46583631229969,34.7632962195818,4.090715558775384,baseline,41
82.5,-5.914735255995765,-1.2150681801140308,0.6553604090586305,0.14830850413153282,0.12570928544875826,-0.006863140126268007,0.1945387867191606,6.073712299459566,3.2251464401840453,85.2911316910278,34.90985229868093,4.073712299459566,baseline,41
82.60000000000001,-5.8998463153257035,-1.2026050873100758,0.6546940123662353,0.14946800942074387,0.12355205910804742,-0.006462214878597852,0.19402978475268995,6.056655000106458,3.206866367399854,85.09445005287405,35.0763154151193,4.056655000106458,baseline,41
82.7,-5.884845450287685,-1.1903481716290116,0.6540666026994586,0.15054720969841495,0.12158580319907808,-0.006083647673710195,0.19360935064340593,6.0395478195175345,3.1885835668071953,84.87651218131703,35.2619856264582,4.0395478195175345,baseline,41
82.80000000000001,-5.869741863047238,-1.1782806050032377,0.6534759411588311,0.15152261811564122,0.11976519613125815,-0.005727382987099835,0.19322424516829687,6.022395331478122,3.1702987793465227,84.63772888456991,35.46642853657603,4.022395331478122,baseline,41
82.9,-5.854547445720527,-1.1663895659148693,0.6529199872165918,0.15236393131076073,0.1180553943312799,-0.00538965835576872,0.19282347396615412,6.005205652046793,3.1520168541826643,84.37832650875784,35.68938244940164,4.005205652046793,baseline,41
83.0,-5.839272228942718,-1.1546625774353743,0.6523963026702404,0.15313878121157415,0.11648423794345951,-0.005082158206462253,0.1924730950867429,5.987985200981141,3.133741117819539,84.09844577827398,35.93062033727083,3.987985200981141,baseline,41
83.10000000000001,-5.823877321439795,-1.1430890951305628,0.6518755033612251,0.1547578352007936,0.11498275754418454,-0.00533204464551326,0.19287159663517708,5.970690195150777,3.115425729788924,83.79947348869732,36.186203832003,3.9706901951507767,baseline,41
83.2,-5.8083295476972125,-1.1316676172427833,0.6513370163738728,0.15619603906237503,0.11344473531266452,-0.005435785012953185,0.19312290995022455,5.953285113235153,3.097035090741467,83.4837831567386,36.44941480843214,3.953285113235153,baseline,41
83.30000000000001,-5.7926476075081155,-1.1203972296789289,0.6507882671430707,0.15744126712306128,0.11196126274614471,-0.005537335497211981,0.193271154168011,5.935788205932957,3.078586685582217,83.15300198469124,36.71549080964755,3.9357882059329574,baseline,41
83.4,-5.7768474845797755,-1.1092724930495024,0.6502289241179824,0.15855979203729179,0.11053192365946174,-0.005647786652618365,0.19336600345677052,5.918213410962093,3.0600923303411802,82.80797431231362,36.981603264180414,3.9182134109620934,baseline,41
83.5,-5.760941392567474,-1.0982883502729237,0.6496583819389343,0.15956074212738872,0.10914957920991158,-0.0057613522387661995,0.19340748240324865,5.9005710776301985,3.0415605676627844,82.44908561966041,37.24626149700043,3.9005710776301985,baseline,41
83.60000000000001,-5.7449412235291675,-1.0874402886256576,0.6490762904286385,0.16044141459908653,0.10781049075633624,-0.005878843379911547,0.19338849561223534,5.8828714140228895,3.022999955797661,82.0764938971137,37.5086716929699,3.8828714140228895,baseline,41
83.7,-5.728859096183442,-1.0767242829315364,0.6484822425991297,0.1611999833202638,0.10650866883485781,-0.0060005496331759865,0.19330167551091468,5.865124972610949,3.0044194725843356,81.69023886844342,37.768412523746306,3.865124972610949,baseline,41
83.80000000000001,-5.712704440462403,-1.0661355848424137,0.6478754188865423,0.1618920840808639,0.10526440432805108,-0.006134495253587909,0.19320267528841628,5.847339537579765,2.98582535071446,81.29030149951808,38.02525360307972,3.8473395375797654,baseline,41
83.9,-5.696486071043182,-1.055669597350061,0.6472548814490438,0.16247432391478958,0.10405463006936802,-0.006274875776293458,0.193040529517635,5.8295223421750295,2.967223333633441,80.87663348653366,38.27906481644157,3.8295223421750295,baseline,41
84.0,-5.680210440943483,-1.0453210636042058,0.6466192649677396,0.16303742300858734,0.10291529567487104,-0.006436216062601101,0.19290978270251527,5.811678178740235,2.9486167278207773,80.44917151030701,38.529766207303034,3.8116781787402347,baseline,41
84.10000000000001,-5.66389173216885,-1.0350868832319975,0.645974243991077,0.16333585536723486,0.10176830063725124,-0.006463040814565052,0.19255430288547423,5.793820599006275,2.9300182150383174,80.00770186681973,38.77766436153311,3.793820599006275,baseline,42
84.2,-5.647547239088453,-1.0249575595371425,0.645321661606431,0.16355344599059382,0.10081804825978814,-0.006587845252565181,0.19224309676912407,5.775964669518541,2.911440267117928,79.55222593691227,39.02257557120591,3.775964669518541,baseline,42
84.30000000000001,-5.6311818001559,-1.0149208405055106,0.6446534488350153,0.16375486451539173,0.09991609170239758,-0.006775829578835201,0.1919499749935322,5.758111743270908,2.8928809251434697,79.08288703227319,39.26389766149687,3.7581117432709084,baseline,42
84.4,-5.614797608694062,-1.0049726800061762,0.6439653150737286,0.16392855405278978,0.09904681845963088,-0.006986309612504018,0.19165503281368654,5.7402625028105945,2.874339567450058,78.59957993168382,39.50161394966711,3.7402625028105945,baseline,42
84.5,-5.5983973236288875,-0.9951095511205494,0.6432550959289074,0.16407680079362294,0.09821543966863892,-0.007217642100940593,0.1913623879070063,5.7224184337030914,2.8558166587880978,78.10217888656618,39.73583593976873,3.7224184337030914,baseline,42
84.60000000000001,-5.581983011215925,-0.985327722504735,0.6425206940621138,0.16420916640559838,0.09742079289972379,-0.00747007610177902,0.1910792067646261,5.704580431595091,2.837312078930001,77.59058417520308,39.966639625808824,3.704580431595091,baseline,42
84.7,-5.5655586564098485,-0.9756245007738471,0.6417603315785527,0.164277680594218,0.09664335432292247,-0.007736941089443299,0.19075364880815088,5.686751502187926,2.818827896338749,77.06471201607171,40.19408460263748,3.686751502187926,baseline,42
84.80000000000001,-5.549127383856103,-0.965997114777565,0.6409721150994301,0.1643475869944692,0.09590398548128236,-0.008027323625913968,0.19045246574065086,5.668933797492725,2.8003653506674224,76.52448729660918,40.41822081721375,3.668933797492725,baseline,42
84.9,-5.532687778584659,-0.956441346090287,0.6401533801108599,0.16444440712679062,0.09521087925367072,-0.00834732711187892,0.19020187284422685,5.651124706983417,2.7819208799623425,75.96984359042274,40.639071394853424,3.651124706983417,baseline,42
85.0,-5.51623941550497,-0.9469537655822933,0.6393016893416643,0.16452278997395345,0.0945401937121125,-0.008686555597961757,0.18995013265616278,5.633322764880085,2.7634921531074377,75.40071772654908,40.85665891399234,3.633322764880085,baseline,42
85.10000000000001,-5.499795909039676,-0.9375296710059047,0.6384229296818376,0.16434730355903904,0.09394183426245127,-0.008889039099881035,0.18951020929712467,5.615541003523128,2.745091129272666,74.8169126752257,41.0713308709103,3.615541003523128,baseline,42
85.2,-5.483372245798819,-0.9281580615788698,0.6375168841332197,0.1641261865884285,0.09349016133378793,-0.00923270167874236,0.18911123226970417,5.59779209607016,2.7267275030762868,74.21843102136029,41.28289296316856,3.59779209607016,baseline,42
85.30000000000001,-5.466970200533979,-0.9188316087238491,0.6365735456347466,0.16391497026565194,0.09303852638322745,-0.009634974608525278,0.1887249787507181,5.580075320075759,2.7083979350373735,73.60541013780562,41.49079334295217,3.5800753200757587,baseline,42
85.4,-5.450590038322844,-0.9095504442229867,0.6355888452380896,0.16368852703046824,0.09258430633670599,-0.010059933425467484,0.18832681678873614,5.562390399517238,2.690101620144577,72.9777582420224,41.69510991147853,3.5623903995172377,baseline,42
85.5,-5.434228349709883,-0.9003130006603897,0.6345598641782999,0.16354555737095275,0.09216388132505776,-0.010520649546642169,0.1880213137480913,5.544733309833278,2.671834085214761,72.33600320344888,41.89600688823642,3.544733309833278,baseline,42
85.60000000000001,-5.417882499634288,-0.8911181185394526,0.6334840999916196,0.1633717476021067,0.09173307410796973,-0.010995609711465614,0.1876864092916469,5.527100902460075,2.653591790040292,71.68828696675118,42.09351181387695,3.5271009024600746,baseline,42
85.7,-5.40155371313449,-0.88196613593027,0.6323598241433501,0.1632042944132786,0.09130580575339495,-0.011490890367193177,0.1873617688874752,5.509494144474189,2.635375390563636,71.04215632169912,42.287667976908324,3.509494144474189,baseline,42
85.80000000000001,-5.385241458658129,-0.8728567957878113,0.6311850594356656,0.16304111459364193,0.09088017178851197,-0.012005406719780799,0.18704475523989944,5.491912156367589,2.6171836735906266,70.3975812975228,42.47859548417965,3.4919121563675892,baseline,42
85.9,-5.368945375783369,-0.8637900431640446,0.6299579590559006,0.16288086990070363,0.09045399619714493,-0.012537594052489625,0.18673321737780904,5.47435427397541,2.5990156718058905,69.75452058763635,42.666366841324724,3.4743542739754103,baseline,42
86.0,-5.352665225975215,-0.8547660172916949,0.6286768401041627,0.16272245281902453,0.09002558807218092,-0.013085775381539815,0.1864254292646735,5.456820002067538,2.58087062424932,69.11294238172805,42.85102947006945,3.4568200020675377,baseline,42
86.10000000000001,-5.3364103846251965,-0.8457830417901278,0.6273455051705241,0.16237468999855278,0.0896334585377228,-0.013542133605156947,0.18596528230866025,5.439318627344151,2.5627572694310867,68.4727462660158,43.03274006175559,3.439318627344151,baseline,43
86.2,-5.3201902866130695,-0.8368359538726509,0.6259647710248828,0.16202770131443023,0.08930762980791677,-0.014073919173288206,0.1855448838853887,5.421858629107756,2.5446825488362634,67.83391693793541,43.21142469233887,3.4218586291077564,baseline,43
86.30000000000001,-5.30400354671292,-0.8279219036921859,0.6245291279628873,0.16170752775500444,0.08897256996116408,-0.01464026893776118,0.1851479954325721,5.40443752242827,2.526642763342909,67.19652321630976,43.38685262736104,3.40443752242827,baseline,43
86.4,-5.287847680156119,-0.8190418211743236,0.6230359822511673,0.16141022754668657,0.08862819656356165,-0.01522393399694584,0.18477009213919285,5.387052666212266,2.508635156336602,66.56054601834879,43.55903543716508,3.3870526662122664,baseline,43
86.5,-5.271720626624301,-0.8101966301910579,0.6214837282896042,0.16113126209261586,0.0882746551120702,-0.01582238281970876,0.18440728336160592,5.369701944175096,2.4906575857656548,65.92595381640254,43.72802622871755,3.3697019441750964,baseline,43
86.60000000000001,-5.255620715674013,-0.8013873193413019,0.6198709765449166,0.16086735840207902,0.08791053881542528,-0.016433894266353683,0.1840560857859338,5.352383653119945,2.4727083281579194,65.2927205525651,43.89386647269203,3.3523836531199454,baseline,43
86.7,-5.239546579075977,-0.7926150085404515,0.618196508847177,0.160615766561474,0.08753461214827281,-0.017056651051541628,0.18371353280902447,5.335096421773574,2.45478601005573,64.66082417798633,44.05659107984709,3.3350964217735743,baseline,43
86.80000000000001,-5.223497108789161,-0.7838809271343052,0.6164592849090695,0.16037401453314853,0.08714591777792265,-0.017688945265427945,0.18337702775276485,5.317839166748489,2.4368895647257585,64.03024443966237,44.216233608725894,3.317839166748489,baseline,43
86.9,-5.207471441361122,-0.7751863887533545,0.6146584339439869,0.16013969333188446,0.08674370766095206,-0.018329187711461675,0.18304412397386788,5.300611072349925,2.419018208313424,63.400961693645016,44.37282874951866,3.300611072349925,baseline,43
87.0,-5.191468967706896,-0.7665327717550099,0.6127932323142886,0.15991012353483328,0.08632745517474313,-0.018975912523464252,0.18271223927797253,5.283411594643022,2.401171437479411,62.77295718200841,44.52641055146714,3.283411594643022,baseline,43
87.10000000000001,-5.1754964052233845,-0.7579205906949937,0.6108671063557267,0.15954143046161706,0.0859153664469414,-0.019547738382605057,0.18225540403874443,5.266247742359549,2.3833562160463413,62.14619985351205,44.67698901922422,3.266247742359549,baseline,43
87.2,-5.15955996979028,-0.7493486367166042,0.6088830204680562,0.15918760536014176,0.08552284215245519,-0.020135170735158928,0.18182484794621442,5.249125736141744,2.3655784018044996,61.52066275630571,44.824579696610485,3.2491257361417443,baseline,43
87.30000000000001,-5.143658236833289,-0.7408164604566991,0.606839488260448,0.15884737418737221,0.08511975052639371,-0.02073662076420573,0.1814052580732351,5.232043888380404,2.347835988509206,60.896340251427006,44.96919183945505,3.232043888380404,baseline,43
87.4,-5.127790500409901,-0.7323252386413515,0.6047353558242321,0.15850766205630218,0.08470372989097154,-0.02134715426874276,0.18098370585047446,5.215001488190487,2.3301282195127353,60.27322724502071,45.11081582815455,3.215001488190487,baseline,43
87.5,-5.1119579849764705,-0.7238762388005853,0.6025697905570269,0.15814293165923082,0.08427530187510374,-0.021965233871937627,0.18053804263635112,5.197999769310953,2.3124562032388623,59.65131313645145,45.249457924541396,3.197999769310953,baseline,43
87.60000000000001,-5.096165239228867,-0.7154706418514252,0.6003420669585466,0.15771225823547042,0.0838357189933762,-0.02259035894312353,0.18003307611116134,5.181043233002015,2.294824077541188,59.03058496713533,45.38512059401778,3.181043233002015,baseline,43
87.7,-5.080420237965882,-0.7071094824932516,0.5980514893308282,0.1571880241683732,0.08338663113569698,-0.02322230422888198,0.17944548087878007,5.164139734598203,2.2772390675246883,58.411029525319385,45.51779549812333,3.164139734598203,baseline,43
87.80000000000001,-5.0647309076739475,-0.6987936687655747,0.5956974122673273,0.1565988331437903,0.08292885770758,-0.02386037682796829,0.17880074822285663,5.147297073769554,2.259708326221091,57.792634643869825,45.64747253692253,3.147297073769554,baseline,43
87.9,-5.049101611599326,-0.6905240821652114,0.5932792844250798,0.15598733065473572,0.08246209357269646,-0.024503294312410998,0.1781360593292179,5.130519554746181,2.242235766380734,57.17539030898689,45.77415285002695,3.130519554746181,baseline,43
88.0,-5.033533676411025,-0.6823016609996557,0.590796697884798,0.15537159926477678,0.08198552020481391,-0.025149482520589718,0.17746677393924132,5.113808518745922,2.224822578978425,56.559289563302926,45.89784853636181,3.1138085187459223,baseline,43
88.10000000000001,-5.0180290134157985,-0.6741269496269524,0.5882524102926254,0.15472185704968094,0.08150810148877588,-0.025737358035811998,0.17676208659062065,5.097166195241347,2.2074712096460885,55.944230365155214,46.018581029049194,3.097166195241347,baseline,44
88.2,-5.002587558934465,-0.6659992933273315,0.5856491811573505,0.15410743562653562,0.08104437739403528,-0.026328339155386637,0.17609791101899733,5.080592712165449,2.190181945250641,55.33023789660253,46.13638805339895,3.0805927121654486,baseline,44
88.30000000000001,-4.987207424128428,-0.6579185514710844,0.5829865569248796,0.1534954490246576,0.0805697664297946,-0.026925208626407272,0.17543462313183356,5.0640861008879625,2.1729527128854134,54.71758558045627,46.25128242493774,3.0640861008879625,baseline,44
88.4,-4.971888416563161,-0.6498859426937997,0.5802641585469246,0.1528848738306008,0.08008171191953958,-0.027523793219423737,0.17476963244038837,5.047646249387937,2.155783421306776,54.10670275982435,46.36325798249906,3.0476462493879373,baseline,44
88.5,-4.956630364409648,-0.641902819275856,0.5774819068610668,0.1522763169690229,0.0795800411770142,-0.028122226853917815,0.17410318580258324,5.031273114385057,2.138674113808838,53.498120273495374,46.47232914258426,3.0312731143850566,baseline,44
88.60000000000001,-4.941433056839742,-0.6339705530554056,0.5746398884803057,0.15166996525470605,0.07906456625336711,-0.02871904523225287,0.1734351969937158,5.014966631873296,2.121624843784626,52.89222451032467,46.57851931112646,3.014966631873296,baseline,44
88.7,-4.9262962663779035,-0.6260905344970524,0.5717383390292525,0.1510659585732244,0.07853509733254531,-0.029312845855663926,0.17276552979352516,4.998726736863259,2.1046356909366013,52.28921825942889,46.68185663808598,2.998726736863259,baseline,44
88.80000000000001,-4.911219755187631,-0.618264171294868,0.5687776254490018,0.1504643565882211,0.07799147080619914,-0.02990225919526738,0.17209397789290165,4.982553367146566,2.0877067622963246,51.68935307669503,46.782371376959716,2.982553367146566,baseline,44
88.9,-4.896203269599937,-0.610492882784456,0.565758254379034,0.14986542282811427,0.07743360802359538,-0.03048595442528621,0.17142054144186428,4.966446457938472,2.0708381882633846,51.0932159377076,46.88009595483255,2.9664464579384724,baseline,44
89.0,-4.881246533012018,-0.6027780934236944,0.5626808591187,0.1492693658806707,0.07686150064254782,-0.031062658049234138,0.1707451978725187,4.95040593236271,2.054030111049933,50.50143562582727,46.975067520767176,2.9504059323627096,baseline,44
89.10000000000001,-4.866350284661166,-0.5951209352351725,0.559548725374043,0.1486556050498114,0.07628114345455954,-0.03158074481894881,0.17004306867020533,4.934432976203518,2.0372842434667087,49.914544718079284,47.06731920464598,2.934432976203518,baseline,44
89.2,-4.851514318957925,-0.5875215567648411,0.5563655933365226,0.14806371143720615,0.07570596434699382,-0.03208257752995315,0.16936217837295905,4.918527771616814,2.020601278436276,49.333107502008595,47.15692587555274,2.918527771616814,baseline,44
89.30000000000001,-4.836737973149866,-0.5799803156405687,0.5531325619667768,0.14746320081420444,0.07511841209896623,-0.03257872012147008,0.16866992747788084,4.902689773843369,2.003980833154135,48.757607558852854,47.24395333410466,2.9026897738433686,baseline,44
89.4,-4.822021069005132,-0.5724983690306544,0.5498501481488347,0.14687485098126285,0.07452006742914578,-0.033070213622740645,0.16798541999074296,4.886918943249565,1.987423040990684,48.18844727975162,47.32842042310541,2.886918943249565,baseline,44
89.5,-4.8073622467927635,-0.5650768955238163,0.5465189730748534,0.1463015459452499,0.0739089601432152,-0.03355382039273644,0.16730969965417264,4.871214084565982,1.970926984166946,47.62591434064716,47.41036008775814,2.871214084565982,baseline,44
89.60000000000001,-4.7927612492349,-0.5577171775512397,0.5431399177759886,0.14571833329151554,0.07328498036063595,-0.03402778168949306,0.16662055974706064,4.855575126860371,1.9544928542145423,47.07020271476291,47.48981082840593,2.855575126860371,baseline,44
89.7,-4.778218468069099,-0.5504204765893519,0.5397139796987176,0.14513720620112364,0.07264866480670837,-0.03449149499932202,0.16592860015486544,4.840002645611641,1.9381214619092089,46.52143449699791,47.56681220310696,2.8400026456116407,baseline,44
89.80000000000001,-4.763733683037572,-0.5431879940442741,0.5362422131001949,0.14455837686650644,0.07200063746406037,-0.03494422724475589,0.16523412218801267,4.824496606993432,1.921813053516318,45.97967191101544,47.641405294202045,2.8244966069934323,baseline,44
89.9,-4.749306668294594,-0.5360208717174828,0.5327257569879293,0.14398179416830148,0.07134147961229102,-0.035385247243724466,0.16453716749626385,4.809056969571334,1.9055678751529854,45.44493239027402,47.71363020660037,2.8090569695713343,baseline,44
90.0,-4.73493719776161,-0.5289202034473419,0.5291658220812678,0.14340747675678261,0.070671581633804,-0.03581380212451218,0.16383774065515028,4.793683689566959,1.8893861778499996,44.91719509988215,47.78352603091173,2.793683689566959,baseline,44
90.10000000000001,-4.72062548622489,-0.5218861498869956,0.5255667734891176,0.14282658328626172,0.07000939768632335,-0.03616749171999701,0.16312215090215457,4.778377399079693,1.8732692413762286,44.3964164620286,47.85106983869453,2.7783773990796927,baseline,45
90.2,-4.706371298758313,-0.5149183464236557,0.5219341097399592,0.14225697521872968,0.06934664647501512,-0.03648610790733278,0.16241071530517479,4.763138347788119,1.8572181152519076,43.88253658262736,47.9163266576105,2.763138347788119,baseline,45
90.30000000000001,-4.692173955729231,-0.5080170924775302,0.5182700622826815,0.1416896930156151,0.06867842809895194,-0.036795113179876486,0.16169902889913124,4.7479660544839115,1.8412327175444532,43.37547888132101,47.979398360378525,2.7479660544839115,baseline,45
90.4,-4.678033219533972,-0.5011830911971629,0.5145755708217621,0.14112482341771024,0.06800161270172814,-0.03709497555749396,0.16098593828756227,4.732860373183628,1.825313122411614,42.875151105267214,48.04028296849127,2.7328603731836276,baseline,45
90.5,-4.663948851055466,-0.49441718496382236,0.5108515964820981,0.14056232501390578,0.06731656194864583,-0.03738474483118726,0.1602713507523841,4.717821169955201,1.8094594456203386,42.381454187660836,48.09899011988246,2.717821169955201,baseline,45
90.60000000000001,-4.649920616997406,-0.4877201714552939,0.5070991804823279,0.14000212495277709,0.06662376114302414,-0.03766373966314924,0.15955525007203375,4.702848316591528,1.793671816939579,41.89428788362797,48.155537127493844,2.7028483165915276,baseline,45
90.7,-4.635948289651424,-0.4810928124934435,0.5033194376155734,0.13944417257889244,0.06592350161825182,-0.03793128378824138,0.15883755104397604,4.687941690639557,1.7779503808959145,41.41355280234078,48.209945598645945,2.6879416906395566,baseline,45
90.80000000000001,-4.622031648643315,-0.4745358326472342,0.4995135394856334,0.13888838503792297,0.065216206062313,-0.03818679573359905,0.1581182102099693,4.673101175200052,1.7622952935862422,40.93914532733449,48.262240453410136,2.6731011752000517,baseline,45
90.9,-4.608170486870222,-0.4680499047972262,0.4956827098503709,0.1383345810584147,0.06450249943606502,-0.03842991725315586,0.157397227708086,4.658326662900214,1.7467067232554256,40.47096567469329,48.31244866310233,2.6583266629002136,baseline,45
91.0,-4.594364599091932,-0.4616356366313994,0.4918281976133585,0.13778288925963464,0.06378301135618203,-0.038660380934702636,0.15667489321653263,4.643618040533141,1.7311848288999243,40.00891419348238,48.360598689870955,2.6436180405331413,baseline,45
91.10000000000001,-4.580614103819244,-0.4552923310548067,0.4879541052505374,0.13722673311095607,0.06308341685607219,-0.03882157488101393,0.1559416828137516,4.628975684064018,1.7157305326712824,39.552892546612036,48.40666112949293,2.6289756840640184,baseline,45
91.2,-4.566918772878125,-0.4490189696662128,0.48406552243977785,0.13667958929572036,0.062384226885227864,-0.03895017162715212,0.15521023730379058,4.614399694781722,1.7003446432805591,39.10281238605036,48.450674809114396,2.6143996947817216,baseline,45
91.30000000000001,-4.553278049803339,-0.44281561113893986,0.4801645455881953,0.1361345664360052,0.061683341956855944,-0.03906941705290588,0.15447936497325276,4.599889635103126,1.6850271084790105,38.658576560683734,48.49271373489869,2.5998896351031258,baseline,45
91.4,-4.539691723999567,-0.43668255442753434,0.4762520818039775,0.13559164134752058,0.06097820336527711,-0.03917992661318046,0.1537481744229373,4.585445305279973,1.6697779204782708,38.22008051720312,48.53277354491805,2.585445305279973,baseline,45
91.5,-4.5261595827760175,-0.43062020698562264,0.472329025156796,0.13505086116651457,0.060269167048647154,-0.03928120001091368,0.15301673200291638,4.5710665100636065,1.6545970937871786,37.78723043509519,48.5708638927286,2.5710665100636065,baseline,45
91.60000000000001,-4.512681411695667,-0.4246289348229766,0.46839631348848343,0.13451223140389998,0.05955672838941267,-0.03937301673398532,0.1522851888413358,4.556753050390387,1.6394846422178198,37.359933928323485,48.60700471160834,2.5567530503903866,baseline,45
91.7,-4.4992569969035685,-0.41870905738323927,0.46445490699261427,0.13397573390095907,0.05884128200853646,-0.039455107699043264,0.1515536184531792,4.542504723118072,1.6244405738987764,36.93809560712353,48.641222461831816,2.542504723118072,baseline,45
91.80000000000001,-4.485886125010438,-0.41286085871979594,0.46050579100847244,0.13344136324631897,0.05812317459187123,-0.039527190049559964,0.15082207929506616,4.5283213223860725,1.6094648951479873,36.521627285233535,48.673547455311,2.5283213223860725,baseline,45
91.9,-4.472568583791144,-0.40708458330482244,0.4565499760210514,0.13290911465743588,0.05740281914769822,-0.039589037520997496,0.15009066692158354,4.514202640033432,1.5945576102913122,36.11044612753266,48.70401337014326,2.5142026400334316,baseline,45
92.0,-4.459304161951877,-0.4013804313726723,0.452588495798409,0.132378982124075,0.05668073234668953,-0.039640517407496016,0.14935953584521217,4.500148464886388,1.5797187199967118,35.70446520117422,48.73265707316117,2.5001484648863883,baseline,45
92.10000000000001,-4.446092977654189,-0.3957473114132881,0.44862464535981417,0.13184436477501937,0.05598230513474185,-0.03963647326812673,0.14862033852828702,4.486159022243968,1.5649488512203278,35.30360507482996,48.7594787694482,2.4861590222439682,baseline,46
92.2,-4.432934815413319,-0.39018393168225884,0.44466246105730534,0.13131853016063597,0.055285951574789036,-0.039607157968866304,0.1478844811582693,4.472234260693426,1.5502484929972247,34.90779590899719,48.784515843982376,2.4722342606934262,baseline,46
92.30000000000001,-4.419829128892161,-0.3846901268698275,0.44070357363671064,0.1307948482983182,0.05459083678409106,-0.039570568487345,0.14715054091840438,4.45837365662984,1.5356174291723717,34.51695618812667,48.80782490295739,2.45837365662984,baseline,46
92.4,-4.4067757073789835,-0.3792658601887524,0.4367486806586385,0.13027322979319705,0.05389518637865666,-0.03952724001074794,0.14641792314607027,4.444576935761976,1.521055519576263,34.1309995953266,48.829423060748034,2.444576935761976,baseline,46
92.5,-4.393774345051497,-0.3739111702889204,0.43279847502708435,0.12975367042499764,0.053199305502664676,-0.03947682654343344,0.14568665322762098,4.4308438336828475,1.5065626466152444,33.749849802925816,48.849343060030854,2.4308438336828475,baseline,46
92.60000000000001,-4.380824835621752,-0.36862605763599277,0.42885366827249527,0.12923615614839723,0.052503642642776134,-0.03941921275875186,0.14495685869007027,4.417174083003678,1.4921386885369832,33.37343634605242,48.86762700992794,2.417174083003678,baseline,46
92.7,-4.367926975013688,-0.3634104812517762,0.424914987757802,0.1287206963356472,0.05180860032829575,-0.0393542948256366,0.14422867001513295,4.403567415602614,1.4777835205722658,33.00168443479543,48.88432345379297,2.4035674156026143,baseline,46
92.80000000000001,-4.355080559151247,-0.35826436150819063,0.4209831729531288,0.1282072599813906,0.05111451839299296,-0.03928194705225806,0.14350214934522723,4.390023560453144,1.4634970127834945,32.63451894001978,48.89948519889621,2.3900235604531437,baseline,46
92.9,-4.342285385704599,-0.35318758618086576,0.41705896332859993,0.127695844752715,0.050421711483255395,-0.039202084554717506,0.1427773833260904,4.376542244835383,1.4492790299321723,32.27187295440156,48.913168725343354,2.376542244835383,baseline,46
93.0,-4.329541253391653,-0.34818000975064933,0.4131431207060814,0.12718644120908806,0.049730541862514493,-0.039114668093898436,0.14205447856885034,4.363123195853732,1.4351294373146175,31.913682825351227,48.92543375623019,2.363123195853732,baseline,46
93.10000000000001,-4.316848284215666,-0.34324042848311365,0.40923810470849276,0.12667259115606316,0.04906190597587218,-0.03898557840702577,0.1413254799811655,4.349766537071433,1.421048634541554,31.559884480584092,48.9363236352056,2.3497665370714333,baseline,46
93.2,-4.30420627782587,-0.3383675264194608,0.40534696262329817,0.12616718628830412,0.048396969654929095,-0.03883715306711308,0.14060138699901267,4.336472117415121,1.40703687164323,31.210412753663892,48.94589185139386,2.336472117415121,baseline,46
93.30000000000001,-4.291614704881795,-0.3335609382484108,0.4014709163457155,0.12566391967119206,0.04773564728286161,-0.038683723056462206,0.1398804602442766,4.32323936086753,1.3930938023204016,30.865202471913666,48.954191408113864,2.3232393608675297,baseline,46
93.4,-4.27907336037606,-0.32882036664523184,0.39761044178158045,0.12516262730776656,0.04707663276731083,-0.0385256553783803,0.13916220302088075,4.310067948468389,1.3792191842336572,30.524191279306738,48.96126276296196,2.3100679484683893,baseline,46
93.5,-4.26658204512205,-0.3241455692332238,0.3937660176306963,0.12466332233806955,0.04642016952023581,-0.038362754043873445,0.1384466574984156,4.29695757187014,1.3654127960876237,30.187314104072833,48.967159345617894,2.2969575718701396,baseline,46
93.60000000000001,-4.254140563542023,-0.3195362731348723,0.389938123524189,0.12416596812593268,0.045766601077943087,-0.03819500620253454,0.13773390255739276,4.283907924360668,1.3516744146235784,29.85450510719383,48.971939919289646,2.283907924360668,baseline,46
93.7,-4.241748719476163,-0.31499217404052615,0.38612724747508764,0.12367056738542517,0.04511622398977764,-0.038022422629033784,0.1370240399605472,4.270918697438191,1.3380038128757916,29.52570546504651,48.97566587347962,2.2709186974381907,baseline,46
93.80000000000001,-4.229406318278052,-0.31051294156350195,0.3823338709771633,0.1231771137494015,0.044469290565437296,-0.0378449797859333,0.13631713630363568,4.257989582052204,1.324400759285797,29.200861278654454,48.978400398026,2.257989582052204,baseline,46
93.9,-4.217113164020702,-0.3060982171446085,0.37855848111212254,0.12268561517400126,0.04382604481378294,-0.03766266862922327,0.13561326993667513,4.245120266884994,1.3108650182965103,28.87991758202103,48.98020701901644,2.245120266884994,baseline,46
94.0,-4.20486906345468,-0.3017476196400821,0.3748015658929944,0.12219605834652371,0.04318675347917601,-0.037475532808269825,0.1349125194737755,4.232310442365084,1.29739635417418,28.56281510323492,48.98114873245382,2.232310442365084,baseline,46
94.10000000000001,-4.19267412845511,-0.29746002657338977,0.37106484174728394,0.1217023168930348,0.04256602193410437,-0.037258828490791325,0.13420708051713787,4.219560158548139,1.28399500033144,28.24950059518977,48.98128662588988,2.2195601585481386,baseline,47
94.2,-4.1805281763663515,-0.29323426564224064,0.36735051218420267,0.12121639050782466,0.041950131451791856,-0.037027707250503944,0.1335075951427374,4.206869211984336,1.2706610517929648,27.939925785802863,48.980673063624856,2.206869211984336,baseline,47
94.30000000000001,-4.168430706020445,-0.2890698234550655,0.3636594284325838,0.12073269275698932,0.041339640160691804,-0.03679386222352371,0.13281241375072103,4.194237009709198,1.2573940740641698,27.634039754497742,48.97934384597945,2.194237009709198,baseline,47
94.4,-4.156381507171318,-0.2849662066437304,0.35999184660613537,0.120250971576138,0.04073361679414221,-0.036557686320668935,0.1321211116031711,4.181663198023907,1.2441937384023525,27.331788281152615,48.97733607548984,2.181663198023907,baseline,47
94.5,-4.144380384823307,-0.2809229602571577,0.3563480032607913,0.1197711596005069,0.04013223549297213,-0.0363191081543795,0.13143365099868062,4.16914744080079,1.2310597362418847,27.03311507202157,48.97469486389622,2.1691474408007902,baseline,47
94.60000000000001,-4.132427149219438,-0.27693960908800364,0.35272813495248556,0.11929324104327431,0.039535703993108046,-0.0360781492374606,0.1307500749569188,4.1566894071935145,1.2179917621060248,26.73796811183661,48.97146707343023,2.1566894071935145,baseline,47
94.7,-4.120521610835567,-0.27301565976813436,0.349132482893765,0.1188172135359311,0.038944191219055097,-0.035834820612359104,0.13007042181245254,4.144288767261897,1.20498951092519,26.44630031041428,48.96769933220029,2.144288767261897,baseline,47
94.80000000000001,-4.108663582475856,-0.2691506033297628,0.34556128084659576,0.1183430559987068,0.03835784749120875,-0.03558913006541979,0.12939470447466253,4.131945193254196,1.1920526771922935,26.15806745602258,48.96343717373076,2.1319451932541957,baseline,47
94.9,-4.096852875081822,-0.26534391520544887,0.3420147653669119,0.11787078216809771,0.037776830857037674,-0.0353411114460086,0.12872297540361463,4.119658356360602,1.1791809541545353,25.873223748984643,48.95872410753103,2.1196583563606017,baseline,47
95.0,-4.085089304950088,-0.2615950535982847,0.338493162766099,0.11740032343354422,0.037201301955211194,-0.03509082189153018,0.1280552169592738,4.107427932748679,1.1663740365009638,25.591719402290664,48.95360125494672,2.1074279327486787,baseline,47
95.10000000000001,-4.0733729735948145,-0.2579030739143491,0.3349975645542145,0.1169260275152563,0.036639235057734754,-0.03482110173803438,0.12738382386459024,4.095253929343623,1.1536320488940568,25.31350912141143,48.948116521241005,2.095253929343623,baseline,47
95.2,-4.061703724320978,-0.25426702317781746,0.3315294636413455,0.11645866845679606,0.036082731824626846,-0.03454083354346418,0.12671879961763835,4.0831361290680634,1.1409549958587595,25.038551331550536,48.94230015908657,2.0831361290680634,baseline,47
95.30000000000001,-4.050081091467291,-0.25068629579618573,0.32808943558484316,0.11599371022877142,0.03553275598278272,-0.03425966706241717,0.12605888444530933,4.071073954634486,1.128342410485191,24.766802573981288,48.93615743926389,2.0710739546344863,baseline,47
95.4,-4.038504860363901,-0.24716027709655464,0.3246775548905134,0.11553062903330964,0.034988552872856904,-0.03397785699414774,0.1254034283537881,4.0590670386687355,1.1157939156598646,24.498220565773074,48.929703439373355,2.0590670386687355,baseline,47
95.5,-4.026974844979122,-0.24368838593363762,0.32129389233887196,0.1150694170645443,0.034450198408100374,-0.0336953629922896,0.12475241240598788,4.047115046151744,1.1033091710454948,24.232760305547565,48.92295991406315,2.0471150461517436,baseline,47
95.60000000000001,-4.0154908581171185,-0.24027003347873688,0.31793851032853127,0.11461005151683444,0.03391778041182337,-0.033412213913857444,0.12410582490512476,4.0352176418329595,1.0908878348653634,23.970375179769853,48.91595018237789,2.0352176418329595,baseline,47
95.7,-4.00405271560885,-0.23690462158992887,0.31461147405207157,0.11415254085982846,0.03339137323849588,-0.03312845712001838,0.12346368317307012,4.0233744952105175,1.0785295707848677,23.71102272419293,48.90869738546135,2.0233744952105175,baseline,47
95.80000000000001,-3.9926602302584797,-0.2335915460716933,0.3113128421828151,0.1136969073321383,0.0328710602490606,-0.03284414501241292,0.1228260200461882,4.011585273977334,1.066234040368682,23.454664026650242,48.90122429470978,2.0115852739773343,baseline,47
95.9,-3.9813132148701698,-0.23033019248396158,0.3080426650121808,0.11324315141199975,0.03235691877898144,-0.032559331682798315,0.1221928460026248,3.9998496466664033,1.0540009045140015,23.201262330465788,48.89355281442479,1.9998496466664033,baseline,47
96.0,-3.970011480851099,-0.2271199410315603,0.30480099096894264,0.11279128108685174,0.0318490085750453,-0.03227406393234398,0.12156417086928012,3.9881672820732286,1.0418298252079228,22.950781904709224,48.88570350329353,1.9881672820732286,baseline,47
96.10000000000001,-3.9587551006115973,-0.22396007552742958,0.3015884468331933,0.11233607648841389,0.03134922764440406,-0.031976773812450246,0.1209325523511517,3.9765381493595466,1.0297208600597851,22.703186062933526,48.87771040884732,1.9765381493595466,baseline,48
96.2,-3.9475439242087305,-0.2208498902618885,0.29840601049363613,0.11188721028092605,0.03085540566696042,-0.03167192350331413,0.12030758339240565,3.9649620243685413,1.0176739701064859,22.45843489787097,48.86958843415019,1.9649620243685413,baseline,48
96.30000000000001,-3.936377509031445,-0.21778872865252197,0.29525402560830116,0.11144086200132314,0.030368742283709976,-0.031367712640473895,0.1196881766415868,3.953438347005628,1.0056886741859643,22.216488045337194,48.86132678053392,1.953438347005628,baseline,48
96.4,-3.925255639711395,-0.21477590524591506,0.292132418602705,0.11099630219705657,0.029888638360291923,-0.03106441066133825,0.11907353784191047,3.941966752340636,0.9937645789072032,21.97730849207323,48.85292822569494,1.9419667523406359,baseline,48
96.5,-3.91417814954184,-0.21181076439097524,0.2890410954132676,0.11055327958758603,0.029415085542481716,-0.030762004891225412,0.11846339447259756,3.930546926459519,0.9819013411994779,21.74086190542915,48.84440166137061,1.930546926459519,baseline,48
96.60000000000001,-3.9031448995228857,-0.20889264973811805,0.2859799675643444,0.11011150761333732,0.02894809953878939,-0.030460526166913696,0.1178574572530518,3.919178585830739,0.9700986498789279,21.507115539903538,48.83575775260928,1.919178585830739,baseline,48
96.7,-3.8921557841822505,-0.20602090517058969,0.28294894006103277,0.10967058743721515,0.02848768710176246,-0.03016000416434688,0.11725532788076284,3.907861482242215,0.9583562277664905,21.27603635836372,48.8270079393283,1.907861482242215,baseline,48
96.80000000000001,-3.8812107441481203,-0.20319487224332988,0.27994791604578495,0.10923000953641546,0.028033849794414614,-0.029860466505840774,0.11665650079428772,3.8965954155256055,0.9466738442602314,21.047587743113844,48.81816368253843,1.8965954155256055,baseline,48
96.9,-3.870309781981632,-0.2004138941410929,0.2769767940044403,0.10878903316113439,0.027586595369318144,-0.02956195169204738,0.11606025576418409,3.8853802493301073,0.9350513301389883,20.821732318208618,48.809236185510144,1.8853802493301073,baseline,48
97.0,-3.8594529859256,-0.19767731172032654,0.2740354724228382,0.10834669778776929,0.027145927673212084,-0.029264501457964984,0.115465663105257,3.8742159349067022,0.9234886002173567,20.598436137106397,48.80023621711574,1.8742159349067022,baseline,48
97.10000000000001,-3.8486408211756498,-0.19498462905175984,0.2711242185905576,0.10789640380636088,0.026708613081883006,-0.02896059105538675,0.11486383156320516,3.863102835531611,0.9119860694322441,20.37766940738036,48.79119017431907,1.863102835531611,baseline,48
97.2,-3.8378737883176655,-0.1923353725578636,0.26824361085891724,0.10744406031986937,0.02627741178857245,-0.028651493312460783,0.1142612643784407,3.8520413737860335,0.9005442884463809,20.159403329800703,48.78210689369308,1.8520413737860335,baseline,48
97.30000000000001,-3.827152298996225,-0.18972886400297284,0.2653938289731741,0.1069855445392939,0.025853657912413418,-0.028344163507026787,0.11365610398361543,3.8410318465231437,0.8891635687699094,19.943607515059565,48.77297166958534,1.8410318465231437,baseline,48
97.4,-3.816473981598392,-0.18716437986586243,0.26257467083632946,0.10658062172160504,0.025436866475139548,-0.028039025512338986,0.11310459784783085,3.8300717506429125,0.8778415150142486,19.73025231663759,48.763775922252464,1.8300717506429125,baseline,48
97.5,-3.8058379334397614,-0.18464124505408108,0.2597859315574169,0.1061401815687814,0.025026696609721313,-0.027735752943378766,0.11252264517858199,3.819160051008508,0.8665771140416423,19.519304924121556,48.75452016111073,1.8191600510085082,baseline,48
97.60000000000001,-3.795247519854456,-0.18215878691989928,0.2570274230092764,0.10566792134915888,0.02462335269896477,-0.02743445257576644,0.11191366444059286,3.8082999693816553,0.8553733323324866,19.310730524291653,48.7452190979439,1.8082999693816553,baseline,48
97.7,-3.78470596508123,-0.1797163166338578,0.2542989430949092,0.10516301473537942,0.024226965148674232,-0.027135171621994008,0.1112767857529313,3.7974945884155087,0.8442330001591345,19.1044975896694,48.735888161015254,1.7974945884155087,baseline,48
97.80000000000001,-3.7742165732197464,-0.17731313442345709,0.2516002915799618,0.10462467347212319,0.023837612727342118,-0.02683789849350728,0.11061115167665032,3.786747073139266,0.833159022402278,18.900576801562913,48.726542412321265,1.7867470731392658,baseline,48
97.9,-3.7637826499994844,-0.1749485321342945,0.24893126543611288,0.10405363736184069,0.02345538602810728,-0.02654262063823943,0.10991735664717595,3.776060592766582,0.822154304402649,18.6989401563542,48.717196403195956,1.7760605927665818,baseline,48
98.0,-3.7534073966089636,-0.17262179276440293,0.2462916700169444,0.10345128995160022,0.02308038239679113,-0.026249374287410237,0.10919662583941281,3.7654382155302732,0.8112216560977821,18.499560799248677,48.70786460459517,1.7654382155302732,baseline,48
98.10000000000001,-3.7430941946804523,-0.17033267964143306,0.24368148017674685,0.10281259176364363,0.022702889184909335,-0.025954418582060584,0.1084411455418686,3.754883225319459,0.8003642094089111,18.30241411974392,48.69857764023166,1.754883225319459,baseline,49
98.2,-3.7328462549485266,-0.16808096994645894,0.24110097158700228,0.10214606964961861,0.022332343157011363,-0.025655802099349638,0.10766045363599507,3.744398757349647,0.789585033008111,18.10747558948719,48.6893489828703,1.744398757349647,baseline,49
98.30000000000001,-3.722666308749467,-0.16586589335929602,0.23855020385235548,0.10145271288404638,0.021970241573892754,-0.025359616160363016,0.10685716914717937,3.73398743177267,0.7788865694948514,17.91471557708105,48.68017008896714,1.73398743177267,baseline,49
98.4,-3.7125569798517972,-0.16368662507738918,0.23602892272174358,0.10073374035251788,0.021616199102647667,-0.02506603410710593,0.10603231853973766,3.7236517415350097,0.7682710544631544,17.724102553965885,48.67104582808636,1.7236517415350097,baseline,49
98.5,-3.7025207551196218,-0.1615423602052033,0.23353687021881342,0.0999906282398915,0.021270184994845787,-0.02477508558936921,0.10518722057114979,3.7133940466888022,0.7577405989295479,17.535608020914946,48.661985129162815,1.7133940466888022,baseline,49
98.60000000000001,-3.692559974035248,-0.15943229745607823,0.23107377905398607,0.09922486940613252,0.02093216554180441,-0.024486809275593966,0.10432321933027601,3.703216562758058,0.7472971741376502,17.349205899510622,48.65299884195217,1.7032165627580582,baseline,49
98.7,-3.682676847325638,-0.1573556411312893,0.22863938100636005,0.09843755669685196,0.020602071391422574,-0.024201211167678646,0.10344127095142341,3.6931213798318505,0.7369426315645492,17.16487156118531,48.6440985634178,1.6931213798318505,baseline,49
98.80000000000001,-3.672873457893729,-0.15531160088721663,0.22623340878635645,0.09763012881650251,0.02027985625652104,-0.02391833300653031,0.10254268026691768,3.683110463497054,0.7266787040770556,16.982581287638574,48.635296032704524,1.6831104634970542,baseline,49
98.9,-3.663151752669364,-0.1532993920845911,0.2238555857911706,0.09680387295036895,0.019965449808522915,-0.023638201013462957,0.10162860596997629,3.673185646001036,0.7165069950613623,16.802311972306278,48.62660305884475,1.673185646001036,baseline,49
99.0,-3.6535135626327246,-0.15131823846604675,0.2215056363493204,0.0959598325164464,0.01965876354761539,-0.023360826270873124,0.10069997341044043,3.663348646876004,0.7064290005173208,16.624040952381133,48.61803114274282,1.663348646876004,baseline,49
99.10000000000001,-3.6439608759246767,-0.14936858357395977,0.21918317582458258,0.09509378286351987,0.01933548384502595,-0.023088495114492603,0.09974851919435934,3.6536013881639,0.6964465866418743,16.44774675870282,48.609605964652665,1.6536013881638998,baseline,49
99.2,-3.63449553004466,-0.14745087432675064,0.2168881008401513,0.09421303377133525,0.019019862745502273,-0.02281303769016868,0.09878403514692825,3.6439456591091455,0.686561567721661,16.273404725284948,48.6013367864052,1.6439456591091455,baseline,49
99.30000000000001,-3.625118968077004,-0.14556426892522722,0.21462043933570385,0.09331810699353232,0.018713414451537243,-0.022540235799143632,0.09780860495463753,3.6343828117137122,0.676775157358812,16.100986982868847,48.593211932498676,1.6343828117137122,baseline,49
99.4,-3.6158325439319015,-0.14370787155348808,0.21237991750240326,0.09241028400673312,0.018415705594083093,-0.022270284901394866,0.09682336697472525,3.6249140910457185,0.667088377855887,15.930468095433165,48.58523289431016,1.6249140910457185,baseline,49
99.5,-3.6066374983638525,-0.14188081776956096,0.2101662466302514,0.09149053527052756,0.018126547814702434,-0.022003203565323745,0.09582917482115463,3.6155406320878036,0.6575021460761632,15.761824847721366,48.577404972343295,1.6155406320878036,baseline,49
99.60000000000001,-3.5975349766667932,-0.14008226117584854,0.2079791398718953,0.09055982132679821,0.01784576591967237,-0.021739023133102938,0.09482688293296865,3.606263477736886,0.6480172920981176,15.595035346924494,48.56973497686065,1.6062634777368858,baseline,49
99.7,-3.588526018662378,-0.1383113723131828,0.20581830386072397,0.08961926102282264,0.01757319262874796,-0.021477785339175576,0.09381750534159179,3.5970835681885567,0.6386345469498586,15.430078522464921,48.56223055737515,1.5970835681885567,baseline,49
99.80000000000001,-3.579611566849053,-0.13656733994139358,0.20368344336748123,0.08866971129707119,0.017308640657018964,-0.02121950719195413,0.0928018007819307,3.588001749297265,0.6293545517956601,15.266933851790428,48.55489962508496,1.588001749297265,baseline,49
99.9,-3.5707924731541425,-0.13484937028260902,0.20157426316291094,0.08771209949981906,0.01705193342033273,-0.020964215029550978,0.09178060330942955,3.579018779298254,0.620177864523323,15.105581209284118,48.547750066900406,1.579018779298254,baseline,49
100.0,-3.5620694893877953,-0.13315668766153976,0.19949046056717634,0.08674751615958987,0.016802901150277664,-0.02071194411364122,0.09075490992718192,3.5701353188014773,0.6111049486192646,14.946000780618391,48.54078975963892,1.5701353188014773,baseline,49
100.10000000000001,-3.5534435079898685,-0.1314902468584478,0.19743142370134592,0.08577202286772687,0.016527092993341486,-0.02046883853866807,0.08971598553632724,3.561352217425142,0.6021366693864173,14.788173584822498,48.53403757248246,1.5613522174251422,baseline,50
100.2,-3.544915303355083,-0.12985099526122212,0.19539683405309916,0.0847919969118059,0.016259122110104,-0.02022297694951782,0.08867361833591603,3.5526702227605313,0.5932738756753632,14.63207825446204,48.52749663111932,1.5526702227605313,baseline,50
100.30000000000001,-3.5364852950442582,-0.12823807477252558,0.19338670279830694,0.08380809666289434,0.01600046737472429,-0.01997972816609815,0.08762991247318368,3.544089680398175,0.5845168025294819,14.477690659762738,48.52115372905624,1.5440896803981752,baseline,50
100.4,-3.5281538227573037,-0.1266505781095475,0.19140075705945492,0.08282127822924389,0.015750644705828352,-0.01973925727271219,0.08658571021741052,3.5356108405444444,0.5758655044639924,14.324988286480991,48.515008196247386,1.5356108405444444,baseline,50
100.5,-3.5199211353901774,-0.1250876352423802,0.18943871837109327,0.08183241131119556,0.015509382688424434,-0.019501603532427882,0.08554178530236957,3.527233865775714,0.5673199551699414,14.173950630551268,48.509062378032205,1.527233865775714,baseline,50
100.60000000000001,-3.5117873961571604,-0.12354840341140516,0.18750030174851418,0.08084231716832196,0.015276417871965788,-0.019266806277816993,0.08449886988764647,3.518958835642949,0.5588800497482599,14.024558385957201,48.50332010710479,1.518958835642949,baseline,50
100.7,-3.503752689808607,-0.12203206596313976,0.1855852222070098,0.07985177133843228,0.015051489815380433,-0.019034898619834782,0.08345765451422155,3.5107857540963545,0.550545613291273,13.876792990257067,48.497785820342614,1.5107857540963545,baseline,50
100.80000000000001,-3.4958170235622674,-0.12053783214651048,0.18369318544864655,0.07886150569157954,0.014834341244497798,-0.0188059079031082,0.08241878992172494,3.5027145498294034,0.5423163986207657,13.730636374503053,48.492464403544105,1.5027145498294034,baseline,50
100.9,-3.487980336183682,-0.11906493635615334,0.18182390183210373,0.07787221005925575,0.014624718852458335,-0.018579856131240434,0.08138288858773628,3.4947450859756537,0.5341920992011064,13.586070825254593,48.487360620602125,1.4947450859756537,baseline,50
101.0,-3.4802424972876906,-0.11761263853986748,0.17997707799077034,0.0768845340022996,0.014422373146791827,-0.018356760391496453,0.08035052624598596,3.48687715890217,0.526172345859722,13.443078907796549,48.48247919981155,1.4868771589021699,baseline,50
101.10000000000001,-3.4726035378407687,-0.11618217859358992,0.17815201170742512,0.0758945948883774,0.014187949278954216,-0.018144594233441388,0.0793127589856092,3.4791107727294888,0.5182572159437495,13.301643756704536,48.477832152481106,1.4791107727294888,baseline,50
101.2,-3.465063421288505,-0.11477478238521144,0.17634828481823206,0.07490767768135706,0.013961096711530658,-0.01792998426940129,0.07827871187560363,3.4714458776972896,0.5104468180432459,13.161748637709131,48.473417044632086,1.4714458776972896,baseline,50
101.30000000000001,-3.457621828885749,-0.11338962493755389,0.17456590197980404,0.07392412269114385,0.01374316734734056,-0.017717728114191676,0.07725003853669404,3.4638820956788834,0.5027406880790926,13.023375874795128,48.469220026085786,1.4638820956788834,baseline,50
101.4,-3.450278396718204,-0.11202583853446413,0.17280462011694908,0.07294447702354157,0.013533666584554991,-0.017507959810749082,0.0762271966964199,3.4564189908188867,0.49513822290773435,12.886505303527013,48.46523798317283,1.4564189908188867,baseline,50
101.5,-3.443032709416002,-0.11068259647072409,0.17106419056653976,0.07196922530709082,0.013332272144332306,-0.01730070760801401,0.07521059337334958,3.449056078489328,0.48763877621470003,12.751116117651586,48.46147007292735,1.449056078489328,baseline,50
101.60000000000001,-3.4358843055088073,-0.10935910332500498,0.16934435814619064,0.07099882019444545,0.013138672761746796,-0.017096003290547092,0.07420060996685848,3.4417928301915173,0.48024166094258175,12.617189633636201,48.45791715742997,1.4417928301915173,baseline,50
101.7,-3.42883267858997,-0.1080545952936518,0.1676448667421937,0.07003368424910257,0.012952566204465409,-0.0168938757107378,0.07319760199155374,3.4346286749335144,0.4729461524695292,12.484708573563026,48.454581062463916,1.4346286749335144,baseline,50
101.80000000000001,-3.4218772826716304,-0.10676833751494996,0.16596545930951834,0.06907421160493203,0.012773658444405383,-0.01669434820839646,0.07220189970492774,3.4275630044163603,0.4657514929808861,12.353656518401857,48.45146409822903,1.4275630044163603,baseline,50
101.9,-3.4150175326503813,-0.10549962417280767,0.16430587321519852,0.06812076940114409,0.012601663446048624,-0.016497438852422556,0.07121380929356853,3.4205951732093514,0.4586568903666693,12.224017598460522,48.44856888389994,1.4205951732093514,baseline,50
102.0,-3.408252808265388,-0.10424777801381424,0.16266584862023592,0.06717369896417134,0.012436303416781029,-0.016303160808729643,0.07023361394345767,3.413724503028483,0.45166152480008154,12.095776320800164,48.44589795707484,1.413724503028483,baseline,50
102.10000000000001,-3.401582651073113,-0.10301414581772406,0.1610446935519576,0.06622940367445579,0.012237368475805073,-0.01611995148570775,0.06925272510297496,3.4069505191066964,0.44476503145223656,11.968917639444546,48.44345788201474,1.4069505191066964,baseline,51
102.2,-3.3950065679382533,-0.10180005640722811,0.15944197215139866,0.06529221480161486,0.012045438865796588,-0.015934531210169623,0.06827939071240843,3.4002727229314886,0.43796710228326524,11.843426718190743,48.44124241663195,1.4002727229314886,baseline,51
102.30000000000001,-3.388523841742426,-0.10060474905185401,0.15785769186913967,0.06436227173256333,0.011861720937838474,-0.015751092545710214,0.06731492674412566,3.3936903501160636,0.4312669034557748,11.719288640640276,48.43923825763818,1.3936903501160636,baseline,51
102.4,-3.3821337337139994,-0.09942742608836852,0.15629164967685938,0.06343985922841303,0.011685742305033716,-0.015569753341776819,0.06635954740099036,3.3872026047379378,0.4246634941450394,11.59648865792011,48.43744214836491,1.3872026047379378,baseline,51
102.5,-3.375835478072986,-0.09826732994406484,0.15474363788962364,0.06252521802330174,0.011517169566787056,-0.015390549628306847,0.06541343211873933,3.380808666076493,0.41815591372118677,11.475012269294025,48.43585311003353,1.380808666076493,baseline,51
102.60000000000001,-3.36962828761898,-0.09712373622460291,0.1532134348526597,0.06161856831101576,0.011355682360697778,-0.015213514450488632,0.06447674390438467,3.374507693498356,0.4117431818084128,11.3548451232703,48.43447161981073,1.374507693498356,baseline,51
102.7,-3.3635113534983248,-0.09599595179315656,0.15170082915574312,0.0607201114462554,0.011200971392044609,-0.015038674891225488,0.06354962971296571,3.368298827218177,0.4054243066830084,11.235971421019142,48.433298389051096,1.3682988272181769,baseline,51
102.80000000000001,-3.3574838453205302,-0.0948833140428178,0.15020559448748827,0.05983003010820399,0.011052739282410826,-0.014866054635774695,0.06263222117111432,3.3621811871889684,0.39919827600359264,11.118373936847073,48.43233477689302,1.3621811871889684,baseline,51
102.9,-3.3515449188416824,-0.09378518944140524,0.14872751105576754,0.05894848989543841,0.01091069799828465,-0.014695671208298742,0.06172463482293595,3.3561538816503784,0.3930640714524908,11.002036351450638,48.43158203314888,1.3561538816503784,baseline,51
103.0,-3.3456937118899077,-0.09270097286207601,0.14726635348051786,0.05807564019920478,0.010774568341881683,-0.014527536576524865,0.060826972853197596,3.350216002441737,0.3870206605302186,10.886943697142915,48.43104151521001,1.3502160024417371,baseline,51
103.10000000000001,-3.339929514680989,-0.09163200220791623,0.1458214856684208,0.05720826475149333,0.010605752932039197,-0.014369843954981698,0.059931293715578475,3.34436682984214,0.3810674539532729,10.773081834546547,48.43071582195403,1.3443668298421398,baseline,51
103.2,-3.33425160497427,-0.09057959797792137,0.14439248479902744,0.05634990207245461,0.010443230596742315,-0.014210156516532308,0.059044907291791945,3.338605639860715,0.3752039294359197,10.660437188868851,48.430596647901446,1.338605639860715,baseline,51
103.30000000000001,-3.3286590799689293,-0.08954307751264423,0.1429793732240796,0.05550056772227421,0.010288076773055753,-0.014052086996268018,0.058168880770853075,3.3329314926289113,0.3694290929853916,10.54899648026528,48.43067127800152,1.3329314926289113,baseline,51
103.4,-3.323151031159796,-0.08852172509068623,0.1415819814428687,0.05466038395638712,0.010139857416783275,-0.013895737696296338,0.05730327921521271,3.3273434342100505,0.36374186206973647,10.438746642055735,48.4309362101681,1.3273434342100505,baseline,51
103.5,-3.3177265387494117,-0.08751486364053562,0.14020013809204102,0.05382944198759453,0.009998250341289264,-0.013741144418457153,0.05644814332209513,3.3218405012885857,0.35814115025326304,10.329674853751095,48.43138983536621,1.3218405012885857,baseline,51
103.60000000000001,-3.312384674907662,-0.08652184694074094,0.1388336643576622,0.053007820073493396,0.009862946832676195,-0.01358833938297742,0.05560350417334344,3.316421723924771,0.3526258661445281,10.22176848316296,48.432031694560436,1.3164217239247709,baseline,51
103.7,-3.307124504353851,-0.08554205944528803,0.13748238235712051,0.05219558439568055,0.009733649751572154,-0.013437349250067976,0.054769383078150456,3.3110861264380356,0.34719491725445717,10.115015056904785,48.4328617437847,1.3110861264380356,baseline,51
103.80000000000001,-3.30194508517161,-0.08457491535227746,0.1361461067572236,0.05139278968563364,0.009610073013700116,-0.013288195641287125,0.053945792036094356,3.3058327277980877,0.3418472073182478,10.00940224544741,48.433880331503225,1.3058327277980877,baseline,51
103.9,-3.2968454714864492,-0.08361985580995679,0.13482465501874685,0.05059947992731749,0.009491941635617757,-0.013140895629302297,0.05313273438163329,3.3006605446103223,0.3365816421443903,9.90491785517824,48.435087780827914,1.3006605446103223,baseline,51
104.0,-3.291824713232927,-0.08267635002266616,0.13351783715188503,0.04981568889164547,0.009378991047706257,-0.012995462049378641,0.05233020510851266,3.2955685904471523,0.3313971257332625,9.801549823428982,48.43648458117571,1.2955685904471523,baseline,51
104.10000000000001,-3.2868819972500205,-0.08174566179513931,0.1322250897064805,0.04903860402376756,0.00923556756859996,-0.012859505213718278,0.051531032080249416,3.2905560459315226,0.326292978650128,9.699286169830648,48.43807064028593,1.2905560459315226,baseline,52
104.2,-3.2820165102602914,-0.0808290388667956,0.13094602711498737,0.04827111335298793,0.009097674610424945,-0.01272175447418512,0.05074161117421903,3.285622097740772,0.3212685910585129,9.598115037734933,48.4398365854305,1.285622097740772,baseline,52
104.30000000000001,-3.2772272954462096,-0.07992588018532842,0.12968067545443773,0.0475131594226602,0.00896627737665666,-0.01258529201189248,0.049962826414674276,3.2807657596858992,0.31632293190683897,9.498023364602611,48.44177078159984,1.2807657596858992,baseline,52
104.4,-3.2725133986677974,-0.07903555524535477,0.12842889968305826,0.04676476654975129,0.008840987508825794,-0.012450208978872512,0.0491946557483793,3.2759860417478888,0.31145489837248747,9.398996892423645,48.44386962690284,1.2759860417478888,baseline,52
104.5,-3.267873862758279,-0.07815746869891882,0.12719056382775307,0.046025937163151745,0.008721505941672194,-0.012316541900487542,0.04843705979953244,3.2712819524368357,0.3066633916679417,9.301022149555862,48.44613114654386,1.2712819524368357,baseline,52
104.60000000000001,-3.2633077322971076,-0.07729105290491134,0.1259655188769102,0.04529666566552996,0.00860754679365592,-0.012184322532955623,0.04768999368637898,3.266652502865153,0.3019473144317139,9.204086771421823,48.448554591162974,1.2666525028651532,baseline,52
104.7,-3.2588140518637374,-0.07643577049020678,0.12475362606346607,0.04457693897588514,0.008498836188938085,-0.012053577251418176,0.0469534070071821,3.262096705931779,0.2973055796121897,9.108179069082556,48.45113926479424,1.262096705931779,baseline,52
104.80000000000001,-3.2543918676674366,-0.0755911098094657,0.12355473078787327,0.04386673697022276,0.008395110870653344,-0.011924327976865382,0.046227244095285676,3.2576135767954795,0.29273710000206177,9.013287779859406,48.45388510982128,1.2576135767954795,baseline,52
104.9,-3.2500402291771024,-0.07475658389739692,0.12236868590116501,0.04316603300440492,0.00829611862905967,-0.011796592475703596,0.04551144453522248,3.2532021353421525,0.28824079921503903,8.919401927839141,48.45679188958313,1.2532021353421525,baseline,52
105.0,-3.2457581881899387,-0.07393173221498728,0.12119533866643906,0.04247479423518979,0.00820161746611205,-0.011670384656768007,0.04480594327116741,3.2488614047608766,0.28381560599301575,8.826510746047106,48.45985947071832,1.2488614047608766,baseline,52
105.10000000000001,-3.2415449174586684,-0.07311771053355187,0.12003418896347284,0.04179060319686576,0.008079497521202527,-0.01155258855721982,0.044104365975778534,3.2445905532156,0.2794608259915903,8.734603474145874,48.463086554323844,1.2445905532156,baseline,52
105.2,-3.237399592064321,-0.07231566135305911,0.11888490058481693,0.0411158873117802,0.007962165827079115,-0.011433189114689506,0.04341232644566712,3.240388756486207,0.2751758361053859,8.64366959866992,48.466463413931926,1.2403887564862068,baseline,52
105.30000000000001,-3.2333212735829875,-0.07152506208512932,0.11774750053882599,0.040450468257550144,0.007850490968888884,-0.011314804366595814,0.04273049717194984,3.2362550527722216,0.2709596373923794,8.553698894585912,48.469979603731105,1.2362550527722216,baseline,52
105.4,-3.2293090337188914,-0.07074536418076605,0.11662188358604908,0.03979431445769062,0.007744132464479714,-0.011197513283161674,0.04205880828686846,3.23218848546038,0.26681117523319536,8.46468117113137,48.47363156772245,1.2321884854603802,baseline,52
105.5,-3.225361948716454,-0.06997604854404926,0.1155079398304224,0.03914737887745968,0.007642821375694375,-0.011081350410606376,0.041397177663203,3.2281881035283106,0.26272940349908563,8.376606350867938,48.47741730817827,1.2281881035283106,baseline,52
105.60000000000001,-3.2214790990110487,-0.06921662483364344,0.11440555565059185,0.03850960948492968,0.007546300646866798,-0.010966346409551232,0.040745520363703366,3.224252961180639,0.2587132845754696,8.289464460975791,48.481335615443655,1.224252961180639,baseline,52
105.7,-3.217659570975229,-0.0684666249435395,0.1133146109059453,0.03788094979749927,0.007454323800192448,-0.01085252754547758,0.040103748640297025,3.2203821193244164,0.2547617879766232,8.203245630233917,48.48538585582673,1.2203821193244164,baseline,52
105.80000000000001,-3.2139024566859007,-0.06772560707759112,0.11223498918116093,0.03726133910143244,0.007366654884459175,-0.010739915857217366,0.03947177204584022,3.216574645759397,0.25087389586560654,8.117940088176391,48.48956738848785,1.216574645759397,baseline,52
105.9,-3.210206854273565,-0.06699315167497844,0.11116656847298145,0.036650712823701824,0.007283067829329619,-0.010628529712301481,0.03884949769736222,3.2128296150811337,0.24704859825749384,8.033538164793415,48.49387977768472,1.2128296150811337,baseline,52
106.0,-3.2065718685043976,-0.06626886106096208,0.11010922212153673,0.036049002809189164,0.007203346147050565,-0.010518384051639084,0.038236830442767246,3.209146109267434,0.24328489389998123,7.950030290062944,48.498322698555796,1.2091461092674338,baseline,52
106.10000000000001,-3.20299670973327,-0.06555376877076924,0.10906252171844244,0.03545415894070383,0.007099086454607863,-0.010415613974841073,0.03762817334332867,3.205523335245868,0.23958212455475622,7.867406819270007,48.50289406280138,1.2055233352458679,baseline,53
106.2,-3.1994805968133733,-0.06484889728017151,0.10802616830915213,0.034868091419425117,0.006998925119631699,-0.010311411049686716,0.03702828580827366,3.2019605122336023,0.2359396978531402,7.785658120806473,48.50758476561183,1.2019605122336023,baseline,53
106.30000000000001,-3.196022657561116,-0.06415379652753472,0.1070001982152462,0.03429068392755363,0.006903650595531767,-0.010208003389051047,0.03643782003571905,3.1984567496952363,0.23235669627605057,7.704773394186283,48.51238523718131,1.1984567496952363,baseline,53
106.4,-3.1926220291061327,-0.06346799433231354,0.10598452296108007,0.033721874947073786,0.006812965422804853,-0.010105461420070665,0.03585668275664878,3.195011162131615,0.22883214701789195,7.6247412231594,48.517292314131964,1.1950111621316148,baseline,53
106.5,-3.189277855330147,-0.06279104249551892,0.10497905872762203,0.033161592063425664,0.006726630910191298,-0.010003818729793902,0.03528477208034044,3.1916228718769815,0.22536509114632547,7.545551309819186,48.52230396508253,1.1916228718769815,baseline,53
106.60000000000001,-3.1859892873326316,-0.06212251726537943,0.10398371051996946,0.032609759912281676,0.006644419539360138,-0.00990310462015281,0.03472198487513892,3.1882910090208485,0.22195457690119477,7.467194064921857,48.5274191193564,1.1882910090208485,baseline,53
106.7,-3.182755484129302,-0.06146201747469604,0.10299838799983263,0.03206630055068989,0.006566113791779159,-0.009803344347368405,0.03416821683563319,3.1850147125684947,0.21859966720459467,7.389660332330609,48.532636853201474,1.1850147125684947,baseline,53
106.80000000000001,-3.1795756125357,-0.060809163143858314,0.10202299151569605,0.03153113364593725,0.006491505308551096,-0.009704559564115547,0.033623362510349405,3.1817931298171858,0.21529943273877916,7.312941235712258,48.53795664522823,1.1817931298171858,baseline,53
