time_s,x_m,y_m,z_m,vx_m_s,vy_m_s,vz_m_s,relative_speed_m_s,distance_m,position_error_m,attitude_error_deg,fov_margin_deg,keepout_margin_m,branch,decision_k
0.0,-9.109625044744462,7.536145264282823,-16.673402950167656,0.3679083524277771,-0.43183745641112603,-0.3460990223954162,0.664548476673309,20.439694710021172,19.29049946399524,155.07498110546504,49.98680232832248,18.439694710021172,learned,0
0.1,-9.072727070190012,7.493017339147627,-16.70818270323798,0.3700555769496201,-0.4307320404194374,-0.3494993093161088,0.6667990611030021,20.435827719466282,19.292140683671327,154.8824603581486,49.99772369153161,18.435827719466282,learned,0
0.2,-9.035999826621264,7.449725708924234,-16.743249777238816,0.3644875192607355,-0.4351016919835362,-0.35183920971252036,0.6677989694173778,20.43242812560254,19.294250961055376,154.7062244970622,49.96426571366143,18.43242812560254,learned,0
0.30000000000000004,-8.999864290002733,7.406045438721776,-16.778429386671633,0.3582214577532144,-0.4385001802911318,-0.3517518595776636,0.6665841219430129,20.429458117199395,19.296724416915627,154.54850470551207,49.914508674952955,18.429458117199395,learned,0
0.4,-8.964364776853472,7.36204432323575,-16.81350070843473,0.35176668556705004,-0.4415154062472772,-0.34967412209148013,0.6640388894401995,20.426779935719534,19.29940801893139,154.41215654394725,49.8510534478906,18.426779935719534,learned,0
0.5,-8.929514531977475,7.317750036716461,-16.848330247215927,0.3452360500585265,-0.4443626778837118,-0.34691646425903905,0.6610576018245233,20.424297478638323,19.30219781019889,154.29760228049057,49.77306648109711,18.424297478638323,learned,0
0.6000000000000001,-8.895317881833762,7.273174163885415,-16.882871537469327,0.33869473850036863,-0.447147027274356,-0.34390922025005904,0.6579727514579388,20.42197576112002,19.305055987921172,154.20434375326494,49.67944705337524,18.42197576112002,learned,0
0.7000000000000001,-8.861775715369731,7.228322890587151,-16.917098849080503,0.33214639695337866,-0.4498705037581662,-0.3406369109310549,0.6547810353464653,20.419793194586074,19.307959493883484,154.1319961029771,49.56970240670707,18.419793194586074,learned,0
0.8,-8.82888944633305,7.183203425258398,-16.950982687063515,0.3255767662505402,-0.45251073310523254,-0.33703984229918754,0.6514307711450658,20.417725494318464,19.310882364183772,154.0804093304015,49.44370214467077,18.417725494318464,learned,0
0.9,-8.796661782544106,7.137824893929064,-16.984489713329822,0.3189742927566619,-0.4550515858253372,-0.3331007351890578,0.6478986378942756,20.415746215974377,19.313796179410392,154.0470987958484,49.30139644186444,18.415746215974377,learned,0
1.0,-8.765096371993423,7.092197736725211,-17.017585762776434,0.3123317113178707,-0.4574829989366473,-0.32882035083495686,0.6441774719237255,20.413828850575623,19.31667233528159,154.0267895893996,49.144585953416986,18.413828850575623,learned,0
1.1,-8.73422909900546,7.046384481713176,-17.050271068699658,0.30501247616971244,-0.4587735521689929,-0.32488735434675237,0.6395760907064673,20.41200714614265,19.31954091432159,154.01424326578444,48.97873620382703,18.41200714614265,learned,0
1.2000000000000002,-8.704066926147789,7.0004476038739085,-17.082600311841816,0.2982300253229875,-0.4599567136976702,-0.3216990054916815,0.6356033170256802,20.410347403304577,19.322470845279987,154.00570244928593,48.809313746602335,18.410347403304577,learned,0
1.3,-8.674575006589293,6.954390225932002,-17.11460414994508,0.2916073177755009,-0.46118355556940943,-0.3183791445751218,0.6317360045210744,20.408857639975825,19.32547593538808,153.99907373266825,48.63919976518404,18.408857639975825,learned,0
1.4000000000000001,-8.6457360512577,6.908218007534742,-17.146265047136694,0.2851707835627817,-0.46225337644925724,-0.31484030751677566,0.6277937392757333,20.407514130199832,19.32853374332258,153.9931836143194,48.470031760856884,18.407514130199832,learned,0
1.5,-8.617530302144587,6.861948102712631,-17.177563070319593,0.27894328198942725,-0.4631372313910619,-0.3111218537451247,0.623780616519473,20.40629396307691,19.331623095194093,153.98737322277884,48.302731549143864,18.40629396307691,learned,0
1.6,-8.589936742093414,6.815598804503679,-17.208481597248465,0.27292707860821,-0.46384120485712166,-0.3072505142581183,0.6197102000716113,20.405176774043333,19.3347257215456,153.98127183286962,48.13780477569761,18.405176774043333,learned,0
1.7000000000000002,-8.562934330664575,6.769187766127288,-17.239006240852177,0.26712035090914144,-0.4643719842021334,-0.3032443332690832,0.6155905678626501,20.404143783469614,19.33782504710688,153.9746702012913,47.97552176626612,18.404143783469614,learned,0
1.8,-8.536502239760011,6.722732023335993,-17.26912427600473,0.26152076926605744,-0.46473532866036066,-0.29911848683404596,0.6114277615781387,20.40317743899491,19.34090577425346,153.96744981997733,47.816021704183555,18.40317743899491,learned,0
1.9000000000000001,-8.510619872715324,6.6762480437755585,-17.298824422992766,0.25612593826164853,-0.46493667945443684,-0.294886728029967,0.6072271358567133,20.40226127117788,19.34395372567648,153.95954342154295,47.659371188183556,18.40226127117788,learned,0
2.0,-8.485266878269613,6.629751762375236,-17.328096739947796,0.2509334146584847,-0.464981417929995,-0.2905619906541133,0.6029938374687064,20.40137983213798,19.346955775665293,153.9509128827925,47.50559653072371,18.40137983213798,learned,0
2.1,-8.46050461800769,6.583144756965339,-17.35703146038577,0.24431019602831747,-0.4671522743497802,-0.28813274813879136,0.6007821567453375,20.40059985390898,19.34997278270088,153.94153071593198,47.3544121858804,18.40059985390898,learned,1
2.2,-8.436400911770761,6.536319897510111,-17.385695125442,0.23776210773081022,-0.4693378658533057,-0.28514083688879427,0.5984263940184916,20.399968949523693,19.35304440316578,153.93137492459797,47.20547703855932,18.399968949523693,learned,1
2.3000000000000003,-8.412953216582537,6.489280662499368,-17.4140443271026,0.23118994249706393,-0.4714394204933406,-0.2818436073492257,0.5959360164568988,20.399448158403427,19.356129930022007,153.9204373481962,47.05880221120169,18.399448158403427,learned,1
2.4000000000000004,-8.390154450200498,6.442040953785181,-17.442054266575724,0.2247835815767083,-0.47334721498890353,-0.278355757959712,0.5933524858577149,20.399015672003323,19.359207465323422,153.90871958652403,46.9144766173718,18.399015672003323,learned,1
2.5,-8.367982388474047,6.394624112173915,-17.46970772044733,0.2186560125254766,-0.4749820939149228,-0.2747141377060457,0.5906659790515466,20.398652765015267,19.362260722777716,153.89622354135093,46.77252863441996,18.398652765015267,learned,1
2.6,-8.346409847959876,6.347056586295366,-17.49698991794139,0.21279327390807962,-0.4763609386306302,-0.27093083659776124,0.5878811440190413,20.39834162005087,19.36527515323602,153.88294853305345,46.63294777828254,18.39834162005087,learned,1
2.7,-8.325410784687847,6.29936343524605,-17.523887210525572,0.20718661783310577,-0.4774946039519691,-0.2670162447066689,0.585000056709075,20.39806528547091,19.368236953378236,153.86889191970573,46.49572111171445,18.39806528547091,learned,1
2.8000000000000003,-8.304959962610155,6.251568672247231,-17.550387059804052,0.20182855636196873,-0.4783932335301152,-0.2629821654482611,0.5820261775851773,20.397807646737878,19.371133085538833,153.85405027174747,46.36084602438448,18.397807646737878,learned,1
2.9000000000000004,-8.28503292053938,6.203695255331695,-17.57647813577205,0.19671113535755416,-0.4790677016415091,-0.2588409691498192,0.5789644037763925,20.397553504592633,19.373951363866972,153.8384212167967,46.22832353648206,18.397553504592633,learned,1
3.0,-8.265605992637575,6.15576505381614,-17.602150335907936,0.19182642322279567,-0.47952899746759625,-0.25460482471657536,0.5758203303355024,20.397288600968857,19.37668047719703,153.82200416499643,46.09815281284516,18.397288600968857,learned,1
3.1,-8.246652523986995,6.10777301248163,-17.627397960051894,0.18724163311183184,-0.4803046837606806,-0.2503489534971855,0.5730851742367526,20.39699310843198,19.37930372127698,153.8048054837422,45.97020678565111,18.39699310843198,learned,1
3.2,-8.228153717704117,6.059711743146181,-17.652202703990042,0.18273317897815372,-0.4809132055639403,-0.2457473900074093,0.5701409524676335,20.396638946526096,19.38179449918713,153.7868248826916,45.84439929960572,18.396638946526096,learned,1
3.3000000000000003,-8.210094412323087,6.011603012681007,-17.676542181521654,0.17845176866212706,-0.48125391431999115,-0.24104383293261755,0.5670559876959261,20.396204660094202,19.384132636321645,153.76805843336243,45.72082341134865,18.396204660094202,learned,1
3.4000000000000004,-8.192452281247824,5.963470754213631,-17.700409357901663,0.17438983170242386,-0.4813839054413841,-0.23630156730756385,0.5638977819881988,20.39567967129747,19.386310519711838,153.74851185906573,45.59953982968273,18.39567967129747,learned,1
3.5,-8.175206198357046,5.915334580466151,-17.723801104351878,0.1705309284680161,-0.48133229039739134,-0.23153537753258263,0.5606872589889286,20.395055900171958,19.388322980108327,153.7281902895751,45.48053852399129,18.395055900171958,learned,1
3.6,-8.158336262684315,5.867211878299713,-17.74671542039141,0.16686697447647567,-0.4811146276684571,-0.22675308322730242,0.5574341511609948,20.39432602495727,19.390165456646923,153.70709697783641,45.36378832332531,18.39432602495727,learned,1
3.7,-8.141823157202452,5.819118680432439,-17.769151164218783,0.16339442440481897,-0.4807423393880119,-0.22196401620681114,0.5541470556607678,20.39348326394914,19.39183386618602,153.68523393364097,45.249266337914015,18.39348326394914,learned,1
3.8000000000000003,-8.12564797559753,5.771069840528071,-17.791108194272965,0.16010859600785315,-0.4802275846580173,-0.21717893094134233,0.5508357138266394,20.392521494604622,19.393324755036883,153.6626035160903,45.13695604480675,18.392521494604622,learned,1
3.9000000000000004,-8.109792196191847,5.723079037852585,-17.81258745957166,0.1570064707117049,-0.47958176746697734,-0.21240880217635516,0.5475100024420462,20.391435337999418,19.394635391433898,153.63920979014569,45.02683991684649,18.391435337999418,learned,1
4.0,-8.094237600453198,5.675158833153546,-17.833590977825224,0.15408502415016131,-0.47881580613117125,-0.20766406549358776,0.5441793224349161,20.39022013805835,19.395763755927764,153.61505811865084,44.91889914836724,18.39022013805835,learned,1
4.1000000000000005,-8.07906156918034,5.627204770222306,-17.854205473791808,0.1494340582776983,-0.4802596385724224,-0.20462623913193945,0.5430025377070884,20.388950989813004,19.3967768727156,153.59016317319023,44.8127483196865,18.388950989813004,learned,2
4.2,-8.06434828741476,5.579108954407275,-17.874492560513318,0.14482987999185212,-0.4816503284267183,-0.20111589325374532,0.5416736430095818,20.38768388811546,19.39772060313361,153.5645325044474,44.70806227622262,18.38768388811546,learned,2
4.3,-8.050082758069038,5.530888409353793,-17.894421769306064,0.14047919425358424,-0.48275423619966895,-0.19746895001920486,0.5401666805797534,20.386389809534677,19.398566774838933,153.53816445582547,44.60494039393905,18.386389809534677,learned,2
4.4,-8.03624003753066,5.482568881474435,-17.91398299112916,0.13637383352973761,-0.4836301362751449,-0.19375632289517672,0.5385512453304437,20.385055851956537,19.399305705674198,153.51106377300047,44.503435530352654,18.385055851956537,learned,2
4.5,-8.022796396631747,5.434171786531806,-17.933170303702354,0.1324977074651099,-0.4843055971454752,-0.18999091246258693,0.5368464405473055,20.38367195009127,19.399930509905108,153.48323404722262,44.40354480160207,18.38367195009127,learned,2
4.6000000000000005,-8.009729396086186,5.385716366581619,-17.951978836208582,0.12884115910587765,-0.4847968184776719,-0.18618086453524346,0.535061971929336,20.382228776938824,19.400434880150392,153.45467791141152,44.305255852749696,18.382228776938824,learned,2
4.7,-7.997017461806536,5.3372203735634685,-17.970404640305787,0.1253964662668163,-0.48511717877393234,-0.18233645737797205,0.5332068403377185,20.380717664909238,19.4008130697119,153.42539774490336,44.20856513174637,18.380717664909238,learned,2
4.800000000000001,-7.984639787580818,5.288700249046087,-17.988444751594216,0.12215608441608093,-0.48527953692542936,-0.17846711056615142,0.5312897961303781,20.37913068417876,19.401059989530246,153.3953957756254,44.113473755639056,18.37913068417876,learned,2
4.9,-7.972576254047453,5.240171175450087,-18.00609713885933,0.11911374967183581,-0.48529629770788396,-0.17458206387338315,0.5293198267174147,20.37746059372113,19.401171168884954,153.36467496511614,44.019979411837575,18.37746059372113,learned,2
5.0,-7.960807383991778,5.191647128202021,-18.023360709659755,0.11626289561386528,-0.4851791686168548,-0.17069087686762566,0.5273056627821304,20.375700856149546,19.40114277756191,153.33323955576017,43.928077745429434,18.375700856149546,learned,2
5.1000000000000005,-7.949311239644885,5.143121252767742,-18.040236233267933,0.11365903494152738,-0.4853330419211931,-0.16682065136429705,0.525638342899304,20.373840304604553,19.40096650478165,153.30110436529407,43.83765217239096,18.373840304604553,learned,2
5.2,-7.938069854397327,5.0945848524570465,-18.056716334074736,0.11116768410916134,-0.48538957603434124,-0.16278247315812214,0.5238887554438123,20.371861785350344,19.40062714128164,153.26827869580092,43.74865013561855,18.371861785350344,learned,2
5.300000000000001,-7.927067993674427,5.046050145290792,-18.072793102823198,0.10886866951304458,-0.4852992948839128,-0.1587541215686128,0.5220830048291032,20.36975403834274,19.400115247609584,153.23476226576076,43.66115703231588,18.36975403834274,learned,2
5.4,-7.91628702217713,4.997530489228666,-18.088468939997256,0.10674998419558589,-0.4850887374817288,-0.15476391082569568,0.5202485083606097,20.367513834572584,19.399430343915846,153.20056058377114,43.5751873725436,18.367513834572584,learned,2
5.5,-7.90570930019021,4.949037264101207,-18.103747873101383,0.10480379056306444,-0.48477090798534167,-0.15081607528975197,0.5183938235657553,20.36513924414462,19.398573159700636,153.16567870028763,43.490716739205524,18.36513924414462,learned,2
5.6000000000000005,-7.895317769609392,4.900580913759768,-18.118634345009923,0.10302623079033234,-0.48435139777455305,-0.14691474382267009,0.5165216575415854,20.362628673714735,19.397544687045656,153.13012169057777,43.40772104717823,18.362628673714735,learned,2
5.7,-7.8850955767557025,4.8521712413057685,-18.13313331408426,0.10141713307050743,-0.48383751246908024,-0.14306607014991826,0.5146378083474336,20.359980888887875,19.39634626251412,153.09389552593152,43.32618518093916,18.359980888887875,learned,2
5.800000000000001,-7.875026065856218,4.80381746403873,-18.14725034730509,0.09997267704309944,-0.483233707248128,-0.13927606934398662,0.5127447468944409,20.357195114589903,19.394979673573925,153.05700707299488,43.24609858457676,18.357195114589903,learned,2
5.9,-7.865092828404158,4.755528218578547,-18.160991625394672,0.09869175499802764,-0.48254712347533785,-0.13555099227352918,0.5108481774316632,20.354271066652494,19.393447184148098,153.0194636749091,43.167451301071715,18.354271066652494,learned,2
6.0,-7.85527967941016,4.707311574369669,-18.174363864120096,0.09757096407886594,-0.4817818532539465,-0.13189528963388017,0.508950110112663,20.351208882161846,19.391751465221553,152.981272178725,43.09023426703413,18.351208882161846,learned,2
6.1000000000000005,-7.845681539736688,4.659078119788319,-18.187437860760838,0.09439067639505347,-0.48288349643802925,-0.12958454286212087,0.5088007710993732,20.348086487143995,19.38995962991857,152.9424486898387,43.014104610293444,18.348086487143995,learned,3
6.2,-7.836396073922515,4.610739899333566,-18.200263735838234,0.09131743696607464,-0.48387682571662854,-0.12693292500070766,0.5085151169915098,20.344965615620072,19.38812134935275,152.9030041214788,42.93879934100404,18.344965615620072,learned,3
6.300000000000001,-7.827406439930201,4.562311763875186,-18.212821703404188,0.0884741532595889,-0.484681873543862,-0.12422655456640704,0.5081106485761049,20.34182525258354,19.386217164961916,152.86293840488418,42.864423901575144,18.34182525258354,learned,3
6.4,-7.81869047973305,4.513810783158988,-18.225107837002724,0.08584407025681952,-0.4853338877455364,-0.1214963277655588,0.5076214580304607,20.338656894554486,19.384241573917986,152.82225503676864,42.791004574189465,18.338656894554486,learned,3
6.5,-7.810227394104004,4.4652517032809556,-18.237119934521616,0.08341673222001494,-0.48584399718591975,-0.11874589972646928,0.5070535765752041,20.335453479757756,19.38219037835424,152.78095671494353,42.71853718940635,18.335453479757756,learned,3
6.6000000000000005,-7.801997224800289,4.416648299898952,-18.248856247402728,0.08118584396880799,-0.4862204765064299,-0.11598073182696088,0.5064119105927356,20.332208370936034,19.380059697801748,152.73904642699333,42.647022823054684,18.332208370936034,learned,3
6.7,-7.793980549089611,4.368013501167297,-18.260315660387278,0.0791469622856734,-0.4864720413741359,-0.113207969746895,0.5057028110382448,20.328915434989437,19.37784609982271,152.6965281963154,42.576470760384325,18.328915434989437,learned,3
6.800000000000001,-7.786158531904221,4.319359516724944,-18.271497736684978,0.07729273618874266,-0.48660431344401184,-0.11043409195581066,0.5049293154452068,20.32556913988761,19.37554669342071,152.6534069334491,42.506893141783344,18.32556913988761,learned,3
6.9,-7.778512883931398,4.270697879604995,-18.282402732409537,0.07561969687408561,-0.48662527283197243,-0.10766638223692164,0.5040977529984706,20.322164568135086,19.373159149472155,152.60968808781593,42.438301464011694,18.322164568135086,learned,3
7.0,-7.771025758236647,4.222039422020316,-18.293031527660787,0.0741223159590435,-0.4865408729772269,-0.1049101277021079,0.503211957027103,20.318697317698856,19.3706816126548,152.56537744968793,42.37070574027628,18.318697317698856,learned,3
7.1000000000000005,-7.763675226829946,4.173382093198597,-18.30338584817946,0.07288777064567799,-0.4866029185735992,-0.10217659521434974,0.5025286898114762,20.315159478351625,19.36810918158714,152.5204899714957,42.30402419469189,18.315159478351625,learned,3
7.2,-7.756441080011427,4.124723156914115,-18.313463642727584,0.07179463807475873,-0.4865730202080043,-0.09937965132235224,0.5017809174805045,20.31154031437245,19.365433727709505,152.4750367925332,42.23824557288318,18.31154031437245,learned,3
7.300000000000001,-7.74930786062032,4.076072993688285,-18.323263127356768,0.07086931116049278,-0.48642764502685243,-0.09661046437661688,0.5009669599262987,20.30783383334862,19.362651363880335,152.42901953830426,42.17346403644099,18.30783383334862,learned,3
7.4,-7.742259436286986,4.027442403137684,-18.33278762176633,0.07009882206821628,-0.48618173683816845,-0.09387992555947078,0.5000999565220751,20.304038403090036,19.359762882236783,152.38244259175337,42.10969275037677,18.304038403090036,learned,3
7.5,-7.7352806106209755,3.9788412428461015,-18.34204094018787,0.0694774494788182,-0.4858392050655833,-0.09118698813087796,0.49918124561047017,20.300152945540827,19.35676951220487,152.3353097422751,42.046921356276876,18.300152945540827,learned,3
7.6000000000000005,-7.72835658211261,3.930279105436057,-18.351026934105903,0.06900292911835172,-0.4854014310280405,-0.08853348858612017,0.4982109313054166,20.296176458712385,19.35367250292603,152.2876253949268,41.985148590243625,18.296176458712385,learned,3
7.7,-7.721472753211856,3.881765339523554,-18.359749817289412,0.06867357362563709,-0.4848719481966904,-0.085924837985625,0.4971920591134031,20.292108243925224,19.3504733912095,152.2393947157094,41.92438365940061,18.292108243925224,learned,3
7.800000000000001,-7.714614735916257,3.833308898843825,-18.368214331567287,0.06848675216240369,-0.4842550776196596,-0.08336615701568707,0.4961283418206837,20.287948032464136,19.347174133512826,152.19062361650697,41.86463874204272,18.287948032464136,learned,3
7.9,-7.707768497988582,3.7849183878861368,-18.376425632741302,0.0684381331342904,-0.48355353676403123,-0.08086067334320245,0.49502146365327054,20.283695951606436,19.3437770476524,152.14131886009238,41.805924802178524,18.283695951606436,learned,3
8.0,-7.700920518487692,3.736602084711194,-18.38438917323947,0.06852161737665777,-0.4827710976581141,-0.0784109551635916,0.49387389349063615,20.27935248583291,19.340284748000254,152.09148774125654,41.74825150368475,18.27935248583291,learned,3
8.1,-7.694188578054309,3.688279779627919,-18.392162594478577,0.06611655161510377,-0.4836732117405291,-0.07705700520570578,0.4942154957143124,20.274999149425643,19.33676444084906,152.04114608899334,41.69129377257457,18.274999149425643,learned,4
8.200000000000001,-7.6876920918002725,3.639872673433274,-18.39978286763653,0.06381246338202647,-0.4844666832152801,-0.07534808869641275,0.4944262655833522,20.270700341954285,19.333265109714496,151.99030622737976,41.63480621933789,18.270700341954285,learned,4
8.3,-7.681415168568492,3.5913945278152823,-18.40722969500348,0.06172540701549672,-0.48509411975609096,-0.07358821135594829,0.49451143135799513,20.266434286547636,19.329766363811608,151.93897051310213,41.57890133517729,18.266434286547636,learned,4
8.4,-7.675337046384811,3.5428606127388775,-18.414499130565673,0.05983646328672827,-0.48558221306982824,-0.07180033389089577,0.4944954761525126,20.262192337615087,19.326262340354347,151.8871420657938,41.52360843175118,18.262192337615087,learned,4
8.5,-7.669438323006034,3.4942845129407942,-18.421588415745646,0.05813761055224399,-0.4859378623105932,-0.06998530988727372,0.4943819691167258,20.25796703045263,19.32274820694172,151.83482273358038,41.46893545812253,18.25796703045263,learned,4
8.6,-7.663700223900378,3.4456792599521577,-18.42849506204948,0.05662403100165111,-0.4861654211528327,-0.06814764646157115,0.4941732482943997,20.253751181849182,19.319219331868844,151.78201502282184,41.414900048430894,18.253751181849182,learned,4
8.700000000000001,-7.658104466274381,3.3970573963597417,-18.435217120219022,0.055290856017795494,-0.4862701897070695,-0.06629362836897153,0.4938730821974946,20.249538099427124,19.315671524503212,151.72872270475423,41.36152821454585,18.249538099427124,learned,4
8.8,-7.652633246965706,3.348430896643549,-18.441753291990608,0.054133319289511934,-0.48625826944355993,-0.06443000657656281,0.49348631856111463,20.245321671062882,19.31210113071631,151.6749504322069,41.308847552725275,18.245321671062882,learned,4
8.9,-7.6472692815586925,3.2998111792840064,-18.44810290914029,0.053145899983543604,-0.4861346266103099,-0.06256260716717153,0.4930166748601512,20.241096369263925,19.308505031215574,151.62070332029143,41.25688427601594,18.241096369263925,learned,4
9.0,-7.641995838843286,3.251209214795381,-18.454265848267823,0.0523229073156576,-0.4859033483614628,-0.06069650719660723,0.49246707155373526,20.236857210491273,19.304880593382414,151.56598676815383,41.205663215817,18.236857210491273,learned,4
9.1,-7.636793741956353,3.2026292360387743,-18.4602418737486,0.051719006583933275,-0.48569507795819616,-0.05882422189840416,0.4919703786579024,20.232597033451125,19.30122328419308,151.51081327841564,41.1551400454533,18.232597033451125,learned,4
9.200000000000001,-7.631644083186984,3.154075718484819,-18.46602940093726,0.05127416999931545,-0.48537421142606657,-0.05692662516481196,0.49138356329780675,20.228307563576784,19.297527364601294,151.45519338195052,41.10533956470409,18.228307563576784,learned,4
9.3,-7.626531384885311,3.105559733696282,-18.471628319472075,0.05097989912093187,-0.48494454062867937,-0.05505213640338763,0.49071467812010516,20.22398415240971,19.293790366011734,151.39913040575604,41.05636302626548,18.22398415240971,learned,4
9.4,-7.621441466733813,3.057091471273452,-18.47704106522724,0.050818671288073276,-0.4844199124218762,-0.05320323442643632,0.48997527800465385,20.219624744803657,19.29001233852051,151.34262849749663,41.008228843559316,18.219624744803657,learned,4
9.5,-7.616361406631768,3.0086801387369633,-18.48227004799992,0.050782791161493084,-0.48380605575732855,-0.051376948418269106,0.4891694821780981,20.215227512468292,19.286193376119208,151.28569096567003,40.960936335551686,18.215227512468292,learned,4
9.600000000000001,-7.611278930678964,2.9603344560600817,-18.487317563500255,0.05086703963125596,-0.4831070143331225,-0.049573961436009194,0.4883005433861102,20.21079062644604,19.282333472947855,151.228322171822,40.91449363509556,18.21079062644604,learned,4
9.700000000000001,-7.606182341463864,2.9120627040974796,-18.492186050396413,0.05106513087917199,-0.4823275859020467,-0.04779644966651431,0.4873725970082098,20.206312477210382,19.27843276508453,151.17052791119684,40.868916249257964,18.206312477210382,learned,4
9.8,-7.601060607470572,2.863872659392655,-18.496878153644502,0.05137002602280124,-0.4814729871020557,-0.04604633958826922,0.4863901543740763,20.201791762079644,19.27449160817492,151.11231486156296,40.82422071651028,18.201791762079644,learned,4
9.9,-7.5959033947438,2.8157715839333832,-18.501396684441715,0.05177474242837102,-0.4805483038824645,-0.04432506691321421,0.4853576082381923,20.197227464932855,19.270510551144596,151.0536900898814,40.780421909301126,18.197227464932855,learned,4
10.0,-7.590701053850353,2.767766245175153,-18.50574458623305,0.052272635620078646,-0.47955833757937344,-0.042633807789774956,0.48427912317507277,20.19261882886293,19.26649030946341,150.994660846504,40.737532893506604,18.19261882886293,learned,4
10.100000000000001,-7.5855842009186745,2.719778179656714,-18.50997446430847,0.05006425456485035,-0.48020236830161095,-0.04196335226642543,0.4846252851854165,20.18805180509292,19.26250062893194,150.935240016241,40.69521316284142,18.18805180509292,learned,5
10.200000000000001,-7.580684493295848,2.671730143483728,-18.514116729144007,0.047929605879159606,-0.48075719416506285,-0.04088163985637275,0.4848670285125002,20.183593277879577,19.258591086761527,150.87543886129993,40.65319179037238,18.183593277879577,learned,5
10.3,-7.575987568125129,2.6236346065998077,-18.518147660885006,0.046008681684511256,-0.4811524531351488,-0.03973680662469354,0.48497783016241736,20.179217997030396,19.25473743167963,150.81526161659588,40.61157386004855,18.179217997030396,learned,5
10.4,-7.5714729111641645,2.5755061167292297,-18.522062483709306,0.04428430942186157,-0.4814163580675428,-0.038559558745201505,0.48498417442903474,20.17491592181326,19.250932314702297,150.754711141005,40.570394437589734,18.17491592181326,learned,5
10.5,-7.567121281288564,2.5273574460297823,-18.525858017150313,0.042748239656316495,-0.48155615785278616,-0.03735112161900841,0.48489055615246757,20.17067860577192,19.247169862855515,150.69378859126334,40.52967059057297,18.17067860577192,learned,5
10.600000000000001,-7.562914098612964,2.479200793430209,-18.52953138947487,0.04139543200126251,-0.4815760865432372,-0.03611643190357753,0.4846993971260088,20.16649795454526,19.243444472313172,150.63249571955035,40.48942874520656,18.16649795454526,learned,5
10.700000000000001,-7.5588333690539,2.4310478712432086,-18.533080299384892,0.040219255961135396,-0.48148164255342063,-0.03486196395159427,0.48441461290569,20.16236645428426,19.239751059265913,150.5708354390653,40.44970227223884,18.16236645428426,learned,5
10.8,-7.5548618556931615,2.3829097812995315,-18.536503043491393,0.03921121243412292,-0.48127955251268334,-0.033593219887776554,0.4840413528509637,20.15827725193267,19.236085117082094,150.50881151603554,40.410524801508444,18.15827725193267,learned,5
10.9,-7.550983183085918,2.334796952083707,-18.53979839431122,0.038362469670792106,-0.48097650629099825,-0.032314141543978304,0.48358482443813455,20.154224081824896,19.232442622867616,150.44642821715237,40.37192754751714,18.154224081824896,learned,5
11.0,-7.547181844711304,2.2867191676050425,-18.54296549037099,0.03766455217755529,-0.48057878182220837,-0.03102821230781785,0.48305003259235224,20.15020117829402,19.22881994448577,150.38369013718767,40.33393929738921,18.15020117829402,learned,5
11.100000000000001,-7.543441914953291,2.2386826844885945,-18.54600288718939,0.03713435225684585,-0.48015056139507384,-0.029720131712709208,0.48250057819090836,20.14620160669848,19.225212292404485,150.32060650072887,40.2965356097276,18.14620160669848,learned,5
11.200000000000001,-7.539747357368469,2.19069398380816,-18.548908653203398,0.03675717496590602,-0.47962318556481637,-0.028395676490836307,0.48186699875192607,20.14221791582352,19.221614355311345,150.25718607904915,40.259752586859136,18.14221791582352,learned,5
11.3,-7.536084060557187,2.142762230243534,-18.551682601682842,0.03650916702837413,-0.47901175796104106,-0.027083823882440496,0.4811639191150223,20.13824521393868,19.218023205662465,150.19343337330847,40.22368172899631,18.13824521393868,learned,5
11.4,-7.532439951784909,2.094895260874182,-18.554325860459358,0.03637352796809998,-0.4783275762777702,-0.025781974221784593,0.48040088879953685,20.134280367507287,19.214437441847732,150.1293523852819,40.18833890866991,18.134280367507287,learned,5
11.5,-7.528804091736674,2.047100157942623,-18.55683930311352,0.03634418383633349,-0.47757453116235926,-0.024487561792574917,0.4795810392376054,20.1303202912914,19.210855537418375,150.06494604258037,40.15372452761534,18.1303202912914,learned,5
11.600000000000001,-7.52516607940197,1.999383638612926,-18.559223753400147,0.03641664170007794,-0.4767559579277822,-0.02320217202305389,0.47870738034726024,20.126361961012908,19.207275947132523,150.00021827594162,40.1198469676903,18.126361961012908,learned,5
11.700000000000001,-7.521516020409763,1.9517520414665341,-18.561480252537876,0.03658514946988366,-0.47587618137980947,-0.021928592073007354,0.4777839222040308,20.12240265082684,19.20369736065283,149.9351743255282,40.0867205077759,18.12240265082684,learned,5
11.8,-7.517844631336629,1.9042112519964576,-18.56361010018736,0.0368433294379176,-0.47493988649144464,-0.020669202677794114,0.47681499834203306,20.11844000773731,19.20011876413543,149.8698201777482,40.05435976704309,18.11844000773731,learned,5
11.9,-7.514143250882626,1.8567666942253709,-18.56561481114477,0.03718496004719705,-0.47395161443858225,-0.019425890612066645,0.47580481219584375,20.1144720205967,19.1965394058948,149.80416211435826,40.02277756451994,18.1144720205967,learned,5
12.0,-7.510403830558062,1.809423350263387,-18.56749607482925,0.0376041894907136,-0.47291569008051615,-0.01820031737474228,0.47475738703481557,20.110496986582387,19.192958762629353,149.73820654347156,39.991984889466686,18.110496986582387,learned,5
12.100000000000001,-7.506757180206478,1.7620979924686253,-18.569309373851866,0.03532879713904168,-0.4735916412138327,-0.018065095989464156,0.47525100129090914,20.106606956905143,19.189452838427346,149.67196303629194,39.961613591993206,18.106606956905143,learned,6
12.200000000000001,-7.5033361883834,1.714708162471652,-18.57108724769205,0.03309087371959572,-0.4742045022341452,-0.01749186658184858,0.4756793891469094,20.102874411380604,19.186076786811853,149.6054407736939,39.93135091282998,18.102874411380604,learned,6
12.3,-7.50012880936265,1.6672648531384766,-18.572803422808647,0.03105658570098142,-0.47466123599192295,-0.01683126402389001,0.47597383532860743,20.09927190795316,19.18280371514183,149.53864464017067,39.90128738991157,18.09927190795316,learned,6
12.4,-7.4971153773367405,1.6197820254601538,-18.574451357591897,0.02921202691589591,-0.47499495414127113,-0.01612717418231408,0.4761655539025371,20.095787519444226,19.17962418199663,149.47157698993672,39.871462739601775,18.095787519444226,learned,6
12.5,-7.494277440011501,1.5722714993171394,-18.57602672604844,0.02754678532879751,-0.4752152419486818,-0.015380031122448998,0.4762613745829306,20.092411526302566,19.176530872455196,149.40423830506103,39.84190036969854,18.092411526302566,learned,6
12.600000000000001,-7.491597411222756,1.5247443499974906,-18.577525403816253,0.02605387969533615,-0.4753275070795913,-0.014593449403986714,0.4762646453382664,20.089134556623563,19.173516703171344,149.33662968801582,39.81263077870474,18.089134556623563,learned,6
12.700000000000001,-7.489058452658355,1.4772110683843493,-18.57894370611757,0.024725425820116578,-0.47533793116068374,-0.01377261242001921,0.476179777326775,20.085947781545595,19.170575045288192,149.26875332086502,39.78368941989109,18.085947781545595,learned,6
12.8,-7.486644542776048,1.4296815181151032,-18.580278442706913,0.023552994523145483,-0.475252937343378,-0.012922212093424224,0.4760116401621955,20.082842994995442,19.1676997969235,149.2006120302687,39.75511138940054,18.082842994995442,learned,6
12.9,-7.484340488910675,1.382164935581386,-18.581526862457395,0.02252834732830539,-0.47507866325963866,-0.012046335450558866,0.4757650438143783,20.07981257390925,19.164885339335065,149.13220894500316,39.726929381096866,18.07981257390925,learned,6
13.0,-7.482131903991103,1.3346699578687549,-18.582686605863273,0.021643617829385044,-0.47482090709657576,-0.011148745013091058,0.4754446703078355,20.07684943453253,19.162126494544978,149.06354739538577,39.699173629139736,18.07684943453253,learned,6
13.100000000000001,-7.480003814212978,1.287203041370958,-18.583755447529256,0.02091853243329451,-0.4745174875336939,-0.010228330065232735,0.4750884651413624,20.073946180657373,19.159417850724243,148.99463270754987,39.6718329244741,18.073946180657373,learned,6
13.200000000000001,-7.477941174060106,1.2397704082541168,-18.58473135670647,0.020334588717865653,-0.47413533635810867,-0.009290154035530261,0.47466211102609135,20.07109549747683,19.156754094169347,148.92547113647228,39.64494548313566,18.07109549747683,learned,6
13.3,-7.47593102324754,1.1923794718459249,-18.58561331452802,0.0198688604539557,-0.47368362106816725,-0.008349362534895422,0.4741736563103532,20.068291799413213,19.154131397871073,148.85606757449227,39.61859115017639,18.068291799413213,learned,6
13.4,-7.473962233401835,1.145036761648953,-18.58640092657879,0.019507360880897735,-0.4731708574977229,-0.007403262377185234,0.47363066392231556,20.065530644749302,19.151546847577674,148.78642497472615,39.59278670119572,18.065530644749302,learned,6
13.5,-7.472024627961218,1.0977482297457755,-18.587093573063612,0.01924523245644646,-0.472600124985619,-0.006450136555125397,0.4730357929061025,20.062807647749395,19.14899743962655,148.71654447939116,39.567536962847726,18.062807647749395,learned,6
13.600000000000001,-7.470108452253044,1.050519504584372,-18.587690663989633,0.019078765092576017,-0.4719747761104518,-0.005492178487200542,0.47239215974283916,20.060118537488805,19.14648022547705,148.6464279490819,39.542853746202866,18.060118537488805,learned,6
13.700000000000001,-7.468204396776855,1.003355821594596,-18.58819187898189,0.01900290782080961,-0.4712993294499041,-0.004532687489576994,0.47170405308991525,20.057459389130347,19.143992550300265,148.576078743601,39.51875298565361,18.057459389130347,learned,6
13.8,-7.466303687542677,0.9562619579955935,-18.5885972045362,0.01901184766703862,-0.47057844380918484,-0.0035743918518240632,0.47097590002748463,20.05482669382645,19.14153211198513,148.5055011264312,39.49525003986,18.05482669382645,learned,6
13.9,-7.464398134499788,0.9092422439716756,-18.588906864169985,0.019099801401639426,-0.46981640137946135,-0.0026194420476049556,0.470211776644705,20.052217318125507,19.139096910939497,148.4346997653106,39.47235801214008,18.052217318125507,learned,6
14.0,-7.462480112910271,0.8623005971312523,-18.58912129374221,0.01926126136257537,-0.46901715698293744,-0.0016697776573345484,0.4694154640518991,20.04962848106803,19.1366852289364,148.36367953222256,39.45008792234315,18.04962848106803,learned,6
14.100000000000001,-7.460673817433417,0.8153443769551814,-18.589297665748745,0.016864337141506473,-0.4701078680721048,-0.0018563636365276613,0.47041392366348267,20.047155109116623,19.13437704928959,148.2924463488432,39.42804580221735,18.047155109116623,learned,7
14.200000000000001,-7.459108084440231,0.7682813839055598,-18.589470006525517,0.01444995393138936,-0.47115190726441747,-0.0015892041350271551,0.47137611994807316,20.044873280311084,19.13223186972936,148.22100683275764,39.40587752966568,18.044873280311084,learned,7
14.3,-7.457774459384382,0.7211221833713353,-18.589609663933516,0.012222228913948623,-0.4720319606662821,-0.0012029047838340648,0.4721917002129521,20.0427544151947,19.130221059661082,148.14936562076647,39.383659729198634,18.0427544151947,learned,7
14.4,-7.456654570065439,0.6738812872208655,-18.589707370847464,0.010175277191142054,-0.472785861673068,-0.0007502723244860877,0.47289594010989655,20.040784253623528,19.12833254834023,148.07752386220113,39.361438335503095,18.040784253623528,learned,7
14.5,-7.455730834044516,0.6265707546845078,-18.589756609406322,0.008299235932070803,-0.47342471050036483,-0.00023367214319516,0.47349750625751025,20.038951169592536,19.126556903244428,148.00548081161014,39.33924440859311,18.038951169592536,learned,7
14.600000000000001,-7.454986486583948,0.5792017979547381,-18.589751199353486,0.00658754694996766,-0.47395435386398954,0.0003426020045879065,0.4740002560100399,20.03724401936972,19.124885070824973,147.93323624114058,39.317114203568146,18.03724401936972,learned,7
14.700000000000001,-7.4544054586440325,0.5317850182764232,-18.5896854554303,0.005032934952113466,-0.4743812009047717,0.0009728988200474378,0.4744088961415033,20.03565225739761,19.123308516768162,147.86079080649887,39.29508760701497,18.03565225739761,learned,7
14.8,-7.453972427174449,0.4843303724192083,-18.589554231148213,0.0036276468132606875,-0.4747116987825826,0.0016521145307677903,0.47472843422831756,20.034166001297013,19.121819285948668,147.7881456700015,39.27320368489249,18.034166001297013,learned,7
14.9,-7.453672836534679,0.4368471917696297,-18.589352862909436,0.0023641284779829987,-0.4749519338128558,0.0023757177849742187,0.4749637592185593,20.032775995473298,19.120409960709605,147.71530224390116,39.25149900284234,18.032775995473298,learned,7
15.0,-7.453492870554328,0.3893442121334374,-18.589077123440802,0.0012352012931962089,-0.4751077004342353,0.003139469712872711,0.4751196786118418,20.031473565071447,19.119073616805554,147.6422621362684,39.230007571330425,18.031473565071447,learned,7
15.100000000000001,-7.453416861593723,0.3418286519590765,-18.588723891414702,0.00028503124601202053,-0.47520364535874465,0.003925526622988312,0.47521994440923726,20.030250264318756,19.117803861366482,147.56902711896987,39.20873119125189,18.030250264318756,learned,7
15.200000000000001,-7.453429340384901,0.294306477997452,-18.58829089254141,-0.0005345602050858945,-0.4752400291678058,0.004734781092087723,0.4752639153460104,20.029098420569,19.11659508119922,147.49560077590112,39.1877106413983,18.029098420569,learned,7
15.3,-7.4535182090476155,0.24678398296236992,-18.587775790132582,-0.0012426636006046866,-0.4752100867566956,0.005567548572494442,0.4752443249163924,20.02801150516671,19.11544233327611,147.42198736938292,39.16701765871827,18.02801150516671,learned,7
15.4,-7.453672835603356,0.1992675403598696,-18.58717617020011,-0.0018497522373125592,-0.4751190167720987,0.0064250460881767986,0.4751660582354978,20.02698340427003,19.114340879593183,147.348188457522,39.14667243394068,18.02698340427003,learned,7
15.5,-7.453883319161832,0.1517631362657994,-18.58648954052478,-0.0023597581705236325,-0.47496935229842474,0.0073076850777449714,0.4750314266894391,20.026008140047416,19.11328601026716,147.27420393751387,39.12668493930365,18.026008140047416,learned,7
15.600000000000001,-7.45414012670517,0.10427647060714662,-18.585713527165353,-0.0027761887304128255,-0.4747642632282895,0.008212673075161188,0.47484340667382857,20.02507992305488,19.112273155344567,147.2000345682696,39.10707064863106,18.02507992305488,learned,7
15.700000000000001,-7.45443413965404,0.05681286798790097,-18.584846075624228,-0.003103867460580452,-0.47450812019940813,0.009136370137293173,0.4746062192888694,20.02419335951024,19.11129809461225,147.12568243293043,39.08784828080083,18.02419335951024,learned,7
15.8,-7.454756744205952,0.009377190377563238,-18.583885478787124,-0.0033479676446422865,-0.4742057991492048,0.010075602070165826,0.4743246426142773,20.023343515398683,19.110357010543332,147.0511503665095,39.06903566803131,18.023343515398683,learned,7
15.9,-7.455099830403924,-0.03802618500776589,-18.582830311730504,-0.0035134732842137233,-0.4738620932436013,0.01102769156896549,0.4740034154824906,20.022525861304434,19.1094464306055,146.97644153779834,39.05064824551189,18.022525861304434,learned,7
16.0,-7.455455790273845,-0.08539332519285381,-18.58167940378189,-0.0036054337013076226,-0.47348113204566794,0.011990389737013444,0.4736466520534767,20.021736251525425,19.108563205641715,146.9015592993819,39.03269923957258,18.021736251525425,learned,7
16.1,-7.455939929932356,-0.13282602047547698,-18.580486827529967,-0.0060780871855678825,-0.4751733145681586,0.011863475090727717,0.4753602466159259,20.02106824668678,19.107787264853446,146.82650652199578,39.01477904019764,18.02106824668678,learned,8
16.2,-7.456675224006176,-0.18042551237158477,-18.57928312756121,-0.008628626714400114,-0.47681629537796544,0.012212794439270072,0.47705071542233274,20.020597401074294,19.107178466530996,146.7512873848899,38.99650407083576,18.020597401074294,learned,8
16.3,-7.4576571229845285,-0.2281797204632312,-18.57803721074015,-0.01101014038193777,-0.4782675278451697,0.012707566086027997,0.47856298814073667,20.02029426238481,19.106706665843042,146.67590570546915,38.97794149662141,18.02029426238481,learned,8
16.400000000000002,-7.458868542686105,-0.2760718185454607,-18.576737605035305,-0.013218959795692601,-0.4795740915800535,0.013286443021589558,0.47994018354486595,20.020142747553027,19.106357695183128,146.60036131516327,38.959145692729436,18.020142747553027,learned,8
16.5,-7.46029272582382,-0.32408802513964474,-18.575376083143055,-0.01526535303099447,-0.4807496786883239,0.013945740636589017,0.48119410661809914,20.020129800608732,19.106120508315623,146.52465217872734,38.94015649758922,18.020129800608732,learned,8
16.6,-7.461913753300905,-0.372215548530221,-18.573944836854935,-0.017155806762820497,-0.4818004213289354,0.014680830006311634,0.4823292386618265,20.020242957536727,19.105984548276844,146.4487766696458,38.921017133133034,18.020242957536727,learned,8
16.7,-7.463716360740364,-0.4204422396142036,-18.572436587885022,-0.01889689405589253,-0.4827330320555795,0.015485604841091025,0.4833508837271606,20.020470384120486,19.105939815591466,146.37273388031323,38.90177345273218,18.020470384120486,learned,8
16.8,-7.4656859608367085,-0.4687566249631345,-18.570844653993845,-0.02049557551075668,-0.48355429487230794,0.01635445510163511,0.4842646930209175,20.020800953060117,19.105976945370596,146.29652331931536,38.88247019842737,18.020800953060117,learned,8
16.900000000000002,-7.467808653600514,-0.5171478840056807,-18.569162875413895,-0.021958707067755868,-0.48427051184276687,0.017282340813796617,0.48507606904540973,20.021224186207295,19.106087145011372,146.22014473264375,38.86314955257309,18.021224186207295,learned,8
17.0,-7.47007121052593,-0.5656058080494404,-18.56738559063524,-0.02329283090840464,-0.48488760016692983,0.01826451864829012,0.4857902154313379,20.021730232219113,19.106262173135832,146.14359808528474,38.84385107971079,18.021730232219113,learned,8
17.1,-7.4724572552368045,-0.6141210114583373,-18.565509079024196,-0.024428369894525407,-0.48541619282224113,0.019266786904954484,0.48641220645393335,20.022309792114036,19.10649486117129,146.06688229005252,38.82459029102319,18.022309792114036,learned,8
17.2,-7.474950677715242,-0.6626865449361503,-18.563531041145325,-0.025440379984984225,-0.4858942532947021,0.020294992712127972,0.4869828796249226,20.022954971898653,19.106779470658825,145.98999856512668,38.80541308349632,18.022954971898653,learned,8
17.3,-7.477540102787316,-0.7112960801459849,-18.561448174528778,-0.026348433303611186,-0.48629622871139216,0.02136329642421732,0.4874778481434684,20.02365866763967,19.107110347235068,145.91295028986522,38.78638705968323,18.02365866763967,learned,8
17.400000000000002,-7.480215520597994,-0.759942039148882,-18.559256493113935,-0.027160141620303065,-0.4866227232702203,0.022471194846531393,0.48789784042726725,20.024413542340074,19.107481377488366,145.83573832275468,38.76753703309726,18.024413542340074,learned,8
17.5,-7.482967456802726,-0.8086170039605349,-18.556952118873596,-0.02787877842302861,-0.4868763544688674,0.02361709864823006,0.48824540773653446,20.02521249227658,19.107886607890826,145.7583623043196,38.7488781384608,18.02521249227658,learned,8
17.6,-7.4857867658138275,-0.8573138765059412,-18.554531422443688,-0.028507578421942133,-0.48706089153885473,0.02479753173749526,0.4885242181042607,20.026048708932404,19.108320342135002,145.68082211685672,38.730430308767446,18.026048708932404,learned,8
17.7,-7.488664668053389,-0.9060259552206844,-18.551991123706102,-0.029050600619116185,-0.48718047758566524,0.026009086717877914,0.4887384041886072,20.0269157934055,19.108777255173454,145.60311818120704,38.712216946809576,18.0269157934055,learned,8
17.8,-7.491592804901302,-0.9547469685785472,-18.54932828247547,-0.02951226327960205,-0.4872395966749512,0.027248299275294305,0.4888924913160865,20.027807774679268,19.109252403746606,145.52525159816577,38.69426111092703,18.027807774679268,learned,8
17.900000000000002,-7.494563267566264,-1.0034711023326963,-18.5465402957052,-0.02989707913901357,-0.48724290761274835,0.028511944735762632,0.4889912242081496,20.028719124421986,19.109741237379154,145.4472239871291,38.676583816120974,18.028719124421986,learned,8
18.0,-7.497568599879742,-1.052192994626239,-18.543624863028526,-0.030209646331827485,-0.48719476730962086,0.0297971965312326,0.48903909551945907,20.029644731461737,19.110239571216646,145.36903729265327,38.65920363544966,18.029644731461737,learned,8
18.1,-7.500717808492482,-1.101018423680216,-18.54063051752746,-0.032775683414192805,-0.4893137514631783,0.030092900345673555,0.4913326525333433,20.03067620424708,19.110826312549523,145.29069204198714,38.64171127783738,18.03067620424708,learned,9
18.2,-7.5041292775422335,-1.1500528794713318,-18.537582874298096,-0.0354549716309413,-0.49137449520684423,0.030863051449582176,0.4936177443102217,20.031888494625683,19.111561448397236,145.21219042510188,38.62371113698121,18.031888494625683,learned,9
18.3,-7.5078008798882365,-1.199282050365582,-18.534450645558536,-0.03797826013911152,-0.4932079272531925,0.03178432785368117,0.49568805840537933,20.03325266203731,19.112414995015556,145.13353542245275,38.60526438648444,18.03325266203731,learned,9
18.400000000000002,-7.511716763488948,-1.2486859019845724,-18.531221548095345,-0.04034048402626763,-0.4948680841487659,0.03280020181254738,0.49759182931343177,20.034751739946497,19.113371672741454,145.05472591035982,38.58643387673576,18.034751739946497,learned,9
18.5,-7.5158613147214055,-1.2982478889171034,-18.527886330150068,-0.042551559924265014,-0.49637059332311145,0.033906557224443225,0.4993436249625507,20.036371696147114,19.11441923935532,144.97575897329298,38.567267552699285,18.036371696147114,learned,9
18.6,-7.520219701342285,-1.3479525726288557,-18.524436221458018,-0.04461711912394627,-0.497721986730271,0.035097822844942506,0.5009488203021377,20.038099156790775,19.115546019126043,144.89663201692744,38.547815240033955,18.038099156790775,learned,9
18.7,-7.524777660146356,-1.3977851900272071,-18.5208630701527,-0.046542955633876226,-0.4989292395055881,0.03636724986150086,0.5024133851871885,20.039921435361048,19.116740966351063,144.81734304319562,38.528128721618586,18.039921435361048,learned,9
18.8,-7.529521511867642,-1.447731660446152,-18.51715936884284,-0.048334851731593104,-0.49999902778721883,0.037708643705788705,0.503743215825493,20.0418265696882,19.117993701700346,144.73789041716637,38.508258628843244,18.0418265696882,learned,9
18.900000000000002,-7.534438122995198,-1.497778553282842,-18.51331822667271,-0.049998080731423256,-0.5009376715108296,0.03911590399494997,0.5049439699222676,20.043803286451634,19.119294480916345,144.65827274843093,38.48825325586421,18.043803286451634,learned,9
19.0,-7.539514891803265,-1.5479130768217146,-18.509333352558315,-0.05153795989635942,-0.5017516290641938,0.04058313553218999,0.5060215899232711,20.04584098643024,19.12063418149165,144.5784888962432,38.46815838830872,18.04584098643024,learned,9
19.1,-7.54473489522934,-1.598123379983008,-18.505201063118875,-0.05286268580322186,-0.5024533807230687,0.042064107844629925,0.5069746073711541,20.04792980243585,19.122005124777566,144.49853577049922,38.44800046600807,18.04792980243585,learned,9
19.200000000000003,-7.550081416964531,-1.6484007930848747,-18.500919309444726,-0.05406836525569656,-0.5030938621315494,0.043572375109219554,0.5078635388650383,20.050061592723868,19.123401406921143,144.41841294286286,38.427830837223546,18.050061592723868,learned,9
19.3,-7.5555435521528125,-1.6987373781157658,-18.496484431438148,-0.05517487637008048,-0.5036368163132776,0.045126472241092355,0.5086557856011803,20.052228887849832,19.12481691566752,144.3381232419699,38.407717780057375,18.052228887849832,learned,9
19.400000000000002,-7.561111615039408,-1.7491232440806925,-18.49189197551459,-0.05618679785737321,-0.5040794731133947,0.046723767428977686,0.5093487821822098,20.054423696834775,19.1262447992786,144.2576669096118,38.38769315151043,18.054423696834775,learned,9
19.5,-7.566776245832443,-1.7995485088322312,-18.487137811258435,-0.05710627012789908,-0.5044247978380313,0.0483605611219057,0.5099453369076776,20.05663835348775,19.127678493941733,144.1770432792024,38.36777920869071,18.05663835348775,learned,9
19.6,-7.5725283501669765,-1.850003679166548,-18.48221821244806,-0.05793620340153835,-0.5046775824051956,0.050032365023248114,0.5104500988311755,20.058865603008538,19.129111824090455,144.09625240960344,38.34800098762217,18.058865603008538,learned,9
19.700000000000003,-7.578359172679484,-1.9004797718953341,-18.477129891514778,-0.05868059865587754,-0.5048432556827857,0.051734854496291664,0.5108684964222782,20.061098677326413,19.13053906990994,144.01529509142964,38.32838559652201,18.061098677326413,learned,9
19.8,-7.584260379895568,-1.950968338525854,-18.47186996974051,-0.059343806817142464,-0.5049270666824001,0.05346429354667047,0.5112058888163239,20.063331307312485,19.131954967216807,143.9341722918991,38.30895978861523,18.063331307312485,learned,9
19.900000000000002,-7.590224055573344,-2.0014614284737036,-18.466435912065208,-0.059929966350488355,-0.5049337409964157,0.05521748947165738,0.511467159069826,20.065557663765137,19.133354646387648,143.85288469331576,38.28974934547652,18.065557663765137,learned,9
20.0,-7.5962426867336035,-2.0519515429623425,-18.460825485177338,-0.06044284333325056,-0.5048675625396998,0.05699153651406654,0.5116567484644561,20.067772314947977,19.13473359010234,143.77143294616653,38.27077865996854,18.067772314947977,learned,9
20.1,-7.602418097667396,-2.102540973457508,-18.455081108026206,-0.06306669028830184,-0.5069201045353544,0.05789937720961489,0.5140989570961183,20.070063731354573,19.13616862369868,143.6898155448833,38.25166116845012,18.070063731354573,learned,10
20.200000000000003,-7.60885916929692,-2.1533317622961476,-18.44922653120011,-0.0657561274181099,-0.5088940908878677,0.0591953746441068,0.5165279822167161,20.07250694697215,19.137721393114276,143.6080332744291,38.23202173754571,18.07250694697215,learned,10
20.3,-7.615561807528138,-2.204308324260637,-18.443235856480896,-0.06829786339162013,-0.5106354600164146,0.06062102100095344,0.5187370040369529,20.075076729379358,19.139366103539057,143.52608902954023,38.21192265399013,18.075076729379358,learned,10
20.400000000000002,-7.622511235997081,-2.255449502263218,-18.437098008580506,-0.0706918606588103,-0.5121863741442774,0.06213857168246752,0.5207623480179836,20.077756671953278,19.141087888680254,143.44398158330534,38.19142868875055,18.077756671953278,learned,10
20.5,-7.629693096503615,-2.3067369204945862,-18.43080402072519,-0.07294641189105475,-0.5135602187345909,0.06374364208447052,0.5226170004704146,20.08053258301651,19.14287413735372,143.36170802318264,38.170590525491406,18.08053258301651,learned,10
20.6,-7.637093713507056,-2.358153246692382,-18.424345430918038,-0.07506690568944958,-0.5147644955710036,0.06543036279695105,0.5243077899535721,20.083390940813885,19.144712831497966,143.27926573044434,38.1494599725946,18.083390940813885,learned,10
20.700000000000003,-7.644699948839843,-2.4096819033147767,-18.41771440487355,-0.07705873026944969,-0.5158067950116773,0.06719217507507232,0.5258416929858999,20.086318928127206,19.146592605197466,143.19665262086613,38.12809025532528,18.086318928127206,learned,10
20.8,-7.6524992091581225,-2.461307060904801,-18.410903742536902,-0.0789272535071855,-0.5166944889327713,0.06902285519593446,0.5272256260644812,20.089304448168058,19.14850276016995,143.11386695302045,38.106533318790255,18.089304448168058,learned,10
20.900000000000002,-7.660479416139424,-2.513013612711802,-18.403906855732203,-0.08067762533846123,-0.5174346568888107,0.07091651546301604,0.5284663239462952,20.092336097558128,19.150433242107106,143.03090724650713,38.08483869194306,18.092336097558128,learned,10
21.0,-7.668629001826048,-2.564787147566676,-18.396717723459005,-0.08231476334683764,-0.5180341357972558,0.07286754213198643,0.5295703586988346,20.09540312799426,19.152374601224913,142.94777229934587,38.06305329743713,18.09540312799426,learned,10
21.1,-7.67693174816668,-2.6166151055367664,-18.38933295570314,-0.08374077891095065,-0.5185232338247447,0.07482914394616252,0.5305452505228928,20.098495521611618,19.154318879648063,142.86445831962567,38.041204945113975,18.098495521611618,learned,10
21.200000000000003,-7.685371736064553,-2.6684882069239393,-18.381750440225005,-0.08505950574322228,-0.5189370242930188,0.0768223806048618,0.5314437250181554,20.101604843362736,19.15625973049846,142.78096438329993,38.01934417065384,18.101604843362736,learned,10
21.3,-7.693939035758376,-2.7203970144037157,-18.373966416344047,-0.08628703362182157,-0.519237343104374,0.07885917437702951,0.5322326934985951,20.10472331744165,19.158190557991947,142.6972936138773,37.99753895318042,18.10472331744165,learned,10
21.400000000000002,-7.702624752186239,-2.7723300713696517,-18.365976693108678,-0.08742767441807656,-0.5194220094558927,0.08093625307359567,0.5329104044986772,20.107842798008537,19.160104213607667,142.61344650121765,37.97582363862254,18.107842798008537,learned,10
21.5,-7.7114202613011,-2.824275963124819,-18.357777424156666,-0.08848289853063299,-0.5194940325133603,0.08304988442153889,0.5334796682646917,20.1109554501313,19.161993830219217,142.52942264439795,37.954222511902884,18.1109554501313,learned,10
21.6,-7.720317115075886,-2.8762236715410836,-18.349365208297968,-0.08945450142780073,-0.5194583468434973,0.08519510708477857,0.5339450235766436,20.114053855788566,19.16385294827498,142.4452222990158,37.93276214784755,18.114053855788566,learned,10
21.700000000000003,-7.729307080619037,-2.928162694675848,-18.340737125836313,-0.09034505694252526,-0.5193203337823022,0.0873670422313926,0.534311555613363,20.117131083532495,19.165675582882933,142.36084639012938,37.91147114514871,18.117131083532495,learned,10
21.8,-7.738382193259895,-2.9800830628955737,-18.331890733912587,-0.09115740660652391,-0.5190852603667414,0.08956118307640508,0.534584311239378,20.12018071267823,19.16745624101617,142.27629619291736,37.89037773095829,18.12018071267823,learned,10
21.900000000000002,-7.747534767724574,-3.031975316698663,-18.322824019007385,-0.09189423694743644,-0.5187580630128924,0.09177335963624679,0.5347680135011476,20.12319679697252,19.169189881769586,142.1915731662606,37.86950873009228,18.12319679697252,learned,10
22.0,-7.756757378578186,-3.083830482675694,-18.3135353801772,-0.09255808056521729,-0.5183435246099363,0.0939995676537651,0.5348672045490017,20.12617384395278,19.170871897896035,142.10667888340248,37.84888954410072,18.12617384395278,learned,10
22.1,-7.766139056533575,-3.135739742370788,-18.304061581380665,-0.09507661747187944,-0.5198399786777516,0.09547919796660037,0.5370190349195497,20.129193971748485,19.172574569240147,142.02161175944968,37.82818093067024,18.129193971748485,learned,11
22.200000000000003,-7.775771255604923,-3.1877943523577414,-18.29442783538252,-0.09756847248646229,-0.521250174066542,0.09719840578937881,0.5391371633227843,20.13233074625078,19.174360843136466,141.93637226379676,37.8070627458538,18.13233074625078,learned,11
22.3,-7.785645812749863,-3.239979625592241,-18.284617265686393,-0.09992368671111246,-0.5224531807648913,0.0990153956906686,0.5410601795004623,20.135564984585837,19.176211887961088,141.8509635035601,37.78560180176323,18.135564984585837,learned,11
22.400000000000002,-7.795749260112643,-3.292275917279767,-18.274621075950563,-0.10214614315536805,-0.5234705062231072,0.10091054670327591,0.5428058067881616,20.13888186349043,19.178114275156144,141.76538447506968,37.76385702278748,18.13888186349043,learned,11
22.5,-7.806068641133606,-3.3446651585691143,-18.26443167217076,-0.10424231325494517,-0.5243121375782799,0.1028794514318355,0.5443839261142477,20.14226791998433,19.18005592050316,141.6796327087661,37.74187489511549,18.14226791998433,learned,11
22.6,-7.816591591574252,-3.397130190365715,-18.25404196139425,-0.10621749584632553,-0.5249862874322792,0.10491647915279408,0.5458023690069607,20.145710351538998,19.1820253367224,141.593706158674,37.71970278146614,18.145710351538998,learned,11
22.700000000000003,-7.82730629760772,-3.4496546782320365,-18.243445420637727,-0.10807724032780304,-0.5255012336465386,0.10701578273443534,0.547069112814068,20.149197058230516,19.184011684362552,141.50760336391494,37.69738900125098,18.149197058230516,learned,11
22.8,-7.838201480917633,-3.5022230947797652,-18.23263610340655,-0.10982699627886668,-0.5258648404599959,0.10917186721133522,0.5481918424548696,20.152716649134728,19.18600478095443,141.42132323264963,37.67498044924511,18.152716649134728,learned,11
22.900000000000002,-7.849266399629414,-3.5548206771782134,-18.221608586609364,-0.111471873163231,-0.5260845352521399,0.11137952993120279,0.549177855002981,20.156258396409815,19.187995052768404,141.33486494917193,37.65252151010635,18.156258396409815,learned,11
23.0,-7.860490805469453,-3.6074333906071843,-18.21035796497017,-0.11301668871649387,-0.5261674491194414,0.1136337904931321,0.5500341760137618,20.159812215962976,19.189973521348936,141.24822797807116,37.630053993713545,18.159812215962976,learned,11
23.1,-7.871860687620938,-3.66005000473524,-18.198881319724023,-0.11438129660512382,-0.5261626417944457,0.11589991019678123,0.550783982897834,20.163368716855683,19.19193252088358,141.16140851246513,37.60759807307933,18.163368716855683,learned,11
23.200000000000003,-7.883362382650375,-3.7126620787048523,-18.187176414765418,-0.11565291201821101,-0.526076650866442,0.11819890424274852,0.5514555463582996,20.16691964848969,19.193865525545846,141.0744058380259,37.58519696812408,18.16691964848969,learned,11
23.3,-7.8949871705845,-3.7652599263601587,-18.17523993831128,-0.11684308747983865,-0.5258781107553413,0.12053115945012971,0.5520216072418007,20.170457395704563,19.195765901063336,140.9872240216116,37.56291496637321,18.170457395704563,learned,11
23.400000000000002,-7.9067271603271365,-3.8178322867461247,-18.163068703375757,-0.11795691555870978,-0.5255669028743695,0.12289392365810253,0.5524828683291139,20.17397438486338,19.197626924158126,140.89986432094804,37.54078311700621,18.17397438486338,learned,11
23.5,-7.9185748072341084,-3.8703680651524337,-18.150659811683,-0.1189961502845492,-0.525146472183188,0.12528415127622652,0.5528426716435655,20.177463357343974,19.19944214537376,140.8123270881113,37.518821691753075,18.177463357343974,learned,11
23.6,-7.930522724054754,-3.9228565774392337,-18.138010733760893,-0.11996223818576181,-0.5246215857810086,0.12769752620997357,0.5531052386825355,20.18091741675617,19.201205468345055,140.72461325978637,37.49705306258994,18.18091741675617,learned,11
23.700000000000003,-7.9425637004897,-3.9752876421407564,-18.125119374133646,-0.12085734131111676,-0.523997531151851,0.13012963932251354,0.553275367816275,20.18433011770984,19.202911240167474,140.63672434705376,37.47550176232517,18.18433011770984,learned,11
23.8,-7.954690761864185,-4.027651596145006,-18.111984060145915,-0.12168383469050494,-0.5232793875714665,0.13257646397358067,0.5533577431299695,20.1876954873952,19.20455426508544,140.5486621450589,37.4541921590793,18.1876954873952,learned,11
23.900000000000002,-7.966897143982351,-4.079939258372178,-18.098603513091803,-0.12244369784887596,-0.522471716178578,0.1350341812054241,0.5533564704991843,20.19100798818374,19.206129769295153,140.4604286044421,37.4331475167147,18.19100798818374,learned,11
24.0,-7.979176281020045,-4.132141903508455,-18.084976829588413,-0.12313887880694087,-0.5215790706386496,0.13749910160411483,0.5532756214980438,20.19426249609213,19.207633380376482,140.37202581661526,37.41238987821873,18.19426249609213,learned,11
24.1,-7.991605290211737,-4.184339461498894,-18.07113625947386,-0.12544208947838936,-0.5223700296525797,0.1393143411632764,0.5549906768097091,20.19753493751324,19.20913287503623,140.28345204801798,37.39162817489056,18.19753493751324,learned,12
24.200000000000003,-8.004260582849383,-4.236612036096631,-18.057107215747237,-0.12766449886101475,-0.5230792352189012,0.14126844312447773,0.5566568813995192,20.200895772800425,19.2106904229507,140.1947082615001,37.370596790935636,18.200895772800425,learned,12
24.3,-8.017131849192083,-4.288946514134295,-18.042879162356257,-0.12976150880208437,-0.5236080623259234,0.14329432039759046,0.5581547405133355,20.204330074412873,19.212291967921786,140.10579932107714,37.34936206903234,18.204330074412873,learned,12
24.400000000000002,-8.030206848867238,-4.341325350862462,-18.02844545338303,-0.13173903101624898,-0.5239663847727829,0.1453813162373687,0.5594923339741752,20.207824556424736,19.213925476331983,140.01672575449533,37.327973674757914,18.207824556424736,learned,12
24.5,-8.043473931029439,-4.393731924123131,-18.01380016375333,-0.13360308254867798,-0.5241627745988456,0.1475256707070755,0.560678358293988,20.211366837496378,19.215579768866505,139.92748625579677,37.30647032224644,18.211366837496378,learned,12
24.6,-8.05692202411592,-4.446150470466819,-17.998937798663974,-0.1353591759987148,-0.5242058267731066,0.14972265040193758,0.5617212185713729,20.21494517402635,19.217244241675125,139.83807952250766,37.28489215354422,18.21494517402635,learned,12
24.700000000000003,-8.070540621876717,-4.498566082329489,-17.983853332698345,-0.1370130624259445,-0.5241040753972827,0.1519674515558041,0.5626293339808563,20.21854849929769,19.218908909904137,139.74850459127117,37.2632804390335,18.21854849929769,learned,12
24.8,-8.084319779649377,-4.550964680907782,-17.9685422135517,-0.13857032673760605,-0.5238655464413314,0.15425555766497784,0.5634107056765739,20.222166429606144,19.220564414938323,139.65876084460507,37.24167500506203,18.222166429606144,learned,12
24.900000000000002,-8.098250096663833,-4.603332965052687,-17.953000323381275,-0.14003617713276992,-0.5234977824647064,0.156582682003048,0.564072863604245,20.225789221352642,19.222201982254838,139.56884801652538,37.22011309976744,18.225789221352642,learned,12
25.0,-8.112322675064206,-4.655658369127195,-17.937223966233432,-0.14141544873433057,-0.5230079347232719,0.15894471021466233,0.5646229271199118,20.22940774341167,19.22381339898041,139.4787661895581,37.19862931738724,18.22940774341167,learned,12
25.1,-8.12652639951557,-4.707931881886907,-17.921210564672947,-0.1426591012084415,-0.5224600126258477,0.16132352577818726,0.5651029675378698,20.23301366652669,19.225391637955326,139.3885114767727,37.17723326179672,18.23301366652669,learned,12
25.200000000000003,-8.14085048995912,-4.7601465787156485,-17.904957683291286,-0.14382273258735637,-0.5218316117494587,0.16373421609704544,0.5655104799655316,20.23659931389604,19.226930302349952,139.29808337990806,37.15595834732886,18.23659931389604,learned,12
25.3,-8.155287367291749,-4.81229335849639,-17.888462607748806,-0.14491476287992286,-0.5211016710026719,0.16616725443973934,0.5658257651171095,20.240157456901468,19.22842296384219,139.20748695558285,37.13486324275656,18.240157456901468,learned,12
25.400000000000002,-8.169830150902271,-4.86436213448178,-17.87172319786623,-0.14594082017372287,-0.5202715447035998,0.1686207613818923,0.5660513796381542,20.243681328531178,19.229863567527158,139.11672423066645,37.11397328687877,18.243681328531178,learned,12
25.5,-8.18447233736515,-4.916343063232489,-17.854737524408847,-0.1469027586310393,-0.5193447269968497,0.17109239120702144,0.5661907560900109,20.247164458808125,19.231246309010555,139.0257963406713,37.093302916069085,18.247164458808125,learned,12
25.6,-8.199207590892911,-4.968226710218005,-17.83750395476818,-0.14780207754261873,-0.5183259245299567,0.17357856104546102,0.5662479448266117,20.250600709585136,19.232565703870417,138.9347049203101,37.072868658083586,18.250600709585136,learned,12
25.700000000000003,-8.214029734022915,-5.020004114718176,-17.820021220482886,-0.14864056774463877,-0.5172198838856502,0.17607556361956936,0.5662270134584565,20.253984350780474,19.23381666954125,138.84345205594602,37.05268932862147,18.253984350780474,learned,12
25.8,-8.228932797908783,-5.071666787844151,-17.802288406994194,-0.1494203793152155,-0.5160313297997661,0.17858002208199825,0.5661321465668813,20.257310076247045,19.234994534383613,138.7520400256469,37.03278382898626,18.257310076247045,learned,12
25.900000000000002,-8.243910996243358,-5.123206687159836,-17.784304929431528,-0.15014323456308568,-0.5147644197997574,0.1810887293133919,0.5659668953756797,20.26057297058363,19.236095007014388,138.66047120289824,37.01317021834375,18.26057297058363,learned,12
26.0,-8.258958704769611,-5.17461616860237,-17.766070522367954,-0.15081051226407297,-0.5134230005637588,0.18359852102909582,0.5657343944302105,20.263768484297344,19.237114153546646,138.568748057529,36.99386565142739,18.263768484297344,learned,12
26.1,-8.274142480455339,-5.225965959369205,-17.74760938482359,-0.1528653978447158,-0.5135705443869296,0.18562557871917312,0.5670797028592527,20.266963089511947,19.238111601425636,138.4768684265026,36.974616469632394,18.266963089511947,learned,13
26.200000000000003,-8.28952638246119,-5.277326424373314,-17.728941849898547,-0.1548130812585172,-0.5136364287674532,0.1877263634301395,0.5683578613975917,20.270219558554196,19.23914350113398,138.38483319318814,36.955200318854885,18.270219558554196,learned,13
26.3,-8.305099312216043,-5.32868555537425,-17.71006187191233,-0.15664584177899912,-0.5135438601480672,0.18987420681705092,0.569488744802593,20.273525984415944,19.240199062574487,138.29264814215287,36.93568310896655,18.273525984415944,learned,13
26.400000000000002,-8.320850155316293,-5.380027752486058,-17.69096501916647,-0.15837123620303734,-0.5132977486189623,0.19206362320857423,0.5704773988106617,20.276870794925905,19.241267845498676,138.2003147772292,36.91610686876822,18.276870794925905,learned,13
26.5,-8.336768475361168,-5.431338069611229,-17.671647273935378,-0.15999527858938423,-0.5129062546670815,0.19429188138008127,0.5713323467279963,20.28024307577628,19.24233999180985,138.1078331198554,36.89650266090473,18.28024307577628,learned,13
26.6,-8.352844421751797,-5.482602413394488,-17.65210493048653,-0.16152370478674125,-0.5123782857434894,0.1965553667080232,0.5720624328613064,20.283632505896374,19.24340617208256,138.015203371989,36.87690254793626,18.283632505896374,learned,13
26.700000000000003,-8.369068728759885,-5.533807570463978,-17.632334649562836,-0.16296243054708487,-0.5117225184908549,0.19885045638646082,0.5726763428897169,20.287029422954095,19.244457655004098,137.92242599841472,36.85733953146706,18.287029422954095,learned,13
26.8,-8.3854327108711,-5.584941161680035,-17.61233343789354,-0.16431711589693743,-0.5109469732978172,0.20117379403111713,0.573182187008426,20.290424802243983,19.245486286147493,137.82950150953135,36.83784545918383,18.290424802243983,learned,13
26.900000000000002,-8.401928222738206,-5.635991579852998,-17.592098630964756,-0.16559295868680943,-0.5100590648019234,0.2035222319607475,0.5735874619058094,20.29381021863097,19.246484454397937,137.73643032293444,36.818450291330045,18.29381021863097,learned,13
27.0,-8.418547615408897,-5.686947934096679,-17.571627867408097,-0.16679468960983967,-0.5090656856553243,0.2058927777285346,0.5738990997680167,20.297177800588585,19.247445050610036,137.6432127449831,36.7991820966778,18.297177800588585,learned,13
27.1,-8.435282713733613,-5.737803608411923,-17.550919014494866,-0.16790707872520413,-0.5080454916763978,0.20828398322691358,0.5741822240087322,20.300520755947996,19.248362181761692,137.5498440124925,36.780041074706304,18.300520755947996,learned,13
27.200000000000003,-8.45212562661618,-5.788553425576538,-17.529969663824886,-0.16895088998766375,-0.5069485405180308,0.21070262563197845,0.5744012729870946,20.30383251466276,19.24923014106745,137.45632303587996,36.76105178139739,18.30383251466276,learned,13
27.3,-8.469069772399962,-5.839189087739214,-17.50877788476646,-0.16993172384286795,-0.5057624037060751,0.21313242037458688,0.5745414070243199,20.307106515460013,19.25004302322046,137.3626551693508,36.742267889083905,18.307106515460013,learned,13
27.400000000000002,-8.486109142191708,-5.889701792038977,-17.487342613283545,-0.17085529883841738,-0.5044893909163266,0.2155723521359407,0.5746064024127412,20.310336955518473,19.250795630143422,137.26884258851152,36.72371001613853,18.310336955518473,learned,13
27.5,-8.50323810428381,-5.940083029214293,-17.46566291898489,-0.17172349902648984,-0.5031330804023082,0.2180207560048218,0.5745997796396466,20.313518303132707,19.251482987707845,137.17488675584616,36.705388180194426,18.313518303132707,learned,13
27.6,-8.520451193675399,-5.990324698621407,-17.443738097324967,-0.17253782147685448,-0.5016980549734721,0.22047480602498445,0.5745253504379928,20.316645327090413,19.25210040968861,137.08078962527014,36.68731445069693,18.316645327090413,learned,13
27.700000000000003,-8.537743103690445,-6.040419146884233,-17.421567730605602,-0.17329985682044224,-0.5001886745538541,0.22293152581569944,0.5743866430623565,20.319713161527105,19.25264356769208,136.98655352100766,36.66950309085882,18.319713161527105,learned,13
27.8,-8.555108699016273,-6.090359152760357,-17.399151687975973,-0.17401148520866702,-0.49860923587224404,0.2253882259747053,0.5741872686586268,20.322717311491417,19.253108495219553,136.89218090228954,36.65196857117861,18.322717311491417,learned,13
27.900000000000002,-8.572543024085462,-6.140137909678742,-17.376490097492933,-0.17467440958130762,-0.49696372223734664,0.22784239081104568,0.5739305233502313,20.32565363175168,19.253491564218358,136.79767429160418,36.63472465166148,18.32565363175168,learned,13
28.0,-8.590041257441044,-6.189748975681141,-17.35358334472403,-0.17528961322888156,-0.4952554481620039,0.2302913853213034,0.5736188016385823,20.328518295457943,19.25378945932779,136.70303628161466,36.617784387275755,18.328518295457943,learned,13
28.1,-8.607659697532654,-6.239253546344116,-17.330444594845176,-0.17707928155612737,-0.49483350753270333,0.23248434821473843,0.5746879538483332,20.331364935465942,19.254050014319013,136.60826402471497,36.60092594635475,18.331364935465942,learned,14
28.200000000000003,-8.625451199710369,-6.2887117406353354,-17.30708537204191,-0.17875085266466398,-0.49432795578523697,0.23470070442179203,0.5756704055753092,20.334244707648644,19.254319012426137,136.5133580773784,36.583963115275935,18.334244707648644,learned,14
28.3,-8.64340465143323,-6.338112405501306,-17.283503445331007,-0.18031816159726308,-0.4936829465830708,0.2369382564769162,0.5765216635401317,20.33714837871711,19.254588447156085,136.4183248241076,36.56696098981651,18.33714837871711,learned,14
28.400000000000002,-8.661510052159429,-6.387441738508642,-17.25969678722322,-0.18178976265820773,-0.4929013394841276,0.23919511518075143,0.5772465256707118,20.340066409266825,19.25484981038357,136.32316629860173,36.549955637618915,18.340066409266825,learned,14
28.5,-8.679758131504059,-6.436686486238614,-17.23566353926435,-0.18317168023857944,-0.4919912662105469,0.24146985751384947,0.5778537553366253,20.342989745420024,19.255094987904886,136.2278832297681,36.532972601377224,18.342989745420024,learned,14
28.6,-8.698140212334692,-6.4858342544175684,-17.21140202600509,-0.18446972025706726,-0.49096175943537496,0.2437602737384425,0.5783524859224174,20.34590987962893,19.255316345258365,136.13247648642408,36.516038328019434,18.34590987962893,learned,14
28.700000000000003,-8.716648202389479,-6.534873527241871,-17.186910789459944,-0.18568973099512576,-0.4898214028578673,0.24606412587051574,0.5787514465944015,20.348818894130464,19.25550677525222,136.03694711653642,36.499179979359845,18.348818894130464,learned,14
28.8,-8.735274565406144,-6.583793613361195,-17.162188593763858,-0.18683718740559624,-0.48857802659432065,0.24837932416693562,0.579058642403391,20.351709446734088,19.255659687786565,135.94129622710054,36.48242346804955,18.351709446734088,learned,14
28.900000000000002,-8.754012298770249,-6.632584569742903,-17.137234404683113,-0.18791705266195663,-0.48723884060381967,0.2507038646550307,0.5792813946840335,20.354574730091194,19.255768970629177,135.8455249829322,36.46579264797376,18.354574730091194,learned,14
29.0,-8.772854867391288,-6.681237152777612,-17.112047384493053,-0.1889338373649325,-0.485810569724738,0.2530357972058437,0.5794264571326633,20.357408432929336,19.2558289590647,135.74963464912662,36.44930930520774,18.357408432929336,learned,14
29.1,-8.791796895675361,-6.729747243691236,-17.08662600442767,-0.18990622757667766,-0.484388996342612,0.2553910942625735,0.579587513736142,20.36020576600248,19.255835413191203,135.65362065551875,36.432963852310394,18.36020576600248,learned,14
29.200000000000003,-8.8108332445845,-6.77811161801219,-17.06096813781187,-0.19082024184207302,-0.4828962235301567,0.2577654197336353,0.5796931421077979,20.362961802486865,19.25578390775177,135.55748240517002,36.41677075478195,18.362961802486865,learned,14
29.3,-8.829958213493228,-6.826322879642248,-17.035072932951152,-0.19167859419072864,-0.48132676870970464,0.26013776133789673,0.5797307966818324,20.36567101620098,19.255669467955908,135.46122648386566,36.40077751282985,18.36567101620098,learned,14
29.400000000000002,-8.849166504107416,-6.8743735023308545,-17.00894060311839,-0.19248661330025077,-0.4796834856771054,0.26250779929869283,0.579704827842395,20.368328829518013,19.255488056206993,135.36485574437395,36.38500023174444,18.368328829518013,learned,14
29.5,-8.868453174829483,-6.922256286721677,-16.982571430969983,-0.19324611453185966,-0.47797002090746016,0.2648745106603853,0.5796187609675149,20.370930911993167,19.255235837875937,135.2683720059291,36.3694456384139,18.370930911993167,learned,14
29.6,-8.88781345449388,-6.9699644453357905,-16.9559658463113,-0.1939588118616465,-0.4761909985570729,0.2672359567627845,0.5794764398942244,20.37347319806819,19.25490922921839,135.17177715344428,36.354123018026456,18.37347319806819,learned,14
29.700000000000003,-8.907242745161057,-7.01749162375927,-16.929124478250742,-0.1946262839800021,-0.4743504528965703,0.2695900905712417,0.5792810712540641,20.37595194367282,19.254504957019744,135.07507309391337,36.33904405273635,18.37595194367282,learned,14
29.8,-8.926736591383815,-7.06483184476383,-16.902048158925027,-0.19524985166146294,-0.47245188262182497,0.27193488258499976,0.5790352893677962,20.378363701076704,19.254020036996373,134.97826174506213,36.32422086296163,18.378363701076704,learned,14
29.900000000000002,-8.946290677413344,-7.11197948991321,-16.874737918842584,-0.1958310849723307,-0.4704989767602852,0.2742684421592748,0.5787419799344014,20.380705311135404,19.253451766238246,134.88134514121464,36.309665063288676,18.380705311135404,learned,14
30.0,-8.965900839306414,-7.158929297700524,-16.84719497617334,-0.19637132400306503,-0.46849517117086503,0.2765888836049342,0.5784036936560474,20.382973902621536,19.2527977208278,134.784325493214,36.295387502492005,18.382973902621536,learned,14
30.1,-8.985615324229002,-7.2057322601322085,-16.81942420452833,-0.19791817507186626,-0.46756158235603723,0.2788266931816994,0.5792493091490925,20.385212550562297,19.25209595826461,134.6871991001247,36.28119660479959,18.385212550562297,learned,15
30.200000000000003,-9.00547837652266,-7.252437794348225,-16.791430428158492,-0.19934261927442684,-0.4665467163172939,0.28104887635648557,0.5799929217386034,20.38746258303359,19.2513833351128,134.58996592609526,36.26693907676621,18.38746258303359,learned,15
30.3,-9.025479129515588,-7.299035819713026,-16.76321446429938,-0.20067211875550175,-0.46541144156325914,0.28327025547605594,0.5806196231796538,20.38971693258323,19.250654061973524,134.49263249745715,36.25267854390358,18.38971693258323,learned,15
30.400000000000002,-9.04560854099691,-7.345514400862157,-16.734776357654482,-0.2019157374221356,-0.4641578941349105,0.28549156618737387,0.5811350532110409,20.391967914621212,19.249901407149064,134.3952011324671,36.23844575579802,18.391967914621212,learned,15
30.5,-9.065858325920999,-7.391862126532942,-16.706116129644215,-0.20307950522230309,-0.46279437418671476,0.28771251680452037,0.5815482873727682,20.394208222446437,19.249118916588774,134.29767304270206,36.224261793564075,18.394208222446437,learned,15
30.6,-9.086220792494714,-7.4380684536881745,-16.677233866415918,-0.2041692950138909,-0.46132995630187335,0.2899321418030925,0.5818686075554224,20.396431061507904,19.248300581918294,134.20004951334784,36.21014863568879,18.396431061507904,learned,15
30.700000000000003,-9.106688829138875,-7.484123712172732,-16.64812974911183,-0.2051908860224252,-0.45977304134842933,0.2921494429854792,0.5821046695347651,20.39863018227281,19.24744087764132,134.1023319001425,36.196128727877074,18.39863018227281,learned,15
30.8,-9.12725587747991,-7.530019025551155,-16.61880406131968,-0.20614948906973474,-0.45813110394903916,0.2943634062606421,0.5822641455513519,20.400799857032307,19.246534741137427,134.00452155464242,36.182223224183836,18.400799857032307,learned,15
30.900000000000002,-9.147915869951248,-7.575746230315417,-16.589257194660604,-0.2070496830673066,-0.45641088721127215,0.29657293103679194,0.5823538208400512,20.40293483743069,19.245577537728902,133.906619851355,36.168451412418946,18.40293483743069,learned,15
31.0,-9.16866316087544,-7.621297801146284,-16.559489652514458,-0.20789540939227508,-0.45461846938009176,0.29877681484289265,0.5823796348049468,20.405030308310863,19.244565022827413,133.8086282357865,36.15483078705382,18.405030308310863,learned,15
31.1,-9.18949477467686,-7.666672059800476,-16.529500288888812,-0.20873614772471366,-0.4528646022703758,0.3010094047792313,0.5824635517541045,20.407083439009945,19.243494636854628,133.71054181056718,36.14134423654485,18.407083439009945,learned,15
31.200000000000003,-9.210407923907042,-7.711867719190195,-16.499287192244083,-0.2095261360876645,-0.4510464624302419,0.30325139148973,0.5824993728881771,20.40909100609841,19.242363372303434,133.6123597210023,36.12799863719946,18.40909100609841,learned,15
31.3,-9.231397558934987,-7.756878358544782,-16.46885058376938,-0.2102657984299752,-0.44916427911153,0.30547955742551036,0.5824757639799798,20.411048535312737,19.241167245187658,133.5140887462557,36.11483717115358,18.411048535312737,learned,15
31.400000000000002,-9.252458889968693,-7.801697731716558,-16.43819182831794,-0.21095999907810617,-0.4472211752722424,0.3076942127413984,0.582397312302752,20.412952593689397,19.2399033327197,133.4157319784379,36.101872473316476,18.412952593689397,learned,15
31.5,-9.273587439209223,-7.846319910837337,-16.407312309369445,-0.21161008579164248,-0.44522044212514034,0.3098947525708201,0.5822669732741,20.414799958683105,19.23856888434772,133.3172916687689,36.08910883392366,18.414799958683105,learned,15
31.6,-9.29477886389941,-7.890739338006824,-16.37621350493282,-0.21221755769653639,-0.4431661607348289,0.3120798780109242,0.5820879556170564,20.416587623506132,19.23716135517159,133.21877017509271,36.076552934251055,18.416587623506132,learned,15
31.700000000000003,-9.316029014065862,-7.934950862079859,-16.34489701129496,-0.21278457007861493,-0.4410624264765141,0.31424845045687827,0.5818637520308689,20.41831286087021,19.235678464769123,133.12016988408786,36.0642132167384,18.41831286087021,learned,15
31.8,-9.33733395114541,-7.9789497228339314,-16.313364536035806,-0.21331321305261094,-0.43891295293388227,0.3163994401192482,0.5815975522848619,20.419973224280074,19.234118195889373,133.0214931390629,36.05209811094305,18.419973224280074,learned,15
31.900000000000002,-9.358689899556339,-8.022731496952474,-16.281617898494005,-0.21380479118748275,-0.436720714830146,0.31853161868390373,0.581291547846573,20.421566509472566,19.232478761290064,132.9227422740247,36.04021562268906,18.421566509472566,learned,15
32.0,-9.380093191750348,-8.066292031202465,-16.249659050256014,-0.21426004359446596,-0.4344882169993703,0.3206436088401581,0.5809472444916446,20.423090722712093,19.230758578839957,132.82391965234473,36.0285735628269,18.423090722712093,learned,15
32.1,-9.401586702093482,-8.109672558028251,-16.217488227877766,-0.21560971099461346,-0.43311998704675425,0.32277251704722904,0.5816034460141765,20.42458190359772,19.22898920183301,132.72502084754566,36.017006382936366,18.42458190359772,learned,16
32.2,-9.423209079541266,-8.152912580873817,-16.185106618795544,-0.21683732912015777,-0.43167828417368015,0.32485925206961797,0.5821495529349204,20.426074737205354,19.227201426433627,132.62604535300963,36.005387392113285,18.426074737205354,learned,16
32.300000000000004,-9.444949864409864,-8.196003423538059,-16.152517177630216,-0.21797778998885511,-0.43013643322293993,0.3269289809767488,0.582592676504497,20.42756376158211,19.22539107656964,132.52700009745544,35.993776651200896,18.42756376158211,learned,16
32.4,-9.466800792142749,-8.23893516883254,-16.119721481576562,-0.2190401359528695,-0.42849643182457187,0.3289842104193603,0.5829394342038386,20.429042821383998,19.223552893393162,132.42788766384547,35.982200069784334,18.429042821383998,learned,16
32.5,-9.48875433485955,-8.281698395963758,-16.08672094112262,-0.2200300285987799,-0.4267661114410817,0.33102573679312786,0.5831985646237092,20.430506058014757,19.221681814488043,132.32870949175697,35.97067502994624,18.430506058014757,learned,16
32.6,-9.510803525336087,-8.324284490663558,-16.053516916465014,-0.22095301629507186,-0.4249538244651753,0.33305376794060204,0.5833787797622585,20.431948056078145,19.21977315720087,132.22946686334598,35.959220219158325,18.431948056078145,learned,16
32.7,-9.53294193930924,-8.36668563215062,-16.0201107528992,-0.22181452089849663,-0.4230671271065391,0.3350683943004721,0.5834880500736127,20.43336386943259,19.217822649425656,132.13016088981092,35.94785500889933,18.43336386943259,learned,16
32.800000000000004,-9.55516367778182,-8.408894715830684,-15.98650379292667,-0.22261942355958725,-0.42111269989122774,0.33706961185278717,0.5835334069188076,20.43474900194238,19.215826412249204,132.03079254173616,35.93659765914323,18.43474900194238,learned,16
32.9,-9.5774632897228,-8.450905264820904,-15.952697383705527,-0.22337192038188372,-0.41909647488528023,0.3390572581638572,0.5835209459736227,20.436099350831377,19.21378091211394,131.9313627986303,35.92546473910181,18.436099350831377,learned,16
33.0,-9.599835708737373,-8.492711360566318,-15.91869290266186,-0.2240755576278919,-0.4170237050146553,0.341030987761299,0.5834558772382434,20.437411177003277,19.21168293943751,131.8318727726128,35.91447116366094,18.437411177003277,learned,16
33.1,-9.622279963456094,-8.534313492942601,-15.884489065501839,-0.2248086969227899,-0.41501710093419397,0.3430444986148657,0.5834875082723454,20.43868321010427,19.209531269197115,131.7323169498249,35.90359449031976,18.43868321010427,learned,16
33.2,-9.644795228727162,-8.57571205869317,-15.850083763245493,-0.2254957322923619,-0.4129523934056186,0.34506020280865063,0.5834762617826406,20.43991359129466,19.207324026194517,131.63269393958055,35.892835524882614,18.43991359129466,learned,16
33.300000000000004,-9.667376795783639,-8.616901484318078,-15.815477962139994,-0.22613467565490208,-0.4108343299441956,0.3470543921799317,0.5834110809074728,20.441098514342002,19.205057867612194,131.53301039129943,35.88223382883751,18.441098514342002,learned,16
33.4,-9.690020066685975,-8.657876588404179,-15.780673773959279,-0.22672981170794046,-0.40866603357353365,0.3490278844552927,0.5832964929100636,20.4422352171415,19.20273054210844,131.43326944070216,35.871800022938494,18.4422352171415,learned,16
33.5,-9.712720731273293,-8.698632512707263,-15.745673270896077,-0.2272824627507695,-0.4064507787606174,0.3509805742391919,0.5831354190258384,20.443321118366384,19.200339943891755,131.33347353012417,35.86153792355636,18.443321118366384,learned,16
33.6,-9.735474616289139,-8.739164753817022,-15.710478568449616,-0.22779422459728146,-0.40419243552214407,0.35291183502152323,0.5829309538800098,20.44435382809842,19.197884147758256,131.2336251259663,35.85145407094072,18.44435382809842,learned,16
33.7,-9.75827774219215,-8.779469194356352,-15.675091831944883,-0.22826725487515853,-0.4018948106885499,0.35482120055982924,0.5826864189882449,20.445331197325224,19.195361453100254,131.1337266329781,35.84155676074843,18.445331197325224,learned,16
33.800000000000004,-9.78112634178251,-8.819542079232633,-15.639515270944685,-0.22870366728486538,-0.3995613722679693,0.3567082844507906,0.5824048916638968,20.446251316839934,19.192770380033302,131.0337803493642,35.83185431850202,18.446251316839934,learned,16
33.9,-9.804016826674342,-8.859379965346307,-15.60375114204362,-0.2291049226189814,-0.397194905081032,0.35857246880657845,0.5820885444471693,20.4471124858969,19.190109641450064,130.9337885096957,35.82235458916475,18.4471124858969,learned,16
34.0,-9.826945716515183,-8.898979658726603,-15.567801784723997,-0.22947178008504251,-0.3947975315820942,0.36041283533365115,0.5817386016691297,20.4479131817949,19.18737812185736,130.8337533338452,35.813065086986015,18.4479131817949,learned,16
34.1,-9.849951521493495,-8.938373283017427,-15.531662423629314,-0.23064364239076207,-0.39307284797753966,0.3623736777575128,0.5822520381449579,20.448682098460782,19.184600345979312,130.73367001472732,35.80384019235831,18.448682098460782,learned,17
34.2,-9.87306840531528,-8.97759143076837,-15.495330146048218,-0.23169327618432692,-0.3912881506498376,0.3642710751009859,0.582650501778918,20.449447033327605,19.18180058120143,130.63353761037368,35.79457331641067,18.449447033327605,learned,17
34.300000000000004,-9.896286184899509,-9.016627036966383,-15.458809577394277,-0.23266154428684277,-0.3894221221221299,0.3661393770995615,0.5829571398060894,20.450203835837996,19.178975984601628,130.53336292269518,35.785321981287474,18.450203835837996,learned,17
34.4,-9.919597145169973,-9.055472052656114,-15.422103443648666,-0.23355684711009553,-0.3874764035908533,0.36798225870340395,0.583178966434978,20.45094756351158,19.17612248016998,130.43314874600242,35.77610801030552,18.45094756351158,learned,17
34.5,-9.942994262091815,-9.09411888057366,-15.385214202105999,-0.2343846351006138,-0.3854584496474684,0.36980142011650735,0.5833244927963024,20.451673504989298,19.173236127011275,130.33289694110434,35.76694602190578,18.451673504989298,learned,17
34.6,-9.966471053659916,-9.132560677826405,-15.348144168499857,-0.235150263101023,-0.3833758558566972,0.37159797868133393,0.5834018776541506,20.45237734872595,19.170313322758155,130.2326092332882,35.75785196833398,18.45237734872595,learned,17
34.7,-9.99002155289054,-9.1707913139835,-15.310895563103259,-0.23585880412898824,-0.38123528723932765,0.3733728040651048,0.5834183495032087,20.45305519711194,19.167350823177536,130.1322872128173,35.748842221633176,18.45305519711194,learned,17
34.800000000000004,-10.013640279881656,-9.208805280737579,-15.27347052283585,-0.2365147420988667,-0.37904253811719957,0.37512656906171427,0.5833801605715052,20.453703531765203,19.164345709834564,130.03193235196562,35.73993202552254,18.453703531765203,learned,17
34.9,-10.037322167307138,-9.246597618795931,-15.235871129669249,-0.23712201057773394,-0.37680275857874695,0.3768597943907448,0.5832927836011816,20.454319174544207,19.1612953604469,129.93154607526915,35.73113512489522,18.454319174544207,learned,17
35.0,-10.061062526889145,-9.284163859207183,-15.198099416214973,-0.2376841778663796,-0.3745206195335949,0.37857292096596923,0.5831611435551501,20.454899256650855,19.15819742142775,129.831129809201,35.72246372057734,18.454899256650855,learned,17
35.1,-10.084862004965544,-9.3215063335374,-15.160153669770807,-0.23830439837959466,-0.3723273252065626,0.3803405978950609,0.5831600070218348,20.455443805413775,19.155051794413072,129.73067770011548,35.71389033543827,18.455443805413775,learned,17
35.2,-10.108721333555877,-9.358626866247505,-15.12203139392659,-0.2388811734589757,-0.3700818118770731,0.38210341179829294,0.5831190099998887,20.455952124016097,19.151857593943816,129.63018802395018,35.70540984774472,18.455952124016097,learned,17
35.300000000000004,-10.132636004127562,-9.39552063588053,-15.083734228275716,-0.23941118475729706,-0.3677921346400155,0.3838383537435815,0.5830271447321597,20.456420964593377,19.14861202948898,129.52966757304065,35.69705736797,18.456420964593377,learned,17
35.4,-10.156601539812982,-9.432183367200196,-15.045264890883118,-0.23989845301212326,-0.3654610842422627,0.3855467859144875,0.5828888367280092,20.456848084391194,19.145313377142244,129.42911957869012,35.688840103014776,18.456848084391194,learned,17
35.5,-10.180613754317164,-9.468611095100641,-15.006625998299569,-0.2403447561216843,-0.36309214464147693,0.3872293659701247,0.5827075502901639,20.45723139473412,19.141960030566157,129.328546589601,35.68075997662494,18.45723139473412,learned,17
35.6,-10.204668662510812,-9.504800231195986,-14.967820121441036,-0.24075228902020568,-0.36068931900015305,0.38888642402169105,0.5824869958184828,20.45756899375849,19.138550550115433,129.22795106573483,35.67282211766892,18.45756899375849,learned,17
35.7,-10.228762500919402,-9.54074756288901,-14.928849801421165,-0.24112335312864394,-0.3582560888017725,0.390518209681512,0.5822305116364116,20.45785919279875,19.135083688002616,129.12733530118632,35.665033607246656,18.45785919279875,learned,17
35.800000000000004,-10.252891710959375,-9.576450183056295,-14.889717566780746,-0.24145968342433827,-0.35579515633985176,0.39212465093082827,0.5819404727821439,20.458100492560828,19.13155836564187,129.026701417971,35.65740179893892,18.458100492560828,learned,17
35.9,-10.277052870951593,-9.61190542485565,-14.850425976794213,-0.24176235004211089,-0.3533085816717446,0.393705285152274,0.5816182935032369,20.458291553816224,19.12797365314054,128.92605143281486,35.64993391362956,18.458291553816224,learned,17
36.0,-10.301242668181658,-9.647110829129815,-14.81097763357684,-0.24203241558932395,-0.35079841853900917,0.3952597012341914,0.581265388669595,20.45843117935961,19.124328754534197,128.8253873174,35.64263698320784,18.45843117935961,learned,17
36.1,-10.325493917800486,-9.682087959256023,-14.771361039485782,-0.2429916675889315,-0.3487422713797477,0.3970710932976707,0.5816627678452205,20.458537554188563,19.120637943053598,128.72470352448772,35.63538279190113,18.458537554188563,learned,18
36.2,-10.349835144355893,-9.716857379302382,-14.731567526701838,-0.24383191990487743,-0.3466444063676012,0.39879800131666465,0.5819417457826958,20.458628659781272,19.116915958718035,128.62399850304317,35.628081287641606,18.458628659781272,learned,18
36.300000000000004,-10.374256790615618,-9.751413946039975,-14.691603351850063,-0.24460007596684444,-0.34448529555709595,0.40048424239742764,0.5821399697896438,20.45870198601928,19.11316159637268,128.5232790569198,35.62078625789746,18.45870198601928,learned,18
36.4,-10.398752020671964,-9.785751573275775,-14.651472352910787,-0.24530348561481946,-0.34226574335591603,0.4021343829931438,0.5822642880299582,20.45875410550231,19.109372240483882,128.42254805083894,35.61351548338904,18.45875410550231,learned,18
36.5,-10.423314592801034,-9.8198645520024,-14.61117801675573,-0.24594693361682152,-0.33999237542032507,0.4037508888267,0.5823224963264109,20.4587817319971,19.105545331151685,128.32180740431676,35.60628128983807,18.4587817319971,learned,18
36.6,-10.4479387588799,-9.853747829329222,-14.570723609998822,-0.2465353115561504,-0.3376718185935819,0.4053357499788872,0.5823220647780161,20.45878190685585,19.101678579617367,128.22105873148186,35.59909782415119,18.45878190685585,learned,18
36.7,-10.472619246691465,-9.8873969768174,-14.530112205538899,-0.24707334160400782,-0.3353098528815983,0.4068907474734477,0.5822697089410979,20.458752004188838,19.097769976852064,128.1203033644231,35.59197969462681,18.458752004188838,learned,18
36.800000000000004,-10.49735123384744,-9.920808107592165,-14.489346713759005,-0.24756526130055806,-0.33291152255516215,0.4084174703747934,0.5821713412391193,20.45868970941061,19.093817774946398,128.01954243578123,35.584940473822996,18.45868970941061,learned,18
36.9,-10.522130290977657,-9.953977805562317,-14.4484298909083,-0.24801477573915015,-0.3304812746200919,0.4099172879144862,0.5820321166315733,20.458592970349383,19.089820443905786,127.91877700709246,35.57799230606749,18.458592970349383,learned,18
37.0,-10.546952337957919,-9.98690307373181,-14.407364375889301,-0.24842505779721155,-0.32802297796243335,0.41139130057584344,0.581856413217535,20.458459983168673,19.085776663661516,127.8180081680369,35.571145972335366,18.458459983168673,learned,18
37.1,-10.571819566190243,-10.019587820395827,-14.366148062050343,-0.24891838047669004,-0.3256706745822955,0.4129334254055994,0.5818382612369415,20.458292186090706,19.081687602890856,127.71722979264784,35.5643714829873,18.458292186090706,learned,18
37.2,-10.596734112128615,-10.05203501926735,-14.324778197798878,-0.24937141348384656,-0.3232720781239598,0.41446222674680383,0.5817816392405609,20.45809014272499,19.077553501827474,127.61643976025996,35.55766120298483,18.45809014272499,learned,18
37.300000000000004,-10.621691716834903,-10.084240649826825,-14.283257190138102,-0.2497795461674997,-0.32083936721265277,0.4159562791825934,0.5816763253120116,20.457851313633373,19.07337227838122,127.51564451128644,35.55104918655877,18.457851313633373,learned,18
37.4,-10.646688076667488,-10.11620146036148,-14.241588406264782,-0.25014649087337437,-0.31837572774496237,0.4174176960515421,0.5815272168096478,20.45757413091613,19.069142897936548,127.41484721191416,35.54454307592782,18.45757413091613,learned,18
37.5,-10.671719163656235,-10.147914526052773,-14.199775048997253,-0.2504740678972852,-0.31588455483085565,0.41884768249922943,0.5813378465270234,20.457257161656486,19.06486442637891,127.31405034554538,35.53814651404565,18.457257161656486,learned,18
37.6,-10.696781131438911,-10.179377251770347,-14.157820232678205,-0.2507641246727967,-0.3133689931976116,0.4202468442441217,0.5811111616702451,20.45689911860054,19.060536056469296,127.21325617370037,35.53186609462089,18.45689911860054,learned,18
37.7,-10.721870315261185,-10.210587318986654,-14.115727022755891,-0.2510183476987167,-0.31083144875893703,0.42161551923481627,0.5808494180754744,20.456498865565706,19.05615711378671,127.11246672932602,35.525709898023315,18.456498865565706,learned,18
37.800000000000004,-10.746983212418854,-10.241542640607804,-14.073498448356986,-0.25123840801040226,-0.30827413239224827,0.42295410372145437,0.5805547796863045,20.45605539695537,19.051727037956265,127.01168387535381,35.51968602835045,18.45605539695537,learned,18
37.9,-10.772116501815617,-10.272241356316954,-14.031137488316745,-0.25142616241882293,-0.3056993949995341,0.4242632119002076,0.5802297029828944,20.455567839274572,19.047245381321428,126.91090939150995,35.51380207580702,18.455567839274572,learned,18
38.0,-10.797267039306462,-10.302681834902614,-13.988647060468793,-0.2515833715684628,-0.3031094586456224,0.4255434277055066,0.5798764917062506,20.455035445867313,19.042711804148315,126.81014503381851,35.508065019897856,18.455035445867313,learned,18
38.1,-10.82246337365359,-10.332876321859658,-13.946012476459146,-0.25234219801733665,-0.3007786111499347,0.42714684870048886,0.5801713438116904,20.454469207253354,19.03813358259034,126.70938518980812,35.502361064935556,18.454469207253354,learned,19
38.2,-10.847729850560427,-10.362836833111942,-13.90322243515402,-0.252986212454707,-0.2984301852768996,0.42865251894888684,0.5803495336241846,20.45388041966148,19.03351898936318,126.6086280168946,35.49661405161645,18.45388041966148,learned,19
38.300000000000004,-10.873057533055544,-10.392560449894518,-13.860284207388759,-0.2535663383935783,-0.2960408367318203,0.43011051985722726,0.5804576851683999,20.453267981704972,19.028868225228337,126.50787994746536,35.49087443847534,18.453267981704972,learned,19
38.400000000000006,-10.898440358228981,-10.422043082304299,-13.817202303558588,-0.2540890312742385,-0.2936105975396754,0.43152598870641273,0.580502452820428,20.452629751421842,19.024179919233628,126.40714389144408,35.48515550489691,18.452629751421842,learned,19
38.5,-10.923872799612582,-10.451280918903649,-13.773980821482837,-0.25455862549131636,-0.29114499326806437,0.4329020053043715,0.5804908673817665,20.4519636577648,19.019452690886155,126.30642193689877,35.479466175578196,18.4519636577648,learned,19
38.6,-10.949349763803184,-10.480270681902766,-13.730623582843691,-0.2549794455587951,-0.2886492386609492,0.43424108391954175,0.5804293407475493,20.45126787731731,19.01468535650726,126.20571586509737,35.473817456762866,18.45126787731731,learned,19
38.7,-10.97486656345427,-10.50900957453996,-13.687134177424014,-0.25535538155293463,-0.28612760927558095,0.4355452967859193,0.5803232592530985,20.450540831826615,19.009876931045135,126.10502720125108,35.4682210283362,18.450540831826615,learned,19
38.800000000000004,-11.000418877229095,-10.537495182361454,-13.643516007810831,-0.2556897167560275,-0.28358365614921466,0.43681633251204605,0.5801770674880281,20.44978115404122,19.005026597845237,126.00435730134166,35.46268800887378,18.44978115404122,learned,19
38.900000000000006,-11.02600269112736,-10.565725432243198,-13.59977231780067,-0.25598532075625985,-0.28102049982706645,0.43805565311682876,0.5799946215210542,20.44898766076981,19.000133689096817,125.90370744651612,35.45722866067804,18.44898766076981,learned,19
39.0,-11.051614261232316,-10.593698548153043,-13.555906211491674,-0.2562448836176985,-0.2784410401021481,0.4392646601890073,0.5797795226501001,20.44815932848167,18.99519766560954,125.80307890470984,35.451852382063066,18.44815932848167,learned,19
39.1,-11.077257015742362,-10.621419607661664,-13.511914943810552,-0.2566090457139619,-0.2759791609308762,0.4405590868212223,0.5797456412868405,20.447298670572696,18.990220662992567,125.70246546512192,35.446526612235196,18.447298670572696,learned,19
39.2,-11.102934297174215,-10.648892486933619,-13.467795246746391,-0.25693538459812254,-0.27347746652373467,0.44183316311842996,0.5796742711092694,20.446407264209608,18.98520382379073,125.60186482518233,35.44124060538701,18.446407264209608,learned,19
39.300000000000004,-11.128642045892775,-10.676113930996507,-13.423550138249993,-0.25721837837304745,-0.27095057555943647,0.4430672796572314,0.5795551077091026,20.44548313851599,18.980145639377614,125.50128343933423,35.436026139111824,18.44548313851599,learned,19
39.400000000000006,-11.154376070015132,-10.703081551939249,-13.37918350007385,-0.2574608998555452,-0.2684010616906306,0.4442637105811918,0.5793923449705335,20.444525216972803,18.97504558432854,125.4007245612276,35.43088977673461,18.444525216972803,learned,19
39.5,-11.180132412351668,-10.72979324683547,-13.334699018858373,-0.25766477813026256,-0.2658320995231868,0.44542413051232427,0.5791895191286554,20.443532517671567,18.96990319761766,125.30019070530277,35.425835627213,18.443532517671567,learned,19
39.6,-11.205907337367535,-10.756247230805457,-13.290100217796862,-0.25783246700058876,-0.26324692724126464,0.44655007989520673,0.5789503429448789,20.442504189628085,18.96471812389408,125.19968404082094,35.42087082244981,18.442504189628085,learned,19
39.7,-11.231697344221175,-10.78244201792404,-13.245390472467989,-0.25796646430761455,-0.2606482471060272,0.4476429978188565,0.5786781997993955,20.441439525391175,18.959490125129886,125.09920643540408,35.41600357604056,18.441439525391175,learned,19
39.800000000000004,-11.257499168626964,-10.808376363944262,-13.20057303039357,-0.2580687733588172,-0.2580381493263836,0.44870397282672353,0.5783756854512425,20.440337949433708,18.95421906793572,124.99875955829431,35.41124175673231,18.440337949433708,learned,19
39.900000000000006,-11.283309700898826,-10.834049196448177,-13.155651061795652,-0.25814067396021195,-0.25541803991914386,0.44973352361890984,0.5780443105294354,20.439198972982823,18.94890488792925,124.89834498448799,35.406592798787855,18.439198972982823,learned,19
40.0,-11.309125948697329,-10.859459565021098,-13.110627698712051,-0.2581830404775922,-0.2527889461928932,0.4507318407910669,0.5776849712520408,20.43802217490878,18.943547575094776,124.79796425942943,35.40206382511353,18.43802217490878,learned,19
40.1,-11.334971622563899,-10.88461050670594,-13.065486282575876,-0.25872918098912623,-0.2502285737933372,0.4520947839234729,0.5778795911682323,20.436811379645324,18.9381474709597,124.69761135395882,35.397555864524875,18.436811379645324,learned,20
40.2,-11.360866542905569,-10.909505822695792,-13.020213796757162,-0.25916798762444476,-0.2476766468437603,0.4533532362615258,0.5779627358488365,20.435571272034704,18.93270646149083,124.59728403383042,35.393005661847845,18.435571272034704,learned,20
40.300000000000004,-11.386802607215941,-10.934144901111722,-12.974818016402423,-0.2595520411436618,-0.24510393282253995,0.4545606403543403,0.5779866570313411,20.43430206522768,18.927226031557623,124.49698871580435,35.38845964123298,18.43430206522768,learned,20
40.400000000000006,-11.412774581462145,-10.958525614347309,-12.929303796030581,-0.2598861849445916,-0.2425094605091355,0.45572198638248207,0.5779569157245906,20.433002812548754,18.921705960321137,124.39672848633425,35.38392796760109,18.433002812548754,learned,20
40.5,-11.438777647912502,-10.982646010350436,-12.883675578981638,-0.2601738739340793,-0.23989765574961658,0.45684057174822,0.5778794319815063,20.431672567156532,18.916145960634314,124.29650558223852,35.37941849515915,18.431672567156532,learned,20
40.6,-11.464807352982461,-11.006504559889436,-12.837937490083277,-0.2604189695702596,-0.23727260593299038,0.45791938855185105,0.5777598944630624,20.43031055239135,18.91054587126608,124.196321804944,35.374941603640444,18.43031055239135,learned,20
40.7,-11.490859620273113,-11.030100100208074,-12.792093374300748,-0.26062510852748283,-0.2346375777756976,0.45896108822655046,0.5776032553626306,20.428916171208456,18.904905665160662,124.0961786194123,35.370508123675094,18.428916171208456,learned,20
40.800000000000004,-11.516930704936385,-11.053431767504662,-12.746146833058447,-0.2607953612670638,-0.23199518881201536,0.4599678786480684,0.5774135757655384,20.42748897420027,18.899225422261498,123.99607728899622,35.366128070250966,18.42748897420027,learned,20
40.900000000000006,-11.543017147108912,-11.076498926617205,-12.700101272203028,-0.2609322008619342,-0.22934747008710943,0.4609414862182467,0.5771940134816858,20.426028631479383,18.89350530662222,123.89601899122069,35.36181049527302,18.426028631479383,learned,20
41.0,-11.56911569647491,-11.099301117938012,-12.653959948103875,-0.26103749883423655,-0.22669590566446374,0.4618831087269979,0.5769468048009117,20.424534894907623,18.88774553763497,123.79600488433586,35.35756369861933,18.424534894907623,learned,20
41.1,-11.595230671577156,-11.121844008564949,-12.607719589956105,-0.26126078985959633,-0.22416122544124004,0.46292237772380057,0.5768904428978138,20.423011083992943,18.881948991230637,123.69602850653047,35.353354762090035,18.423011083992943,learned,20
41.2,-11.621366214938462,-11.14413183182478,-12.561376619152725,-0.2614488706869501,-0.22159459300774595,0.4639353415265715,0.576797778039346,20.42145953537602,18.87611751037192,123.59608726310164,35.3491720743742,18.42145953537602,learned,20
41.300000000000004,-11.647518548183143,-11.166162235662341,-12.514934494625777,-0.2615965533535766,-0.21901294810542152,0.4649054033714063,0.5766597456457566,20.41987886369986,18.870250171078215,123.49618750215143,35.34504504234222,18.41987886369986,learned,20
41.400000000000006,-11.673683745786548,-11.187933823093772,-12.468397378455848,-0.2617061923375703,-0.21641834223519288,0.4658351587850163,0.5764802035837134,20.41826850185028,18.86434695765883,123.3963324732215,35.34097845311149,18.41826850185028,learned,20
41.5,-11.699858075939119,-11.209445413202047,-12.421769218984991,-0.26177915972862403,-0.21381306645758852,0.4667262432674321,0.5762618693014069,20.4166279291757,18.85840787401637,123.29652464745656,35.33697587172556,18.4166279291757,learned,20
41.6,-11.72603796236217,-11.230696043930948,-12.375053813215345,-0.2618173547768421,-0.2111992372439311,0.4675800595170971,0.576007428018748,20.414956693706227,18.852432973802813,123.19676607162249,35.33304424067339,18.414956693706227,learned,20
41.7,-11.752220039255917,-11.25168495811522,-12.32825481146574,-0.26182296024480867,-0.20857878513042524,0.46839815330071133,0.5757197253293962,20.413254442743636,18.84642238486279,123.09705845635023,35.329191679411046,18.413254442743636,learned,20
41.800000000000004,-11.778401158750057,-11.272411585785449,-12.281375704798847,-0.2617981688071378,-0.20595358585472234,0.46918216377408994,0.5754016540825426,20.411520913891206,18.840376298410753,122.99740330741116,35.32542609475437,18.411520913891206,learned,20
41.900000000000006,-11.804578375071287,-11.29287553485483,-12.234419825486839,-0.2617449330518876,-0.20332529590391113,0.46993355755982735,0.5750557663858226,20.409755925174334,18.834294960915344,122.89780203552924,35.32175485903693,18.409755925174334,learned,20
42.0,-11.830748916603625,-11.313076557591558,-12.18739039124921,-0.26166468274521737,-0.20069507406133974,0.47065330202987204,0.5746837823188191,20.407959370656318,18.828178673858428,122.79825602020212,35.318184873920856,18.407959370656318,learned,20
42.1,-11.856570338830352,-11.332911988720298,-12.140212424565107,-0.2547607790511989,-0.19601579947580255,0.47289946856637227,0.571803423876833,20.405830344714644,18.821755763591632,122.69881670605072,35.31613394868549,18.405830344714644,baseline,21
42.2,-11.881700457073748,-11.352280200459063,-12.092811807990074,-0.24783862557658243,-0.1913508510216826,0.4751062897197556,0.5690036195365403,20.403067635157846,18.81475394955733,122.59945778756689,35.31539080499374,18.403067635157846,baseline,21
42.300000000000004,-11.906137464568019,-11.371182642877102,-12.045192474965006,-0.24089852429105554,-0.1867004202548643,0.4772738533937798,0.5662856850232915,20.39967072728904,18.80717259436955,122.50013382167089,35.314823956243856,18.39967072728904,baseline,21
42.400000000000006,-11.929879575036466,-11.389620769768953,-11.99735834589228,-0.23394072551876888,-0.18206460972916003,0.4794022035802486,0.5636508298314458,20.395639122954094,18.79901108525544,122.40087571661199,35.31524354698819,18.395639122954094,baseline,21
42.5,-11.952925030142069,-11.407596052624285,-11.949313344433904,-0.22696542723833296,-0.17744357982733797,0.4814912885517806,0.5611001605192018,20.390972362286014,18.790268856476207,122.30168202430522,35.31697447214797,18.390972362286014,baseline,21
42.6,-11.975272083655,-11.42510998621583,-11.901061399374157,-0.21997268442254866,-0.17283766516595855,0.4835410632116502,0.5586347645858923,20.38567001857847,18.780945386333432,122.20255220595384,35.3199937731076,18.38567001857847,baseline,21
42.7,-11.996918996796012,-11.442164095118642,-11.852606444153935,-0.21296264687967253,-0.16824714623895726,0.48555147991245085,0.5562557243109686,20.379731698805717,18.771040198522044,122.10349439376392,35.3242364852241,18.379731698805717,baseline,21
42.800000000000004,-12.017864046618342,-11.458759933710098,-11.803952416870743,-0.205935408560424,-0.1636723600637523,0.48752251435836863,0.5539641107094331,20.373157048458403,18.7605528660922,122.00452023387832,35.32966432612139,18.373157048458403,baseline,21
42.900000000000006,-12.038105512037873,-11.47489910107106,-11.755103255156428,-0.19889093636198293,-0.15911377225485035,0.4894541642550191,0.5517609772308059,20.36594574867829,18.749483010629387,121.90564135084573,35.33625253469786,18.36594574867829,baseline,21
43.0,-12.05764168035239,-11.490583224222064,-11.706062900368124,-0.191829543188067,-0.1545715447645574,0.4913463806159944,0.5496473431529363,20.358097513076206,18.737830297817446,121.80686839676352,35.34397948381747,18.358097513076206,baseline,21
43.1,-12.076470923610032,-11.505813910625875,-11.656835304573178,-0.18475239184986805,-0.15004508647011938,0.49319898261050144,0.5476241509613199,20.349612110128636,18.725594449603832,121.70820323182542,35.35281993280116,18.349612110128636,baseline,21
43.2,-12.094591634348035,-11.520592782646418,-11.607424424495548,-0.17765890728548853,-0.14553533807252755,0.49501207308125167,0.5456923807988867,20.34048934110441,18.712775230560908,121.60965080835747,35.36276649074035,18.34048934110441,baseline,21
43.300000000000004,-12.112002213485539,-11.53492150362581,-11.557834215462208,-0.1705497885381316,-0.14104213571690402,0.49678554549901105,0.5438529145226096,20.330729044143908,18.699372454322724,121.51122487649586,35.373814224317314,18.330729044143908,baseline,21
43.400000000000006,-12.128701135516167,-11.548801716417074,-11.508068645838648,-0.16342577977712555,-0.13656525851553147,0.49851929888260543,0.5421065824056926,20.320331106483568,18.685385986487585,121.41293585663564,35.385938465767694,18.320331106483568,baseline,21
43.5,-12.144686983898282,-11.562235018238425,-11.45813169889152,-0.15628829144165804,-0.13210394108506837,0.5002130957537043,0.5404540891282666,20.30929547234443,18.67081574756712,121.31479285989751,35.39911750543504,18.30929547234443,baseline,21
43.6,-12.15995854511857,-11.575222866609693,-11.40802739188075,-0.14914003604253573,-0.12765626802164967,0.5018664845128527,0.538895946721882,20.29762215641496,18.655661712570694,121.21680407048906,35.41333395307327,18.29762215641496,baseline,21
43.7,-12.17451483849436,-11.58776656165719,-11.357759781647474,-0.14198293979096374,-0.12322094710344672,0.5034791676374603,0.537432627630352,20.285311254644053,18.63992391794619,121.11897704673619,35.42857197851369,18.285311254644053,baseline,21
43.800000000000004,-12.188355291262269,-11.599867090582848,-11.307332990923896,-0.1348232232687231,-0.1187929981769128,0.5050500852268606,0.5360640507775979,20.272362975066915,18.62360246690447,121.02131899180554,35.44481580936037,18.272362975066915,baseline,21
43.900000000000006,-12.201480355113745,-11.61152458935976,-11.256751318229362,-0.12767518787869409,-0.11436042392766371,0.5065767736128503,0.5347890123448497,20.258777761404847,18.606697564460735,120.92383678929822,35.46204875103556,18.258777761404847,baseline,21
44.0,-12.213893133215606,-11.622736944817007,-11.206019518896937,-0.12057748188229818,-0.1098901352711837,0.5080525571819804,0.5336030095737321,20.244556626805256,18.5892096178571,120.82653695710431,35.48025079213074,18.244556626805256,baseline,21
44.1,-12.225614520721138,-11.633486738428473,-11.155145382042974,-0.11384713824588466,-0.10510910077558794,0.5094231245023713,0.5324669132729176,20.229704214272964,18.571140123122397,120.72941543159992,35.499381069780505,18.229704214272964,baseline,22
44.2,-12.23666880466044,-11.64375351369381,-11.104137451155111,-0.10723535713555468,-0.10022975387152515,0.5107282793740524,0.5314026728701283,20.214225878246054,18.552490803899886,120.63247430386909,35.519398106220805,18.214225878246054,baseline,22
44.300000000000004,-12.247069069184363,-11.653526399284601,-11.053002532571554,-0.10076661576081723,-0.09523131326132887,0.5119627229839594,0.5304043208746662,20.198124747342973,18.533262769791037,120.53572717454809,35.54026734812301,18.198124747342973,baseline,22
44.400000000000006,-12.256829186342657,-11.66279383096844,-11.001747672446072,-0.09443236554960524,-0.090120711811861,0.5131269493725041,0.5294699996535245,20.181404150728195,18.51345722378652,120.43918190185367,35.561946342285594,18.181404150728195,baseline,22
44.5,-12.26596208754927,-11.671545019373298,-10.950379848480225,-0.08822224289666901,-0.08490639373503064,0.5142218581323853,0.5285985047462108,20.164067245931694,18.49307533573472,120.34284541261366,35.584398921330916,18.164067245931694,baseline,22
44.6,-12.27447979990393,-11.679769922979176,-10.898905984591693,-0.08212852495882257,-0.07959505790165579,0.5152476251778036,0.5277883885665223,20.146117032146595,18.472118250853736,120.2467241960319,35.60759397249603,18.146117032146595,baseline,22
44.7,-12.282393634319305,-11.687459114007652,-10.847332977456972,-0.07614460590995359,-0.07419209139764013,0.5162045963029642,0.5270385684932785,20.127556400462364,18.45058711390718,120.15082411951592,35.63150316471335,18.127556400462364,baseline,22
44.800000000000004,-12.289714249782264,-11.694603688083589,-10.795667690923437,-0.07026406948127277,-0.06870279559351931,0.5170930894888028,0.5263481516824289,20.108388116790657,18.428483040033278,120.05515040137182,35.656100164999394,18.108388116790657,baseline,22
44.900000000000006,-12.296451685018837,-11.70119527168572,-10.743916966719553,-0.06448096716694589,-0.0631323207027851,0.5179132355843047,0.5257162776988245,20.08861485060349,18.405807140839386,119.95970779257568,35.681360409542016,18.08861485060349,baseline,22
45.0,-12.302615362219512,-11.7072260286659,-10.692087625619024,-0.05878880535153123,-0.057486260701806076,0.5186653268776216,0.5251423760364481,20.068239181126664,18.382560530502552,119.86450093205922,35.707260796478764,18.068239181126664,baseline,22
45.1,-12.30822434835136,-11.712679902091622,-10.640188174089417,-0.05338699923009651,-0.051594560182919455,0.5193151266003364,0.5245954355912626,20.04726568582964,18.35874492954609,119.76952591914721,35.73377308710224,18.04726568582964,baseline,22
45.2,-12.313298012129962,-11.717541433870792,-10.588227993343025,-0.048082316097029454,-0.04563946983256073,0.5198798378776617,0.5240896069944105,20.025699918580006,18.33436306928156,119.67478109929515,35.760873287407,18.025699918580006,baseline,22
45.300000000000004,-12.317868973128498,-11.721843058243394,-10.536260957363993,-0.04333370463583224,-0.040397526668544965,0.519453451035634,0.5228208659868417,20.00360706679981,18.309480654681398,119.58027756716513,35.788581959937,18.00360706679981,baseline,22
45.400000000000006,-12.322013832628727,-11.725689188577235,-10.484424672555178,-0.039561716496343706,-0.036531524641080414,0.5172671574811801,0.520062490392644,19.98116544531611,18.284279847927348,119.48602513652274,35.81700618323912,17.98116544531611,baseline,22
45.5,-12.32580025587231,-11.729171668179333,-10.432838054839522,-0.03616542983486793,-0.033125190278332134,0.5144608810341869,0.5167932029937974,19.95853025269622,18.258919144148607,119.39203002081143,35.846249084795275,17.95853025269622,baseline,22
45.6,-12.329255316406488,-11.732320955954492,-10.381543629104272,-0.032934585510828555,-0.02986791973155177,0.5114235500346362,0.5133525368417795,19.935755310337807,18.23345298881216,119.29829802016077,35.87633820868717,17.935755310337807,baseline,22
45.7,-12.332391832955182,-11.735146730206907,-10.330557845300063,-0.029794647778641565,-0.026655017011155375,0.5082881273488274,0.50985785408474,19.912859726722232,18.207900249572578,119.20483495714521,35.907274760259945,17.912859726722232,baseline,22
45.800000000000004,-12.335217510350049,-11.737651729024947,-10.279888226650655,-0.02671779684802638,-0.02345235737438412,0.5051002624917779,0.5063498088318896,19.889850705622692,18.182267626175214,119.11164679596949,35.93905088466839,17.889850705622692,baseline,22
45.900000000000006,-12.337738073430955,-11.739836472086608,-10.229539223015308,-0.023692369908211355,-0.020249954841596654,0.501875808145296,0.5028426352890616,19.866731333441123,18.15655764275116,119.0187396169984,35.97165593002685,17.866731333441123,baseline,22
46.0,-12.339958366937935,-11.741700898855925,-10.179514209041372,-0.02071235647440563,-0.017046014292825807,0.4986204580243373,0.49934149584667403,19.843503270038553,18.13077140737269,118.92611955913725,36.00507863706896,17.843503270038553,baseline,22
46.1,-12.34185987804085,-11.743184345774353,-10.129758313531056,-0.017315589960956574,-0.012628970048415658,0.496491471264547,0.4969538223805249,19.820087974542037,18.104826098318117,118.83378418457414,36.0392413255664,17.820087974542037,baseline,23
46.2,-12.343445687554777,-11.744258699007332,-10.080255890730768,-0.014398963204456165,-0.008864935026709195,0.4935521107591469,0.49384167832332687,19.79645985153498,18.07869321959161,118.74173477911538,36.074103076428734,17.79645985153498,baseline,23
46.300000000000004,-12.344748921692371,-11.744968925602734,-10.031062661902979,-0.011664337605912184,-0.00534678973673338,0.4903079920333008,0.4904758627944915,19.772691752263345,18.05244708065554,118.64998302507288,36.10969557301173,17.772691752263345,baseline,23
46.400000000000006,-12.345782387070358,-11.745332124643028,-9.98219990124926,-0.00900367924413169,-0.0019245059997529468,0.48694288821038223,0.4870299234563962,19.74880969414534,18.02611411295143,118.5585379976674,36.14601899485658,17.74880969414534,baseline,23
46.5,-12.346551599912345,-11.745355348102748,-9.93367656483315,-0.0063793134575547625,0.0014527337610092813,0.4835195632550248,0.4835638263206834,19.724822908133273,17.999703585274542,118.46740735339343,36.18307255159622,17.724822908133273,baseline,23
46.6,-12.347059497609735,-11.74504224397242,-9.885497379349545,-0.0037774187673437873,0.004801989639324764,0.4800599139733988,0.4800987908766144,19.700734859069044,17.973218882595287,118.37659769520869,36.220854302033004,17.700734859069044,baseline,23
46.7,-12.347308039665222,-11.744395358487964,-9.83766558370553,-0.001192184038008593,0.008128360096668645,0.476571775941061,0.4766425800998673,19.67654701159935,17.946661362540052,118.28611502901826,36.25936079485432,17.67654701159935,baseline,23
46.800000000000004,-12.34729873854667,-11.743416934274137,-9.790183881064877,0.0013794053219474405,0.011432717663786694,0.4730580816920988,0.47319822320717825,19.65226012081499,17.920031680354118,118.19596506364509,36.298588057508134,17.65226012081499,baseline,23
46.900000000000006,-12.347032860852778,-11.742109203711152,-9.743054764345288,0.003939325621687424,0.014714531009031365,0.4695200747122115,0.46976710854095577,19.627874697987245,17.89333026562611,118.10615335792791,36.33853217502032,17.627874697987245,baseline,23
47.0,-12.346511498093605,-11.740474465303123,-9.696280631003901,0.006489135595911654,0.01797284735227737,0.465958425612075,0.46635006864115935,19.60339115862798,17.86655747282089,118.01668539314674,36.37918945735303,17.60339115862798,baseline,23
47.1,-12.345708229579031,-11.738448747433722,-9.64980258513242,0.009578699318288962,0.022535544606005604,0.46359621765659587,0.46424245311778767,19.578722650317413,17.839622508354203,117.92755833567766,36.42048704336044,17.578722650317413,baseline,23
47.2,-12.344621277414262,-11.736004506237805,-9.603603332536295,0.0121620829852026,0.02634242377155549,0.460383808229572,0.461297182337658,19.553840370165787,17.812494085821886,117.83877286432981,36.462390490308415,17.553840370165787,baseline,23
47.300000000000004,-12.34328461997211,-11.733194382861257,-9.557741114404052,0.014572490179830613,0.029852834332240393,0.45685600405404486,0.45806217659608056,19.528823334896973,17.785253248851532,117.75033974870779,36.50493963155518,17.528823334896973,baseline,23
47.400000000000006,-12.341709575615823,-11.730039594694972,-9.512237772578374,0.016929721311726806,0.03323565268618494,0.45320647221670135,0.4547387497588886,19.50369943328767,17.75792876802728,117.66226750805826,36.548140761276265,17.50369943328767,baseline,23
47.5,-12.339899430982769,-11.726549996994436,-9.467102171387523,0.019274421075323865,0.03654895139656906,0.44950128616263735,0.45139642822893805,19.478478285591752,17.73053072348295,117.57456339560059,36.59199989396314,17.478478285591752,baseline,23
47.6,-12.337854743935168,-11.722731526941061,-9.422338722739369,0.0216205364839277,0.03981305892523131,0.4457634808836197,0.44805982652801846,19.45316326825062,17.703062804995188,117.48723365597475,36.63652144440779,17.45316326825062,baseline,23
47.7,-12.335575121920556,-11.718588760122657,-9.37795027717948,0.023973104453669455,0.043034847493814324,0.44200125885693387,0.44473792357643244,19.427755596534283,17.67552649250216,117.4002839932932,36.68170767464844,17.427755596534283,baseline,23
47.800000000000004,-12.33305982220918,-11.714125826954842,-9.333939126227051,0.02633408659660126,0.04621640092373973,0.43821764481745407,0.44143418995426426,19.402255747207153,17.64792251645439,117.31371987523185,36.727559839181836,17.402255747207153,baseline,23
47.900000000000006,-12.33030795911327,-11.709346724674106,-9.290307345567271,0.028704340472617232,0.04935818572658783,0.43441388166339295,0.43815019142075545,19.376663945589538,17.62025135761774,117.22754666434561,36.77407891500743,17.376663945589538,baseline,23
48.0,-12.327318582683802,-11.704255434684455,-9.247056918917224,0.031084315384650313,0.052460153275633935,0.4305906107254065,0.4348868546984537,19.350980346768402,17.59251343284734,117.14176966886298,36.821265830748274,17.350980346768402,baseline,23
48.1,-12.324058794416487,-11.698784232139587,-9.204125911463052,0.034113953976710076,0.05695785070987208,0.42802324626415506,0.433141845076089,19.3251109045319,17.564610975081653,117.0563864752023,36.86904926747769,17.3251109045319,baseline,24
48.2,-12.320523152593523,-11.692905470728874,-9.161495729349554,0.03660056853595149,0.06061043827226418,0.42457549030383496,0.4304388154098706,19.299024148901527,17.53651031945419,116.97139785437824,36.91739897662142,17.299024148901527,baseline,24
48.300000000000004,-12.316747626755387,-11.686678227968514,-9.119226498762146,0.03891131227031382,0.06392715947522251,0.42080474094213566,0.42740777009846964,19.272804986326808,17.508298783161404,116.8868139299686,36.9663607004707,17.272804986326808,baseline,24
48.400000000000006,-12.312743230722845,-11.680126774124801,-9.077340438961983,0.0411778332264168,0.0670945173838372,0.41691228725479484,0.4242795581644456,19.246483231233512,17.480007362292948,116.80264283315044,37.01594363116238,17.246483231233512,baseline,24
48.5,-12.30851218989119,-11.67326282337308,-9.035846285987645,0.043444137162801356,0.07017708287607656,0.4129667206879876,0.4211338604417916,19.220069078342064,17.451646977775297,116.7188914783521,37.06615758949612,17.220069078342064,baseline,24
48.6,-12.304053801577538,-11.666093696840107,-8.994748153956607,0.045724746046831445,0.07319792955633111,0.40899193680816853,0.41799891586758664,19.193566016993113,17.423221677956338,116.63556573269524,37.11701084193461,17.193566016993113,baseline,24
48.7,-12.299366400577128,-11.658625160343945,-8.95404853951186,0.04802437106717992,0.07616530186293301,0.40499643458741386,0.41488505089095135,19.166975236927314,17.3947331491323,116.55267088088215,37.16850921614563,17.166975236927314,baseline,24
48.800000000000004,-12.294448019005358,-11.650862411595881,-8.913749356055632,0.05034433787284852,0.0790821329249784,0.40098336678263186,0.4117963046703481,19.140297140027496,17.366182265959107,116.47021192108248,37.22065730272103,17.140297140027496,baseline,24
48.900000000000006,-12.28929662052542,-11.642810456454754,-8.873852284858003,0.05268465712924625,0.08194944219320735,0.39695424072800267,0.40873469806776763,19.113531885176776,17.337569650978097,116.38819367957962,37.273459238630394,17.113531885176776,baseline,24
49.0,-12.28391036996618,-11.634474383667111,-8.8343586018309,0.05504134516216783,0.0847644404238766,0.39291566814857115,0.40570590618608443,19.086679650146394,17.308895916479347,116.3066208519351,37.326917907949465,17.086679650146394,baseline,24
49.1,-12.27834325330332,-11.625865324400365,-8.79505326738581,0.05630290484311904,0.08741639241357543,0.3931877600072552,0.40670413985586673,19.059680468548986,17.28008564919074,116.2254908296211,37.380442251470335,17.059680468548986,baseline,24
49.2,-12.272686696145684,-11.617036481387913,-8.75575667549856,0.056829291094778564,0.0891595871405735,0.39274232884510246,0.4067253829945793,19.03254187732649,17.251131271175012,116.14480298673334,37.433448859149884,17.03254187732649,baseline,24
49.300000000000004,-12.266993192024529,-11.608050047419965,-8.716514959465712,0.05704154271148387,0.09056818163046146,0.39209080249190176,0.40643760962477105,19.00535663741074,17.222125936220102,116.06456309825276,37.485924923588975,17.00535663741074,baseline,24
49.400000000000006,-12.261285376735032,-11.598927991464734,-8.677341518457979,0.05711542819231809,0.09187208424480021,0.3913770233032056,0.4060524921371047,18.978158642736524,17.193103070954496,115.98477287391363,37.53783908539755,16.978158642736524,baseline,24
49.5,-12.255573966540396,-11.589676807634532,-8.638240370783024,0.05711340821747249,0.09315073193608961,0.39064498174520335,0.4056383882488874,18.95096035714787,17.164074535463534,115.90543146464779,37.589177781233765,16.95096035714787,baseline,24
49.6,-12.249865340068936,-11.580297593027353,-8.599212750908919,0.057059750574393636,0.09443278001262506,0.3899064829481426,0.4052165230114822,18.923766885276617,17.135044823048414,115.82653609306435,37.639933964052524,16.923766885276617,baseline,24
49.7,-12.244164122268558,-11.57078950572759,-8.560259191552177,0.05696524236973891,0.09572822156759687,0.3891637569252398,0.4047929852985414,18.896580703012326,17.10601582870326,115.7480828949069,37.690102261845894,16.896580703012326,baseline,24
49.800000000000004,-12.238474121317267,-11.561151060275733,-8.521380118676461,0.056835448984001155,0.09703992882893506,0.3884167349942864,0.4043693560001296,18.869403323466315,17.076988524202328,115.67006747078834,37.73967843897713,16.869403323466315,baseline,24
49.900000000000006,-12.232798693701625,-11.55138062313199,-8.482575978618115,0.05667378845616551,0.09836812973303545,0.38766508821486245,0.4039460704918252,18.842235892115525,17.047963551460235,115.5924851581105,37.788659315647415,16.842235892115525,baseline,24
50.0,-12.227140901610255,-11.54147657379508,-8.443847241578624,0.056482756865084215,0.0997120960684051,0.38690865359148735,0.40352337001642496,18.815079387831613,17.0189414171606,115.51533116302015,37.83704249955433,16.815079387831613,baseline,24
50.1,-12.221539696212858,-11.531474675051868,-8.405155391898006,0.05554165420006885,0.10032695370547132,0.3869285757761288,0.4035642399212835,18.787963644030754,16.989948196276064,115.43859431181251,37.88468981196343,16.787963644030754,baseline,25
50.2,-12.216019645798951,-11.52139041852206,-8.3664732062025,0.05485993381149968,0.10135865628081758,0.38671471531369783,0.4035238042309393,18.760902085791667,16.96099434578847,115.36226561886075,37.93151150489775,16.760902085791667,baseline,25
50.300000000000004,-12.210560841485858,-11.511192994192243,-8.327822912251577,0.054316837337801405,0.10258985398460517,0.38629041611767756,0.4033550328721984,18.7338729223562,16.932059225684146,115.28634342380003,37.97757754011992,16.7338729223562,baseline,25
50.400000000000006,-12.205152788665146,-11.500867132097483,-8.289222126593813,0.05384494365888053,0.10392723690736805,0.3857243887307485,0.40309236235698864,18.706867798988508,16.903135393081435,115.21082461300658,38.02293104711848,16.706867798988508,baseline,25
50.5,-12.19979024771601,-11.490404507145286,-8.250682461541146,0.053406667735521586,0.10532494528309681,0.38506790875596075,0.40276905369105587,18.679883268031254,16.8742199055535,115.13570513875992,38.06760924393809,16.679883268031254,baseline,25
50.6,-12.194470894057304,-11.479800282977521,-8.212211249163374,0.0529811855632891,0.10675912381817185,0.38435528610783876,0.40240962028902094,18.652917962719588,16.84531160767301,115.06098011634155,38.111638549038574,16.652917962719588,baseline,25
50.7,-12.189194016624242,-11.46905149705708,-8.173813017783687,0.052557170186422884,0.10821615827055833,0.3836082523990059,0.4020302032900794,18.625971444913834,16.816410085597937,114.98664433253673,38.155035342096475,16.625971444913834,baseline,25
50.800000000000004,-12.183959768619388,-11.45815627463162,-8.135490544023924,0.052128600207282334,0.10968780985781292,0.3828401123013335,0.4016408323090072,18.599043718673236,16.78751526097302,114.91269255463841,38.19780972456826,16.599043718673236,baseline,25
50.900000000000006,-12.178768756333739,-11.447113408707082,-8.09724554035347,0.05169247172979489,0.1111689991316088,0.3820588406240532,0.40124757407423034,18.572135018700095,16.75862722942497,114.8391196240216,38.2399683052518,16.572135018700095,baseline,25
51.0,-12.173621797468513,-11.435922108590603,-8.059079083497636,0.05124750811127267,0.11265652530829463,0.3812691740482976,0.40085406678942953,18.545245693050845,16.72974617353204,114.76592046191233,38.281515761027215,16.545245693050845,baseline,25
51.1,-12.168562985025346,-11.424630479887128,-8.020954545238055,0.04992897433683528,0.113177341667616,0.38122205370559775,0.4007895549746654,18.51841835954869,16.700911371213188,114.69308445127638,38.32231244068454,16.51841835954869,baseline,25
51.2,-12.163617680314928,-11.413259781897068,-7.982843281002715,0.04897773673836192,0.11423738961409588,0.38100284003437096,0.4007644744686229,18.49167057815462,16.672137676048013,114.62060280409894,38.36226569684529,16.49167057815462,baseline,25
51.300000000000004,-12.15875805541873,-11.401771187782288,-7.944764054380357,0.04821551942386818,0.11553480387528109,0.38058092630668877,0.40064306893826374,18.464968441579487,16.643392419095754,114.54847318180907,38.40145186902796,16.464968441579487,baseline,25
51.400000000000006,-12.153969723265618,-11.390147116966546,-7.906734267249703,0.04755193487691697,0.11694668573052794,0.3800138657021287,0.4004350783082932,18.438299220728016,16.614663999416468,114.47669211125599,38.43992207623818,16.438299220728016,baseline,25
51.5,-12.149245135020465,-11.37837893050164,-7.868765915394761,0.046940670888201225,0.11841692448189335,0.37935212792651507,0.4001675043648096,18.41165775991343,16.585947987922115,114.40525537382388,38.47771910115157,16.41165775991343,baseline,25
51.6,-12.14458027901128,-11.366462169215083,-7.830866694683209,0.04635731273772969,0.11991806134592528,0.3786311933570714,0.3998636298342583,18.38504189789749,16.557242642220906,114.33415809794677,38.51487363747422,16.38504189789749,baseline,25
51.7,-12.139973015990108,-11.354394486173987,-7.793041379540227,0.04578881062967579,0.1214353309788279,0.37787399282164447,0.39953962161441514,18.358450722211078,16.52854726901042,114.26339523507895,38.551405725319164,16.358450722211078,baseline,25
51.800000000000004,-12.135422216262668,-11.342174696736038,-7.755292881745845,0.04522805666544172,0.12296018025095938,0.377094836135366,0.39920583472319054,18.3318838884578,16.49986162373256,114.19296184564926,38.5873286497401,16.3318838884578,baseline,25
51.900000000000006,-12.13092729775235,-11.329802295193076,-7.717622958007269,0.044671191199728906,0.12448748469338283,0.3763025066205707,0.3988686822218719,18.305341331793745,16.47118567338011,114.12285318009656,38.62265180208159,16.305341331793745,baseline,25
52.0,-12.126487971749157,-11.317277198657393,-7.680032658856362,0.04411620289638225,0.12601410352438586,0.3755023505247472,0.3985320675863606,18.278823139396252,16.442519500697966,114.05306467497947,38.65738229839374,16.278823139396252,baseline,25
52.1,-12.122148608323187,-11.304649873636663,-7.6424829312600195,0.04267133628128143,0.12653393316765602,0.37549269585456174,0.39853035495810535,18.252373571740907,16.41390414716885,113.98358680292174,38.69137547808214,16.252373571740907,baseline,26
52.2,-12.11793398624286,-11.291942679323256,-7.604943414975423,0.04162176587207107,0.1276108450580572,0.37529725704225714,0.39857863755372414,18.226010477146115,16.38535486327906,113.91441176503875,38.72453570081473,16.226010477146115,baseline,26
52.300000000000004,-12.113814153708518,-11.279115949757397,-7.567434053518809,0.040775687835245114,0.12892421801209233,0.3748892218967561,0.39852984756831217,18.199698022577646,16.35683720010582,113.84553767029742,38.75694621940959,16.199698022577646,baseline,26
52.400000000000006,-12.10977351339534,-11.266152381896973,-7.529973017051816,0.04003796266946194,0.1303473298036485,0.3743305816456527,0.3983928327628837,18.17342283873301,16.32833906418563,113.77696156205441,38.788663558215475,16.17342283873301,baseline,26
52.5,-12.105803610756993,-11.253043845295906,-7.492572720628232,0.03936096173926015,0.13182339865651888,0.37367433430036845,0.3981949294720094,18.14717947286221,16.2998558630354,113.70867978315263,38.819733101380415,16.14717947286221,baseline,26
52.6,-12.101899619679898,-11.239786423742771,-7.455241078801919,0.0387197576737697,0.13332493278587823,0.37295745110497125,0.39795981916694984,18.120965559241494,16.27138577629874,113.64068808754271,38.850187354390535,16.120965559241494,baseline,26
52.7,-12.098058628384024,-11.226378300227225,-7.417982963903341,0.038100952072520664,0.13483736595354023,0.37220377691715356,0.397703972016267,18.094780008842054,16.24292805494397,113.57298206732524,38.880048035921604,16.094780008842054,baseline,26
52.800000000000004,-12.094278769101948,-11.212818800471723,-7.380801311461255,0.037497118368482935,0.13635241824824965,0.37142819556415335,0.39743794522935094,18.068622315944026,16.214482408686955,113.50555740067172,38.90933001094283,16.068622315944026,baseline,26
52.900000000000006,-12.090558752883226,-11.19910790771246,-7.343697855132632,0.0369040780192011,0.13786523290953376,0.3706398578143816,0.39716827368297214,18.042492263348446,16.18604876292201,113.43840992012356,38.938044128353084,16.042492263348446,baseline,26
53.0,-12.0868976181373,-11.185245987959206,-7.306673591665458,0.03631950050906848,0.13937291319854264,0.36984434176695186,0.39689891935819954,18.016389783128915,16.157627149702652,113.37153560953976,38.96619882371458,16.016389783128915,baseline,26
53.1,-12.083338381256908,-11.171283478848636,-7.269690341432579,0.034865484762948026,0.13987884494924696,0.36982119439544925,0.39692494141357193,17.990359603439586,16.129259387012457,113.30492596089724,38.99365460382611,15.990359603439586,baseline,26
53.2,-12.079904369544238,-11.157242612913251,-7.232718230341561,0.0338154024280872,0.14093950148589776,0.3696206992203402,0.397022525573298,17.96441942563846,16.100960812417096,113.23857401786222,39.0203199120017,15.96441942563846,baseline,26
53.300000000000004,-12.076565094292164,-11.143084211274981,-7.195776476117317,0.03297089998189982,0.14222904967044953,0.3692136936903868,0.39703266165930784,17.938532529459735,16.07269606334706,113.17247809084562,39.046277990021565,15.938532529459735,baseline,26
53.400000000000006,-12.073304779361933,-11.128791704773903,-7.158882743329741,0.03223624365152066,0.14362133290450105,0.3686601060875617,0.3969591118623151,17.912685316176145,16.04445282831985,113.10663544754239,39.07158532639384,15.912685316176145,baseline,26
53.5,-12.07011477695778,-11.11435759998858,-7.122049114579568,0.03156466593697663,0.1450608513161575,0.36801153259411573,0.3968267466320172,17.886872258163027,16.01622647561202,113.04104272806731,39.09628636784754,15.886872258163027,baseline,26
53.6,-12.066989987157285,-11.099778500385582,-7.085283286171034,0.03093199938359952,0.1465211293131374,0.3673040660598918,0.3966579217224755,17.861090934012704,15.988015181070072,112.97569607563499,39.1204131014062,15.861090934012704,baseline,26
53.7,-12.063927166163921,-11.08505302015692,-7.048589981510304,0.03032528806533722,0.14798837464611606,0.36656104224277336,0.3964683843848752,17.835340194614886,15.959818196353673,112.91059151049306,39.14398729447603,15.835340194614886,baseline,26
53.800000000000004,-12.06092407926917,-11.070180852897465,-7.011972027132288,0.029737309050243577,0.1494548844542293,0.3657970596809821,0.3962682915753274,17.809619464520804,15.931635226662177,112.84572514255608,39.16702418318084,15.809619464520804,baseline,26
53.900000000000006,-12.05797906126827,-11.055162288248539,-6.975431070022751,0.02916393325836879,0.15091621806657374,0.36502110450825903,0.39606394258382777,17.783928443235915,15.903466178997768,112.78109322744776,39.189535103811686,15.783928443235915,baseline,26
54.0,-12.055090767797083,-11.039997980929911,-6.938968033384299,0.028602784281462852,0.15236978081426436,0.3642386580210909,0.3958591534511285,17.758266982087306,15.875311070977778,112.71669216041573,39.211529062551506,15.758266982087306,baseline,26
54.1,-12.052299597300589,-11.024736372753978,-6.902547649486223,0.02722087506188769,0.15286385037304667,0.36416956474336537,0.3958886266052364,17.73267892128102,15.847211241775025,112.65251428851808,39.23287836752466,15.732678921281021,baseline,27
54.2,-12.049626821652055,-11.009398634545505,-6.866142003564164,0.02623529244896613,0.15389186977488356,0.3639430762819326,0.39601207169258,17.70718133550671,15.819181708249161,112.58855334899377,39.25350025439622,15.70718133550671,baseline,27
54.300000000000004,-12.047042694408447,-10.993947317823768,-6.829768501731451,0.025448028904729376,0.15513499462599015,0.3635263423819588,0.3960629625935087,17.68173784149136,15.791187318526012,112.52480777715257,39.27347335080724,15.681737841491358,baseline,27
54.400000000000006,-12.044532012660056,-10.978366997092962,-6.793443471229693,0.024766417385179266,0.15647170503584704,0.362973501804301,0.39603854978903114,17.656335053562113,15.763215898023025,112.4612750426302,39.29285036816683,15.656335053562113,baseline,27
54.5,-12.04208641918376,-10.962650949135423,-6.757178141793702,0.02414629387096905,0.15784937946285998,0.36233225127689095,0.3959597585865175,17.630967574118113,15.735262917552467,112.39795209403825,39.31167245925291,15.630967574118113,baseline,27
54.6,-12.039700884371996,-10.946796315722167,-6.720979673984402,0.023565234682978085,0.15924327196295765,0.3616362389812671,0.3958465729239657,17.605633040057597,15.70732661642126,112.33483546728493,39.32996958163285,15.605633040057597,baseline,27
54.7,-12.037372095044702,-10.930802118964493,-6.684852451941424,0.023011383609447496,0.16064064871543507,0.36090732809783976,0.3957133321863931,17.58033032177572,15.679406291453724,112.27192160519061,39.3477625093602,15.580330321775719,baseline,27
54.800000000000004,-12.03509765630588,-10.914668359793723,-6.64879907960858,0.022478220099191287,0.1620344271290248,0.36015924530731447,0.39556934655530784,17.55505882081018,15.651501661638415,112.20920704563248,39.3650660766088,15.555058820810181,baseline,27
54.900000000000006,-12.032875683158636,-10.898395609110594,-6.6128210503884475,0.02196207643424516,0.1634204933834156,0.3594004737338797,0.395420397778263,17.529818205089637,15.623612648953513,112.14668847423972,39.38189158158548,15.529818205089637,baseline,27
55.0,-12.030704574659467,-10.881984759122133,-6.576919173428905,0.021460891850451604,0.16479639540436977,0.3586362107927742,0.39526997547130915,17.504608269661887,15.595739265144136,112.08436272150001,39.39824818166728,15.504608269661887,baseline,27
55.1,-12.028621214441955,-10.865480958484113,-6.541062106683967,0.02020653711359764,0.1652810137607922,0.35850567032096586,0.3952877854224735,17.47947076610733,15.567921215645622,112.02222286424887,39.41402371700163,15.47947076610733,baseline,27
55.2,-12.026644374243915,-10.848903800360858,-6.505224702632404,0.019330868406534793,0.16626301022130374,0.3582421891666088,0.395416915596797,17.45442170356142,15.540172803424435,111.96026333389251,39.4291467988684,15.454421703561419,baseline,27
55.300000000000004,-12.024745789822191,-10.832218697294593,-6.469422033595038,0.018641555713736886,0.16743955576252853,0.35781066329399014,0.3954895487876594,17.429426114035714,15.51246015065621,111.89848295454817,39.44368905386085,15.429426114035714,baseline,27
55.400000000000006,-12.02291115699336,-10.815411861985922,-6.4336685831076466,0.018051871273308536,0.16869740373674305,0.3572576865635168,0.3954968251360582,17.404471203418034,15.484771581416608,111.8368796324555,39.45769772088036,15.404471203418034,baseline,27
55.5,-12.021132530644536,-10.798477593809366,-6.397974380903179,0.017521430588363078,0.16998808603815477,0.35662564261733887,0.39545517937815383,17.37955183087345,15.457102789919896,111.77545083496157,39.47120974948652,15.37955183087345,baseline,27
55.6,-12.019404994789511,-10.78141373116523,-6.362345823756186,0.017030083021597912,0.17128915507271028,0.35594476336702485,0.39538168007844376,17.354665737270683,15.429452125194205,111.71419367379667,39.48425256208671,15.354665737270683,baseline,27
55.7,-12.017725164070725,-10.764219807460904,-6.326786809397163,0.016567290640005384,0.17258928107217117,0.3552347810661935,0.3952888624023016,17.329811814155235,15.40181893574944,111.65310517562544,39.496845680850434,15.329811814155235,baseline,27
55.800000000000004,-12.016090474557132,-10.746896225959063,-6.291299628530396,0.016127274921913078,0.1738822974238406,0.35450809812000966,0.39518493643668445,17.30498944813959,15.374202969678775,111.59218244691696,39.50900342404426,15.30498944813959,baseline,27
55.900000000000006,-12.014498811215162,-10.729443869553506,-6.2558855692332145,0.015706756957234964,0.17516470958171973,0.35377236820331637,0.3950750133849833,17.28019825377968,15.346604146280677,111.53142272087595,39.52073699265436,15.28019825377968,baseline,27
56.0,-12.012948318850249,-10.711863903328776,-6.220545301912352,0.01530384473392545,0.17643450088638635,0.3530322636273237,0.39496217531366284,17.255437967433597,15.319022473214385,111.4708233544066,39.53205569070506,15.255437967433597,baseline,27
56.1,-12.011471597012132,-10.694197158329189,-6.185252364259213,0.014230792616037984,0.17690155968409854,0.3528270293108687,0.39494757866010516,17.230747215272455,15.29149502221894,111.41037815951816,39.54286603187283,15.230747215272455,baseline,28
56.2,-12.01008457923308,-10.676461272872984,-6.149985106778331,0.013510108629152312,0.17781690964866376,0.352517972325606,0.395057334072827,17.20614058192842,15.264035057929004,111.35008229511755,39.553110168835886,15.20614058192842,baseline,28
56.300000000000004,-12.00876113306731,-10.658625322394073,-6.114755797025282,0.012959475730773082,0.17890252142299604,0.35206780052805786,0.39512756971816887,17.18158538003704,15.236610823050468,111.28993505992192,39.56285082166787,15.181585380037038,baseline,28
56.400000000000006,-12.007488197181374,-10.640677384100854,-6.079576688469388,0.012499949343069344,0.1800564397739894,0.3515138391674622,0.39514370723056197,17.15706970053295,15.209211403812413,111.22993480383676,39.572128325662966,15.15706970053295,baseline,28
56.5,-12.006258461624384,-10.62261279206723,-6.0444563733180985,0.01209546959733817,0.1812354868659334,0.3508918874514939,0.3951173480924166,17.132588760209686,15.181832789775974,111.17007947047726,39.5809745359797,15.132588760209686,baseline,28
56.6,-12.005067307967693,-10.604430015198886,-6.0094003534759395,0.011728314742026926,0.18242004566270667,0.35022791820465543,0.3950623002973567,17.108140449050634,15.154473457584606,111.11036667853118,39.589413697703044,15.108140449050634,baseline,28
56.7,-12.00391146261245,-10.586128986440599,-5.974411977920681,0.011389292572392198,0.18360044701398467,0.34953900511531866,0.39498905836243275,17.08372371006153,15.127132809162608,111.05079395326447,39.597463528891936,15.08372371006153,baseline,28
56.800000000000004,-12.002788363955915,-10.567710381001234,-5.939493202837184,0.011073358862744324,0.18477155347786836,0.34883591155059795,0.3949045953625565,17.05933793302618,15.099810612370288,110.9913588737712,39.60513737497189,15.059337933026178,baseline,28
56.900000000000006,-12.001695849001408,-10.54917527269572,-5.904645114322193,0.010777614976355366,0.18593052665354773,0.3481252860047096,0.3948132881275718,17.03498271534437,15.072506792769175,110.93205911918919,39.61244591174986,15.03498271534437,baseline,28
57.0,-12.000631984323263,-10.530524952337146,-5.8698682629619725,0.01050033998362535,0.18707578135133393,0.34741118316060665,0.3947177919641277,17.010657753875538,15.045221344784077,110.87289246999114,39.61939817643378,15.010657753875538,baseline,28
57.1,-11.999624533578753,-10.511794910766184,-5.835141901799943,0.00964885659430111,0.18752593343589383,0.34711655961010535,0.3946504555934739,16.986397564139857,15.01798771492186,110.81385334701848,39.62592139969229,14.986397564139857,baseline,28
57.2,-11.998686482198536,-10.49300039280206,-5.800448514288291,0.009112674839546623,0.18836501065320702,0.34675110663834385,0.3947160346832014,16.962214994167102,14.990817810084815,110.75493750947726,39.63197252112818,14.962214994167102,baseline,28
57.300000000000004,-11.997794609051198,-10.474114764481783,-5.765797185245901,0.008725365303898489,0.18934785332664206,0.34627517181831197,0.39475971954708794,16.93808055128747,14.963682872461433,110.69614465585232,39.637603434266666,14.93808055128747,baseline,28
57.400000000000006,-11.996937488205731,-10.455128090456128,-5.731197620974854,0.008417654389174276,0.1903857450752899,0.34571571760705344,0.39476188548775676,16.913983524126674,14.936573024800376,110.63747354341176,39.64284609284319,14.913983524126674,baseline,28
57.5,-11.996108709368855,-10.43603672273457,-5.696656763204373,0.00815855164958378,0.19144160959317047,0.34510100499187807,0.39472921793939586,16.889919624528172,14.909484654635412,110.57892255955866,39.64772629760536,14.889919624528172,baseline,28
57.6,-11.995304157026112,-10.416839687153697,-5.662179088452831,0.007933102100014237,0.19249900264213904,0.34445205027436904,0.39467203481544516,16.865886959100038,14.8824164024188,110.52048979073705,39.65226439967259,14.865886959100038,baseline,28
57.7,-11.994520850945264,-10.39753723051399,-5.627767323516309,0.007733637384477683,0.19355005201589187,0.34378280338679446,0.39459859057912566,16.84188457243794,14.855367745217604,110.46217321832422,39.65647571582117,14.841884572437941,baseline,28
57.800000000000004,-11.993756401352584,-10.378130186349154,-5.593423057114705,0.007555954667225209,0.19459069748812233,0.34310209594014923,0.39451448672814343,16.817911888093004,14.828338472922194,110.40397085121636,39.6603720790224,14.817911888093004,baseline,28
57.900000000000006,-11.993008751422167,-10.358619706705213,-5.5591471621301025,0.007397611372685853,0.19561876366197836,0.34241538776923264,0.3944232791454077,16.79396850985643,14.801328514748818,110.3458807719895,39.66396317142776,14.79396850985643,baseline,28
58.0,-11.992276043631136,-10.33900710567832,-5.524940071743913,0.007257114128867578,0.1966330853869531,0.3417260099362348,0.39432715077865466,16.77005412735086,14.77433785902065,110.2879011426209,39.667257324412205,14.77005412735086,baseline,28
58.1,-11.991580978501588,-10.31932192016393,-5.490786946029402,0.006644343067655277,0.19707127872622365,0.34133698659697503,0.39419814131055103,16.74619839075794,14.747395521637515,110.23002690646143,39.670202288770525,14.74619839075794,baseline,29
58.2,-11.990933688357472,-10.299576731398702,-5.456674604443833,0.006301888784698262,0.19783282985936573,0.3409098319988293,0.3942043327081648,16.722412185547213,14.720511783670876,110.17225434305746,39.67276939034065,14.722412185547213,baseline,29
58.300000000000004,-11.990314410068095,-10.279749557375908,-5.422608934226446,0.0060841850338155005,0.19871080378994757,0.3404033763867612,0.3942048445997078,16.69866995506556,14.693661620161281,110.11458353647757,39.674999010356984,14.698669955065562,baseline,29
58.400000000000006,-11.989713583141565,-10.259832472540438,-5.388597033917904,0.005932869110038818,0.1996309237986028,0.33983435466524803,0.3941764747968935,16.67496243367023,14.666836423219017,110.05701364972879,39.67691425028664,14.674962433670231,baseline,29
58.5,-11.989125845953822,-10.239822789095342,-5.354644135572016,0.00582240964453012,0.20056263510222,0.3392233109481481,0.3941214606486672,16.65128592994577,14.640033061611817,109.9995434996318,39.678534535599674,14.651285929945772,baseline,29
58.6,-11.988547713961452,-10.219720012508333,-5.320753649924882,0.005740743242265696,0.20149276761315948,0.33858610200496053,0.39404674850111104,16.627638822971306,14.613250375717714,109.94217161190358,39.67987599517854,14.627638822971306,baseline,29
58.7,-11.98797661345452,-10.199524603784084,-5.286927659995854,0.005681775712235709,0.20241523418262697,0.33793339951716966,0.3939583634264957,16.60402028154503,14.586487919620387,109.88489638847979,39.68095119303637,14.60402028154503,baseline,29
58.800000000000004,-11.987410441506654,-10.1792374830693,-5.253167375572957,0.005642177222445285,0.20332700789107624,0.33727200117600925,0.39386051982779036,16.580429798580308,14.55974552169817,109.82771622937065,39.68177011074433,14.580429798580308,baseline,29
58.900000000000006,-11.986847357824445,-10.158859794028103,-5.219473455566913,0.005619986536095092,0.2042265338421334,0.33660612181742106,0.3937559429631538,16.5568670058037,14.533023116369304,109.77062958054933,39.68234109342091,14.5568670058037,baseline,29
59.0,-11.986285684630275,-10.138392806984484,-5.18584621977061,0.005613970285892546,0.20511302956420352,0.3359383308900906,0.39364633075972744,16.533331613362037,14.506320695807565,109.71363494455885,39.682671462775424,14.533331613362037,baseline,29
59.1,-11.985743226949126,-10.117860008962452,-5.15227645332925,0.005235306752848134,0.20554327067802458,0.3354574386721636,0.3934553821188681,16.509848106958753,14.479662466824108,109.65672770575556,39.68272756030044,14.509848106958753,baseline,29
59.2,-11.985227543860674,-10.097271309234202,-5.118755158619024,0.005078721027696285,0.20623086855365708,0.33496849202819495,0.3933965622667741,16.486425371932196,14.453056987403237,109.59990458290936,39.682493569518755,14.486425371932196,baseline,29
59.300000000000004,-11.984722520690411,-10.076609341427684,-5.085285241948441,0.005022149109269185,0.20700850658021236,0.3344297301485589,0.3933458887359616,16.463042115893106,14.426483306250617,109.54316601487976,39.68199876284666,14.463042115893106,baseline,29
59.400000000000006,-11.984220512211323,-10.055868088267744,-5.051871324307285,0.005018457894328071,0.20781648311384568,0.33384845992235745,0.39327810740743546,16.439690634902668,14.39993420464269,109.48651154547683,39.681257743203226,14.439690634902668,baseline,29
59.5,-11.983717235270888,-10.035045720636845,-5.018516998970881,0.005047528089525235,0.20863069125234696,0.33323787453336295,0.39319171392052504,16.416367876578548,14.37340707165614,109.4299403825743,39.68028381884803,14.416367876578548,baseline,29
59.6,-11.983209875412285,-10.014142122119665,-4.985224653384648,0.005100087301590983,0.20944109962750382,0.3326088507757264,0.3930906164207068,16.393072506546904,14.34690095290374,109.37345144135195,39.67908895992546,14.393072506546904,baseline,29
59.7,-11.982696315273643,-9.993157893419266,-4.951995758572593,0.005171540097949532,0.21024327672149062,0.33196887837284567,0.3929787735256183,16.36980383693712,14.32041548867069,109.31704348994023,39.677682942391584,14.36980383693712,baseline,29
59.800000000000004,-11.98217478999868,-9.972093961201608,-4.918831167509779,0.005259387517605243,0.21103512441011418,0.33132277709592856,0.39285909371479627,16.346561434246016,14.293950538027863,109.26071526336973,39.676073789482544,14.346561434246016,baseline,29
59.900000000000006,-11.981643733102828,-9.950951412320137,-4.885731343179941,0.005362136248983334,0.21181562726743103,0.3306735500119209,0.39273350905841264,16.32334497935669,14.267506051040325,109.20446551313873,39.67426840558042,14.32334497935669,baseline,29
60.0,-11.981101705692708,-9.929731400683522,-4.852696507237852,0.00547881684255621,0.21258432294411883,0.33002302926738947,0.39260324965851706,16.30015420673165,14.241082013985991,109.14829302210532,39.67227295087351,14.300154206731651,baseline,29
60.1,-11.980562086217105,-9.90845173690468,-4.819722487824038,0.00531369915244172,0.21300900557667476,0.32945774788754584,0.3923563170111834,16.277008588309737,14.21469788868572,109.09219352855457,39.670069514547386,14.277008588309737,baseline,30
60.2,-11.98003023955971,-9.887119812890887,-4.7868040865287185,0.005323526307491893,0.2136294639437172,0.32891035262976404,0.39223450621313555,16.253915100615995,14.188360534630997,109.03616408999476,39.667653073238114,14.253915100615995,baseline,30
60.300000000000004,-11.979493581224233,-9.865722531452775,-4.753941596252844,0.005409962538540317,0.21431604179188743,0.32833942767579705,0.39213188244579195,16.230856669652116,14.162053055381666,108.98020542304855,39.66504309973759,14.230856669652116,baseline,30
60.400000000000006,-11.978946273215115,-9.844255585223436,-4.721137416781858,0.005536567701528516,0.21502270869049045,0.3277440876851665,0.39202245579442413,16.207827132343027,14.13576961868805,108.92431738385076,39.662246742159915,14.207827132343027,baseline,30
60.5,-11.978385049849749,-9.822717873379588,-4.688393662916496,0.005688239464626553,0.2157313049099037,0.32713091614509815,0.3919017584602907,16.18482406333014,14.109508129692257,108.86849949166663,39.659271953917745,14.18482406333014,baseline,30
60.6,-11.977807743940502,-9.801109563559294,-4.655711800092831,0.005858239790187698,0.21643461398583802,0.32650625898725294,0.39177110442513385,16.16184641039563,14.083267835611704,108.81275096234701,39.656127016945604,14.16184641039563,baseline,30
60.7,-11.977212682832032,-9.779431338422,-4.623092748457566,0.006043319922999226,0.21712964240089144,0.3258746991785224,0.3916326376714831,16.13889362730741,14.05704846034727,108.75707084080807,39.65281923789381,14.13889362730741,baseline,30
60.800000000000004,-11.976598447188735,-9.75768408831209,-4.590537047944963,0.0062417288923900804,0.2178150742583118,0.3252392474051658,0.3914881017430781,16.115965361127387,14.030849897205991,108.70145811230903,39.64935487851467,14.115965361127387,baseline,30
60.900000000000006,-11.97596375644207,-9.73586880415678,-4.558044993085787,0.006452402830260559,0.2184903352533536,0.3246017976041493,0.3913387114882093,16.093061344143372,14.004672109253725,108.64591175683871,39.64573951115103,14.093061344143372,baseline,30
61.0,-11.975307420361787,-9.713986511342227,-4.525616725208238,0.006674624775659725,0.21915521613871422,0.3239635067785274,0.3911852669783761,16.070181346151493,13.978515084801554,108.59043077091997,39.64197821659037,14.070181346151493,baseline,30
61.1,-11.974639021325856,-9.692049973644316,-4.4932523153256625,0.006693460088982745,0.2195754086498702,0.3233250208881524,0.3908928646369034,16.0473402391754,13.952393867143478,108.535011173916,39.63806543985103,14.047340239175401,baseline,30
61.2,-11.973962145391852,-9.670064340345562,-4.460949829313904,0.006844295513332201,0.22013704672487652,0.32272480696060624,0.3907153244365837,16.024543275405875,13.926313737418258,108.47965029068675,39.63400458416746,14.024543275405875,baseline,30
61.300000000000004,-11.973267394583672,-9.648020269349217,-4.4287074415478855,0.0070510054510871285,0.2207441294178999,0.3221229847476265,0.39056485332535673,16.001777301999784,13.900261596649662,108.42434907902795,39.629807081883754,14.001777301999784,baseline,30
61.400000000000006,-11.972550521139055,-9.625914910808206,-4.396525686839595,0.007286740236897431,0.22136277866904927,0.32151211605116436,0.39041595399145756,15.979037579478534,13.874232909950477,108.36910769760412,39.625473772030986,13.979037579478534,baseline,30
61.5,-11.971809159498662,-9.6037477562204,-4.364405421540141,0.007540787998948081,0.22198003734693994,0.32089319997833426,0.39026202256500586,15.956322264235371,13.848226068458784,108.31392597298891,39.62100789403506,13.956322264235371,baseline,30
61.6,-11.971041704993695,-9.581519181840122,-4.332347328076139,0.007808585450083621,0.22259109360793689,0.3202686750328302,0.3901022855195714,15.933630556334517,13.822240501300607,108.2588034236812,39.616414356479616,13.933630556334517,baseline,30
61.7,-11.970246888231486,-9.559229901991785,-4.300351865356788,0.00808802586477918,0.22319415048139513,0.3196405936193862,0.3899373719725445,15.910962040374148,13.796276009156896,108.20373938272382,39.611698019683935,13.910962040374148,baseline,30
61.800000000000004,-11.969423600938171,-9.536880751140416,-4.268419318133965,0.008377991726874017,0.22378852626164472,0.31901038338034554,0.3897680334971167,15.888316439308085,13.770332518496366,108.14873310422007,39.606863307545915,13.888316439308085,baseline,30
61.900000000000006,-11.968570825178176,-9.51447260659188,-4.236549851950258,0.008677787633962849,0.2243739947710341,0.3183789638538278,0.389594864124733,15.865693531231255,13.744410001010746,108.09378381775214,39.601914296264226,13.865693531231255,baseline,30
62.0,-11.96768760168925,-9.492006363347173,-4.204743560170755,0.008986919373604263,0.22495053901063883,0.31774689773303494,0.38941828506115683,15.84309312414237,13.71850845136277,108.03889075197475,39.59685482924888,13.84309312414237,baseline,30
62.1,-11.966780443210155,-9.46949053555727,-4.173003753647208,0.009156345564994482,0.22536568731449275,0.31704952322903474,0.3890937314614533,15.820526081864644,13.69263900231429,107.98405018013112,39.59168784584938,13.820526081864644,baseline,31
62.2,-11.9658515737392,-9.446928388439119,-4.141331121325493,0.009421245274866812,0.22587696092211018,0.3164032419813774,0.3888703805566371,15.797996180450003,13.666805547569545,107.92925967597381,39.58642258086158,13.797996180450003,baseline,31
62.300000000000004,-11.964894275646657,-9.424313678406179,-4.1097223912365735,0.009724935243344017,0.2264168546007375,0.3157714448811394,0.38867823686836545,15.775493699704844,13.64099834379974,107.87452044080479,39.58106450816848,13.775493699704844,baseline,31
62.400000000000006,-11.963905611075461,-9.401644735597074,-4.078176701441407,0.01004859269794408,0.22696163230948876,0.31514241888964606,0.38849363050044194,15.753015153083634,13.615214017665306,107.81983289392453,39.57560973304802,13.753015153083634,baseline,31
62.5,-11.962883939035237,-9.37892150785774,-4.046693931333721,0.010385070547439099,0.2275025747597913,0.3145130458008488,0.3883088039068089,15.73055919423327,13.589451384403473,107.76519710729181,39.57005789426703,13.73055919423327,baseline,31
62.6,-11.961828120518476,-9.356144519522786,-4.015274145407602,0.010731531178878241,0.2280367744828383,0.31388274843749503,0.38812152226416907,15.70812524516537,13.563710037990738,107.71061283123505,39.56441125192222,13.70812524516537,baseline,31
62.7,-11.960737216286361,-9.333314494229853,-3.9839174326043576,0.011086763531890404,0.2285633554208504,0.31325157753646216,0.3879312756093947,15.685712999894763,13.537989844040709,107.6560796121033,39.558672751517584,13.685712999894763,baseline,31
62.800000000000004,-11.959610381629318,-9.310432201251388,-3.9526238737162203,0.011450147378160755,0.22908211096127037,0.31261968915106864,0.3877380423460718,15.663322244707409,13.512290755152142,107.60159689676544,39.55284536740739,13.663322244707409,baseline,31
62.900000000000006,-11.958446820266545,-9.287498423829675,-3.9213935325387865,0.01182127943977468,0.22959306700339624,0.3119872163912606,0.3875419232227483,15.640952802269393,13.486612756404757,107.54716408904879,39.54693204493494,13.640952802269393,baseline,31
63.0,-11.957245773635805,-9.264513932168484,-3.8902264640200883,0.012199845217312011,0.23009633781772829,0.31135424682073226,0.3873430364854414,15.61860450974534,13.460955842362111,107.49278057677668,39.54093565786631,13.61860450974534,baseline,31
63.1,-11.956011465284973,-9.241483887657523,-3.8591279892716557,0.01248642153941674,0.23050409248593995,0.31061548607613343,0.3870013276022957,15.596284924347824,13.435327857917327,107.43844279762988,39.53486389564666,13.596284924347824,baseline,31
63.2,-11.9547451720573,-9.218410043045878,-3.828100665472448,0.012839606591893054,0.2309723409766905,0.3099311469380495,0.38674331750661445,15.573996614727609,13.409731523158964,107.38414848691151,39.52872943253342,13.573996614727609,baseline,31
63.300000000000004,-11.953442267142236,-9.195288585498929,-3.797140594338998,0.013218666747768148,0.23145639007434185,0.3092703769145358,0.3865164416861118,15.551732729753509,13.384159939825627,107.3298990186702,39.522534512086644,13.551732729753509,baseline,31
63.400000000000006,-11.952100795228034,-9.172118726186454,-3.7662460738793015,0.013610959169642415,0.23194037852570798,0.3086201392119951,0.38630038535755773,15.529490810569484,13.358610708610154,107.27569499851342,39.51627247346558,13.529490810569484,baseline,31
63.5,-11.950719659449533,-9.148900748230517,-3.7354163131676614,0.01401192574963277,0.23241874098723445,0.30797518004594904,0.38608744702416725,15.507269918086987,13.333083002655776,107.22153667092718,39.509940615081405,13.507269918086987,baseline,31
63.6,-11.949298076331615,-9.125635292381048,-3.704650903819129,0.014419921688490312,0.23288992198410394,0.30733313668272916,0.38587472942200984,15.485069658407769,13.307576558778505,107.16742395218799,39.5035393135709,13.485069658407769,baseline,31
63.7,-11.947835371596739,-9.102323090657592,-3.673949613235891,0.014834336415276867,0.23335367526073977,0.30669278657471616,0.3856610696343887,15.462889816398897,13.282091297853372,107.1133565453576,39.4970700095355,13.462889816398897,baseline,31
63.800000000000004,-11.946330919163302,-9.078964880667627,-3.6433123080059886,0.015254881429115566,0.23381011453908557,0.3060534330440854,0.3854459559345086,15.440730238826827,13.256627202770746,107.05933404195534,39.49053447406108,13.440730238826827,baseline,31
63.900000000000006,-11.944784115534276,-9.055561380460858,-3.6127389112953097,0.015681352301792368,0.23425943741160174,0.30541465715535976,0.38522915470111946,15.418590789148059,13.231184271636295,107.00535597845037,39.48393462680565,13.418590789148059,baseline,31
64.0,-11.94319437770173,-9.032113292254508,-3.58222937467508,0.016113560856297813,0.23470185065136662,0.30477619995926336,0.38501056817216706,15.396471341202561,13.205762510898847,106.95142186476389,39.47727244460618,13.396471341202561,baseline,31
64.10000000000001,-11.941564282868057,-9.008623200468719,-3.551789955701679,0.016488408589000466,0.2350994686980603,0.3040123820855225,0.38466499224808826,15.374376780192318,13.180367054149455,106.89752825504446,39.47055720842204,13.374376780192318,baseline,32
64.2,-11.93989450018853,-8.98509170114994,-3.521424372913316,0.016907381519708168,0.23552999258416527,0.30329941864722676,0.38438362908466284,15.352308724353279,13.154999664261593,106.84367299950182,39.463802962127275,13.352308724353279,baseline,32
64.3,-11.938182006124407,-8.961516845040023,-3.491128703346476,0.017342640833530466,0.2359666045397493,0.30261411872054766,0.38413059042220654,15.330262665675964,13.129655797539852,106.78985760412743,39.45701066564599,13.330262665675964,baseline,32
64.4,-11.9364255706314,-8.937898520380259,-3.4609007865656167,0.0177862088171168,0.23639943674139638,0.30194434655655145,0.3838898687556086,15.308236985959201,13.10433387068953,106.73608281078542,39.45017225876276,13.308236985959201,baseline,32
64.5,-11.934624499408528,-8.914237262681127,-3.4307393657509238,0.01823535983816833,0.23682522307152315,0.3012842133462216,0.3836546517937137,15.286231076134104,13.079033355585452,106.68234898491687,39.44328354843516,13.286231076134104,baseline,32
64.60000000000001,-11.932778275106102,-8.890533810481429,-3.400643638567999,0.018689251156626126,0.23724335351539885,0.3006304689623193,0.3834219291648979,15.26424468995078,13.053754107690784,106.62865615931109,39.436343525092646,13.26424468995078,baseline,32
64.7,-11.930886435788125,-8.866788918152452,-3.370613068342209,0.019147668961283004,0.237654023350455,0.29998110560973185,0.38319020311608515,15.242277694597467,13.0284961029466,106.5750041483559,39.42935240979878,13.242277694597467,baseline,32
64.8,-11.92894853069447,-8.843003315851092,-3.3406472797505558,0.019610554695892967,0.2380575844800065,0.299334801426251,0.3829586279597695,15.220329987875294,13.003259351241486,106.52139264671625,39.42231092992353,13.220329987875294,baseline,32
64.9,-11.926964116748422,-8.819177692756057,-3.3107460159808397,0.020077857325346296,0.23845437949963458,0.29869065814196955,0.3827266919338337,15.198401475186248,12.97804387033936,106.46782128486353,39.415220096320105,13.198401475186248,baseline,32
65.0,-11.924932754598558,-8.795312713831663,-3.280909087974578,0.020549501486678716,0.23884471017749617,0.298048053640196,0.3824940782153788,15.176492064352045,12.952849680736254,106.4142896580025,39.40808109383528,13.176492064352045,baseline,32
65.10000000000001,-11.922855821670964,-8.771409029141068,-3.2511433199979365,0.020989232263824778,0.23922837747058465,0.29726749916426526,0.3821501413287842,15.154604586989985,12.927679809540152,106.3607943942827,39.40090369021301,13.154604586989985,baseline,32
65.2,-11.920733582228422,-8.747466377913952,-3.2214532317593694,0.021455667041730204,0.239624043717669,0.29653442780850336,0.38185428484112816,15.132739940130353,12.902535278085693,106.30733341634357,39.393702397421855,13.132739940130353,baseline,32
65.3,-11.918564244871959,-8.723484228365123,-3.1918349252082407,0.02193119003720048,0.24001840815034375,0.295831856831415,0.3815839368524252,15.110895437777817,12.877413383992248,106.25390832170093,39.386477411871205,13.110895437777817,baseline,32
65.4,-11.916347117396072,-8.699462972581387,-3.1622859123162925,0.022411458543829782,0.24040620029018292,0.29514854581850086,0.3813267348492642,15.089070111336294,12.85231318169791,106.2005199427129,39.379219883180404,13.089070111336294,baseline,32
65.5,-11.914081793278456,-8.675403341650963,-3.1328045837581158,0.022895139125072326,0.2407859187857952,0.2944781891555253,0.381076698276598,15.067263609470492,12.827234383046214,106.14716871717383,39.3719247164422,13.067263609470492,baseline,32
65.60000000000001,-11.911767942132428,-8.651306136511266,-3.1033898410387337,0.02338198246867395,0.2411576765817063,0.29381684769517247,0.3808307787823621,15.045475794414537,12.8021769331438,106.09385474429318,39.36458999231294,13.045475794414537,baseline,32
65.7,-11.909405244747177,-8.627172128297389,-3.074040913954377,0.023872065082933023,0.24152199690653794,0.2931618683464468,0.3805872193511297,15.023706591768502,12.777140849464924,106.04057789941875,39.357215149103055,13.023706591768502,baseline,32
65.8,-11.906993371900171,-8.60300203319639,-3.044757259543985,0.02436549469350054,0.24187940701299102,0.29251140678559434,0.38034490658914133,15.001955936183842,12.752126163107098,105.98733792992093,39.34980026998434,13.001955936183842,baseline,32
65.9,-11.904531985055655,-8.5787965208292,-3.0155384903773665,0.02486233002318576,0.24223035552574754,0.2918641629734471,0.3801031047235773,14.98022376054349,12.72713290594617,105.93413450954534,39.342345844625264,12.98022376054349,baseline,32
66.0,-11.902020744048059,-8.55455621611327,-2.9863843312487006,0.025362575870639892,0.24257521204135415,0.2912192120220192,0.3798613210139033,14.958509993322204,12.702161105734405,105.88096726748238,39.33485261654457,12.958509993322204,baseline,32
66.10000000000001,-11.899460134096444,-8.530280359089375,-2.9573021098040044,0.02584969232327404,0.2429412870764126,0.2904253707906984,0.37952018596968795,14.936815934337135,12.677212211353451,105.82783285753192,39.327330778331486,12.936815934337135,baseline,33
66.2,-11.896850137971342,-8.505968072451651,-2.9282969757914543,0.0263503053301253,0.24330388037869155,0.28967747084672263,0.3792151815453507,14.915141944793719,12.652286686821355,105.77472921837449,39.31979511358184,12.915141944793719,baseline,33
66.3,-11.894189888611436,-8.481619861908257,-2.899364990182221,0.02685476605135441,0.24365973346223366,0.2889624045854983,0.3789333918176029,14.893486695013948,12.627383204880134,105.72165797612199,39.3122453132441,12.893486695013948,baseline,33
66.4,-11.891479078447446,-8.457236496731639,-2.8705034130252898,0.02736151977975025,0.24400703235085325,0.28826932191237553,0.37866513776310173,14.871849706038343,12.602501307609854,105.66861999801985,39.30467227907542,12.871849706038343,baseline,33
66.5,-11.888717492576689,-8.432818838395178,-2.8417103802785277,0.027870276629895146,0.24434559006334147,0.2875915012442815,0.37840506245393835,14.850230808471439,12.577640880125896,105.61561574146798,39.29707054938495,12.850230808471439,baseline,33
66.60000000000001,-11.885904921917245,-8.408367733471096,-2.8129845913499594,0.028381210759890124,0.2446760381904298,0.28692445875146283,0.37815010487712664,14.8286299456594,12.552801939559282,105.56264532299504,39.28943780653265,12.8286299456594,baseline,33
66.7,-11.883041135501117,-8.38388394843787,-2.784325124695897,0.028894587343724992,0.24499912326955872,0.2862650656226034,0.37789834000234773,14.807047075257735,12.527984525688558,105.5097086374874,39.281773106563286,12.807047075257735,baseline,33
66.8,-11.880125879775733,-8.35936819203198,-2.7557313265278935,0.029410610392101407,0.24531548449621188,0.28561110691897273,0.3776484811736015,14.785482157619356,12.503188687475923,105.45680545441975,39.274076229235305,12.785482157619356,baseline,33
66.9,-11.877158882562071,-8.334821111522615,-2.7272027316503227,0.029929396316511845,0.2456256349370522,0.28496100468813773,0.37739964956922484,14.763935140138864,12.478414463659025,105.4039354729956,39.266347384406046,12.763935140138864,baseline,33
67.0,-11.874139865860343,-8.310243306681514,-2.698739009909332,0.030450988638336954,0.24592998482376632,0.2843136291595291,0.377151242700236,14.742405964219856,12.453661887922891,105.35109835251615,39.25858704803896,12.742405964219856,baseline,33
67.10000000000001,-11.871068599633873,-8.285632916726172,-2.670347890816629,0.030974400395313226,0.2462771160354527,0.283508897710296,0.3768144456406841,14.720894687006574,12.428931120097783,105.29829078765466,39.25080543210406,12.720894687006574,baseline,33
67.2,-11.867944855475798,-8.260988605208695,-2.6420350028201938,0.0315005504648264,0.24660848016613007,0.2827490317958671,0.376503708017512,14.699401238966486,12.404222170344848,105.24551075518438,39.243017188296164,12.699401238966486,baseline,33
67.3,-11.86476850672625,-8.236311707645655,-2.6137963770888746,0.03202648298068008,0.24692883541795047,0.2820236651060208,0.37621389268979694,14.677925390346786,12.379534834727409,105.19275993565907,39.23522162752627,12.677925390346786,baseline,33
67.4,-11.861539538716897,-8.211603281088173,-2.5856290915980935,0.03255293006822357,0.24723914295339852,0.28132222800967843,0.3759376052441245,14.65646705293744,12.354869049955136,105.14003927057894,39.22740944255149,12.65646705293744,baseline,33
67.5,-11.858257874380797,-8.18686428386718,-2.5575311053544283,0.03308042261984797,0.24754025956450912,0.28063768828582425,0.37567007673274133,14.635026203346193,12.330224844922535,105.08734928303092,39.21957482228953,12.635026203346193,baseline,33
67.60000000000001,-11.85492338356562,-8.162095583975315,-2.5295009738765657,0.033609442330305585,0.24783321437222527,0.2799651529601075,0.3754082892422594,14.613602838759604,12.30560228626007,105.03469015610735,39.211714984237986,12.613602838759604,baseline,33
67.7,-11.851535894908011,-8.137297951616347,-2.501537669915706,0.03414037372019456,0.2481189173320974,0.2793011344310672,0.3751502178465152,14.592196946850736,12.281001439875816,104.98206185348442,39.20382854150053,12.592196946850736,baseline,33
67.8,-11.848095204913989,-8.112472075037658,-2.473640467505902,0.03467347285530824,0.24839808663568305,0.2786431330264502,0.37489445814377165,14.570808499031703,12.256422360785816,104.92946421253684,39.19591484604708,12.570808499031703,baseline,33
67.9,-11.844601089367643,-8.087618581950665,-2.4458088534884155,0.035208883856202224,0.24867128053660648,0.27798935165551475,0.37464002842724725,14.549437454457308,12.231865095109548,104.876896997135,39.18797373071613,12.549437454457308,baseline,33
68.0,-11.841053313575685,-8.062738044187427,-2.418042472563684,0.03574666918828825,0.24893893806322892,0.27733849152786244,0.37438624190140224,14.528083760195317,12.207329677771336,104.82435992682717,39.18000533347055,12.528083760195317,baseline,33
68.10000000000001,-11.83745107287541,-8.037827739492059,-2.390349308028817,0.036298197325704114,0.24926647734658458,0.2765249225494291,0.37405530159167494,14.50674644732102,12.182815193936444,104.7718497455675,39.17201943485196,12.50674644732102,baseline,34
68.2,-11.833793991943821,-8.012885964475572,-2.3627353282645345,0.03684346423625884,0.2495683330095077,0.275754851631917,0.3737412633047274,14.485425087131016,12.158321265833605,104.71936447679546,39.16403012154313,12.485425087131016,baseline,34
68.3,-11.83008255599998,-7.98791472800076,-2.335196594707668,0.037385289918514454,0.2498558055690187,0.27502000266335597,0.373445558741548,14.464120371440524,12.133848638561505,104.66690586188854,39.15603653284041,12.464120371440524,baseline,34
68.4,-11.826316975289956,-7.962915301322937,-2.307730100117624,0.03792636195388588,0.2501321460177942,0.274310076436577,0.37316285645434355,14.442832530742134,12.109397576234894,104.61447489732302,39.148029448767446,12.442832530742134,baseline,34
68.5,-11.822497264482081,-7.937888715416193,-2.2803337150253356,0.03846788754423525,0.2503990501011041,0.2736178392514809,0.3728889709019301,14.42156165881141,12.084968228837294,104.56207214337167,39.14000306162048,12.42156165881141,baseline,34
68.60000000000001,-11.818623342551291,-7.9128358429297805,-2.253005928825587,0.039010582915255006,0.2506578486971016,0.2729381054174399,0.3726209764381343,14.400307792043048,12.060560702150957,104.50969781668587,39.13195444641995,12.400307792043048,baseline,34
68.7,-11.814695069566369,-7.88775744382292,-2.225745677947998,0.03955491220980809,0.25090956401186,0.2722671195831255,0.372356797707037,14.379070933211365,12.036175077030316,104.45735191382299,39.12388209471328,12.379070933211365,baseline,34
68.8,-11.810712266946211,-7.8626541923731565,-2.198552225250751,0.04010116045104568,0.2511549623456153,0.27160215956440426,0.3720949492540796,14.357851060955882,12.011811415723887,104.40503430328779,39.115785283215445,12.357851060955882,baseline,34
68.9,-11.806674735853449,-7.837526686489582,-2.171425066422671,0.04064948635676918,0.2513946271337075,0.27094124549293497,0.37183436877463044,14.33664813332479,11.987469761532017,104.35274477795005,39.10766376148295,12.33664813332479,baseline,34
69.0,-11.802582264412194,-7.812375479377806,-2.1443638699129224,0.04119996318954939,0.25162901293152423,0.2702829280586214,0.37157429716768,14.315462100316175,11.963150151992394,104.30048308452905,39.099517647175716,12.315462100316175,baseline,34
69.10000000000001,-11.798433625837788,-7.787197167053819,-2.117376549169421,0.04177285431916706,0.25193645541056436,0.26946361244830297,0.37125138027554705,14.294291139921679,11.938850758670899,104.24824598309866,39.091355599988376,12.294291139921679,baseline,34
69.2,-11.794228372396901,-7.7619897881522775,-2.0904691801406443,0.042332238133457746,0.25221045800932496,0.2686839274665559,0.3709355555800963,14.273134545878499,11.914570891575105,104.19603151640699,39.083190742606504,12.273134545878499,baseline,34
69.3,-11.789967465214431,-7.736755854450166,-2.063638111576438,0.04288592782908936,0.25246762791823435,0.26793762907814717,0.3706341579353428,14.251993763601444,11.89031208364389,104.14384146325725,39.075022727097505,12.251993763601444,baseline,34
69.4,-11.785651257494465,-7.711496789939702,-2.0368804838508368,0.043438239863261875,0.25271304526332083,0.26721513437952116,0.370344018407406,14.230869278087814,11.866074871879784,104.09167684985108,39.06684312458482,12.230869278087814,baseline,34
69.5,-11.781279802089557,-7.686213658191264,-2.0101942638866603,0.043990881321235534,0.2529490189103118,0.26650947658198276,0.37006175824463505,14.209761263056185,11.8418594967393,104.0395382526777,39.058646680895166,12.209761263056185,baseline,34
69.60000000000001,-11.776853024261072,-7.660907328128815,-1.983578019309789,0.04454468930057439,0.2531770517496661,0.2658155907543596,0.36978477140848703,14.188669775701804,11.817666091845185,103.98742590684977,39.050430815506694,12.188669775701804,baseline,34
69.7,-11.772370783844963,-7.635578537359834,-1.957030761986971,0.045100126304012056,0.253398193448256,0.2651297970513415,0.3695111298999844,14.167594816195157,11.7934947395931,103.93533983267028,39.042194252487334,12.167594816195157,baseline,34
69.8,-11.767832905752584,-7.610227941535413,-1.9305518111214042,0.04565744293813317,0.2536131980584459,0.2644494347357145,0.3692394343202257,14.146536357542216,11.769345499251362,103.88327992619696,39.033936428523525,12.146536357542216,baseline,34
69.9,-11.76323919580318,-7.584856123663485,-1.9041407224722207,0.04621675909303427,0.2538226264780554,0.263772583450729,0.36896868473293754,14.125494351892,11.745218410507047,103.83124601048748,39.02565724792093,12.125494351892,baseline,34
70.0,-11.758589452365413,-7.559463620185852,-1.877797211986035,0.04677811189920051,0.2540269094997379,0.2630978607131997,0.3686981784803179,14.104468742336064,11.721113504669365,103.77923786450427,39.01735692149875,12.104468742336064,baseline,34
70.10000000000001,-11.7538821042981,-7.534046435728669,-1.851528499275446,0.04736888746731407,0.2543160052240136,0.26227652127636253,0.3683875888596436,14.083456891015224,11.697028057386866,103.7272522731713,39.009041479752995,12.083456891015224,baseline,35
70.2,-11.74911668826826,-7.508602369576693,-1.8253404190763831,0.047939446500869794,0.25456461620302573,0.26148523089410414,0.3680704556591666,14.06245782729571,11.672961064565444,103.67528730699968,39.00072216189092,12.06245782729571,baseline,35
70.3,-11.744294591946527,-7.483134389854968,-1.7992300721816719,0.048502490622325305,0.25479427345511463,0.26072191578390463,0.36776151341884317,14.041473733611346,11.648914844740613,103.62334478388583,38.99240031953952,12.041473733611346,baseline,35
70.4,-11.739416277501732,-7.457644063979387,-1.773195009212941,0.04906380064640412,0.255011628187663,0.2599795509198411,0.3674609556691366,14.020505342610775,11.624890210112392,103.57142575822792,38.98406900231551,12.020505342610775,baseline,35
70.5,-11.73448181618005,-7.4321324825286865,-1.7472334057092667,0.04962541810396702,0.2552194101151044,0.25925274665362763,0.367167013862827,13.999552896651545,11.600887483682634,103.51953082438943,38.975723810379066,11.999552896651545,baseline,35
70.60000000000001,-11.729491136735305,-7.406600523740053,-1.7213439061306417,0.050188171071294904,0.25541916948644816,0.2585374590381018,0.36687793935109625,13.978616472605278,11.576906826427333,103.46766024104883,38.96736255959777,11.978616472605278,baseline,35
70.7,-11.724444106221199,-7.3810489401221275,-1.695525510236621,0.05075242887730867,0.2556119109173103,0.2578306790867408,0.3665923036809081,13.957696078230324,11.55294833256511,103.41581405982869,38.95898410688536,11.957696078230324,baseline,35
70.8,-11.719340566778556,-7.355478400364518,-1.6697774790227413,0.05131834829928469,0.2557983399731028,0.257130180971177,0.3663090137731148,13.936791691340659,11.529012067265377,103.36399221309676,38.950587857527516,11.936791691340659,baseline,35
70.9,-11.714180349721573,-7.329889505170286,-1.6440992653369904,0.05188597549596332,0.2559789874543986,0.25643431756572277,0.36602726086556014,13.9159032699315,11.505098075190874,103.3121945627896,38.94217355667397,11.9159032699315,baseline,35
71.0,-11.708963285200298,-7.304282813332975,-1.618490468710661,0.05245529524930507,0.25615427193957474,0.25574186550619143,0.36574645699606206,13.895030767458822,11.481206396430016,103.26042092760359,38.933741210262276,11.895030767458822,baseline,35
71.10000000000001,-11.703687414177693,-7.278653711080551,-1.5929575935006142,0.053062169086257605,0.2564270010252379,0.25491574499747216,0.3654482695136922,13.874170707804458,11.45733338714699,103.20866812517315,38.92529401952067,11.874170707804458,baseline,35
71.2,-11.698352244100533,-7.252999737858772,-1.5675062057562172,0.053641232597813455,0.25665172805405717,0.2541121776899275,0.36513078505935886,13.853321844579936,11.433477715240995,103.15693425903966,38.916841204642445,11.853321844579936,baseline,35
71.3,-11.692959669861011,-7.227324383333325,-1.5421339152380824,0.05421024144315008,0.25685471188565273,0.25333382287075706,0.3648165554158671,13.83248714423578,11.409642526226754,103.10522118539554,38.9083854343083,11.83248714423578,baseline,35
71.4,-11.687510323594324,-7.201629399321973,-1.5168384313583374,0.054776672913113514,0.25704432125090065,0.25257605105334546,0.36450916113105936,13.811667618218594,11.385828931377027,103.05352998360839,38.899920680153386,11.811667618218594,baseline,35
71.5,-11.682004334987141,-7.17591595929116,-1.491617911029607,0.05534307585393634,0.2572238597571226,0.25183457481618127,0.3642082140015148,13.790863610737809,11.362037366601529,103.001861260774,38.89144297073275,11.790863610737809,baseline,35
71.60000000000001,-11.67644165980164,-7.150184982456267,-1.4664709037169814,0.055910407081776026,0.25739506359618064,0.25110579770504454,0.363912508750137,13.770075236887521,11.338268036641798,102.95021529020919,38.882950189246245,11.770075236887521,baseline,35
71.7,-11.670822185347788,-7.124437249265611,-1.441396283917129,0.05647905463546964,0.2575590085970196,0.2503868207614717,0.36362080046806083,13.749302522237977,11.31452105640945,102.89859214163528,38.87444110234324,11.749302522237977,baseline,35
71.8,-11.665145772625692,-7.098673447966576,-1.4163931868970394,0.05704917131450928,0.25771644437822183,0.24967535337957675,0.36333201859434555,13.728545453811233,11.290796501647124,102.8469917666071,38.86591497293293,11.728545453811233,baseline,35
71.9,-11.659412272507325,-7.072894198819995,-1.3914609509520233,0.0576208009307982,0.2578679412285267,0.24896959651982087,0.36304530268905555,13.707803998672444,11.267094427179366,102.79541404557092,38.85737140892514,11.707803998672444,baseline,35
72.0,-11.653621534002014,-7.047100076451898,-1.3665990764275193,0.05819393215085365,0.2580139565951741,0.24826813532495925,0.3627599792628824,13.68707811700424,11.24341488058518,102.74385881410443,38.84881029271849,11.68707811700424,baseline,35
72.10000000000001,-11.647771257907152,-7.021286013536155,-1.3418138585984707,0.05881162737000697,0.25826654351552925,0.24743630056596078,0.3624708786249397,13.666363707714401,11.219753537582294,102.69232290164233,38.84023333569014,11.666363707714401,baseline,36
72.2,-11.641860907897353,-6.9954493679106236,-1.3171107866801322,0.059395362260643306,0.2584656369910473,0.24662530747378927,0.3621551281561563,13.645659312844465,11.196108816675316,102.64080442370931,38.831648428982874,11.645659312844465,baseline,36
72.3,-11.635892792022787,-6.9695940092206,-1.2924875812605023,0.05996693198445434,0.25864084319170105,0.24583900079020332,0.3618396509616765,13.62496847220294,11.172484464808507,102.58930525139318,38.82305869932369,11.62496847220294,baseline,36
72.4,-11.629867677926086,-6.943721837364137,-1.267941985744983,0.0605353176859836,0.25880194401118195,0.24507311947998514,0.3615298117762365,13.604292412322385,11.148881826103276,102.53782646676571,38.8144588141621,11.604292412322385,baseline,36
72.5,-11.623785731266253,-6.917834070511162,-1.2434721714816988,0.061103579684339764,0.2589527694741022,0.24432338453230776,0.3612258303303764,13.583631546635951,11.125301416463548,102.48636866645063,38.805845296901445,11.583631546635951,baseline,36
72.60000000000001,-11.617646908736788,-6.891931638121605,-1.2190767098218203,0.061672836623631905,0.259095241631951,0.24358607100918034,0.3609266643006772,13.56298600696222,11.10174346544867,102.43493211269849,38.79721638543296,11.56298600696222,baseline,36
72.7,-11.61145108868368,-6.866015321575105,-1.194754512514919,0.062243519167938195,0.2592305037474639,0.2428581055604715,0.36063107074681533,13.542355818917633,11.078208094907325,102.38351686562832,38.788571171855985,11.542355818917633,baseline,36
72.8,-11.60519812128041,-6.840085800737143,-1.1705047693103552,0.06281578692554682,0.2593593345433526,0.24213701005022906,0.36033792353554894,13.521740960785875,11.054695377210177,102.33212286748876,38.7799092368109,11.521740960785875,baseline,36
72.9,-11.598887845408171,-6.814143688417971,-1.1463268902152777,0.0633896822752923,0.25948232039623237,0.24142079908551445,0.3600462868136038,13.501141388638018,11.031205361316843,102.28074998911737,38.77123054077978,11.501141388638018,baseline,36
73.0,-11.592520099366084,-6.788189546205103,-1.1222204687073827,0.06396519233535806,0.2595999291380535,0.2407078810844976,0.3597554072632827,13.480557048942773,11.007738085256399,102.22939805627934,38.7625353406563,11.480557048942773,baseline,36
73.10000000000001,-11.586092316894792,-6.762218021787703,-1.0981915318407118,0.06459048330456163,0.25982975626659005,0.23987094739442885,0.35947392698076636,13.459983372590234,10.98428871111083,102.17806389097062,38.75382400433066,11.459983372590234,baseline,36
73.2,-11.579603924532421,-6.73622636962682,-1.0742454249411821,0.06517734055431482,0.26000255496511493,0.23905135559330148,0.35915869044353615,13.439418736869145,10.960855461035644,102.12674560124154,38.74510324279605,11.439418736869145,baseline,36
73.3,-11.573057520785369,-6.7102186949923635,-1.0503802080638707,0.06575069575214816,0.2601502276773461,0.23825317862159925,0.3588396188769605,13.418867086886438,10.937442515086051,102.07544504939288,38.73637724650246,11.418867086886438,baseline,36
73.4,-11.566453947452828,-6.684196973219514,-1.0265939375385642,0.06632072508806906,0.2602835531311517,0.23747246719386872,0.35852355471004604,13.398329791729077,10.914051379905539,102.02416330305101,38.72764202813233,11.398329791729077,baseline,36
73.5,-11.559793365071528,-6.6581624280661345,-1.0028850631788373,0.06689087018919808,0.26040669828631374,0.23670524100590298,0.35821140147503683,13.377807294605887,10.890682615023783,101.97290093925903,38.71889523494217,11.377807294605887,baseline,36
73.60000000000001,-11.553075702511705,-6.632115978747606,-0.9792524073272943,0.06746232586148879,0.2605216504910133,0.23594810097108454,0.35790250367532284,13.357299720406889,10.867336454058636,101.92165820934234,38.71013601488467,11.357299720406889,baseline,36
73.7,-11.54630080901552,-6.6060583889484406,-0.9556950968690217,0.06803548810649071,0.26062952254732386,0.23519833938484525,0.35759590953270604,13.336807073983188,10.844013006011883,101.87043517513159,38.70136418485356,11.336807073983188,baseline,36
73.8,-11.539468509261496,-6.579990331083536,-0.9322124971076846,0.06861044444554051,0.2607310341272204,0.2344538788117002,0.35729075909392866,13.316329313033465,10.820712329490389,101.81923179311158,38.69257993599485,11.316329313033465,baseline,36
73.9,-11.53257862618193,-6.553912412375212,-0.9088041572831571,0.06918715343598496,0.2608267067356529,0.23371315903101234,0.35698637768323327,13.295866375473594,10.797434459970466,101.76804796019915,38.683783697145515,11.295866375473594,baseline,36
74.0,-11.52563098911196,-6.527825199067593,-0.8854697602801025,0.06976552187299326,0.26091694783421565,0.23297502643147983,0.3566822740900964,13.2754181939075,10.774179425295392,101.71688353982101,38.674976058940146,11.2754181939075,baseline,36
74.10000000000001,-11.518622651230544,-6.5017229076474905,-0.8622146351262927,0.07040125789024673,0.2611280809369752,0.2321275438348236,0.3564090464243921,13.254979540772421,10.750941666612846,101.66573541228259,38.66615456209678,11.254979540772421,baseline,37
74.2,-11.511552969925106,-6.475602608174086,-0.8390437406487763,0.07099233272292797,0.2612771440453501,0.23129050803938697,0.35609121923329595,13.234548549803444,10.72771911906505,101.61460174465356,38.65732379918286,11.234548549803444,baseline,37
74.3,-11.50442497082986,-6.449468768201768,-0.8159556980244815,0.07156759645733701,0.26139894252567536,0.23047055660903454,0.35576397439861696,13.214129748212791,10.704516578417874,101.56348444817495,38.64848959960239,11.214129748212791,baseline,37
74.4,-11.49723964673467,-6.423323509283364,-0.7929488867521286,0.07213881994777353,0.2615055566026692,0.22966584860685554,0.35543714985048513,13.193724733234408,10.681335799231917,101.51238464021748,38.639649223154294,11.193724733234408,baseline,37
74.5,-11.48999720485881,-6.397168117575347,-0.7700219112448394,0.07270994887228478,0.2616015872552273,0.22887390706816063,0.3551132107597655,13.173334028862357,10.658177433634236,101.46130294723505,38.630801016908315,11.173334028862357,baseline,37
74.60000000000001,-11.482697589322925,-6.371003547683358,-0.7471736096777022,0.0732822876741757,0.26168912379727866,0.2280923430110303,0.35479234509894597,13.15295778657543,10.635041748836612,101.41023967871791,38.62194434506427,11.15295778657543,baseline,37
74.7,-11.475340660195798,-6.344830594956875,-0.7244030516594648,0.07385622044358366,0.2617692975213575,0.2273190746085644,0.35447407254118074,13.132596023920682,10.61192887114885,101.35919496293256,38.61307900204126,11.132596023920682,baseline,37
74.8,-11.46792625519447,-6.318649956025183,-0.7017094916664064,0.07443179954763103,0.26184283558528826,0.22655233694233712,0.35415776809958194,13.112248703866566,10.588838866508622,101.30816882724747,38.60420497393481,11.112248703866566,baseline,37
74.9,-11.460454213258345,-6.292462267912924,-0.679092354606837,0.07500895938147224,0.2619102785629021,0.2257906361359287,0.3538428314535363,13.091915772467539,10.565771780321311,101.25716124088676,38.5953224480941,11.091915772467539,baseline,37
75.0,-11.452924381243065,-6.266268118284643,-0.6565512018278241,0.07558759586860696,0.2619720660172578,0.22503269417857613,0.3535287279300155,13.071597166885306,10.54272764543719,101.20617213839745,38.58643173679246,11.071597166885306,baseline,37
75.10000000000001,-11.445333407726139,-6.240061269141734,-0.6340909413993359,0.0762318924768532,0.2621641047678406,0.22417254643134768,0.3532628622327013,13.051287016176582,10.519700201634201,101.15519847511761,38.577527864013916,11.051287016176582,baseline,37
75.2,-11.43768054008251,-6.213838549330831,-0.6117162662558258,0.0768254169433029,0.26228950210065405,0.22332113364628695,0.3529451180194792,13.030983172598068,10.496687058497978,101.10423848600347,38.568613346573265,11.030983172598068,baseline,37
75.3,-11.429969256743789,-6.18760478682816,-0.5894259405322373,0.07740018138809157,0.26238502883782544,0.22248557945550537,0.35261384615863844,13.01069072522513,10.47369359906029,101.05329413218432,38.559694786556975,11.01069072522513,baseline,37
75.4,-11.422200752422214,-6.16136228479445,-0.5672184638679028,0.07796982672577595,0.26246427220736435,0.2216641558839303,0.35228083409224,12.990411541551513,10.45072186522737,101.00236656762178,38.55077028164383,10.990411541551513,baseline,37
75.5,-11.414375302381814,-6.135112411342561,-0.5450925566256046,0.0785390900164922,0.26253251709548137,0.22085421810770653,0.3519492816430718,12.970146249704438,10.427772625274834,100.95145644650422,38.54183884544288,10.970146249704438,baseline,37
75.60000000000001,-11.406492864189204,-6.108856144361198,-0.5230472013354301,0.0791095850006925,0.26259214086441285,0.22005310322779154,0.35161957727481347,12.949895027687429,10.404846180650072,100.90056410726588,38.53290035773051,10.949895027687429,baseline,37
75.7,-11.398553289938718,-6.0825942838564515,-0.5010816352441907,0.07968180727255561,0.2626443932894174,0.21925847237503154,0.3512912544382785,12.92965788916145,10.38194265978784,100.84968970991304,38.52395510644831,10.92965788916145,baseline,37
75.8,-11.39055640308652,-6.056327528320253,-0.4791953042149544,0.0802558363066281,0.2626900426279319,0.21846838854197084,0.35096366556848374,12.90943478397744,10.359062120831576,100.79883331581506,38.515003605665726,10.90943478397744,baseline,37
75.9,-11.382502026390284,-6.030056511983275,-0.4573878301307559,0.08083159598257016,0.26272963181170694,0.21768131069114072,0.3506362208403711,12.889225637936615,10.336204592949041,100.74799493055072,38.50604655903757,10.889225637936615,baseline,37
76.0,-11.37438999384176,-6.003781816922128,-0.4356589736416936,0.08140895193210734,0.2627635792349761,0.21689605386235358,0.350308455804482,12.869030366679802,10.313370090105188,100.6971745277389,38.497084773583666,10.869030366679802,baseline,37
76.10000000000001,-11.366216731374152,-5.9774969862774014,-0.4140131864696741,0.08205630485693274,0.2629322005068582,0.21601975581789395,0.3500444459404764,12.848842746492615,10.29055195486865,100.64636911403791,38.488111083969656,10.848842746492615,baseline,38
76.2,-11.357981379085686,-5.951198662631214,-0.39245483558624983,0.082650685689507,0.2630334835855806,0.21514742223236827,0.3497229798359618,12.828660387107288,10.267747516043704,100.59557697664796,38.47912604924028,10.828660387107288,baseline,38
76.3,-11.349687629379332,-5.924891786649823,-0.37098315078765154,0.08322422527072586,0.2631032641640102,0.21428648462420619,0.3493827368063133,12.808488609752718,10.2449624054893,100.5448001120753,38.47013758439832,10.808488609752718,baseline,38
76.4,-11.341336828365456,-5.898578793741763,-0.3495970219373703,0.08379170007889596,0.2631558234216888,0.2134363034074134,0.34903737910871396,12.788329481138893,10.222198880278812,100.49403969866674,38.461145242596615,10.788329481138893,baseline,38
76.5,-11.332929315802176,-5.872261123731732,-0.32829544600099325,0.08435844829938025,0.26319687271105313,0.21259540460563975,0.34869147919585475,12.768183718999522,10.199457808497046,100.44329641293197,38.452149097161914,10.768183718999522,baseline,38
76.60000000000001,-11.324465072480962,-5.845939796417952,-0.3070775792002678,0.08492631214637246,0.26322895502800486,0.2117621497471331,0.34834633531220865,12.748051534286795,10.176739531202816,100.3925706232081,38.44314971512739,10.748051534286795,baseline,38
76.7,-11.315943959227297,-5.819615645334125,-0.2859427370131016,0.08549584179021824,0.26325335650459714,0.21093497674521736,0.3480020590296269,12.727932950665673,10.154044191418375,100.34186252757034,38.43414780424806,10.727932950665673,baseline,38
76.80000000000001,-11.307365805783775,-5.793289398774505,-0.26489037834107876,0.08606711233092343,0.26327084916643456,0.21011245009245133,0.3476583517329221,12.70782791968395,10.13137185190615,100.29117223160263,38.425144119573666,10.70782791968395,baseline,38
76.9,-11.298730442649685,-5.766961719840765,-0.24392010550945997,0.0866400311967903,0.26328198068519937,0.20929324953820175,0.3473147861257313,12.687736366729853,10.10872254321688,100.2404997892738,38.416139509969796,10.687736366729853,baseline,38
77.0,-11.29003771225689,-5.740633226931095,-0.22303164843469858,0.08721445350020887,0.26328718657469086,0.20847615517140042,0.34697090769804606,12.667658209256027,10.086096283150894,100.18984522524225,38.407134916794206,10.667658209256027,baseline,38
77.10000000000001,-11.28128385983291,-5.714297233149409,-0.20222901180386543,0.08786259088976991,0.2634317957039802,0.20757661240191597,0.34670476760774704,12.647586922734341,10.063486066424657,100.13920561601095,38.398120768270914,10.647586922734341,baseline,38
77.2,-11.272467859176686,-5.687950105406344,-0.181516220793128,0.08845735392501523,0.26350991356887254,0.20667933093136853,0.34637916196955065,12.62751979512107,10.040888856127944,100.08857931540666,38.389095383965525,10.62751979512107,baseline,38
77.30000000000001,-11.263593550189398,-5.661596848629415,-0.16089270636439323,0.08902872847222647,0.2635544329038466,0.20579115422703956,0.3460304217185923,12.60746227451187,10.018310421528351,100.03796835755503,38.380067475937935,10.60746227451187,baseline,38
77.4,-11.254662486055167,-5.635240081697702,-0.14035760052502155,0.08959244025595259,0.2635801414895039,0.20491120240299668,0.3456731074424003,12.58741668132961,9.995753287926025,99.98737394692004,38.37103783381799,10.58741668132961,baseline,38
77.5,-11.245675122831017,-5.608881366439164,-0.11991015542298555,0.09015470186380538,0.2635934125109047,0.2040379217900678,0.34531265675573697,12.567383880363582,9.973218480482434,99.93679678370201,38.362007637277806,10.567383880363582,baseline,38
77.60000000000001,-11.236631489940919,-5.582521799951792,-0.0995497852563858,0.09071782972102163,0.2635971690685013,0.2031697073929099,0.34495089820486186,12.54736414739819,9.950706412499967,99.88623726639041,38.35297841378814,10.54736414739819,baseline,38
77.7,-11.227531462471234,-5.556162258610129,-0.0792760532349348,0.09128258488077991,0.2635928707413303,0.20230517312636048,0.34458829765657906,12.52735752173624,9.928217246946915,99.83569563095986,38.34395168747447,10.52735752173624,baseline,38
77.80000000000001,-11.21837487074663,-5.5298035107553005,-0.05908864550292492,0.09184911320909168,0.26358134852925436,0.2014431904870353,0.34422484785876917,12.507363953934837,9.905751049350508,99.78517202791915,38.33492897543628,10.507363953934837,baseline,38
77.9,-11.20916154157021,-5.503446247428656,-0.038987357169389725,0.09241732735036737,0.26356315710203254,0.2005828274545477,0.3438603944129601,12.487383355906564,9.883307838368236,99.73466656258533,38.32591175680917,10.487383355906564,baseline,38
78.0,-11.199891314696288,-5.477091115899384,-0.018972065299749374,0.09298706471266267,0.2635387335781344,0.1997232742404492,0.34349475188591966,12.46741563003877,9.860887617448913,99.68417931695997,38.316901493155434,10.46741563003877,baseline,38
78.10000000000001,-11.190560415474465,-5.450731354765594,0.0009536603465676308,0.0936308984590369,0.2636555506634476,0.19879126684757187,0.34321853434328803,12.447454182429308,9.838483273901016,99.63370746016199,38.30788636006156,10.447454182429308,baseline,39
78.2,-11.18116762797581,-5.424363038502634,0.020786141976714134,0.09422476687819942,0.2637098884911402,0.19785852822713731,0.34288366711389084,12.42749596507945,9.81609139088523,99.58324943263173,38.29886234646616,10.42749596507945,baseline,39
78.30000000000001,-11.171716702592676,-5.397991039790213,0.04052565712481737,0.09479362627586263,0.2637292931425302,0.19693194596373587,0.3425217700892168,12.40754623918561,9.793717550653222,99.5328073110514,38.28983898347498,10.40754623918561,baseline,39
78.4,-11.162209366375464,-5.371618131175637,0.060172793455421925,0.09535296502600203,0.2637280350176606,0.19601096480585742,0.3421475744728427,12.387607519252748,9.771364482650027,99.48238233632358,38.280818361345055,10.387607519252748,baseline,39
78.5,-11.152646227565128,-5.3452460411936045,0.07972804643213749,0.09590966782819767,0.26371294150893093,0.19509436640174332,0.34176745266907105,12.367680852912825,9.749033404092721,99.43197524684798,38.271802877467245,10.367680852912825,baseline,39
78.60000000000001,-11.14302740576386,-5.318875985220075,0.09919179230928421,0.09646661585068891,0.2636873887468124,0.1941807595940804,0.3413839690939383,12.347766620867793,9.72672483875398,99.38158648772624,38.26279500014668,10.347766620867793,baseline,39
78.7,-11.133352821765584,-5.292508917860687,0.11856426112353802,0.0970249051057897,0.26365313101193166,0.19326887874121784,0.340998042799471,12.327864907743205,9.70443899733379,99.33121635014773,38.25379705619464,10.327864907743205,baseline,39
78.80000000000001,-11.123622325401811,-5.266145660541952,0.1378455776721239,0.09758485908331462,0.2636111802943344,0.1923576896350505,0.3406099526734603,12.30797567268908,9.682175954148702,99.2808650471738,38.244811251047835,10.30797567268908,baseline,39
78.9,-11.113835750307771,-5.239786950871348,0.15703576803207397,0.09814647578916674,0.2635622017128954,0.19144635928300419,0.3402197427609097,12.288098819906283,9.659935719555051,99.23053275307802,38.23583971020543,10.288098819906283,baseline,39
79.0,-11.103992935779388,-5.213433464989066,0.17613478191196918,0.09870964124775973,0.2635067202353989,0.19053418652629137,0.3398273990126661,12.268234228001422,9.637718270339162,99.18021962450925,38.226884457144635,10.268234228001422,baseline,39
79.10000000000001,-11.094090181282809,-5.187078369781375,0.1951394621282816,0.09934540650060411,0.2635942193827495,0.1895594737795523,0.33953529475498145,12.248375336115773,9.615516485694998,99.12992296104687,38.21793115818054,10.248375336115773,baseline,39
79.2,-11.084126069938065,-5.16071736626327,0.21404646430164576,0.09993671979838875,0.26362492002144633,0.18858068696735006,0.3391874436317673,12.228518731130604,9.593326531395855,99.07964131957067,38.208973090677446,10.228518731130604,baseline,39
79.30000000000001,-11.07410401273728,-5.134354919195175,0.23285580705851316,0.10050429467902096,0.263623112994016,0.1876063327934474,0.33881321558904537,12.208669130911382,9.571153424308108,99.0293768362175,38.200019889968765,10.208669130911382,baseline,39
79.4,-11.064026021331301,-5.1079940954223275,0.2515676384791732,0.1010553749353844,0.263592469407173,0.1866305196622233,0.33841413918584146,12.188829384165466,9.549000242345148,98.97913077319754,38.19107568808872,10.188829384165466,baseline,39
79.5,-11.053893209205853,-5.081637278199196,0.27018181420862675,0.10160069233059188,0.263542983822512,0.18565323727119884,0.3380010791601182,12.169001221153692,9.526868922432225,98.92890386605686,38.1821463488166,10.169001221153692,baseline,39
79.60000000000001,-11.04370585819197,-5.0552860628813505,0.2886982010677457,0.10214614045942738,0.26348047953654724,0.18467475186739446,0.33758045127769126,12.149185277668861,9.504760268516717,98.87869660396755,38.17323694204574,10.149185277668861,baseline,39
79.7,-11.033463836472947,-5.028941607102752,0.3071166770532727,0.10269409656246786,0.2634077120296318,0.18369503083842564,0.33715510463316,12.12938162363316,9.482674493669606,98.82850935749235,38.1643517086547,10.12938162363316,baseline,39
79.80000000000001,-11.02316680362128,-5.002604722976685,0.3254371853545308,0.10324636084145178,0.26332908808463373,0.18271540572074016,0.3367297716956176,12.109589991259748,9.46061144613236,98.77834245972149,38.155493692209774,10.109589991259748,baseline,39
79.9,-11.01281446001667,-4.976276056841016,0.3436596468091011,0.10380030418954915,0.2632433180004898,0.18173408847092062,0.3363016897580301,12.089810076154482,9.438570914994832,98.7281962093111,38.14666519161563,10.089810076154482,baseline,39
80.0,-11.002406665240414,-4.949956329539418,0.36178383603692055,0.10435537776243055,0.26315029351555824,0.18074993323710273,0.3358700049282179,12.07004174125722,9.416552853579125,98.67807086421439,38.13786882980342,10.07004174125722,baseline,39
80.10000000000001,-10.99193962996651,-4.923638272099197,0.37980709318071604,0.1049852618085009,0.2632098387633348,0.17971530243731412,0.3355576170331341,12.050278174853004,9.394549819525126,98.62796394473237,38.12908614378999,10.050278174853004,baseline,40
80.2,-10.981411790649872,-4.8973171366378665,0.39772635232657194,0.10557139909141708,0.2632118417612285,0.17867000416393147,0.33518467199052604,12.030515629180902,9.37255757838098,98.5778741661163,38.12030726324957,10.030515629180902,baseline,40
80.30000000000001,-10.970826671182294,-4.870997694320977,0.4155409811064601,0.1061308265014322,0.2631760492116475,0.17762273738112877,0.3347763761786277,12.010758955793927,9.350581301025633,98.52780364614244,38.11154502061654,10.010758955793927,baseline,40
80.4,-10.960186261858325,-4.844683079980314,0.4332507932558656,0.10667717264104011,0.26311521784438685,0.17657372948593797,0.3343470038276979,11.991010936944905,9.328623999217804,98.47775370362723,38.10280503702632,9.991010936944905,baseline,40
80.5,-10.949491498991847,-4.818375437520444,0.4508556006476283,0.10721788008521749,0.26303667022986765,0.17552264747970908,0.33390442266293874,11.971272978093449,9.306687258207365,98.42772518663283,38.09409296760919,9.971272978093449,baseline,40
80.60000000000001,-10.938742755912244,-4.7920763259753585,0.46835516206920147,0.10775676499735644,0.2629445850446389,0.17446881960467076,0.33345276160385895,11.951545722283496,9.284771866683613,98.37771867823623,38.085414004719006,9.951545722283496,baseline,40
80.7,-10.9279401228996,-4.765786979347467,0.48574916180223227,0.10829566668818999,0.2628413617877252,0.17341143068621515,0.33299407980098594,11.93182941172008,9.26287819055129,98.32773463013018,38.07677280409414,9.93182941172008,baseline,40
80.80000000000001,-10.917083558568265,-4.73950843885541,0.5030372012406588,0.10883538421570792,0.262728431077268,0.17234963284030586,0.33252934501167225,11.912124079801016,9.241006370583543,98.2777734329054,38.06817365419601,9.912124079801016,baseline,40
80.9,-10.906172967690509,-4.713241633027792,0.5202187998220325,0.10937618617170947,0.2626066996537027,0.171282607814043,0.3320589714855747,11.892429654707989,9.219156430283354,98.22783545192313,38.05962064432496,9.892429654707989,baseline,40
81.0,-10.895208241854561,-4.686987408436835,0.5372933959588408,0.10991807964286557,0.2624767858845065,0.17020959124613955,0.33158310016165526,11.87274600897206,9.197328326336654,98.17792104646439,38.05111769321594,9.87274600897206,baseline,40
81.10000000000001,-10.884185424249154,-4.660738117992878,0.5542585980147123,0.11053817690488281,0.26250786226577705,0.1690944917679226,0.33124313343985773,11.853066048386921,9.175514274520411,98.12802802210206,38.04264283672958,9.853066048386921,baseline,40
81.2,-10.873102763405768,-4.634488572366536,0.5711114658042789,0.111114882281823,0.2624819659806723,0.16796298448652208,0.3308396343958835,11.833385666720716,9.15370961724899,98.07815528752693,38.034183391858996,9.833385666720716,baseline,40
81.30000000000001,-10.861963796749478,-4.608243582770228,0.5878508621826768,0.11166425879436365,0.26241673907122365,0.16682510641602705,0.33039683377355183,11.813709623831468,9.131919420128026,98.02830492392553,38.02575429875438,9.813709623831468,baseline,40
81.4,-10.850770611257758,-4.582006481476128,0.6044761631637812,0.11219922474396217,0.2623241968478177,0.16568111328011834,0.32992860073467134,11.794040770077808,9.110146761645003,97.97847828186188,38.01736320943339,9.794040770077808,baseline,40
81.5,-10.839524278329918,-4.555779636837542,0.6209867456927896,0.11272719133700741,0.26221157963579245,0.16453076472064126,0.329443021934578,11.77438062992077,9.088393342515163,97.92867628284088,38.00901780216937,9.77438062992077,baseline,40
81.60000000000001,-10.828225293051219,-4.529564839787781,0.6373819457367063,0.1132522542846871,0.26208327336101916,0.1633735105239238,0.3289447054097402,11.754729957751772,9.066660058773554,97.87889961154255,38.0007251798272,9.754729957751772,baseline,40
81.7,-10.81687383769895,-4.503363523632288,0.653661041520536,0.11377657886452254,0.26194193838184954,0.16220866345011928,0.32843620305872134,11.735089066721203,9.044947339685612,97.82914884310311,37.99249167235074,9.735089066721203,baseline,40
81.80000000000001,-10.805469932965934,-4.477176909334958,0.6698232349008322,0.11430123034737293,0.2617892286120063,0.16103549449026466,0.3279188954023793,11.715458024154495,9.023255350367204,97.77942450937545,37.98432313253009,9.715458024154495,baseline,40
81.9,-10.794013523613103,-4.451006080955267,0.685867658816278,0.11482666118211926,0.26162621170809214,0.1598532778002121,0.32739350511950055,11.695836760405536,9.001584104166046,97.7297271325353,37.97622507367362,9.695836760405536,baseline,40
82.0,-10.782504525908735,-4.424852032214403,0.7017933754250407,0.1153529901341448,0.26145360963057496,0.15866130657246758,0.32686038690093316,11.676225130581576,8.979933526734614,97.68005724281045,37.968202769939296,9.676225130581576,baseline,40
82.10000000000001,-10.770938430796377,-4.39870648086071,0.7175980880856514,0.1159687783107714,0.2614561298451358,0.15743299511951336,0.3264861610065426,11.656615306374169,8.958295028409047,97.63041297067501,37.96023048798779,9.656615306374169,baseline,41
82.2,-10.75931319076335,-4.372563633136451,0.7332788854837418,0.1165358276195902,0.26139956583009333,0.1561830731880616,0.32604215139397474,11.637002663343253,8.93666335060675,97.58079352375918,37.95229206271761,9.637002663343253,baseline,41
82.30000000000001,-10.747632761078421,-4.346428602002561,0.7488341247662902,0.11707252122318068,0.2612998235761736,0.15492190116273782,0.3255524051306773,11.617392310915845,8.91504388880145,97.53120109330449,37.94440460050803,9.617392310915845,baseline,41
82.4,-10.735899485473055,-4.320305078290403,0.7642627004534006,0.11759271628218694,0.26116939480908313,0.15364979586064664,0.3250319360856469,11.59778734099685,8.893439958427136,97.48163714341092,37.93657800364426,9.59778734099685,baseline,41
82.5,-10.72411461424781,-4.294195748865604,0.7795635089278221,0.118104411173661,0.2610159547030746,0.15236662974575638,0.3244897077078333,11.578189437625847,8.871853412228129,97.43210273989749,37.92882215574923,9.578189437625847,baseline,41
82.60000000000001,-10.712278770690318,-4.268102673813701,0.794735424220562,0.11861214223190918,0.2608442497705872,0.15107196932257538,0.3239310155545842,11.55859945191065,8.850285230746366,97.38259873831748,37.92114613777005,9.55859945191065,baseline,41
82.7,-10.700392226688564,-4.242027536965907,0.8097772719338536,0.11911840155912151,0.2606572244060632,0.14976525464166535,0.3233589549138168,11.5390177510694,8.828735883429934,97.33312590543619,37.91355814746861,9.5390177510694,baseline,41
82.80000000000001,-10.688455065304879,-4.215971774421632,0.8246878143399954,0.11962448057959225,0.2604567386550147,0.14844588152281835,0.32277532248582835,11.519444417022996,8.807205532122719,97.28368498085993,37.906065703573994,9.519444417022996,baseline,41
82.9,-10.67646727396641,-4.189936672337353,0.8394657550379634,0.12013097827799477,0.2602440053808527,0.1471132423725165,0.32218116077767817,11.49987936998274,8.785694160415337,97.2342767073213,37.89867589896923,9.49987936998274,baseline,41
83.0,-10.664428801042959,-4.163923413492739,0.854109738022089,0.12063810012061446,0.2600198372399787,0.1457667423947835,0.32157706719759044,11.480322438439252,8.764201645573543,97.18490184598643,37.8913954907993,9.480322438439252,baseline,41
83.10000000000001,-10.652334178157616,-4.137922803871334,0.8686174051836133,0.12125418034374398,0.25999081516658706,0.1443866279566937,0.3211624177180828,11.460764580538735,8.742718095740335,97.13555895906426,37.88419423714104,9.460764580538735,baseline,41
83.2,-10.640180820715614,-4.111928365658969,0.8829856179654598,0.121812716038705,0.2598965059437136,0.142977733269044,0.32066674882380747,11.441200390840512,8.72123738119055,97.08624761388596,37.87705285441954,9.441200390840512,baseline,41
83.30000000000001,-10.627973426948301,-4.085945765022188,0.8972122156992555,0.12233485627256457,0.25975406501605286,0.14155441779112168,0.320118172785889,11.421635684901787,8.699765580573544,97.03697013047473,37.86999126168864,9.421635684901787,baseline,41
83.4,-10.615714831161313,-4.059979151934385,0.9112957436591387,0.12283671927552872,0.2595767672177865,0.14011636919908874,0.31953333879134943,11.402074022873705,8.67830646129321,96.98772814404447,37.86302113982326,9.402074022873705,baseline,41
83.5,-10.603406588546932,-4.0340316030196846,0.9252347098663449,0.12332776190790443,0.2593727454291325,0.1386632131807757,0.318922317529325,11.382517363243664,8.656862133201725,96.93852289961231,37.856154399036924,9.382517363243664,baseline,41
83.60000000000001,-10.591049508715514,-4.008105538319796,0.939027582295239,0.12381344049779716,0.2591470888504789,0.13719449950061668,0.3182912383349631,11.362966712205232,8.63543371524506,96.88935544874367,37.84940225604545,9.362966712205232,baseline,41
83.7,-10.578643974673469,-3.9822029606439173,0.9526727814227343,0.12429682710621974,0.25890298351258306,0.13570977565107395,0.31764382460179386,11.343422507828938,8.614021728732718,96.84022677239906,37.84277492729398,9.343422507828938,baseline,41
83.80000000000001,-10.56619013287127,-3.956325612962246,0.9661686848849058,0.12477957344402217,0.2586424541380355,0.1342086242459705,0.31698235889937787,11.32388485491704,8.592626339495503,96.79113784055355,37.83628188665485,9.32388485491704,baseline,41
83.9,-10.553688006883021,-3.9304750729352236,0.9795136321336031,0.12526249583315888,0.25836681776178655,0.13269067096085593,0.3163082666367518,11.304353665784136,8.57124750312515,96.74208964020077,37.82993207190939,9.304353665784136,baseline,41
84.0,-10.54113756219158,-3.90465280553326,0.9927059272304177,0.12574592725823727,0.25807695357799937,0.1311555887635191,0.31562246538236166,11.284828740160986,8.549885047274842,96.69308318871101,37.82373398709443,9.284828740160986,baseline,41
84.10000000000001,-10.528531975112855,-3.878848532214761,1.0057431114837527,0.12636557239392338,0.25800677305854697,0.12958811352545782,0.31516476960094286,11.265299405392447,8.528527354851967,96.64411762929593,37.817652053157786,9.265299405392447,baseline,42
84.2,-10.515867913200054,-3.8530549723654985,1.018621787428856,0.12691534309008504,0.257862725471048,0.12798553632229692,0.31461243937062794,11.245759242210626,8.507167181533779,96.59519298382305,37.81166336012736,9.245759242210626,baseline,42
84.30000000000001,-10.50315106078051,-3.8272786121815443,1.0313393855467439,0.12742131787672453,0.2576627945850308,0.1263666194661629,0.31399813769848234,11.226215066041492,8.485811590197718,96.54631162911456,37.80579163242152,9.226215066041492,baseline,42
84.4,-10.490384844597429,-3.8015242838300765,1.0438942573964596,0.12790257336882344,0.2574220684174463,0.1247311015624037,0.31334172604307636,11.206671061869109,8.464464969586084,96.49747534042744,37.80005084518001,9.206671061869109,baseline,42
84.5,-10.477571173105389,-3.775795614812523,1.0562847331166267,0.1283703939301475,0.2571496269650972,0.12307869842821521,0.3126551689847034,11.187129553631788,8.443129787650397,96.44868555100847,37.79445516220774,9.187129553631788,baseline,42
84.60000000000001,-10.46471106284298,-3.7500954903662205,1.0685091149061918,0.12883131752520655,0.25685115682954746,0.12140924065180403,0.311945874881533,11.167591752221735,8.421807357523269,96.39994353436704,37.78901787963432,9.167591752221735,baseline,42
84.7,-10.45180501579307,-3.7244263351894915,1.0805656909942627,0.12928910521535852,0.2565302430610367,0.11972265010694594,0.31121849443915256,11.148058208807672,8.400498302613107,96.35125051822732,37.78375109252207,9.148058208807672,baseline,42
84.80000000000001,-10.438853240804747,-3.698790276888758,1.0924527551978827,0.12974585417971282,0.2561891776456893,0.11801894657554025,0.3104760106198192,11.128529081500664,8.379202830399652,96.30260773686112,37.77866590936663,9.128529081500664,baseline,42
84.9,-10.425855786306784,-3.6731892554089427,1.1041685929521918,0.13020266977838593,0.25582946055727673,0.11629823780131103,0.30972040330294176,11.109004296721663,8.357920898569192,96.2540164540293,37.77377274896204,9.109004296721663,baseline,42
85.0,-10.412812620052136,-3.64762508822605,1.1157115194946527,0.13066007449250094,0.25545209990993234,0.11456070922187238,0.3089530490417571,11.089483650707377,8.336652320865575,96.205477972816,37.76908142591388,9.089483650707377,baseline,42
85.10000000000001,-10.39971509843599,-3.6220862045884132,1.1270792558789253,0.13129003834384695,0.25532352989416657,0.1127940559277746,0.30846341458685844,11.06995439245979,8.315383314106683,96.15699220552811,37.76454920467496,9.06995439245979,baseline,42
85.2,-10.38655885180924,-3.596564419567585,1.1382684176787734,0.1318344732698212,0.2551102003605033,0.11098935306560875,0.30786389714325013,11.050408833924713,8.294105273386991,96.1085597385484,37.760148543386535,9.050408833924713,baseline,42
85.30000000000001,-10.373350803973153,-3.571067253127694,1.1492764158174396,0.1323259964971746,0.25483117878537426,0.10917083242176935,0.30719272400526626,11.030855112302293,8.272826583747944,96.06018290319693,37.75590728919798,9.030855112302293,baseline,42
85.4,-10.360095102689229,-3.5456003956496716,1.160101866349578,0.1327874914211398,0.25450404493404255,0.10733852015340244,0.3064741174625205,11.01129824510735,8.251552485839792,96.01186355507734,37.75184138243793,9.01129824510735,baseline,42
85.5,-10.3467940693954,-3.520168130286038,1.1707433992996812,0.13323259558174613,0.25413933892762586,0.10549250649995993,0.3057227453816021,10.991741048940387,8.230285953148208,95.96360327985596,37.74796670724386,8.991741048940387,baseline,42
85.60000000000001,-10.333448942750692,-3.4947738815099,1.1811996577307582,0.133669328354063,0.2537436879329109,0.10363304254826784,0.3049477922796489,10.972185022443908,8.209028597235989,95.91540354920369,37.744298003100155,8.972185022443908,baseline,42
85.7,-10.320060326135717,-3.469420535489917,1.19146931450814,0.13410236510154555,0.25332127718390246,0.10176053226069262,0.30415509156660725,10.952630876395594,8.18778121091177,95.86726581605632,37.740848466877864,8.952630876395594,baseline,42
85.80000000000001,-10.30662845633924,-3.444110633805394,1.2015510946512222,0.1345343678406239,0.2528747936213152,0.09987551733671542,0.30334844048152876,10.933078854008633,8.166544097103456,95.81919155430504,37.73763004555987,8.933078854008633,baseline,42
85.9,-10.293153363862075,-3.418846495449543,1.2114437771961093,0.13496678988880104,0.25240597688644223,0.09797863233583268,0.3025303686165857,10.913528923164126,8.145317266599717,95.77118227270053,37.734653744958536,8.913528923164126,baseline,42
86.0,-10.27963497012388,-3.3936302959918976,1.221146215684712,0.13540038110946837,0.25191602303392135,0.0960706004812544,0.30170267838162335,10.89398089703433,8.12410056339812,95.72323951949532,37.73192980432981,8.89398089703433,baseline,42
86.10000000000001,-10.266062427428551,-3.3684494057670236,1.2306566210463643,0.13605005439569792,0.2516994819583341,0.09413758711294234,0.30120446847052734,10.874419749209503,8.102877903401135,95.67536410366279,37.72940864918755,8.874419749209503,baseline,43
86.2,-10.252430041437037,-3.34329495113343,1.23997201025486,0.13659714448051127,0.2513874191898541,0.09217043996074162,0.3005824419518242,10.854836409225632,8.081639265794298,95.62755721211686,37.72705869636975,8.854836409225632,baseline,43
86.30000000000001,-10.238746062503196,-3.31817547371611,1.2490904089063406,0.13708183190022796,0.25099998018679665,0.09019783545700442,0.29988008972258146,10.835240479860964,8.06039452392986,95.57982094001768,37.724911247517284,8.835240479860964,baseline,43
86.4,-10.225015384261496,-3.2930974904447794,1.2580112824216485,0.1375310795295839,0.25055757921566624,0.08822003214074102,0.29912651572520443,10.815637895041519,8.039149878630772,95.5321570902502,37.7229830358368,8.815637895041519,baseline,43
86.5,-10.211240739678033,-3.2680658930912614,1.2667341232299805,0.1379611165537065,0.2500722614636921,0.0862372441435963,0.2983391826626077,10.796032024044854,8.01790889360398,95.48456729502504,37.72129055636167,8.796032024044854,baseline,43
86.60000000000001,-10.19742357020732,-3.2430845922790468,1.275258461944759,0.13838153706618914,0.24955164478258882,0.0842500053458263,0.2975290517164135,10.776424698742124,7.996673550071639,95.43705313164776,37.71984894890524,8.776424698742124,baseline,43
86.7,-10.183564556064084,-3.2181568746455014,1.2835838915780187,0.13879798353275655,0.24900060453285977,0.08225913655249534,0.2967031291322204,10.756816831389822,7.975444878355493,95.38961619289705,37.718671459227956,8.756816831389822,baseline,43
86.80000000000001,-10.169663932058029,-3.193285621702671,1.2917101057246327,0.13921370649502024,0.24842234854510983,0.0802657045528564,0.2958660214693741,10.737208787669454,7.954223340946491,95.34225811030474,37.71776977346874,8.737208787669454,baseline,43
86.9,-10.155721680959687,-3.1684734444133937,1.2996369088068604,0.13963051080467587,0.2478190815618302,0.07827093698084403,0.29502087436244745,10.717600614120707,7.93300906579858,95.29498055881247,37.71715435169875,8.717600614120707,baseline,43
87.0,-10.141737647238187,-3.1437227646820247,1.3073642319068313,0.1400493364643007,0.24719239695380546,0.07627613742892672,0.294169928607489,10.697992174303444,7.911801986780797,95.24778525498202,37.71683461533866,8.697992174303444,baseline,43
87.10000000000001,-10.127698657335714,-3.1190203786827624,1.3148910338059068,0.1407299464427503,0.24685288807206604,0.07426001064972866,0.29369340366613134,10.678366291115001,7.89058392663096,95.20067395874555,37.71675592854864,8.678366291115001,baseline,43
87.2,-10.113597536692396,-3.0943571208044887,1.3222151845693588,0.14129184271181291,0.24640995376176666,0.07222330622372733,0.2930826779113054,10.658712592033323,7.869343612996916,95.15364845952908,37.7168843324198,8.658712592033323,baseline,43
87.30000000000001,-10.099443791434169,-3.069742222316563,1.3293361123651266,0.14178235370340334,0.2458857713030381,0.07019569222503841,0.29238584705474246,10.639042095388533,7.848092377058531,95.10671046566955,37.71725259419371,8.639042095388533,baseline,43
87.4,-10.085243028705008,-3.0451826653443277,1.3362547270953655,0.14223213990913489,0.24530318451249047,0.06817713333413151,0.2916363411249713,10.619361614948483,7.826837352137274,95.05986161438662,37.71787588103899,8.619361614948483,baseline,43
87.5,-10.07099839404691,-3.0206836168654263,1.3429719293490052,0.14265974367418785,0.24467561493398673,0.06616747695100815,0.29085407684021164,10.599675078468868,7.805582707577479,95.01310347510609,37.718769166088684,8.599675078468868,baseline,43
87.60000000000001,-10.056711558019742,-2.9962491504848003,1.3494886197149754,0.1430761383957968,0.24401158136641496,0.06416691626988655,0.29005142020472574,10.579984681828655,7.784330833129495,94.96643761687218,37.71994600706913,8.579984681828655,baseline,43
87.7,-10.042383317835629,-2.97188263759017,1.3558057276532054,0.1434878017484131,0.24331655343579212,0.06217589597212664,0.28923612579759345,10.560291581442744,7.763083045934566,94.91986564975244,37.72141785453289,8.560291581442744,baseline,43
87.80000000000001,-10.028013958828524,-2.9475869992747903,1.361924241296947,0.1438984920933765,0.24259412153549142,0.06019503935382755,0.2884131179283168,10.54059631689715,7.741840024362077,94.873389229392,37.72319452037328,8.54059631689715,baseline,43
87.9,-10.013603472849354,-2.9233648511581123,1.367845212109387,0.14431032890897424,0.24184673730065878,0.058225062761415494,0.2875855930090396,10.520899062757799,7.720602065360044,94.82701005180284,37.725284558092824,8.520899062757799,baseline,43
88.0,-9.99915168771986,-2.899218602105975,1.3735697641968727,0.1447244509710475,0.24107614441860803,0.05626671738536592,0.28675567579724964,10.50119978259361,7.699369243491634,94.78072984754847,37.72769554010988,8.50119978259361,baseline,43
88.10000000000001,-9.984643558389507,-2.875135145150125,1.379097431898117,0.14543753260697106,0.24059055128689652,0.05428688774134251,0.28632665862608336,10.481479800945785,7.678122001329326,94.73455132939733,37.730371013188666,8.481479800945785,baseline,44
88.2,-9.970070644747466,-2.8511055624112487,1.3844268908724189,0.1460200227972894,0.2399988110569925,0.05230269137643724,0.2857566235307762,10.461727840344452,7.656848276997096,94.68847681339038,37.73327796226508,8.461727840344452,baseline,44
88.30000000000001,-9.955443386919796,-2.827139243017882,1.3895589979365468,0.1465243371124222,0.2393253602279205,0.050340029550932607,0.28509669936645604,10.441955924936824,7.635560438946474,94.64250735866698,37.73644951874736,8.441955924936824,baseline,44
88.4,-9.940767935710028,-2.8032431886531413,1.3944958383217454,0.14698383956617755,0.23859359726243154,0.048397399998350854,0.28438259805206717,10.422171470930014,7.61426625192522,94.59664424792457,37.73989828857779,8.422171470930014,baseline,44
88.5,-9.926047763903625,-2.7794225360266864,1.3992393566295505,0.14741871270158471,0.2378173770530474,0.04647364502129429,0.2836356489663261,10.402378796323957,7.592970304089731,94.55088884162424,37.743637381741266,8.402378796323957,baseline,44
88.60000000000001,-9.91128473659046,-2.755681290756911,1.4037914108484983,0.14784091453222187,0.23700548682844869,0.044568147968603325,0.28286897427937374,10.382580355151157,7.5716752711423085,94.50524259116455,37.74767872819038,8.382580355151157,baseline,44
88.7,-9.896479875547811,-2.732022433541715,1.4081538235768676,0.148255377751119,0.23616962719585383,0.04268084975473382,0.2820946734302896,10.362777508725745,7.550382668584772,94.45970719933116,37.75202971056559,8.362777508725745,baseline,44
88.80000000000001,-9.881633647251874,-2.708448492921889,1.412328366190195,0.1486682386567637,0.23530719365809508,0.04081078296725442,0.2813134205454,10.342970955738815,7.529093325742845,94.41428435195205,37.756696591119564,8.342970955738815,baseline,44
88.9,-9.866746086976491,-2.68496201839298,1.416316811926663,0.14908199823222892,0.2344203248717768,0.038958935797056955,0.28052830443351506,10.323160983769695,7.507807681005551,94.3689755823241,37.7616871728002,8.323160983769695,baseline,44
89.0,-9.851817037211731,-2.661565358750522,1.4201209992170334,0.14949801995870135,0.23351090267240132,0.037125656203684305,0.27974151280602977,10.303347647537343,7.486525931481365,94.32378252057624,37.76700806789078,8.303347647537343,baseline,44
89.10000000000001,-9.836830224026926,-2.6382462037727237,1.4237405490130186,0.15023756034846977,0.23286983555145427,0.03526569944456884,0.2793624069314555,10.283511513046246,7.465227906420081,94.27870874337401,37.77260519862196,8.283511513046246,baseline,44
89.2,-9.821776297176257,-2.614996720571071,1.4271745774894953,0.1508401797161242,0.2321176414715796,0.03341542163677375,0.2788331933294255,10.263640911246023,7.443901327391812,94.23375689570051,37.7784523381077,8.263640911246023,baseline,44
89.30000000000001,-9.806666159187444,-2.591826368588954,1.4304250944405794,0.15136171156435366,0.23128734359949113,0.03159556499335246,0.27821301688499195,10.243748387844684,7.422559132694458,94.18892728710587,37.78458438010796,8.243748387844684,baseline,44
89.4,-9.791506276349537,-2.5687415502034128,1.4334949692711234,0.15183503774506726,0.23040702996280077,0.02980265214767197,0.2775418458869943,10.223841554839327,7.4012092579768485,94.14422103740738,37.79100853429153,8.223841554839327,baseline,44
89.5,-9.776300378260203,-2.5457468568347394,1.4363867565989494,0.15228197067260038,0.22948491617679698,0.028033895968402667,0.2768375420129457,10.203924885042392,7.379856420691812,94.09963935398939,37.79773437562839,8.203924885042392,baseline,44
89.60000000000001,-9.761050477973185,-2.522846051491797,1.439102852717042,0.1527150641676842,0.22852931002179477,0.02628884706707799,0.2761134546574899,10.18400096493351,7.358503433846281,94.05518343127541,37.80477287755639,8.18400096493351,baseline,44
89.7,-9.745757588767447,-2.5000422028824687,1.4416455943137407,0.15314172857201827,0.22754581315097172,0.02456682652724228,0.2753779495133593,10.16407123227774,7.337151932610585,94.01085462903433,37.81213271446265,8.16407123227774,baseline,44
89.80000000000001,-9.730422137537971,-2.4773379168473184,1.4440172659233212,0.15356628262663985,0.22653808825779126,0.022867486045766452,0.2746361784421586,10.144136434079694,7.315802838239646,93.96665438976792,37.819821033398625,8.144136434079694,baseline,44
89.9,-9.715044212411158,-2.4547354918904603,1.4462201269343495,0.15399119845851672,0.22550860014384624,0.021190673679585197,0.2738913335476719,10.124196908387363,7.294456646339965,93.92258418430933,37.82784389338088,8.124196908387363,baseline,44
90.0,-9.699623708962463,-2.4322370178997517,1.4482564311474562,0.15441783668486228,0.22445908707712237,0.019536336585026848,0.2731454164087171,10.104252753027735,7.273113600329215,93.87864547784537,37.83620643409292,8.104252753027735,baseline,44
90.10000000000001,-9.684143693884835,-2.409831030294299,1.450125589966774,0.15518171035803885,0.2236584694869508,0.017847358164849742,0.27280579611942996,10.084284253483496,7.251753356378454,93.83484249924209,37.84485710554754,8.084284253483496,baseline,45
90.2,-9.668594336137176,-2.387510173022747,1.4518268937245011,0.15580457650518836,0.22275664390126362,0.016179401762572383,0.2723184927681376,10.064279536678853,7.230363516144237,93.79117828954502,37.85377171771607,8.064279536678853,baseline,45
90.30000000000001,-9.652986916829832,-2.365283145569265,1.4533631298691034,0.1563428819253313,0.22178202454907597,0.014546075549088636,0.27173875589559326,10.0442513490287,7.208957182664207,93.74765243697848,37.862982271445645,8.0442513490287,baseline,45
90.4,-9.637328112614341,-2.3431561291217804,1.4547375589609146,0.1568322324443007,0.22075649437754546,0.012943359916798071,0.2711038721768138,10.024207458002813,7.1875424510324235,93.704265338362,37.872495122243556,8.024207458002813,baseline,45
90.5,-9.621621756698005,-2.3211335549131036,1.4559531202539802,0.1572938887960771,0.21969326429615738,0.011368725391360478,0.27043621382262784,10.00415242272354,7.166124137697952,93.66101773588676,37.882319462848436,8.00415242272354,baseline,45
90.60000000000001,-9.605869990307838,-2.299218773841858,1.4570125341415405,0.15774042564194748,0.21860066421813482,0.009820490049511493,0.26974939166405,9.984088880079598,7.144705090028705,93.61791062890714,37.89246424135541,7.984088880079598,baseline,45
90.7,-9.590073952800594,-2.2774144588038325,1.4579183906316757,0.15817928378525972,0.21748398051720794,0.008297602419226347,0.2690517009913421,9.964018319488138,7.123286976831107,93.57494520066564,37.902936670636315,7.964018319488138,baseline,45
90.80000000000001,-9.574234196101315,-2.255722844041884,1.4586731949821115,0.15861480118817226,0.2163466987880371,0.006799447837633346,0.26834824710316585,9.943941546524071,7.10187076086855,93.53212274757412,37.91374258600838,7.943941546524071,baseline,45
90.9,-9.55835092999041,-2.234145869500935,1.4592794002965093,0.15904946126675057,0.21519119262798123,0.005325668411931217,0.2676421925966277,9.923858958851964,7.0804569806788535,93.48944463228327,37.924886854255874,7.923858958851964,baseline,45
91.0,-9.542424171464518,-2.2126852739602327,1.4597394354641438,0.15948463923844225,0.21401914572554642,0.0038760644058868253,0.2669355142452711,9.90377071671189,7.059045925648368,93.44691225504806,37.93637362682912,7.90377071671189,baseline,45
91.10000000000001,-9.526436864049174,-2.191330412402749,1.4600523756816983,0.16026069232909146,0.21307605389045828,0.0023833625564686663,0.26662815804862916,9.883657280620875,7.037617498591053,93.40453047584096,37.94815480774505,7.883657280620875,baseline,45
91.2,-9.510379030485637,-2.1700745853595436,1.4602175243198872,0.16089506779202625,0.2120386856181864,0.0009203989122340897,0.26617376687541255,9.863506892979556,7.016159493978269,93.36230271178695,37.96021070212527,7.863506892979556,baseline,45
91.30000000000001,-9.49426203907933,-2.1489257593639195,1.4602382564917207,0.16144379086146105,0.21093613943004438,-0.0005048839911096139,0.2656283257358198,9.843332228045673,6.994684919080101,93.32022805805502,37.972572461852906,7.843332228045673,baseline,45
91.4,-9.478092680335976,-2.127889438532293,1.4601180963218212,0.1619423870114415,0.20978868550441016,-0.0018973809944453374,0.26502873302959035,9.823141003511155,6.973201782025692,93.2783065290497,37.985244296692485,7.8231410035111555,baseline,45
91.5,-9.461874912143685,-2.1069694864563644,1.4598601730540395,0.1624119404010878,0.20860881885959462,-0.0032600713589304954,0.26439724990269275,9.802937773687113,6.951714861954532,93.236538568142,37.99823392640837,7.802937773687113,baseline,45
91.60000000000001,-9.445611017406918,-2.0861687483265996,1.4594673672690988,0.16286490670218554,0.20740446752232317,-0.004595016967666809,0.2637474268391317,9.782725210020821,6.930227011457519,93.1949249417909,38.01154892002222,7.782725210020821,baseline,45
91.7,-9.42930228530895,-2.0654894202016294,1.4589423863217235,0.16330867633906893,0.20618065815382627,-0.00590357840919899,0.26308751358131255,9.762504853740333,6.908739921827269,93.15346663309529,38.025195044599144,7.762504853740333,baseline,45
91.80000000000001,-9.412949419463985,-2.044933281838894,1.458287823945284,0.1637475761830528,0.20494069961594283,-0.007186624639359478,0.26242257265449526,9.742277571390934,6.887254588095529,93.1121647503844,38.039176697303525,7.742277571390934,baseline,45
91.9,-9.39655278250575,-2.0245018349960446,1.457506202161312,0.1641840846935131,0.20368685848470053,-0.008444734095199934,0.2617557325445839,9.72204382851968,6.865771588730803,93.07102047058713,38.053497340896406,7.722043828519681,baseline,45
92.0,-9.380112546263263,-2.004196386784315,1.456599997356534,0.16461956809251768,0.20242075599724083,-0.009678310716668194,0.2610889395508548,9.7018038575135,6.844291257105023,93.03003500587953,38.068159728638946,7.7018038575135,baseline,45
92.10000000000001,-9.363612101064064,-1.984007130842656,1.4555679531767964,0.16538849484986937,0.20136255934593025,-0.010961839959200225,0.26080720172253613,9.681538820907715,6.822794246814041,92.989213599433,38.083118615424674,7.681538820907715,baseline,46
92.2,-9.347041708417237,-1.9639279381372035,1.4544093227013946,0.16601842315872598,0.2002196912445066,-0.012209891104212115,0.2603826473306777,9.661237401236344,6.801268842836943,92.94855985693671,38.09835734798131,7.661237401236344,baseline,46
92.30000000000001,-9.330412559094839,-1.9439658396877348,1.4531278116628528,0.1665635815283789,0.19902081951779552,-0.013419389182243727,0.25987072420555646,9.640911893893419,6.779727634001722,92.90807232204344,38.11390477425715,7.640911893893419,baseline,46
92.4,-9.313731408677995,-1.9241255237720907,1.4517269982025027,0.16705841109303546,0.19778413939497858,-0.01459590137164827,0.25930699730241147,9.620569788818969,6.758178349930423,92.86775051790694,38.12976198165546,7.620569788818969,baseline,46
92.5,-9.2970022772206,-1.9044101950712502,1.4502100143581629,0.16752319650169156,0.1965211351642104,-0.01574276667522027,0.25871299278344073,9.60021555067807,6.736625635743569,92.82759445310926,38.145934088794476,7.600215550678071,baseline,46
92.60000000000001,-9.280227569281124,-1.8848221166990697,1.4485797006636858,0.16796991383515766,0.1952391703831476,-0.016862439624322167,0.25810185484760456,9.579851841151735,6.715072291698098,92.78760452228396,38.1624256946884,7.579851841151735,baseline,46
92.7,-9.263408731552772,-1.8653629519976676,1.446838691830635,0.16840578522959698,0.19394290913352916,-0.017956623857036058,0.25748165146727753,9.559480240613073,6.693520006794268,92.74778139474338,38.17923926237373,7.559480240613073,baseline,46
92.80000000000001,-9.246546626091003,-1.8460339731536806,1.4449894838035107,0.16883527374825955,0.19263548052990453,-0.019026445888595693,0.2568575162688229,9.539101663511886,6.671969783375012,92.70812590599765,38.196375978785355,7.539101663511886,baseline,46
92.9,-9.229641770361923,-1.8268361948430538,1.4430344766005874,0.16926078433056638,0.1913189353701552,-0.020072606522314018,0.2562324290092255,9.518716625294406,6.650422209941607,92.66863897914011,38.21383654252686,7.518716625294406,baseline,46
93.0,-9.212694496265613,-1.807770454324782,1.4409760106354952,0.1696836389914825,0.1899947499700258,-0.02109560235680157,0.2556082291248869,9.498325418739837,6.628877641251621,92.62932157760038,38.23162141553637,7.498325418739837,baseline,46
93.10000000000001,-9.195689276908524,-1.7888278730679303,1.4388125538825989,0.17041989411680783,0.18885531199336186,-0.022172773892805087,0.25534467114274284,9.47791052933743,6.607318089866279,92.5901791050156,38.24968805728537,7.47791052933743,baseline,46
93.2,-9.178617025958374,-1.7700028740800917,1.4365432588383555,0.1710242014912174,0.1876432973663844,-0.023212187695773698,0.25494723022590715,9.457461457387954,6.585732689855276,92.5512151934902,38.268022096232045,7.457461457387954,baseline,46
93.30000000000001,-9.161488430923782,-1.7513013856951147,1.4341718843206763,0.1715467323506574,0.18638523559380069,-0.02421434939391637,0.25446821440823475,9.436989764075399,6.564133242227885,92.51242792614565,38.286648823068695,7.436989764075399,baseline,46
93.4,-9.144310043891892,-1.7327272191178054,1.4317018603906035,0.17202002414522408,0.1850969548211388,-0.025185066563989535,0.25394105412243756,9.416502536066126,6.542527015487855,92.47381645955772,38.3055661667375,7.416502536066126,baseline,46
93.5,-9.127085804124363,-1.7142828674986959,1.4291361654177308,0.1724637610540802,0.1837890015416755,-0.026127785857621988,0.2533866751793129,9.396004001965565,6.520918369386841,92.43538052167843,38.32477762472883,7.396004001965565,baseline,46
93.60000000000001,-9.109818103839643,-1.6959699641447514,1.4264774713665247,0.17288924196955502,0.18246802593592915,-0.027044984239542144,0.2528175263906348,9.375496679144092,6.499309913952714,92.39712029194658,38.34428696899661,7.375496679144092,baseline,46
93.7,-9.092508434085175,-1.6777896026615053,1.4237282499670982,0.17330313851221757,0.18113820689112364,-0.02793838219525985,0.25224111681802547,9.35498207932348,6.477703227221237,92.35903623254455,38.36409627650013,7.354982079323481,baseline,46
93.80000000000001,-9.075157759478316,-1.6597425304353237,1.4208908192813396,0.17370934737864524,0.17980227825275086,-0.02880914844356595,0.2516620028244986,9.33446111712258,6.456099270473111,92.32112895682569,38.38420633142624,7.334461117122579,baseline,46
93.9,-9.057766736135818,-1.6418292624875903,1.4179674005135894,0.1741101075952414,0.17846213338935205,-0.029658127810449006,0.25108298860322326,9.313934352481143,6.434498636685955,92.28339915397152,38.4046170659103,7.313934352481143,baseline,46
94.0,-9.040335847996175,-1.6240501529537141,1.414960142225027,0.17450665107669708,0.17711914084557726,-0.030485973153458964,0.2505058000985066,9.29340214065652,6.412901703595817,92.24584754716179,38.425327787249216,7.29340214065652,baseline,46
94.10000000000001,-9.022851304616779,-1.6063973654527217,1.4118674099445343,0.1751833888150665,0.17593530775263352,-0.03136784102911128,0.25025265968930727,9.272848955106605,6.391292507507457,92.20847950134068,38.44629990184937,7.272848955106605,baseline,47
94.2,-9.00530515506398,-1.588865882717073,1.408688343130052,0.17573871868271768,0.1746932230545693,-0.03221259815136893,0.24987891248582475,9.252265591581052,6.369661501741737,92.17129859424396,38.467520897534556,7.252265591581052,baseline,47
94.30000000000001,-8.98770721256733,-1.5714603422675282,1.4054264901205897,0.17621922462955894,0.173416585349802,-0.03302350251275453,0.24943351603511107,9.231662481118287,6.348019288713848,92.13430256663739,38.48901125285345,7.231662481118287,baseline,47
94.4,-8.970063484506682,-1.5541835406329483,1.4020849512889981,0.17665440424546083,0.17211851450604918,-0.03380623276276009,0.2489466267068057,9.211045956061971,6.326372317343131,92.09749018328822,38.510765391141526,7.211045956061971,baseline,47
94.5,-8.95237764599733,-1.5370371874887496,1.398666389286518,0.17706143336298347,0.17080769175726923,-0.0345640129377077,0.2484364903518776,9.190419821792464,6.304724468587968,92.06086081699654,38.53278411564342,7.190419821792464,baseline,47
94.60000000000001,-8.934652008349076,-1.5200222784187645,1.3951731733977795,0.17745038284273076,0.16948966761140663,-0.03529927213669826,0.24791414725956545,9.169786389058055,6.2830780968296045,92.02441431467251,38.555068722422064,7.169786389058055,baseline,47
94.7,-8.91688808100298,-1.503139361506328,1.3916074726730585,0.17782722265015072,0.16816788035349828,-0.0360137267897665,0.24738622761856155,9.149147083047804,6.261434648802484,91.98815080001584,38.577618848799766,7.149147083047804,baseline,47
94.80000000000001,-8.899086900055408,-1.4863887019455433,1.3879713052883744,0.17819546820534632,0.16684454787053715,-0.03670857869405682,0.24685673536037925,9.128502800148173,6.2397950264396185,91.95207053999766,38.6004327869895,7.128502800148173,baseline,47
94.9,-8.881249221973121,-1.4697703798301518,1.3842665888369083,0.17855716156469326,0.1655211640644576,-0.037384710317967425,0.24632809881304935,9.10785412164657,6.218159805710664,91.91617388471632,38.62350795791126,7.10785412164657,baseline,47
95.0,-8.86337564443238,-1.4532843469642103,1.3804951608181,0.17891347020640375,0.16419877528574278,-0.03804279267633948,0.24580179352732665,9.0872014446963,6.196529369727559,91.88046123491164,38.64684126106441,7.0872014446963,baseline,47
95.10000000000001,-8.845454715192318,-1.436924024252221,1.376655474305153,0.17950435096130216,0.16300663782307326,-0.03875016036471966,0.24554948771421292,9.066531865323453,6.174890426053862,91.84493776685242,38.67039819682413,7.066531865323453,baseline,47
95.2,-8.827479873085395,-1.4206850456539541,1.3727466985583305,0.17999166925466037,0.16177203786376898,-0.03942443024563183,0.2451968167327391,9.04583773937358,6.153235016522848,91.80960688222531,38.694167995613725,7.04583773937358,baseline,47
95.30000000000001,-8.809459530981258,-1.4045707371551543,1.368771942332387,0.1804143392863758,0.16051333988682928,-0.04006977023190861,0.24478450234482216,9.02512785581376,6.131572035611905,91.77446600179483,38.71816563916314,7.025127855813761,baseline,47
95.4,-8.791398910805583,-1.3885830147191882,1.364733855240047,0.18079720856408504,0.15924038828160325,-0.040690990381953146,0.24433765281451247,9.004407592580346,6.109906924699024,91.7395135371998,38.742382418198225,7.004407592580346,baseline,47
95.5,-8.773301269160584,-1.3727229598443955,1.3606347162276506,0.1811547808928873,0.15796002930883205,-0.04129083019991778,0.24387160178707878,8.98368022109773,6.088242989564319,91.70474853401046,38.76681726515351,6.98368022109773,baseline,47
95.60000000000001,-8.755168705713004,-1.3569910933729261,1.356476554647088,0.18149563934901974,0.15667666860730264,-0.04187143633432063,0.2433956917640307,8.962947759319865,6.066582258736708,91.67017056164754,38.79147021223905,6.962947759319865,baseline,47
95.7,-8.737002635607496,-1.341387579916045,1.3522612173110247,0.1818249165915791,0.1553929942721387,-0.04243431025077104,0.24291552780514944,8.942211476699088,6.0449259946143155,91.63577950387882,38.81634007117436,6.942211476699088,baseline,47
95.80000000000001,-8.718804064905271,-1.3259123656898737,1.3479904318228364,0.18214566166412588,0.15411071173010085,-0.04298046953119389,0.2424344742278671,8.921472195102327,6.023275001073111,91.60157540451158,38.84142481705023,6.921472195102327,baseline,47
95.9,-8.70057375729084,-1.31056525465101,1.3436658279970288,0.18245966495478239,0.15283095584689818,-0.043510645788912464,0.24195455502522822,8.900730467219162,6.0016298041730645,91.56755838413106,38.866721920172466,6.900730467219162,baseline,47
96.0,-8.682312334887683,-1.2953459538985044,1.3392889760434628,0.1827679625734554,0.15155451385842392,-0.04402540286236739,0.24147698629747089,8.879986688175585,5.979990766953533,91.53372859592135,38.89222851179989,6.879986688175585,baseline,47
96.10000000000001,-8.664011010434479,-1.280249266186729,1.3348586605861783,0.1832578103307023,0.15037844525444127,-0.04458012090202939,0.24121461196201652,8.859230926905758,5.9583476361854375,91.5000908811432,38.91791699918779,6.859230926905758,baseline,48
96.2,-8.645664764335379,-1.2652715544681996,1.330374252051115,0.18366637657047552,0.14917510932011094,-0.04510718541148406,0.2408759209612716,8.838457273435068,5.936694230657748,91.46664842234797,38.94377977914933,6.838457273435068,baseline,48
96.30000000000001,-8.627280267653987,-1.2504149351734668,1.325838329270482,0.1840228133050536,0.14795668431537481,-0.04561040911090805,0.24049092637679803,8.817672572857276,5.915037446728087,91.43339847914609,38.9698270752811,6.817672572857276,baseline,48
96.4,-8.608861761866137,-1.2356805801391602,1.3212530929595232,0.1843465512334503,0.14672987946792923,-0.04609342138346222,0.2400789702893062,8.796881098816165,5.893381584074823,91.40033916044563,38.996048441770455,6.796881098816165,baseline,48
96.5,-8.590411944547668,-1.2210690716747195,1.3166204579174519,0.18464904011046349,0.14549979752741043,-0.046558378897203996,0.23965212650792106,8.776085487564178,5.87172928682416,91.36746921800956,39.02244177914077,6.776085487564178,baseline,48
96.60000000000001,-8.571932603372261,-1.2065805718302727,1.311942140571773,0.18493704277592293,0.14426972722160472,-0.04700706895470618,0.23921774289339887,8.755287397526288,5.850082203956547,91.3347879444268,39.04900632192594,6.755287397526288,baseline,48
96.7,-8.553424983518198,-1.1922149814199656,1.3072197055444121,0.1852146146316393,0.14304164563163627,-0.0474407558530537,0.2387802152064997,8.734487899651537,5.828441384113761,91.30229494442271,39.075740324166084,6.734487899651537,baseline,48
96.80000000000001,-8.53489000769332,-1.1779720382764935,1.3024546075612307,0.18548416500617268,0.14181679544353662,-0.047860303494576775,0.23834216494045699,8.713687713657292,5.806807515750985,91.26998997072481,39.10264126932871,6.713687713657292,baseline,48
96.9,-8.516328407917172,-1.163851378718391,1.297648229636252,0.18574710509939238,0.14059599810952392,-0.048266345634601054,0.23790515307184235,8.692887351802035,5.785181074401803,91.23787284070826,39.12970616968415,6.692887351802035,baseline,48
97.0,-8.497740804683417,-1.149852568982169,1.29280190076679,0.18600424519851355,0.13937981488937531,-0.04865938107306549,0.23747009790051268,8.672087203701464,5.763562408832075,91.20594340187255,39.15693165907447,6.672087203701464,baseline,48
97.10000000000001,-8.479121338576078,-1.1359718199819326,1.2879148945212364,0.18638444011861627,0.1382346013735626,-0.04907999026766804,0.237185180776355,8.651280565651476,5.741944565577278,91.17420611447015,39.184296613622514,6.651280565651476,baseline,48
97.2,-8.460466641234234,-1.1222062488086522,1.2829868718981743,0.18670885263327516,0.13707634195408921,-0.0494796424165993,0.2368509113109405,8.630463369122515,5.720323252960458,91.14266389526757,39.21179630105113,6.6304633691225145,baseline,48
97.30000000000001,-8.44178138137795,-1.1085568580310792,1.2780197970569134,0.18699569206780617,0.13591105970004796,-0.049861092431160374,0.23648537700910072,8.609640282853666,5.698703142985152,91.11131384745461,39.239435675774445,6.6096402828536664,baseline,48
97.4,-8.423068666830659,-1.0950241722166538,1.2730153808370233,0.18725794373029153,0.13474228282695333,-0.050226419510950866,0.23610106625851085,8.588814345631812,5.677087269255851,91.080153830844,39.267202261668885,6.588814345631812,baseline,48
97.5,-8.404330573510379,-1.0816083756508306,1.2679751720279455,0.1875032819561389,0.1335733059555968,-0.05057694240705407,0.23570603707049437,8.567987517731256,5.655477580446796,91.04918235525447,39.2950929676288,6.567987517731256,baseline,48
97.60000000000001,-8.385568560333923,-1.068309378111735,1.2629005871713161,0.18773633486500074,0.13240632748038408,-0.050913956482109626,0.23530532920027236,8.547161101822047,5.633875357025246,91.01839849158027,39.32310654470902,6.547161101822047,baseline,48
97.7,-8.366783714154735,-1.055126913706772,1.2577929282560945,0.18795995227161266,0.13124266742347274,-0.05123841347065109,0.2349020145195962,8.52633599935191,5.612281469145673,90.98780163626667,39.35124111441551,6.526335999351909,baseline,48
97.80000000000001,-8.347976891323924,-1.042060608160682,1.2526534190401435,0.18817587269938021,0.13008316632776273,-0.051550969961526284,0.23449795677575513,8.505512863866082,5.590696533478442,90.95739134815582,39.379494365166174,6.505512863866082,baseline,48
97.9,-8.329148809192702,-1.0291100174654275,1.2474832255393267,0.18838514426190905,0.1289283899406373,-0.05185210996400527,0.23409428361022533,8.484692198997315,5.56912101292203,90.92716726493337,39.40786378084954,6.484692198997315,baseline,48
98.0,-8.310300101293251,-1.0162746490677819,1.2422834699973464,0.18858839572813507,0.1277787329398592,-0.05214221669193693,0.23369167369972008,8.463874417530137,5.547555276692752,90.89712906009844,39.43634670059646,6.463874417530137,baseline,48
98.10000000000001,-8.291427842574194,-1.003552007023245,1.2370540043339133,0.18885620521348745,0.12667376644860523,-0.052446358594124456,0.23337422711965894,8.44305601716899,5.525995643647247,90.86728079115348,39.46492958134003,6.44305601716899,baseline,49
98.2,-8.272530350834131,-0.9909399279858917,1.2317948313429952,0.18909307007908321,0.12556752507493227,-0.05273634691237287,0.23303329116467236,8.422234789702308,5.504439730605386,90.83762513079894,39.49361151799486,6.422234789702308,baseline,49
98.30000000000001,-8.253610293613747,-0.9784384875092655,1.2265072977170348,0.18930750866258503,0.12446102592325001,-0.05301359215956382,0.23267642932528249,8.401413268256679,5.4828900355886105,90.8081591805007,39.522393403421646,6.401413268256679,baseline,49
98.4,-8.234669591998681,-0.9660476724384353,1.2211926532909274,0.1895059628982039,0.12335505293184411,-0.05327853584550721,0.2323092366644824,8.380593230270943,5.461348307814756,90.77888063697117,39.551261772518735,6.380593230270943,baseline,49
98.5,-8.215709302574396,-0.9537672222359106,1.2158520203083754,0.1896992760447282,0.12225373834664498,-0.05353338773828661,0.23194312982789908,8.359775558823754,5.439815399299929,90.74978786132317,39.58021237658355,6.359775558823754,baseline,49
98.60000000000001,-8.196730310562998,-0.9415967816021293,1.2104864921420813,0.18988001706226576,0.12115488415826706,-0.05377647770704487,0.2315703702755293,8.338960956311292,5.418291978797943,90.72087976430691,39.609243389006025,6.338960956311292,baseline,49
98.7,-8.177733746590093,-0.929536051931791,1.2050972003489733,0.19005072628781233,0.12005954056055325,-0.05400864604269623,0.23119365408570655,8.318150381199436,5.396778973119777,90.69215554560174,39.6383534900271,6.318150381199436,baseline,49
98.80000000000001,-8.158720523118973,-0.9175846435828134,1.1996852057054639,0.19021320490142998,0.11896847531800105,-0.0542305235393694,0.23081488496567398,8.297344559875182,5.37527707254021,90.66361457133566,39.66754092725117,6.297344559875182,baseline,49
98.9,-8.139691399643198,-0.9057420999743044,1.1942515121772885,0.19036873271836544,0.11788225941734969,-0.0544426119535565,0.23043541281335497,8.276544055789774,5.3537868009073595,90.63525628996844,39.69680372274397,6.276544055789774,baseline,49
99.0,-8.120647025760263,-0.8940079148160294,1.188797079026699,0.19051822290151224,0.11680131961364458,-0.05464532552456103,0.23005619557561213,8.25574931570994,5.332308562835007,90.60708018956392,39.72613972917745,6.25574931570994,baseline,49
99.10000000000001,-8.101586508797482,-0.8823804735438898,1.1833221716806293,0.19069161992765496,0.11574734823892847,-0.05485215026682442,0.22971613117905168,8.234959054033714,5.310840947423202,90.57908993190038,39.75554098230649,6.234959054033714,baseline,49
99.2,-8.082509421743453,-0.8708581472747028,1.1778270564973354,0.19084964336307497,0.11469904144867979,-0.05504945854452899,0.22936847945414096,8.21417245011715,5.289382998970945,90.55128795074346,39.785009458987325,6.21417245011715,baseline,49
99.30000000000001,-8.06341712642461,-0.8594404603354633,1.1723126387223601,0.19099578709058326,0.11365458150538853,-0.05523820796884063,0.22901531434191316,8.193390664583713,5.2679358219268275,90.52367135287672,39.81454321597757,6.193390664583713,baseline,49
99.4,-8.044310663128272,-0.8481270575430244,1.166779801249504,0.19113300714512782,0.11261337583115442,-0.05541789809196998,0.22865857137960144,8.172614554428689,5.246500231248447,90.4962377049459,39.84412815843794,6.172614554428689,baseline,49
99.5,-8.025190842105076,-0.8369175722473301,1.161229451186955,0.19126294137678954,0.11157624992169939,-0.05558845917460731,0.2282999103900344,8.151844755222433,5.225076828202341,90.46898521004121,39.87376032567523,6.151844755222433,baseline,49
99.60000000000001,-8.006058338331059,-0.8258115639328025,1.1556624798104167,0.1913866766863557,0.11054384789674974,-0.055750322745745214,0.22794056419848166,8.131081762172052,5.203666072409011,90.4419126345515,39.903438048343766,6.131081762172052,baseline,49
99.7,-7.986913730856031,-0.8148085413849913,1.1500797374173999,0.1915050145313304,0.1095165466870136,-0.055903891257969594,0.22758139125745055,8.110325967904657,5.182268318075824,90.41501906043001,39.93315948730569,6.110325967904657,baseline,49
99.80000000000001,-7.9677575312089175,-0.803907981084194,1.144482035189867,0.1916185369636383,0.10849461329098753,-0.056049477740055406,0.22722299350237227,8.08957769275131,5.16088384482795,90.38830372463661,39.96292265663049,6.089577692751311,baseline,49
99.9,-7.948590199230239,-0.7931093358783983,1.138870163820684,0.1917276612314089,0.10747825535110161,-0.056187345843936226,0.22686579576385815,8.06883720395928,5.139512878533918,90.36176594063296,39.99272557557841,6.06883720395928,baseline,49
100.0,-7.929412160301581,-0.7824120400473475,1.1332448786124587,0.19183268709373277,0.10646763426689236,-0.05631772892323372,0.22651009596718105,8.048104731130865,5.11815560543459,90.33540505881007,40.02256620230797,6.048104731130865,baseline,49
100.10000000000001,-7.910223795101047,-0.7718150431173854,1.1276066927239299,0.19193419630773176,0.10547228053534691,-0.056445385775751644,0.22616193147608915,8.027380382343974,5.096812045998422,90.30922435631754,40.052440709173524,6.027380382343974,baseline,50
100.2,-7.891025566263124,-0.7613171066041104,1.1219560550525784,0.19202997834078223,0.10448643800229877,-0.05656673123461546,0.22581568455388287,8.006664325029211,5.075482264387959,90.28322603761566,40.08235335372849,6.006664325029211,baseline,50
100.30000000000001,-7.871817998588085,-0.7509174509905279,1.1162935569882393,0.19212097342586654,0.10350667052380266,-0.05668264163271748,0.22547066579821118,7.985956857288355,5.054166492602157,90.25740726410378,40.11230040615072,5.985956857288355,baseline,50
100.4,-7.852601521415636,-0.740615532384254,1.110619792714715,0.19220817758063252,0.10253170645533352,-0.05679204842940712,0.22512678899304447,7.965258209557154,5.0328649114022355,90.23176552678107,40.1422676697948,5.965258209557154,baseline,50
100.5,-7.833376500988379,-0.7304108536918648,1.1049354346469045,0.19229185094708806,0.10156187875406116,-0.05689455725473788,0.22478425612556677,7.944568568284005,5.011577668782146,90.20629894403403,40.172251066338,5.944568568284005,baseline,50
100.60000000000001,-7.814143284223974,-0.7203028882504441,1.0992411598563194,0.1923721077829867,0.10059744966365565,-0.056990342369786104,0.22444325308444052,7.923888101476877,4.9903048944311,90.18100619218494,40.202248842322334,5.923888101476877,baseline,50
100.7,-7.794902207795531,-0.7102910909452476,1.0935376361012459,0.19244905492225486,0.09963852235632885,-0.05707960399391634,0.22410389347337104,7.903216966814319,4.969046707142986,90.15588625504051,40.23225924129422,5.903216966814319,baseline,50
100.80000000000001,-7.775653597665951,-0.7003749084833544,1.08782550226897,0.19252277851416824,0.09868516623782325,-0.05716250159133621,0.22376624828240252,7.882555309461218,4.947803211600027,90.13093826644595,40.2622804587916,5.882555309461218,baseline,50
100.9,-7.7563977742102,-0.690553779975744,1.08210539072752,0.1925933421283322,0.0977374438162401,-0.05723918039056308,0.22343036303886032,7.861903270293605,4.926574508336608,90.10616143477667,40.29231077054161,5.861903270293605,baseline,50
101.0,-7.737135049654171,-0.6808271397312637,1.0763779152184725,0.1926607941375791,0.09679540902839305,-0.057309780298885074,0.22309626559985943,7.841260981956395,4.905360689004096,90.08155500517272,40.322348485506204,5.841260981956395,baseline,50
101.10000000000001,-7.717866979772225,-0.6711943964473903,1.0706438338384032,0.1927002556595099,0.09585954814876364,-0.057371294421787164,0.22274179429589994,7.820629824650763,4.884163078315841,90.05712187177389,40.352393474420836,5.820629824650763,baseline,50
101.2,-7.698594849789515,-0.6616546317527536,1.06490377523005,0.19274201285839745,0.09493583504576121,-0.05742932353042809,0.22239699525331993,7.80001086944273,4.86298267164172,90.03286401458955,40.382451999642655,5.80001086944273,baseline,50
101.30000000000001,-7.679318487877026,-0.6522068644553656,1.0591580588370562,0.1927849080078462,0.09401959747046884,-0.05748451523411607,0.22205894477774146,7.779403706319147,4.841818986561757,90.0087786962477,40.41251891892855,5.779403706319147,baseline,50
101.4,-7.660037811147049,-0.6428504328869167,1.0534070413559675,0.1928283142270905,0.09310912061781886,-0.05753532752957644,0.22172591419096851,7.758808049052619,4.820671682987902,89.98486338217796,40.44258016562628,5.758808049052619,baseline,50
101.5,-7.640752812149003,-0.633584761981183,1.047651194036007,0.1928713542891179,0.0922043883091839,-0.057581100098052763,0.22139690968324552,7.738223711637104,4.799540534097895,89.96111614615576,40.472631659059516,5.738223711637104,baseline,50
101.60000000000001,-7.621463562361896,-0.6244092778333652,1.0418910244479775,0.19291333904064262,0.09130538773462131,-0.05762178919053834,0.2210712572875504,7.717650593637918,4.778425400831151,89.93753559849145,40.50267171759468,5.717650593637918,baseline,50
101.7,-7.602170190308243,-0.6153234120138222,1.03612703923136,0.19295379938502605,0.09041202643855266,-0.05765742278461628,0.22074845780663205,7.6970886538489305,4.757326203169222,89.91412062602922,40.53269881592827,5.6970886538489305,baseline,50
101.80000000000001,-7.582872865488753,-0.6063266043347539,1.0303597413003445,0.19299240937300016,0.08952423410664516,-0.057688029702973966,0.22042814552363382,7.676537894245181,4.736242904333531,89.89087022710335,40.56271162812742,5.676537894245181,baseline,50
101.9,-7.563571784179658,-0.5974182992358692,1.0245896326377988,0.1930289388721185,0.08864197122618886,-0.05771365465810246,0.22011005483383822,7.655998346003569,4.715175497150816,89.86778343588273,40.59270910159048,5.655998346003569,baseline,50
102.0,-7.544267161749303,-0.5885979454324115,1.0188172087073326,0.193063226054677,0.08776521675278125,-0.05773435785374152,0.21979399128066687,7.635470061101304,4.69412399532421,89.844859302381,40.62269035837727,5.635470061101304,baseline,50
102.10000000000001,-7.524961575632915,-0.5798653103702236,1.0130434427410364,0.19304821861616184,0.08688766871582965,-0.0577404764966577,0.21943346215152842,7.614955515943818,4.67309084611092,89.82210018091904,40.65265915878866,5.614955515943818,baseline,51
102.2,-7.505657020490617,-0.5712197333923541,1.0072691170498729,0.19304261811363851,0.08602404408976057,-0.057745592188455264,0.21908934704115698,7.594456555094601,4.6520778415967685,89.79950773189603,40.682623953278636,5.594456555094601,baseline,51
102.30000000000001,-7.48635270842351,-0.5626601000549272,1.0014943107962608,0.19304336086534327,0.08516878538704731,-0.057750048937941466,0.21875678122249537,7.573972149253727,4.631083876062931,89.77707933964152,40.71257854702319,5.573972149253727,baseline,51
102.4,-7.467048108810559,-0.5541856745549012,0.9957191897556186,0.19304838212863612,0.0843198830662687,-0.05775190732470701,0.21843260590496716,7.5535015672217085,4.610108162847966,89.75481247502992,40.74250921573679,5.5535015672217085,baseline,51
102.5,-7.44774288777262,-0.545795834827004,0.9899440594017506,0.193055794622923,0.08347706010639559,-0.057750275948499234,0.21811477202065618,7.53304430203533,4.589150153328092,89.7327052239487,40.772411869537635,5.53304430203533,baseline,51
102.60000000000001,-7.428436875808984,-0.5374899847083725,0.9841692764312029,0.1930642074844095,0.08264009962772904,-0.05774491996121064,0.21780185963253557,7.512600020379872,4.568209475424454,89.71075620467884,40.80228475018435,5.512600020379872,baseline,51
102.7,-7.40913002146408,-0.5292675486998633,0.9783952264115214,0.19307265470487558,0.0818087687318564,-0.05773571859506205,0.21749284548669337,7.492168513329897,4.547285883177728,89.68896431803391,40.83212631777913,5.492168513329897,baseline,51
102.80000000000001,-7.38982235500589,-0.5211279737995937,0.9726222893223166,0.19308043939306044,0.08098289359209059,-0.05772258498091125,0.21718697462703346,7.471749655957957,4.526379214258624,89.66732860156861,40.861935136443535,5.471749655957957,baseline,51
102.9,-7.370513968169689,-0.5130707191419788,0.9668508637696505,0.19308707850053114,0.08016236300506371,-0.05770547868135264,0.21688371676147086,7.451343389657833,4.505489374261064,89.64584816200174,40.89170998428537,5.451343389657833,baseline,51
103.0,-7.3512049918062985,-0.5050952538731508,0.96108135022223,0.19309223014124524,0.07934710368280103,-0.05768439346041332,0.21658268964223473,7.430949697635425,4.484616311118513,89.62452214174571,40.921449768409566,5.430949697635425,baseline,51
103.10000000000001,-7.331898953183554,-0.4972016375977546,0.955314920283854,0.19302831838143356,0.07852547467803556,-0.05764378942869439,0.21621514361920754,7.410572064627733,4.463763502465112,89.60335269146545,40.95116057458173,5.410572064627733,baseline,51
103.2,-7.312598451273516,-0.489389416645281,0.9495524782687426,0.19298151154890977,0.07771918245296712,-0.05760463822840485,0.21587132617901109,7.390212988789872,4.44293341296462,89.58234137438951,40.980851986451114,5.390212988789872,baseline,51
103.30000000000001,-7.293302077567205,-0.4816573779680766,0.94379389192909,0.19294576019067566,0.0769218138735388,-0.05756666753400827,0.2155433901471444,7.369870822127064,4.422124316370653,89.56148579473037,41.010516630584604,5.369870822127064,baseline,51
103.4,-7.27400890365243,-0.4740047416999005,0.9380391603335738,0.1929175270673848,0.07613112903206118,-0.05752756845915113,0.21522672276070604,7.349544441112532,4.401335032688781,89.54078352577856,41.04014084706683,5.349544441112532,baseline,51
103.5,-7.254718316136859,-0.46643086266703904,0.9322884483262897,0.1928940348563285,0.07534666038732664,-0.057486253585414065,0.21491835023088218,7.329233066769168,4.380564741012445,89.52023271398414,41.069720408998954,5.329233066769168,baseline,51
103.60000000000001,-7.235429941327311,-0.4589351377217099,0.9265420008450747,0.1928732768974415,0.07456804280454644,-0.05744232181281239,0.2146162022870233,7.308936172646562,4.359812877619578,89.49983200489172,41.09925351036585,5.308936172646562,baseline,51
103.7,-7.216143577243201,-0.45151699893176556,0.9208000898361206,0.19285383190480546,0.07379493869282959,-0.05739551893038263,0.21431877904265262,7.288653410140646,4.339079057783536,89.47958030421363,41.12873862343453,5.288653410140646,baseline,51
103.80000000000001,-7.1968591411132365,-0.44417590682860464,0.9150630133226514,0.19283471413175904,0.07302711005071577,-0.05734566806324591,0.2140250252242867,7.2683845558406786,4.318363023751463,89.45947664210057,41.1581744886705,5.2683845558406786,baseline,51
103.9,-7.17757663608063,-0.4369113416178152,0.9093310786411166,0.19281522177715557,0.07226439597357258,-0.057292657064970345,0.21373418357381038,7.248129475790801,4.297664607824073,89.4395201115686,41.187560049583894,5.248129475790801,baseline,51
104.0,-7.158296124194749,-0.4297227980569005,0.9036046070978045,0.192794853813002,0.07150668670624312,-0.057236422994239755,0.21344570742382513,7.22788809894009,4.276983706495888,89.41970983833,41.21689444840506,5.22788809894009,baseline,51
104.10000000000001,-7.1390217915177345,-0.42261051409877837,0.8978848978877068,0.19269163152798177,0.07073931973910699,-0.05715739528335793,0.21307530136936362,7.207664606254007,4.256324509144049,89.40004765290162,41.24618591667909,5.207664606254007,baseline,52
104.2,-7.1197567423805594,-0.41557419078890234,0.892172952182591,0.19260919722795156,0.06998743498975118,-0.05708116788510477,0.21273176453075388,7.1874620385313674,4.23569003835811,89.38053493121043,41.27544527547937,5.1874620385313674,baseline,52
104.30000000000001,-7.100499205058441,-0.40861260157544166,0.8864685017615557,0.19254139087638636,0.0692446202561641,-0.05700749876763106,0.21240729636896943,7.167278397259114,4.215078219139774,89.36116945639789,41.304664663494925,5.167278397259114,baseline,52
104.4,-7.081248089089058,-0.4017249846365303,0.8807714534923434,0.1924807900085963,0.06850798075451116,-0.056933117433201744,0.21209332335096398,7.147112411022768,4.194487725725434,89.34194888443048,41.333830998183174,5.147112411022768,baseline,52
104.5,-7.062002614140511,-0.39491070236545056,0.8750818828120828,0.19242857285879508,0.06777791614982498,-0.056857963063388174,0.21179100437413043,7.126963146151109,4.173917584446662,89.32287142003008,41.362940198253774,5.126963146151109,baseline,52
104.60000000000001,-7.042762119090185,-0.3881691313581541,0.8693999061360955,0.19238120185045238,0.06705374909516977,-0.05678124730204446,0.21149667169560474,7.106829795163274,4.153366950183833,89.30393575059814,41.391990209406885,5.106829795163274,baseline,52
104.7,-7.023526233970188,-0.381499707698822,0.8637257041409612,0.1923363731900198,0.06633497034533907,-0.05670248451785177,0.21120790821629953,7.086711852349828,4.132835282758606,89.28514080253424,41.420979522841776,5.086711852349828,baseline,52
104.80000000000001,-7.004294784041122,-0.3749019099632278,0.8580594966188073,0.19229250215201646,0.06562122969146354,-0.0566213366137792,0.2109230379309808,7.066609014483358,4.112322246533062,89.26648561499414,41.449906983505194,5.066609014483358,baseline,52
104.9,-6.985067730420269,-0.3683752460638061,0.8524015359580517,0.1922484482164427,0.06491228793586228,-0.05653756969686449,0.21064085015477496,7.046521120309992,4.091827649895969,89.24796928395418,41.47877178131029,5.046521120309992,baseline,52
105.0,-6.965845138183795,-0.3619192457990721,0.8467520931735635,0.19220328644320198,0.06420796201284841,-0.05645100259967936,0.2103603608095402,7.026448116718176,4.071351410506052,89.22959093527679,41.5075733334622,5.026448116718176,baseline,52
105.10000000000001,-6.946631516795605,-0.3555342307081446,0.8411125028505921,0.19206901758795134,0.0634927094347518,-0.05634045743710236,0.20999066363243038,7.006394526558922,4.05089806845608,89.2113520907823,41.536321319876905,5.006394526558922,baseline,52
105.2,-6.927430134266615,-0.3492199758766219,0.8354837791994214,0.19195852550261133,0.06279272105971102,-0.05623374198205859,0.20965026846756982,6.986363574993916,4.0304708405349,89.19325395004708,41.56502725834798,4.986363574993916,baseline,52
105.30000000000001,-6.908238981268369,-0.34297528013121337,0.8298655590042472,0.19186443362043015,0.06210150474404801,-0.05613036587385984,0.2093303029976712,6.966353042382961,4.010067433785638,89.17529449520129,41.593683003381635,4.966353042382961,baseline,52
105.4,-6.889056708198041,-0.33679938421119004,0.8242576504126191,0.1917809284389814,0.06141671130035928,-0.05602751331319331,0.20902396797479814,6.946361409273001,3.989686275767676,89.15747150252548,41.622275783157335,4.946361409273001,baseline,52
105.5,-6.869882514467463,-0.33069168694783,0.818660082295537,0.19170285601241807,0.060737522620744125,-0.05592357470609262,0.2087258437887633,6.9263877371070075,3.9693263909562226,89.1397832601169,41.65080179231667,4.9263877371070075,baseline,52
105.60000000000001,-6.850716055138037,-0.3246516623767093,0.8130730073899031,0.19162624162724123,0.060063265505179556,-0.05581765001035796,0.20843181713933778,6.906431559449213,3.948987282143089,89.12222850009233,41.67925972538898,4.906431559449213,baseline,52
105.7,-6.831557303783484,-0.3186788388993591,0.8074966492131352,0.19154869817396328,0.0593934920379549,-0.0557092206135624,0.20813939543001767,6.8864927383777985,3.928668783828594,89.10480617838822,41.707648811504576,4.8864927383777985,baseline,52
105.80000000000001,-6.81240640359465,-0.3127727779792622,0.8019312722608447,0.19146922519811616,0.05872802162155387,-0.055598083125271286,0.20784751999663886,6.866571312075057,3.9083709089906318,89.0875153563356,41.735968657396924,4.866571312075057,baseline,52
105.9,-6.793263560743071,-0.30693305120803416,0.7963771438226104,0.19138755183752604,0.05806681795177233,-0.055484210816780975,0.20755589125670942,6.846667383395119,3.8880937352883014,89.07035514892306,41.76421900516959,4.846667383395119,baseline,52
106.0,-6.7741289949044585,-0.30115923029370606,0.7908345377072692,0.19130368892448138,0.05740989703335586,-0.055367647325832374,0.20726450261415488,6.82678107072631,3.8678373567408837,89.05332469966352,41.79239971648997,4.82678107072631,baseline,52
106.10000000000001,-6.755007049883716,-0.29545161640271544,0.785304700024426,0.19113512939139485,0.056742798209641974,-0.0552288414541992,0.20688791111251154,6.806916730318811,3.847606148528178,89.03642522505532,41.82052109366334,4.806916730318811,baseline,53
106.2,-6.7359011608641595,-0.2898100547026843,0.7797886421903968,0.1909825821474301,0.05608883640326076,-0.05509205714884722,0.20653193218885907,6.787077769056948,3.827403516490271,89.01965774670104,41.848595307024574,4.787077769056948,baseline,53
106.30000000000001,-6.716809920500964,-0.28423350653611124,0.774286137893796,0.19084216042659652,0.055442493636555915,-0.05495776495697406,0.20619155226632432,6.767262608892348,3.8072278228005594,89.00302045126226,41.87661535221809,4.767262608892348,baseline,53
106.4,-6.697732254513539,-0.27872129157185555,0.7687970390543342,0.19071109605589848,0.054802171337256005,-0.05482396963531515,0.2058632259260844,6.747470029484029,3.787077801115786,88.9865112060112,41.904569691991746,4.747470029484029,baseline,53
106.5,-6.678667347645387,-0.2732728223782033,0.7633213382214308,0.19058697730746854,0.05416757584985004,-0.05468979095526543,0.2055443879734434,6.7276990896843305,3.7669524758705215,88.97012829481366,41.932454978987835,4.7276990896843305,baseline,53
106.60000000000001,-6.659614600008354,-0.26788754272274673,0.7578590922057629,0.19046791633410423,0.05353836620693196,-0.0545548631995597,0.20523307946694547,6.7079490725429185,3.746851099227093,88.95387036346565,41.96026994511506,4.7079490725429185,baseline,53
106.7,-6.6405735780717805,-0.26256493176333606,0.7524103913456202,0.19035247402897573,0.05291420106148099,-0.054418905062606555,0.20492777818328997,6.688219433166185,3.726773097164774,88.93773626583949,41.98801355155188,4.688219433166185,baseline,53
106.80000000000001,-6.621543974848464,-0.2573044972959906,0.7469753501936793,0.19023954236386775,0.0522948313464088,-0.05428167845050139,0.20462730384718164,6.668509757732811,3.70671802810612,88.92172499744393,42.01568489736922,4.668509757732811,baseline,53
106.9,-6.602525582304224,-0.25210576853714883,0.7415541047230363,0.19012826279981743,0.05168008622132483,-0.05414300344486593,0.2043307427900921,6.648819735392367,3.686685554792771,88.9058356502527,42.043283306428116,4.648819735392367,baseline,53
107.0,-6.583518270752393,-0.24696828937157989,0.7361468067392707,0.19001792851928462,0.051069835659667086,-0.0540027419964872,0.20403734319041827,6.629149136831825,3.6666754224833933,88.89006737434599,42.070808277106764,4.629149136831825,baseline,53
107.10000000000001,-6.5645264075137675,-0.24189241346903145,0.7307546297088265,0.1898192853021979,0.05044813837534437,-0.053840542685721145,0.2036545599167081,6.609502343102721,3.6466920322941667,88.87442108281256,42.09827094326829,4.609502343102721,baseline,53
107.2,-6.545553444302641,-0.23687807307578623,0.7253785412758589,0.18963993938656593,0.04983909175542925,-0.05368103120687,0.20329509287973344,6.589882786656357,3.6267388210421094,88.858897627222,42.125684090162146,4.589882786656357,baseline,53
107.30000000000001,-6.526597669930197,-0.23192425910383463,0.720018238760531,0.1894755089774526,0.04923760261665403,-0.053524795464846425,0.2029537231569155,6.5702885987791255,3.606813864294327,88.84349543918134,42.153040519638154,4.5702885987791255,baseline,53
107.4,-6.5076577585423365,-0.22703029355034232,0.7146734986454248,0.18932268682083994,0.04864211607648679,-0.05336981432716125,0.20262643530096444,6.5507183168086165,3.5869156548374392,88.8282125996732,42.180328761530795,4.5507183168086165,baseline,53
107.5,-6.488732691388577,-0.22219559038057923,0.7093442399054766,0.18917863067548138,0.048052321372438936,-0.0532151320652069,0.202310232500108,6.531170804026373,3.5670430223134453,88.8130476332561,42.2075449809223,4.531170804026373,baseline,53
107.60000000000001,-6.46982170373667,-0.21741959895007312,0.7040304578840733,0.18904110047534117,0.047467884862163474,-0.05306029108455801,0.202002802584998,6.5116451873376935,3.5471950641821373,88.79799943852302,42.23468741289509,4.5116451873376935,baseline,53
107.7,-6.4509242319036275,-0.21270179888233542,0.6987321879714727,0.188908316575895,0.04688847416777765,-0.052904927732357464,0.2017022866992015,6.492140800345953,3.527371086247494,88.78306709309969,42.26175463562254,4.492140800345953,baseline,53
107.80000000000001,-6.432039854582399,-0.20804169960319996,0.6934494897723198,0.18877921673630674,0.046313875635006184,-0.052748825569663114,0.20140756278473518,6.4726571232049395,3.5075705419964476,88.76824975575552,42.288745513708385,4.4726571232049395,baseline,53
107.9,-6.413168314727955,-0.2034388380125165,0.6881824666634202,0.1886515729254058,0.045743720882333014,-0.05259148311129038,0.20111630481697806,6.4531938062687555,3.487793057636548,88.75354662017845,42.315659359004485,4.4531938062687555,baseline,53
108.0,-6.394309421419166,-0.19889276381582022,0.6829312266781926,0.1885262799365814,0.04517811625444029,-0.052433150238328445,0.2008294193063882,6.433750567804163,3.4680383273841406,88.7389569037249,42.34249557075501,4.433750567804163,baseline,53
108.10000000000001,-6.375467689475045,-0.19440385280176997,0.6776969246566296,0.18830833635783442,0.04460058605242452,-0.05225268347734288,0.20044845908277373,6.414331940211193,3.4483109056990817,88.72448126648614,42.36926589563047,4.414331940211193,baseline,54
108.2,-6.356646702857688,-0.18997208611108363,0.6724805170670152,0.18811138646317024,0.044035190031410314,-0.05207528421577441,0.20009204607967876,6.394941496549256,3.428614374224886,88.7101204069438,42.395983515028014,4.394941496549256,baseline,54
108.30000000000001,-6.337844600901008,-0.1855964905116707,0.6672816667705774,0.18793064173083224,0.043477161393104306,-0.05190153775834804,0.19975474784306302,6.3755772338878005,3.4089466789409273,88.6958729794064,42.422641252018025,4.3755772338878005,baseline,54
108.4,-6.319059970090166,-0.18127640476450324,0.6621001148596406,0.18776197287029311,0.042924963034540714,-0.051729322350743547,0.19943177705302761,6.356237613763146,3.3893062390519426,88.6817372183532,42.44922798887779,4.356237613763146,baseline,54
108.5,-6.300291710533202,-0.1770112570375204,0.6569357458502054,0.18760322319419503,0.042378399945684354,-0.051557893384018026,0.19912085401837024,6.336921428983253,3.3696918158650555,88.66771175864966,42.47573992002742,4.336921428983253,baseline,54
108.60000000000001,-6.281538969487883,-0.17280050250701606,0.6517885103821754,0.1874516028871192,0.041837081551589474,-0.051386668210901994,0.1988190999062261,6.317627727329919,3.3501024289117627,88.65379557818557,42.5021750981634,4.317627727329919,baseline,54
108.7,-6.262801124365069,-0.16864363313652575,0.6466584037989378,0.18730531422087696,0.04130069039492295,-0.05121528114177147,0.19852464024626623,6.298355792550121,3.3305373355299945,88.63998781312408,42.52853201386192,4.298355792550121,baseline,54
108.80000000000001,-6.244077714625746,-0.1645401695277542,0.6415454605594277,0.18716289178217513,0.04076896954649037,-0.05104342380816128,0.1982359403645273,6.2791050756965765,3.310995962529105,88.62628766853271,42.55480955395088,4.2791050756965765,baseline,54
108.9,-6.2253684104653075,-0.16048965300433338,0.6364497374743223,0.18702320831847705,0.0402417253175241,-0.050870863913965676,0.1979518166161168,6.259875161939887,3.2914778717591417,88.61269438276885,42.581006863555025,4.259875161939887,baseline,54
109.0,-6.2066729832440615,-0.1564916456118226,0.6313713165000081,0.18688535233609146,0.03971880492302054,-0.05069741959425522,0.19767130984493927,6.240665741359409,3.271982731603671,88.59920721132815,42.60712339200302,4.240665741359409,baseline,54
109.10000000000001,-6.187996106222272,-0.15254653384909034,0.6263113440945745,0.1866521920692358,0.03918391762392149,-0.05050189487705679,0.19729384580057852,6.221481508077712,3.252515260228504,88.58582656025055,42.63317154771395,4.221481508077712,baseline,54
109.2,-6.169341437984258,-0.14865433075465262,0.6212707571685314,0.18644119189139516,0.03866061709787277,-0.05030968694627476,0.19694168159357361,6.202326115433994,3.233079122800585,88.57255297987835,42.65916484858307,4.202326115433994,baseline,54
109.30000000000001,-6.15070702007506,-0.14481410174630582,0.6162491962313652,0.18624718617180966,0.0381444033750876,-0.050121374560502294,0.19660916065532727,6.1831974772540645,3.2136721864979725,88.5593853311926,42.68509613948216,4.1831974772540645,baseline,54
109.4,-6.132091354345903,-0.1410252086352557,0.6112463735044003,0.18606615428970247,0.03763388719668705,-0.049934950084935356,0.1962916770463723,6.164093981814089,3.1942927997541566,88.54632200122767,42.710954592839336,4.164093981814089,baseline,54
109.5,-6.11349332111422,-0.13728709938004613,0.6062621511518955,0.18589453685411703,0.037128727682723156,-0.04974937671594934,0.19598551409522574,6.145014412585513,3.174939716624296,88.53336173743483,42.7367364255764,4.145014412585513,baseline,54
109.60000000000001,-6.094912162050605,-0.13359925989061594,0.6012964816763997,0.18572867634476278,0.03662846769629477,-0.049563886930355947,0.19568690490219642,6.125957923805232,3.155612066133682,88.5205035920808,42.762439846815006,4.125957923805232,baseline,54
109.7,-6.076347479829565,-0.1299612254370004,0.5963493948802352,0.18556500185691516,0.036132625102229,-0.049377712802444476,0.19539215703946727,6.106924038869503,3.1363093497843644,88.5077467555327,42.78806374207576,4.106924038869503,baseline,54
109.80000000000001,-6.057799183763564,-0.12637257110327482,0.5914209885522723,0.18540095183123576,0.035640869420612696,-0.04919030030386404,0.19509861649168528,6.087912594907543,3.117031385894681,88.49509047798257,42.81360758714023,4.087912594907543,baseline,54
109.9,-6.0392673696624115,-0.12283289479091763,0.5865113968029618,0.18523537269804785,0.035153056624891495,-0.049001414127158686,0.19480508020870202,6.068923619629071,3.0977781849120753,88.48253403896254,42.839071225325895,4.068923619629071,baseline,54
110.0,-6.020752214593813,-0.11934180604293942,0.5816207733005285,0.18506777368300778,0.03466912916969276,-0.04881097326955619,0.19451102921143357,6.049957224653791,3.078549842470919,88.47007673343082,42.86445475048527,4.049957224653791,baseline,54
110.10000000000001,-6.002258118358441,-0.11589965363964438,0.5767501452937722,0.18481418102255753,0.03417443706460191,-0.048601434169364,0.19412952649980922,6.031017822823109,3.059350792089613,88.45771872645432,42.889770481814836,4.031017822823109,baseline,55
110.2,-5.98378868564032,-0.11250646598637104,0.5719004087150097,0.18457451522144133,0.03368982034194881,-0.04839321939892057,0.1937644429396037,6.0121090157094,3.0401846494797526,88.44546042762315,42.91503218872796,4.0121090157094,baseline,55
110.30000000000001,-5.965327132958919,-0.10921089071780443,0.567129373550415,0.18465557965700624,0.03222317980752764,-0.04702621607088113,0.19325496478310314,5.993220382082653,3.0210474591534346,88.42297585571893,42.95233150024286,3.9932203820826526,baseline,55
110.4,-5.9468640823615715,-0.10600715153850615,0.5624926127493382,0.18460559474152452,0.03185325595682589,-0.04570907621122724,0.19282939395488136,5.974347484843598,3.001939935356401,88.37994379382295,43.01311436396526,3.974347484843598,baseline,55
110.5,-5.9284086058614776,-0.10283440444618464,0.55797204002738,0.18450424816373082,0.03160303824571365,-0.044702657057919745,0.19245492242304843,5.95549631099227,2.9828651788295226,88.316502811336,43.09463536718367,3.9554963109922703,baseline,55
110.60000000000001,-5.909963252954185,-0.09968676790595055,0.5535471318289638,0.1844031323595402,0.03135094918968063,-0.04379582658378046,0.1921079687708467,5.936667207290671,2.9638215216836707,88.23351877281986,43.19094363793813,3.9366672072906708,baseline,55
110.7,-5.8915273561142385,-0.09656330104917288,0.5492098350077868,0.1843151517241151,0.031119569601572767,-0.04295050486414327,0.19179480867676138,5.917858607792283,2.944806677039393,88.13225314597037,43.29556925791487,3.917858607792283,baseline,55
110.80000000000001,-5.873100584489293,-0.0934621156193316,0.5449542161077261,0.18422063980162834,0.030905271842334613,-0.04216233820484095,0.19149423677873254,5.899069480879006,2.9258190705001477,88.01352591676518,43.40435725733753,3.899069480879006,baseline,55
110.9,-5.854681515484117,-0.0903816344216466,0.5407742280513048,0.18416110860181634,0.030705407423492717,-0.04143794430246364,0.19124654034650337,5.880297718085081,2.9068560611787966,87.87778261151593,43.51492423377626,3.880297718085081,baseline,55
111.0,-5.836273359833285,-0.08732120413333178,0.5366650940850377,0.18400236380453874,0.03050432058118859,-0.040745315886583096,0.190912451732398,5.861545968991483,2.887919837460969,87.72526030542207,43.62590849193095,3.861545968991483,baseline,55
111.10000000000001,-5.817880992894061,-0.08429793315008283,0.5326277269050479,0.18384491910027678,0.029962339722969036,-0.040002068224824015,0.1905173523407393,5.842819326701742,2.8690158115833087,87.55604155262469,43.73678813305825,3.8428193267017416,baseline,55
111.2,-5.799504346214235,-0.08132329396903515,0.5286662019789219,0.18368806349124642,0.029531742046982307,-0.03922873484883426,0.19013763987,5.824118138655378,2.8501449113561192,87.37016996417151,43.84747969103463,3.824118138655378,baseline,55
111.30000000000001,-5.781143647967838,-0.07839014893397689,0.5247783632948995,0.1835259821869146,0.02913237148158986,-0.03852842680546603,0.18977597550247818,5.8054422074869745,2.8313066482923066,87.16771308173968,43.9576840957858,3.8054422074869745,baseline,55
111.4,-5.7627984209684655,-0.07549636485055089,0.5209578322246671,0.18337864037955798,0.02874444471332324,-0.03788259370046477,0.18944408081227307,5.7867903370330005,2.812499222927487,86.94869536859495,44.067054118735825,3.7867903370330005,baseline,55
111.5,-5.74446769093629,-0.07264071190729737,0.5171996308490634,0.18323605059484616,0.028369670751979017,-0.03728194662128834,0.18913019854070184,5.768160987991555,2.7937206441893894,86.71310946734886,44.17544464312344,3.768160987991555,baseline,55
111.60000000000001,-5.726159046054818,-0.06982190953567624,0.5134994639083743,0.18293694124051516,0.028007528934265776,-0.03672196765534913,0.18867657262076798,5.749561219710667,2.774977467092645,86.46094299968615,44.28277021484741,3.7495612197106674,baseline,55
111.7,-5.70789544400759,-0.06703860452398658,0.5098529392853379,0.18233519969331896,0.027659992948401737,-0.03620919793220466,0.1879422950588869,5.731013400256278,2.756291336174659,86.19218266233786,44.388949704964055,3.731013400256278,baseline,55
111.80000000000001,-5.689696969464421,-0.06428910931572318,0.5062547065317631,0.1816344062037991,0.02733130489754164,-0.03575622120430818,0.18712713619146876,5.712536960212581,2.7376808990472687,85.9068146508678,44.49390787218695,3.7125369602125806,baseline,55
111.9,-5.67156955820974,-0.061571786645799875,0.5026993965730071,0.18091393883091908,0.027016472280217693,-0.0353507809227959,0.18630464500284694,5.6941372499999545,2.719150910225213,85.60482539508422,44.597596413527,3.6941372499999545,baseline,55
112.0,-5.653514171601273,-0.05888535128906369,0.49918234441429377,0.18019391457699827,0.026713453014960278,-0.03499115693075623,0.18549349445713142,5.675814742049622,2.7007013823190777,85.28620160797243,44.699986177400945,3.6758147420496217,baseline,55
112.10000000000001,-5.635532857268117,-0.056230179499834776,0.49570495542138815,0.17943245371229066,0.026391410171820447,-0.03455753090205163,0.18462593240960723,5.657571548046428,2.682334557368963,84.95084939622612,44.8014996379094,3.6575715480464277,baseline,56
112.2,-5.6176253942539915,-0.05360258650034666,0.4922643071040511,0.17871698186446905,0.026161536543864897,-0.034256569233492046,0.18384150275911576,5.639407101415491,2.664049565974988,84.59876280384283,44.90225932017346,3.6394071014154914,baseline,56
112.30000000000001,-5.5997889846912585,-0.05099864304065704,0.4888501763343811,0.1780113678803328,0.02591826363764463,-0.03402713521810287,0.18307826035815583,5.621317641760133,2.645841665976282,84.23002800133128,45.001779887236786,3.6213176417601334,baseline,56
112.4,-5.5820234306156635,-0.04841930465772748,0.48545736353844404,0.1772998599699399,0.025669358445541843,-0.03383032799641658,0.18231469332094752,5.60330249592323,2.627709701836471,83.84463576631767,45.099878769337046,3.60330249592323,baseline,56
112.5,-5.564328482723795,-0.04586475249379873,0.482082593254745,0.17659923315022516,0.025422443383051142,-0.033666244934520036,0.1815681850567525,5.585361104341583,2.6096528063229134,83.44256037715162,45.196546607113866,3.585361104341583,baseline,56
112.60000000000001,-5.5467038512579165,-0.043334849178791046,0.47872275579720736,0.1758935261005996,0.025176308372988367,-0.03353171464096768,0.18082244029477482,5.567492882764272,2.591670097077042,83.02378332759741,45.29178051846239,3.567492882764272,baseline,56
112.7,-5.529149319045246,-0.040829554200172424,0.4753749184310436,0.1751972435306779,0.024930204239093708,-0.033426293029266585,0.1800913831637399,5.549697339303109,2.573760797664875,82.58829067153357,45.38557506065149,3.5496973393031093,baseline,56
112.80000000000001,-5.511664546851534,-0.03834892110899091,0.4720363337546587,0.1744983112200881,0.0246829754535079,-0.03334668972507804,0.1793625145104791,5.5319738807368655,2.5559240473937574,82.13607073310617,45.47792560680255,3.5319738807368655,baseline,56
112.9,-5.494249492243398,-0.03589310171082616,0.4687045468017459,0.17380288368621438,0.024433843977496712,-0.03329039383443961,0.17864127583179792,5.514322238494944,2.538159332370508,81.66711315276864,45.56882909150058,3.5143222384949437,baseline,56
113.0,-5.476903756323736,-0.03346235118806362,0.4653773261234164,0.1731119239750254,0.024181568970472214,-0.03325540936129702,0.1779280999505028,5.496741811350599,2.520465830497896,81.18140814388649,45.65828402224258,3.4967418113505992,baseline,56
113.10000000000001,-5.459628299053293,-0.031058350577950478,0.46205721981823444,0.1723972611980447,0.02389899657060665,-0.03314799495955523,0.17717439791207817,5.479233765714904,2.5028449542531743,80.67888017665302,45.746670281343555,3.4792337657149037,baseline,56
113.2,-5.442423220432829,-0.02867900999262929,0.45874308329075575,0.17170441380615767,0.023688105866918982,-0.0331362537524836,0.1764696670615876,5.461798075028746,2.485296539608652,80.1595183598641,45.834138306978005,3.461798075028746,baseline,56
113.30000000000001,-5.4252869641641155,-0.02632191451266408,0.45542806945741177,0.17102078962459671,0.023453965682308266,-0.03316557862405929,0.1757787091644381,5.444432588724228,2.4678177461428765,79.62338967365488,45.92030859878698,3.4444325887242284,baseline,56
113.4,-5.408219238277525,-0.023988894186913967,0.4521093098446727,0.17033378863422233,0.023206525313299465,-0.03321109283982304,0.17508603329569175,5.427136779589,2.4504077609048087,79.07049172102332,46.005019607441255,3.4271367795890004,baseline,56
113.5,-5.39121960994089,-0.021680906880646944,0.4487850731238723,0.1696588233846017,0.022953234151476702,-0.033275165284118176,0.17440815329262957,5.409910071913688,2.433065828650723,78.50080593090725,46.088256039397756,3.4099100719136883,baseline,56
113.60000000000001,-5.374288219609298,-0.01939862547442317,0.4454537946730852,0.16896901468554412,0.022692364677979783,-0.03335192599536044,0.17371765110685225,5.392752475062268,2.415791783170569,77.91431711022018,46.17001995633198,3.3927524750622684,baseline,56
113.7,-5.3574240482994355,-0.017142804339528084,0.4421141780912876,0.16831442858751766,0.022423952151810974,-0.03344195143596137,0.1730634121260022,5.375662866615341,2.3985843670195255,77.31675602738443,46.250311476006694,3.3756628666153414,baseline,56
113.80000000000001,-5.340626626566518,-0.01491420017555356,0.4387649353593588,0.16763401564499622,0.022148005476485242,-0.033544413356373065,0.1723859768521688,5.358640673366618,2.3814428623966473,76.71678077476926,46.32914034795854,3.358640673366618,baseline,56
113.9,-5.323896699235775,-0.012713572476059198,0.43540495447814465,0.1669645354463313,0.02186437719994425,-0.03365669517999453,0.17172064586877644,5.341686547659156,2.3643677755434216,76.11731350144454,46.406533517375756,3.3416865476591564,baseline,56
114.0,-5.307233569503296,-0.01054168539121747,0.4320333143696189,0.16629805242559328,0.02157316593745553,-0.033777537189746645,0.1710595386048819,5.324799721409133,2.3473582291799877,75.51835155171815,46.48251523954209,3.324799721409133,baseline,56
114.10000000000001,-5.290637637954205,-0.008401243481785059,0.4286531200632453,0.16562052534196198,0.021235679879990366,-0.03382770099887114,0.1703685002263679,5.307980849095976,2.330415170445905,74.91958556501515,46.55729474193994,3.3079808490959763,baseline,57
114.2,-5.27410867420258,-0.0062919557094573975,0.4252660106867552,0.1649587355736016,0.02094997484056229,-0.033915943323001164,0.1697073277715215,5.291229826406236,2.3135386382413183,74.32100006170444,46.63102690682678,3.2912298264062363,baseline,57
114.30000000000001,-5.257645731559023,-0.004211851861327887,0.4218689473345876,0.16430009698604733,0.020651920218405697,-0.03402670144222485,0.16905277308985578,5.274545457857209,2.2967271056109326,73.72289321759871,46.7035684253357,3.274545457857209,baseline,57
114.4,-5.241248513164464,-0.0021620914340019226,0.4184605423361063,0.16364424200471295,0.020343081703338615,-0.03414279248056269,0.16840133370272498,5.257927336591892,2.2799799994503283,73.12527205179929,46.774806086321114,3.2579273365918917,baseline,57
114.5,-5.2249167482950725,-0.0001435931771993637,0.41504034493118525,0.16299101207829195,0.020026682625613256,-0.034262486278845136,0.16775296122960395,5.241375156879533,2.2632969414956396,72.52813292676018,46.84471571890509,3.241375156879533,baseline,57
114.60000000000001,-5.208650176296942,0.0018429062329232693,0.41160803008824587,0.16234038489602473,0.019703057743243744,-0.034385110869626416,0.16710759079748458,5.224888632858568,2.246677584343829,71.93147170441294,46.91328760143452,3.224888632858568,baseline,57
114.7,-5.192448536865413,0.0037966864183545113,0.40816336032003164,0.16169234568416546,0.019372302256958265,-0.03450960552007479,0.1664650522504162,5.208467485885966,2.230121595415548,71.33528480646697,46.98051579484273,3.208467485885966,baseline,57
114.80000000000001,-5.17631157260621,0.005717044230550528,0.40470619685947895,0.16104687763029749,0.01903462156653224,-0.03463492483849943,0.16582518394748613,5.192111447866674,2.2136286615941057,70.7395689050361,47.04639777722403,3.192111447866674,baseline,57
114.9,-5.16023903520545,0.007603299804031849,0.4012365071102977,0.16040379840687866,0.018690253308444055,-0.03476008283167788,0.16518767348247712,5.175820267867119,2.197198496729723,70.14432083825456,47.11093386601696,3.1758202678671186,baseline,57
115.0,-5.144230683130445,0.009454797953367233,0.3977543544024229,0.15976316375599078,0.01833945617782389,-0.03488416687651844,0.164552451348774,5.159593708899098,2.180830837577386,69.54953756093825,47.17412645523161,3.1595937088990977,baseline,57
115.10000000000001,-5.128286268067313,0.011269318871200085,0.3942626779899001,0.1591250241532167,0.017950888042609706,-0.03495043888158113,0.16390405995976806,5.143431743889614,2.164525928615197,68.95497368110615,47.2359491429452,3.1434317438896144,baseline,57
115.2,-5.112405501160538,0.013046432752162218,0.39076545741409063,0.1584902126466268,0.017591360880382108,-0.03499510399669019,0.1632582640668949,5.127334381568276,2.1482841649672193,68.3606176786119,47.29650915883967,3.127334381568276,baseline,57
115.30000000000001,-5.09658812879934,0.014787680935114622,0.3872635057196021,0.15785713396624215,0.017233565491163352,-0.03504510821308293,0.16261620501426366,5.111301424587287,2.132105410197158,67.76670389448981,47.35592151434211,3.111301424587287,baseline,57
115.4,-5.08083393794368,0.016492920462042093,0.38375648483633995,0.1572265770089101,0.016871167425781926,-0.03509646251606533,0.16197714187313308,5.095332625161933,2.115989350960329,67.17323573353696,47.41415035573191,3.095332625161933,baseline,57
115.5,-5.065142676467076,0.018161713611334562,0.3802443603053689,0.15659854345386465,0.016504620251284182,-0.03514714578440073,0.16134072070714495,5.079427719177958,2.099935688432133,66.5802142928101,47.47117482363653,3.079427719177958,baseline,57
115.60000000000001,-5.0495140946877655,0.019793665502220392,0.37672723550349474,0.1559729769265241,0.016134361356977496,-0.03519643583386196,0.16070680210596783,5.063586455430037,2.0839441507602667,65.98763867346983,47.526987970429374,3.0635864554300367,baseline,57
115.7,-5.033947945514228,0.02138841850683093,0.3732052817940712,0.15534988557328475,0.01576064010781786,-0.03524370637507149,0.1600753059134765,5.047808590363955,2.0680144805747287,65.39550717838975,47.581588497244084,3.047808590363955,baseline,57
115.80000000000001,-5.018443981418386,0.022945639211684465,0.3696787329390645,0.15472927004458234,0.015383703652430199,-0.03528834814761961,0.1594461440787537,5.032093884515738,2.0521464309523263,64.80381774333698,47.63497834619682,3.0320938845157377,baseline,57
115.9,-5.003001955628861,0.024465017020702362,0.36614787951111794,0.15411111663669216,0.015003811291936143,-0.03532979865685095,0.15881922206529597,5.016442103199688,2.036339765604294,64.21256811500488,47.687161665859904,3.0164421031996884,baseline,57
116.0,-4.987621622509323,0.025946271140128374,0.36261306051164865,0.15349541017219273,0.014621225846876224,-0.03536754763257681,0.15819445190883794,5.000853016232554,2.020594257862349,63.62175594694258,47.738144121619065,3.000853016232554,baseline,57
116.10000000000001,-4.972302562906407,0.027387504931539297,0.3590773744508624,0.15288561467722206,0.014203548664344905,-0.03534712130220664,0.15756005507185297,4.985326409910842,2.0049099819982144,63.03105163460192,47.78790896555497,2.985326409910842,baseline,58
116.2,-4.9570444905839395,0.0287885176949203,0.3555448753759265,0.15227568571624714,0.013816874648626364,-0.035303871673757696,0.15692403844078917,4.969862273623459,1.989287328487794,62.440445319066335,47.83656292493621,2.969862273623459,baseline,58
116.30000000000001,-4.941847335299826,0.030151093378663063,0.35201655048877,0.15166727550538633,0.013434792350578179,-0.035263606526020584,0.15629132429521456,4.954460598860378,1.9737263776574951,61.8502572593274,47.88421594478238,2.9544605988603783,baseline,58
116.4,-4.926710902291234,0.031475413125008345,0.34849227871745825,0.15106123722053386,0.013051757592813564,-0.035222822384463254,0.15566146916815163,4.939121165218807,1.9582268691254792,61.26049044364691,47.93083916391584,2.9391211652188067,baseline,58
116.5,-4.911634953983594,0.03276140009984374,0.34497218765318394,0.15045758120830555,0.012668160886202168,-0.03518001097465808,0.15503418724742496,4.923843726275656,1.9427885414739767,60.67114590205723,47.97641719723886,2.9238437262756563,baseline,58
116.60000000000001,-4.89661925281689,0.03400901798158884,0.3414564998820424,0.14985628725359837,0.012284334145132638,-0.03513471680626132,0.1544093909704926,4.908628042709369,1.9274111509409368,60.08222301409616,48.0209464139647,2.9086280427093687,baseline,58
116.7,-4.881663569205557,0.0352182500064373,0.3379454854875803,0.14925723286090142,0.011900477694981712,-0.03508654719509874,0.1537868938652966,4.893473886637558,1.9120944704617364,59.49372051773852,48.06442811028479,2.8934738866375582,baseline,58
116.80000000000001,-4.866767671468551,0.03638910548761487,0.3344394499436021,0.14866056735050584,0.011516796375781886,-0.03503511233972197,0.1531667717894206,4.878381030703546,1.8968382777445434,58.905636888865246,48.1068661924097,2.8783810307035456,baseline,58
116.9,-4.851931321863958,0.03752161096781492,0.3309387341141701,0.14806626891458152,0.011133508237680195,-0.03498010247473492,0.15254895137334318,4.863349243999576,1.8816423512260496,58.31797061024923,48.14826633406815,2.8633492439995756,baseline,58
117.0,-4.837154287961312,0.0386158199980855,0.327443715184927,0.14747425222561725,0.010750832480482852,-0.03492125541651398,0.15193330625111068,4.848378303485686,1.8665064816235883,57.73072023589955,48.18863540698873,2.8483783034856858,baseline,58
117.10000000000001,-4.822436071764969,0.03967021265998483,0.3239575419574976,0.14688988602622505,0.010337357349439401,-0.03480305577903441,0.15131011950734152,4.833467893864981,1.8514306496419906,57.14352636254839,48.22796738084933,2.833467893864981,baseline,58
117.2,-4.807776416386332,0.04068491654470563,0.3204842424020171,0.14630306323141395,0.009957103457439003,-0.034663899078229136,0.15068283286248274,4.818618005405995,1.836415253613641,56.556381197306116,48.26636861327535,2.8186180054059946,baseline,58
117.30000000000001,-4.79317533446374,0.041661946568638086,0.317024695686996,0.14571841686858708,0.009583897625144567,-0.03452793231626802,0.15005960888398104,4.803828698275877,1.8214604457952048,55.96963736930542,48.303937883942275,2.8038286982758773,baseline,58
117.4,-4.778632596365242,0.042601772118359804,0.31357874907553196,0.14513618562462674,0.009212979215235095,-0.034391961502977034,0.1494396144926395,4.7890997101651385,1.8065659289692033,55.38329833599565,48.34064750465149,2.7890997101651385,baseline,58
117.5,-4.764147962065181,0.043504636734724045,0.3101464509963989,0.1445563471294523,0.008844692072393863,-0.0342549107479065,0.14882259567556677,4.774430780620126,1.7917314270118199,54.79736651342037,48.376482896187895,2.7744307806201256,baseline,58
117.60000000000001,-4.7497211945683375,0.04437081469222903,0.3067279253154993,0.14397884162139277,0.008479242124152029,-0.034116540551357134,0.14820844348697038,4.759821657950693,1.7769566815447282,54.2118441860938,48.411439979965785,2.7598216579506927,baseline,58
117.7,-4.73535205853841,0.04520059423521161,0.303323314525187,0.14340372632089263,0.008116727021981027,-0.03397663978435368,0.14759716132535394,4.745272093901225,1.7622414403047217,53.6267352096247,48.44551898926611,2.7452720939012254,baseline,58
117.80000000000001,-4.721040313714184,0.045994273852556944,0.2999327778816223,0.14283101882418395,0.007757244832522782,-0.03383500379401959,0.14698871476234973,4.730781836883786,1.747585450243972,53.04205049838142,48.4787225881529,2.7307818368837857,baseline,58
117.9,-4.706785630281956,0.046752162743359804,0.2965565025806427,0.14226249619748235,0.007400904446627007,-0.0336914243010341,0.14638477817860399,4.716350548185828,1.732988376095183,52.4578768375622,48.51105496306797,2.7163505481858277,baseline,58
118.0,-4.692587725876365,0.047474579885602,0.29319469165056944,0.14169544238768153,0.007047805438898961,-0.03354573311753088,0.14578266757518862,4.7019779378462525,1.7184499331475187,51.87444504398696,48.5425209843804,2.7019779378462525,baseline,58
118.10000000000001,-4.678446396268555,0.04816038394346833,0.2898503774777055,0.14113098105688923,0.0066688190106632935,-0.03334140049621361,0.1451691287709819,4.687663954110168,1.7039703545110314,51.291989513381694,48.57312154592455,2.6876639541101683,baseline,59
118.2,-4.664361466508126,0.048810013104230165,0.2865273617208004,0.14056746254429328,0.006324355029176982,-0.0331198644154852,0.1445549529126432,4.673408631463736,1.689550069572073,50.710990071286936,48.602961866532404,2.6734086314637358,baseline,59
118.30000000000001,-4.650332799574244,0.049425624776631594,0.283226259984076,0.1400057373361252,0.005988414784564568,-0.032903092506429636,0.14394471541237885,4.65921185969528,1.6751890508476017,50.13202642252215,48.63213093862807,2.6592118596952803,baseline,59
118.4,-4.636360189979314,0.050007866229861975,0.27994674909859896,0.13944631503930702,0.005656968175074631,-0.03268808606394812,0.14333801672096466,4.645073388036056,1.6608870040929558,49.555372618929766,48.66060258581193,2.6450733880360557,baseline,59
118.5,-4.622443403699435,0.050557199865579605,0.27668869215995073,0.1388892778507508,0.005330264330038681,-0.03247399738684176,0.14273473202417045,4.630992947871099,1.6466436351060423,48.98140610424072,48.68836486406185,2.630992947871099,baseline,59
118.60000000000001,-4.608582187371212,0.051074104849249125,0.2734520100057125,0.138334915688594,0.005008401100393167,-0.03226059018072701,0.14213507188221228,4.616970255883997,1.632458642505307,48.410813716408285,48.71541649123359,2.616970255883997,baseline,59
118.7,-4.594776253012242,0.05155906919389963,0.2702366439625621,0.13778364040355076,0.00469140596720531,-0.03204766988044302,0.1415393726055403,4.603004996369383,1.6183316960771843,47.844226993414516,48.74176278573953,2.603004996369383,baseline,59
118.80000000000001,-4.581025355262682,0.05201257765293121,0.2670425530523062,0.1372341922968439,0.004379308974602502,-0.03183509473117953,0.14094635553644277,4.58909689796744,1.604262511984334,47.282258266415944,48.76741433237328,2.5890968979674396,baseline,59
118.9,-4.567329279816477,0.05243512522429228,0.26386970840394497,0.1366871973258758,0.004072171352943586,-0.03162271806218502,0.14035657729501347,4.575245721886351,1.5902508408237066,46.72552713224092,48.79238544970535,2.5752457218863514,baseline,59
119.0,-4.5536876810656395,0.05282720737159252,0.260718091391027,0.13614465800251516,0.0037700280657452295,-0.03141054000539704,0.13977196799669442,4.561451099563189,1.5762963069525937,46.17452043228965,48.81669318908278,2.5614510995631887,baseline,59
119.10000000000001,-4.540100127051119,0.053188566118478775,0.2575901597738266,0.13560629679946282,0.0034577838536336623,-0.031148989072814916,0.13918075844419298,4.547712708343353,1.5623988336276105,45.62964522352199,48.84031389196186,2.5477127083433526,baseline,59
119.2,-4.526566546323011,0.0535201677121222,0.2544894767925143,0.13506521636323338,0.0031749750647253445,-0.03086559145898817,0.13858346897816434,4.534030657201238,1.5485589179952521,45.09119752057482,48.863347065542,2.534030657201238,baseline,59
119.30000000000001,-4.513087006576825,0.053824009373784065,0.25141685642302036,0.1345254828167218,0.0029025728963080408,-0.030587770607743887,0.13798964514499795,4.520405046963299,1.534776775023104,44.559391128486645,48.88592194200742,2.5204050469632993,baseline,59
119.4,-4.499661337031284,0.05410090461373329,0.24837182369083166,0.13398782154935965,0.002636010207268803,-0.030313812930702514,0.13739946189033456,4.506835654720249,1.521052134698214,44.03434685420194,48.908032419075816,2.5068356547202493,baseline,59
119.5,-4.486289322027005,0.05435143690556288,0.2453540349379182,0.13345239252044283,0.0023753378551132367,-0.03004287255450863,0.13681285572153928,4.493322218813997,1.5073846987167914,43.51612864824843,48.92967611221663,2.493322218813997,baseline,59
119.60000000000001,-4.472970735427225,0.05457619996741414,0.24236320052295923,0.1329192605199697,0.0021205869315643316,-0.029774736264028823,0.13622981180968563,4.479864471449888,1.4937741696774767,43.00474970461397,48.95085579876545,2.479864471449888,baseline,59
119.7,-4.4597053458564915,0.05477578239515424,0.239399048499763,0.13238845748828387,0.0018717337077201366,-0.029509207620473443,0.13565028712681726,4.466462141630729,1.4802202496526022,42.500188536732914,48.97157608238173,2.4664621416307293,baseline,59
119.80000000000001,-4.446492918825243,0.05495077418163419,0.2364613302052021,0.13186001266181438,0.001628763247816588,-0.02924608679068907,0.13507423663104598,4.45311495758066,1.466722643336887,42.00240015741347,48.99184214006747,2.4531149575806603,baseline,59
119.9,-4.433333220775239,0.055101760663092136,0.2335498109459877,0.13133389012892158,0.001391628825008268,-0.02898519340037166,0.13450155673314412,4.4398226501348494,1.4532810602216626,41.511317743024115,49.01165929565623,2.4398226501348494,baseline,59
120.0,-4.420226022251882,0.05522932857275009,0.23066428024321795,0.13081001980665127,0.0011603417917572527,-0.02872632508425327,0.13393210753115325,4.426584956454288,1.4398952195198513,41.02686252510067,49.03103323883627,2.4265849564542883,baseline,59
120.10000000000001,-4.407171112077776,0.055333899799734354,0.22780627850443125,0.13028812749883364,0.0009318208437286555,-0.028434580571976457,0.13335812622236923,4.413401721135971,1.4265651333392706,40.54896513343708,49.049885884987745,2.413401721135971,baseline,60
120.2,-4.394168281869497,0.055416648741811514,0.22497876919806004,0.12976843812978053,0.0007239272592363346,-0.028116541685773266,0.13278144268566736,4.400272871190555,1.4132910704163502,40.07754052781142,49.06827669113471,2.4002728711905554,baseline,60
120.30000000000001,-4.381217333720997,0.0554791446775198,0.2221827581524849,0.12925049439601607,0.0005267863225030338,-0.027804573635124702,0.13220840412195903,4.38719824475846,1.4000730111268251,39.6124809858949,49.086348097271234,2.3871982447584603,baseline,60
120.4,-4.368318077293225,0.05552222765982151,0.2194176623597741,0.12873460657849248,0.00033561673506940455,-0.027498269383949017,0.13163915218742608,4.374177597300607,1.3869106636575999,39.15367879407044,49.10409803245935,2.3741775973006067,baseline,60
120.5,-4.355470307054929,0.05554648395627737,0.2166829500347376,0.12822078018006103,0.0001502649024163069,-0.02719686571440275,0.13107349295037377,4.36121067002648,1.3738037217969845,38.70102519166411,49.12152014081696,2.3612106700264803,baseline,60
120.60000000000001,-4.342673816077877,0.05555249471217394,0.2139781452715397,0.12770902314051782,-2.9325995489743435e-05,-0.026900106111281467,0.13051134494869604,4.348297206858218,1.3607518887378853,38.25442012003748,49.138611171113226,2.348297206858218,baseline,60
120.7,-4.329928396211471,0.05554082989692688,0.2113027973100543,0.12719936620075528,-0.00020325339081042612,-0.02660777043602713,0.1299526587699961,4.335436952863591,1.347754871995019,37.81376043308428,49.15536916696228,2.335436952863591,baseline,60
120.80000000000001,-4.317233838432003,0.055512051563709974,0.20865647122263908,0.1266917745607044,-0.0003715908549128873,-0.02631966290323041,0.12939732793393954,4.32262965410573,1.3348123823077922,37.37894270557858,49.17179268876514,2.3226296541057296,baseline,60
120.9,-4.304589938197751,0.05546671478077769,0.20603875070810318,0.12618623250511643,-0.0005344515592770906,-0.026035624126989048,0.12884527401494542,4.309875063070303,1.3219241393093397,36.94987302865375,49.18788059818079,2.3098750630703027,baseline,60
121.0,-4.2919964888715185,0.055405362509191036,0.20344923995435238,0.12568276027695394,-0.0006919287790686949,-0.02575547944415221,0.12829645247499138,4.297172932047094,1.3090898650165734,36.526453562586454,49.20363232321388,2.2971729320470944,baseline,60
121.10000000000001,-4.279453512048349,0.05532828439027071,0.2008889177814126,0.12517678065656468,-0.0008488752508389142,-0.025451819871272572,0.1277409180313532,4.284523303487087,1.2963097106146402,36.10860017698995,49.21898318857833,2.284523303487087,baseline,60
121.2,-4.266960808599833,0.055236280895769596,0.19835996348410845,0.12467730751095604,-0.000990405732156608,-0.025128150970416752,0.12718819081537341,4.271926060217751,1.2835838158720128,35.6962323313502,49.23397629709226,2.2719260602177513,baseline,60
121.30000000000001,-4.254517942434177,0.055130572989583015,0.19586303923279047,0.1241800404683612,-0.0011230069219944853,-0.024811214287911262,0.12663940914940866,4.259380780431589,1.2709118687402938,35.28924843086159,49.248718875652706,2.259380780431589,baseline,60
121.4,-4.242124703770969,0.0550118749961257,0.19339748285710812,0.12368475750821832,-0.001250194666425859,-0.024500766964007797,0.12609428935679579,4.246887200657675,1.2582935557667663,34.88755015259738,49.26320609875074,2.2468872006576754,baseline,60
121.5,-4.229780895053409,0.0548807205632329,0.19096267502754927,0.12319144820428513,-0.001372187216291003,-0.02419627465566686,0.12555268024075825,4.234445070714938,1.24572857660952,34.49105128690964,49.277429577710045,2.234445070714938,baseline,60
121.60000000000001,-4.21748631761875,0.05473761819303036,0.18855802901089191,0.12270013990849676,-0.001489105532590165,-0.023897505501392954,0.12501452930776077,4.2220541418190365,1.2332166357695562,34.099665645339655,49.29138274401987,2.2220541418190365,baseline,60
121.7,-4.205240772571415,0.054583074524998665,0.1861829860135913,0.12221079492567476,-0.001601065847272173,-0.02360423819796338,0.1244797247310534,4.2097141674468315,1.2207574436283726,33.71330443211289,49.30505975182892,2.2097141674468315,baseline,60
121.80000000000001,-4.193044064450078,0.054417578503489494,0.18383700400590897,0.12172341425430892,-0.0017081964070245704,-0.02331626857691968,0.1239481984259639,4.197424906214771,1.208350717553316,33.33188655252816,49.3184552918728,2.1974249062147706,baseline,60
121.9,-4.1808959969785064,0.054241602309048176,0.18151956051588058,0.12123798766775284,-0.001810627790372663,-0.023033412072934592,0.12341987724205153,4.185186117703946,1.195996178066967,32.95533644936218,49.33156464686697,2.185186117703946,baseline,60
122.0,-4.168796373764053,0.054055613465607166,0.17923015914857388,0.1207545263736672,-0.0019084778554710746,-0.022755499382984788,0.12289471379852972,4.172997563527192,1.1836935509748991,32.58357365776888,49.344383578871124,2.1729975635271916,baseline,60
122.10000000000001,-4.156745371525176,0.053859650157392025,0.17696945648640394,0.1202655679498649,-0.0020100580133206956,-0.02245936094214373,0.12236122777027851,4.160859422540028,1.171443086534334,32.21652779495538,49.356866469003265,2.160859422540028,baseline,61
122.2,-4.1447428171522915,0.05365412216633558,0.17473908979445696,0.1197855812282661,-0.002099796401648838,-0.022148820659567102,0.12183416955736014,4.148771569351963,1.1592448540965796,31.8541331611936,49.369048858429736,2.148771569351963,baseline,61
122.30000000000001,-4.132788143469952,0.05343998223543167,0.17253942508250475,0.11930795381962081,-0.002182278400024308,-0.021845300632920842,0.12131103553833293,4.136733436386122,1.1470983667041048,31.496311911011176,49.38100626675915,2.1367334363861223,baseline,61
122.4,-4.120881142094731,0.05321783013641834,0.17036977224051952,0.11883214182999384,-0.0022600568226484787,-0.02154858075129111,0.12079125432389667,4.124744765923062,1.1350033178107033,31.14298517706891,49.392730205300275,2.1247447659230616,baseline,61
122.5,-4.109021628974006,0.05298812594264746,0.16822947282344103,0.11835819383059054,-0.002333338040694236,-0.02125824534065903,0.12027476671445031,4.11280532537021,1.1229594251572599,30.794079531567505,49.40421015143687,2.1128053253702097,baseline,61
122.60000000000001,-4.097209417494014,0.05275131016969681,0.1661178981885314,0.11788611045352593,-0.0024022794729162337,-0.02097407739885771,0.11976150427938097,4.100914881782458,1.1109664093305198,30.449529684449455,49.415436861058566,2.100914881782458,baseline,61
122.7,-4.085444319760427,0.05250781308859587,0.16403444204479456,0.11741591666834526,-0.0024670376657246877,-0.02069585999541343,0.11925142507685876,4.089073202875565,1.099023994238738,30.109269304857968,49.42640184214661,2.089073202875565,baseline,61
122.80000000000001,-4.073726148810238,0.05225804168730974,0.16197852045297623,0.11694758639168076,-0.002527753156585384,-0.020423382990434058,0.11874444017146325,4.077280058998819,1.087131908577792,29.773228106582643,49.43709706205806,2.077280058998819,baseline,61
122.9,-4.062054718728177,0.05200239364057779,0.1599495681002736,0.1164810975010152,-0.002584572149443417,-0.020156460296978353,0.11824047099001404,4.065535223217438,1.0752898859622,29.441340122942098,49.447514427760495,2.065535223217438,baseline,61
123.0,-4.050429846276529,0.05174125265330076,0.15794703923165798,0.1160164351884334,-0.0026376377497714892,-0.019894918120672622,0.11773945020153294,4.053838472859505,1.0634976663710702,29.11354617923557,49.45764614744191,2.053838472859505,baseline,61
123.10000000000001,-4.03885181073565,0.05147441290318966,0.15597140975296497,0.11554436105650102,-0.0026984773339787157,-0.019618442624171943,0.11722911090200673,4.042190080256828,1.051755570706804,28.789793833653125,49.467462258075884,2.0421900802568276,baseline,61
123.2,-4.0273204748518765,0.051201945170760155,0.15402395371347666,0.11508244460166231,-0.0027501787748912127,-0.01933143384412254,0.11672718994843585,4.030589935067563,1.0400636401474121,28.470022602287,49.476993031447925,2.030589935067563,baseline,61
123.30000000000001,-4.015835199155845,0.05092460568994284,0.15210485272109509,0.11462316242416601,-0.0027959709242149117,-0.01905134957691056,0.11622925938948181,4.01903739077718,1.0284212918497833,28.15416572350438,49.48628806908454,2.0190373907771804,baseline,61
123.4,-4.004395755706355,0.05064288526773453,0.15021342411637306,0.11416580314240325,-0.0028377593825135777,-0.018778003987732206,0.11573459689836182,4.007532176156802,1.0168282100207222,27.842165543624663,49.495334501275096,2.0075321761568024,baseline,61
123.5,-3.993001956259832,0.05035717971622944,0.14834900945425034,0.11371029022896334,-0.0028757422766541585,-0.018511057830777423,0.11524304430034464,3.9960740604810963,1.005284118690275,27.533968478704022,49.504118585777114,1.9960740604810963,baseline,61
123.60000000000001,-3.9816536125727,0.05006785690784454,0.1465109782293439,0.11325668346309208,-0.0029100762334479374,-0.01825030046114196,0.11475460060348548,3.9846628147875065,0.9937887462202899,27.229516907171455,49.512627640812866,1.9846628147875065,baseline,61
123.7,-3.970350535470061,0.04977527633309364,0.14469872415065765,0.11280496644105285,-0.0029409070703757447,-0.017995531269248338,0.11426919328421875,3.973298210984454,0.9823418247188186,26.928750892378286,49.52084948315382,1.9732982109844541,baseline,61
123.80000000000001,-3.959092533797957,0.04947978165000677,0.14291165582835674,0.11235516626105614,-0.0029683876246026984,-0.017746560082728714,0.11378679670950125,3.961980020310358,0.9709430871841667,26.631616358732767,49.5287725342522,1.961980020310358,baseline,61
123.9,-3.9478794158203527,0.04918169975280762,0.14114920515567064,0.11190730755990858,-0.0029926645541166995,-0.017503203243973663,0.11330738568266982,3.950708014972089,0.9595922699993921,26.338064057468127,49.536386084152575,1.950708014972089,baseline,61
124.0,-3.936710988287814,0.04888134449720383,0.13941081799566746,0.11146135016383593,-0.0030138766824332865,-0.01726527905665309,0.11283087296438979,3.939481966873321,0.9482891107638053,26.048046354598952,49.54368013582931,1.9394819668733212,baseline,61
124.10000000000001,-3.9255875585367903,0.048578319139778614,0.13769686222076416,0.11100734171641946,-0.0030460245730403453,-0.017014548598584554,0.11234501788979823,3.9283021725288303,0.9370339414738329,25.761514884060873,49.55063906795735,1.9283021725288303,baseline,62
124.2,-3.9145090251695365,0.048272435553371906,0.13600836973637342,0.11056342961297982,-0.0030710238318147516,-0.016756000772733298,0.11186807729220949,3.9171685453662004,0.9258267990229795,25.47841745189897,49.557290892331196,1.9171685453662004,baseline,62
124.30000000000001,-3.903474740567617,0.04796429816633463,0.13434540200978518,0.11012237680264185,-0.0030911319646851976,-0.01650406234172223,0.11139513922638448,3.9060804281516255,0.9146670802994294,25.19870241740355,49.56366504170625,1.9060804281516255,baseline,62
124.4,-3.892484488664195,0.047654323279857635,0.1327073061838746,0.10968277844678462,-0.003107788670403324,-0.016258565474962745,0.11092479970470975,3.8950375682569742,0.9035544953947334,24.922323846567004,49.569745635555385,1.8950375682569742,baseline,62
124.5,-3.8815381550230086,0.04734284617006779,0.13109345082193613,0.10924400922514395,-0.003121180547752453,-0.01601921833562076,0.11045637453619096,3.88403981529944,0.8924888552207563,24.649237970358083,49.575517765230266,1.88403981529944,baseline,62
124.60000000000001,-3.8706356836482882,0.04703018628060818,0.1295032361522317,0.10880553164730987,-0.0031314628924042297,-0.015785821816118116,0.1099892810564306,3.8730870790787733,0.8814700336580998,24.37939695266544,49.58096798163788,1.8730870790787733,baseline,62
124.7,-3.8597770842025056,0.046716644428670406,0.12793606705963612,0.10836657346731994,-0.003138781146998117,-0.015558186066857037,0.1095227069873081,3.862179335796845,0.8704979704979932,24.11275061771506,49.5860839830827,1.8621793357968448,baseline,62
124.80000000000001,-3.848962455871515,0.04640251491218805,0.12639138661324978,0.10792611242395986,-0.0031432774360462424,-0.015336123506012002,0.10905559417187563,3.8513166531341825,0.8595727005202002,23.84925341950786,49.59085477527061,1.8513166531341825,baseline,62
124.9,-3.8381920171668753,0.046088071539998055,0.12486864253878593,0.10748278536069153,-0.0031450795950048347,-0.015119450281891204,0.10858654820638687,3.840499218704683,0.8486943771877073,23.588863780578393,49.59527094107899,1.8404992187046831,baseline,62
125.0,-3.827466130722314,0.0457735750824213,0.12336730398237705,0.10703506207424515,-0.003144302686903761,-0.014907992035640923,0.10811401102150968,3.8297273654522916,0.8378632999244352,23.33154250453729,49.59932469292494,1.8297273654522916,baseline,62
125.10000000000001,-3.8167859454406425,0.04545848723500967,0.12188767362385988,0.10656875848328486,-0.003156886399346583,-0.014685245988961877,0.10762212907280454,3.81900222994912,0.8270806246748236,23.077252463630014,49.603016998913745,1.81900222994912,baseline,62
125.2,-3.806152665638365,0.04514242988079786,0.12043061573058367,0.10609695975868455,-0.003163675504913655,-0.014456541662438859,0.10712406503477243,3.8083250237245796,0.8163476541870085,22.825950503831248,49.60637798201987,1.8083250237245796,baseline,62
125.30000000000001,-3.7955672381212935,0.044825910590589046,0.11899612378329039,0.10561170571174014,-0.00316612654357574,-0.014233931380078037,0.10661360862087874,3.797696683364198,0.805665358636988,22.57759007623767,49.609423840412596,1.7976966833641979,baseline,62
125.4,-3.785031273961067,0.04450931027531624,0.11758359614759684,0.10510770124613364,-0.003165282943744785,-0.014017264482399622,0.1060854918494041,3.787118789481989,0.7950352708409367,22.332130529490268,49.61214094707397,1.787118789481989,baseline,62
125.5,-3.7745468814391643,0.044192953035235405,0.11619244795292616,0.10458027618841743,-0.003161236114786519,-0.013806282816782022,0.10553502274901953,3.7765934202984295,0.784459414887987,22.089534404122762,49.614519000362726,1.7765934202984295,baseline,62
125.60000000000001,-3.7641165697714314,0.04387716017663479,0.11482212506234646,0.10402608466785866,-0.0031540411783455894,-0.013600787513129944,0.10495882853793916,3.766123056462288,0.7739402159005939,21.84976619353839,49.61655043573623,1.766123056462288,baseline,62
125.7,-3.7537431033561006,0.04356223903596401,0.11347208637744188,0.10344337421801668,-0.0031437429077986905,-0.013400587488232332,0.10435511743133989,3.755710434664814,0.7634803526702972,21.612789961477638,49.61823042285408,1.755710434664814,baseline,62
125.80000000000001,-3.743429353926331,0.04324849974364042,0.11214181128889322,0.10283174002128917,-0.003130377927060689,-0.013205497860356198,0.10372343609576433,3.7453584002611198,0.7530826135614546,21.378565594888283,49.61955625347793,1.7453584002611198,baseline,62
125.9,-3.733178195077926,0.042936249636113644,0.11083079967647791,0.10219157610037903,-0.0031139804136661995,-0.013015341716252274,0.10306412673615914,3.7350698017433386,0.742749791940373,21.14705236998384,49.62052723384554,1.7350698017433386,baseline,62
126.0,-3.722992434632033,0.0426257885992527,0.10953856445848942,0.10152376383628679,-0.0030945943800316303,-0.012829949903364968,0.10237801889266032,3.724847422819449,0.7324846179221032,20.91821367772295,49.621144704812394,1.7248474228194488,baseline,62
126.10000000000001,-3.712875359226018,0.0423162505030632,0.10826526768505573,0.10081786114812118,-0.003095417865456101,-0.012636478410084494,0.10165384067929828,3.7146945320431515,0.7222903232324099,20.692017515950788,49.621436939155714,1.7146945320431515,baseline,63
126.2,-3.7028300827369094,0.04200691729784012,0.10701158363372087,0.10008780617907308,-0.003090465070585182,-0.012437732823987314,0.10090499054998765,3.7046142419628647,0.712170053661789,20.46843248926451,49.621447681244106,1.7046142419628647,baseline,63
126.30000000000001,-3.6928589874878526,0.04169833194464445,0.10577750857919455,0.09933421801149575,-0.003080501978876517,-0.012244274954206205,0.10013340416440175,3.69460892838173,0.7021262057143856,20.247425967884432,49.62118759436036,1.6946089283817298,baseline,63
126.4,-3.6829643636010587,0.04139094892889261,0.10456252191215754,0.09855838829613131,-0.003066376967366995,-0.012055996088286775,0.09934035238974029,3.684680859341446,0.6921610026510189,20.028963750646763,49.62065029744272,1.6846808593414462,baseline,63
126.5,-3.6731483722105622,0.04108517896384001,0.10336611233651638,0.09776156888497121,-0.0030482376310626298,-0.011872699949147766,0.09852703744449486,3.674832174315333,0.6822765393297543,19.813008566683603,49.61983325394308,1.6748321743153332,baseline,63
126.60000000000001,-3.663413049187511,0.040781416930258274,0.1021877909079194,0.09694502330842562,-0.003026224960319984,-0.01169423327798535,0.09769468088765934,3.665064888584487,0.6724747894231808,19.599524873314778,49.61873660112795,1.665064888584487,baseline,63
126.7,-3.653760136337951,0.04048004187643528,0.10102708172053099,0.09611337079344269,-0.003000493207902744,-0.011520464804737268,0.0968478400073314,3.655380724209669,0.6627574374504603,19.388480596307318,49.617362593467014,1.6553807242096692,baseline,63
126.80000000000001,-3.64419128280133,0.0401814179494977,0.09988352283835411,0.09526383355503296,-0.0029711899337701484,-0.011351213923220797,0.09598372784360004,3.645781311341677,0.6531260776605505,19.179845720670137,49.615715338366165,1.6457813113416768,baseline,63
126.9,-3.6347082073334605,0.03988589532673359,0.09875666815787554,0.09439781373095502,-0.002938459274899008,-0.011186361000997872,0.09510371418897878,3.636268350467121,0.6435823743765168,18.973591442552475,49.61380055870921,1.636268350467121,baseline,63
127.0,-3.625312496209517,0.039593810215592384,0.09764608647674322,0.09351654547834849,-0.0029024434692279054,-0.011025769505764182,0.09420900195570658,3.62684341034797,0.6341278624436789,18.769689855256356,49.61162518399141,1.6268434103479699,baseline,63
127.10000000000001,-3.616006155265495,0.03930364549160004,0.09655168186873198,0.09261038092488372,-0.0029000248691600453,-0.010862738643922143,0.09329036332944562,3.617508468371368,0.6247644253201262,18.568113182635628,49.609246305214256,1.6175084683713679,baseline,63
127.2,-3.6067910292185843,0.03901401162147522,0.09547385200858116,0.09169225100169168,-0.0028918235570954028,-0.010694283583883338,0.09235907772717913,3.6082653558145927,0.6154938689055366,18.368829070804665,49.60672433582172,1.6082653558145927,baseline,63
127.30000000000001,-3.5976682854816318,0.03872547671198845,0.09441264998167753,0.09076274667106851,-0.0028780310268189976,-0.010530176386314672,0.09141686857793145,3.5991152389696386,0.6063174007841823,18.171803571154143,49.604060712540885,1.5991152389696386,baseline,63
127.4,-3.5886390132363886,0.038438559509813786,0.09336764365434647,0.08982281864349384,-0.0028594445324310455,-0.010370362316022135,0.09046468695939652,3.5900591926959917,0.5972360736280619,17.97700692939655,49.60124899750807,1.5900591926959917,baseline,63
127.5,-3.5797041978221387,0.03815372847020626,0.09233840927481651,0.08887361172803547,-0.002836314488004019,-0.010214712631132522,0.08950365297347972,3.5810981880882604,0.5882508357802742,17.78441158905092,49.598286775760386,1.5810981880882604,baseline,63
127.60000000000001,-3.570864708861336,0.03787142597138882,0.09132453799247742,0.0879163074047061,-0.0028088796592810614,-0.010063124855773932,0.08853492753982464,3.5722330810203298,0.5793625220602243,17.593991351980087,49.59517394331271,1.5722330810203298,baseline,63
127.7,-3.5621212981641293,0.037592070177197456,0.09032562654465437,0.08695203654744871,-0.0027773744139706767,-0.00991549653588348,0.08755962277178535,3.563464609812393,0.5705718503401808,17.4057209027261,49.591912097188846,1.5634646098123932,baseline,63
127.80000000000001,-3.553474608808756,0.03731605689972639,0.08934128563851118,0.08598187323754443,-0.0027420272739105828,-0.009771726352732586,0.08657879575808801,3.5547934045272767,0.5618794319229803,17.219575533449984,49.588503982857375,1.5547934045272767,baseline,63
127.9,-3.5449251802638173,0.03704375959932804,0.08837113156914711,0.08500683552515303,-0.002703061228276923,-0.009631714570079698,0.08559344923277551,3.5462199918629587,0.553285775260505,17.035529918109916,49.58495327715419,1.5462199918629587,baseline,63
128.0,-3.536473451182246,0.03677552845329046,0.08741479832679033,0.08402788791138698,-0.0026606927783457955,-0.009495363459134019,0.08460453392183194,3.5377447982261807,0.5447912905718318,16.853555097802094,49.5812642367499,1.5377447982261807,baseline,63
128.1,-3.528120253700763,0.03650946728885174,0.08647201210260391,0.08303615943874187,-0.002659674494021188,-0.009360659051790262,0.08360442321213736,3.529368622665012,0.5363966372450025,16.673621864935814,49.57750459092155,1.5293686226650118,baseline,64
128.20000000000002,-3.519866295857355,0.036243789829313755,0.08554296661168337,0.08204309700534065,-0.002653034480553476,-0.009220579093623784,0.0826022241649976,3.5210921533169928,0.5281024304113418,16.49570376225667,49.573737524842024,1.5210921533169928,baseline,64
128.3,-3.5117116949986666,0.035979061387479305,0.08462775405496359,0.08104903908007699,-0.0026406169115379616,-0.00908395635971066,0.08159925156900935,3.5129155097162696,0.5199088462539562,16.319775688448356,49.5699535806586,1.5129155097162696,baseline,64
128.4,-3.50365650979802,0.03571583144366741,0.08372603263705969,0.08005476897329267,-0.002623165895713683,-0.008950785131250258,0.08059630009590706,3.504838742054604,0.5118159327519783,16.14581419776546,49.56614162883758,1.5048387420546039,baseline,64
128.5,-3.495700726052746,0.035454579629004,0.08283746056258678,0.07906101053905658,-0.002600990331228572,-0.008820978677554447,0.07959408396978904,3.4968618271551457,0.5038236615109966,15.973796636237486,49.56229512429797,1.4968618271551457,baseline,64
128.6,-3.4878442597109824,0.03519576881080866,0.08196170255541801,0.07806844442670276,-0.002574383137258877,-0.008694466917160129,0.07859327718524131,3.4889846721971733,0.49593193541142644,15.803700897981978,49.5584094548596,1.4889846721971733,baseline,64
128.70000000000002,-3.480086957802996,0.03493982646614313,0.08109843637794256,0.07707771103501605,-0.0025436270190063804,-0.008571178568954172,0.07759451448955754,3.481207115603285,0.4881405892864955,15.635505281524582,49.55448163804043,1.481207115603285,baseline,64
128.8,-3.4724286084529012,0.034687153063714504,0.08024734072387218,0.07608941207736791,-0.0025089942739926303,-0.008451041781253868,0.07659839286652774,3.473528936842627,0.48044939834041156,15.46918743817962,49.550509878983895,1.473528936842627,baseline,64
128.9,-3.4648689373862,0.03443812299519777,0.07940810453146696,0.07510411299167084,-0.0024707469959633814,-0.008333984504568794,0.07560547385412061,3.4659498531635577,0.47285807630544635,15.304721783941547,49.54649312166019,1.4659498531635577,baseline,64
129.0,-3.4574076212011278,0.03419308736920357,0.07858042232692242,0.0741223438520229,-0.0024291379117313406,-0.008219934675317923,0.07461628438335845,3.4584695327755246,0.4653662879171523,15.142082043104335,49.5424308532177,1.4584695327755246,baseline,64
129.1,-3.4500447111204267,0.033950040116906166,0.07776394300162792,0.07313594275101523,-0.0024310226535019376,-0.008109891111226893,0.07362435960371794,3.451087994355567,0.4579738836031682,14.98124495996834,49.538390091858645,1.451087994355567,baseline,64
129.20000000000002,-3.4427801836282015,0.03370706643909216,0.0769587242975831,0.0721546964092403,-0.0024276193785136464,-0.007994710322682017,0.07263682910824348,3.443805192567732,0.45068071024536277,14.822188716849919,49.534430029246856,1.4438051925677322,baseline,64
129.3,-3.435613522073254,0.033464716747403145,0.07616489147767425,0.07117863543260772,-0.0024185714250573574,-0.007882179291550367,0.07165456287055506,3.436620614937497,0.44348632287124157,14.664892316127878,49.530533630518015,1.436620614937497,baseline,64
129.4,-3.4285441860556602,0.033223518170416355,0.07538217678666115,0.07020818021275771,-0.002404549137478487,-0.007772316960219756,0.07067799754005295,3.429533716188366,0.43639018565822923,14.509335761117294,49.526686725244545,1.429533716188366,baseline,64
129.5,-3.421571596991271,0.03298395499587059,0.07461031945422292,0.06924371121994917,-0.0023858785772490265,-0.007665071478026288,0.06970751237033453,3.4225439127049375,0.42939172377445894,14.355499514848967,49.52287888571751,1.4225439127049375,baseline,64
129.6,-3.4146951376460493,0.03274647891521454,0.07384905684739351,0.06828558118378801,-0.002362868955080845,-0.007560400496465138,0.06874346080154489,3.4156505819744156,0.42249032209728765,14.203364385210941,49.51910206598112,1.4156505819744156,baseline,64
129.70000000000002,-3.4079141574911773,0.03251150529831648,0.07309813611209393,0.0673341169311051,-0.0023358166007791774,-0.007458259174179998,0.06778617094948977,3.408853068160701,0.4156853321462783,14.052911457377775,49.51534983449288,1.4088530681607012,baseline,64
129.8,-3.4012279752641916,0.03227942530065775,0.07235730439424515,0.06638962095822053,-0.002305005251536066,-0.007358601084769422,0.06683594714007256,3.4021506845694964,0.40897607378860806,13.90412161237572,49.511616866935476,1.4021506845694964,baseline,64
129.9,-3.3946358812972903,0.032050601206719875,0.07162631629034877,0.0654523730047189,-0.0022707060201610147,-0.007261378674285781,0.06589307139624183,3.395542716093271,0.4023618384369053,13.756972802027898,49.507898679032046,1.3955427160932712,baseline,64
130.0,-3.388137136818841,0.03182536829262972,0.07090493198484182,0.06452263033339273,-0.0022331766772644697,-0.007166544868467741,0.06495780375415482,3.3890284184907205,0.39584188816327204,13.611441792942461,49.50419144495209,1.3890284184907205,baseline,64
130.1,-3.3817313499748707,0.03160179406404495,0.07019276916980743,0.06359317141838752,-0.00223757465895007,-0.00707686097751086,0.06402484012239165,3.382607370303957,0.3894156157441935,13.467507774115907,49.500557221048695,1.382607370303957,baseline,65
130.20000000000002,-3.375418084906414,0.03137802239507437,0.06948981434106827,0.06267220749153272,-0.002237120766348034,-0.006982401083860254,0.06309963728961403,3.3762791150169837,0.38308243637810063,13.32515138335362,49.49704885968631,1.3762791150169837,baseline,65
130.3,-3.369196498533711,0.031154559925198555,0.06879620580002666,0.06175960310821994,-0.002231354559874163,-0.006889920678391839,0.0621827831976927,3.3700428143079173,0.3768415835150956,13.184354262182026,49.493646210235404,1.3700428143079173,baseline,65
130.4,-3.3630657449830323,0.030931911431252956,0.06811174610629678,0.06085555262765366,-0.0022208668213352747,-0.006799454540573376,0.06127448993753074,3.363897620050396,0.3706922285164929,13.045098893035378,49.490333458449676,1.363897620050396,baseline,65
130.5,-3.357024960918352,0.03071053232997656,0.06743623176589608,0.05996022321123728,-0.0022059770940049805,-0.006710976216420493,0.060374927778491246,3.3578426661146046,0.364633521319043,12.907368155449122,49.487098734458165,1.3578426661146046,baseline,65
130.6,-3.351073266705498,0.030490847304463387,0.06676946766674519,0.059073764675221144,-0.0021869878883294344,-0.006624464273696529,0.059484250989993874,3.3518770700027325,0.35866459565604525,12.771145225347722,49.483932196757934,1.3518770700027325,baseline,65
130.70000000000002,-3.3452097659464926,0.0302732540294528,0.066111259162426,0.05819631095072585,-0.0021641883853955714,-0.006539894452015331,0.05860259839874471,3.345999932259617,0.352784567409638,12.63641352115121,49.48082548929695,1.345999932259617,baseline,65
130.8,-3.3394335557240993,0.030058116652071476,0.06546141067519784,0.057327980682761556,-0.0021378545301550004,-0.00645723982129038,0.05773009386156275,3.34021034663393,0.3469925437466368,12.503156672261115,49.47777157397691,1.34021034663393,baseline,65
130.9,-3.3337437179870903,0.02984577603638172,0.06481973314657807,0.05646887835231586,-0.002108249497985747,-0.006376471586288163,0.05686684735595199,3.3345073917103254,0.34128761689849507,12.371358484670438,49.4747641124091,1.3345073917103254,baseline,65
131.0,-3.3281393230427057,0.02963654976338148,0.06418604124337435,0.055619095099598836,-0.0020756242689262774,-0.006297559367996494,0.05601295573166458,3.3288901343474127,0.33566886703907867,12.241001481315852,49.471797393484,1.3288901343474127,baseline,65
131.1,-3.322619752958417,0.029428661800920963,0.06355995777994394,0.05477237439302507,-0.0020814580048570124,-0.006224195450222081,0.05516417381850522,3.3233579309363943,0.33013545608936223,12.112065903590535,49.468927365263944,1.3233579309363943,baseline,65
131.20000000000002,-3.3171843606978655,0.02922040782868862,0.0629414296709001,0.05393554595974506,-0.002082939319038457,-0.006146471452001749,0.05432458803794872,3.317910116121472,0.3246865788325803,11.98453232349814,49.46620041546806,1.317910116121472,baseline,65
131.3,-3.311832167673856,0.02901224885135889,0.06233060173690319,0.05310839489308011,-0.00207955986358457,-0.006070200074339401,0.05349461193697996,3.31254571611255,0.31932133547959723,11.85838339100622,49.46359561005628,1.3125457161125502,baseline,65
131.4,-3.3065622022841126,0.02880464680492878,0.061727326828986406,0.052290978425840025,-0.0020718327027382283,-0.005995424578732209,0.05267432041667997,3.3072637584760263,0.3140387785358591,11.733603025607303,49.461097219848675,1.3072637584760263,baseline,65
131.5,-3.301373489201069,0.028598020784556866,0.06113145453855395,0.05148333561248912,-0.002060056621200916,-0.005922136253288003,0.05186375783601929,3.302063266614744,0.30883795349668414,11.610175805310305,49.45869299874891,1.302063266614744,baseline,65
131.6,-3.2962650530971587,0.028392759151756763,0.06054283678531647,0.0506854947784752,-0.0020445145544586074,-0.0058503284928053,0.05106295882707894,3.2969432637107783,0.3037179045511235,11.488086739343506,49.456372704752845,1.2969432637107783,baseline,65
131.70000000000002,-3.291235907468945,0.02818922884762287,0.059961327351629734,0.049897474856308924,-0.002025476469933061,-0.005779991684802711,0.050271948995862716,3.2919027616279495,0.2986776643809388,11.36732114426944,49.45412732754616,1.2919027616279495,baseline,65
131.8,-3.2862850734964013,0.027987763285636902,0.05938677815720439,0.0491192853546848,-0.002003199441783318,-0.00571111318055087,0.0494907447460591,3.286940779600216,0.29371627060901095,11.247864575303499,49.45194914497686,1.286940779600216,baseline,65
131.9,-3.281411566771567,0.027788677252829075,0.05881904484704137,0.048350927382659684,-0.0019779282858952245,-0.005643678211108689,0.048719354293934536,3.282056331198843,0.2888327552979547,11.129702787847974,49.449831053619164,1.2820563311988429,baseline,65
132.0,-3.2766144045162946,0.027592256665229797,0.058257983066141605,0.04759239388626679,-0.0019498960657688994,-0.005577669817139421,0.04795777779549313,3.27724843139828,0.2840261502128264,11.012821715407338,49.447766778197895,1.27724843139828,baseline,65
132.1,-3.271892871009186,0.027396930381655693,0.057703245896846056,0.04683832338400664,-0.0019560454134020236,-0.005517157610304027,0.04720268720296557,3.272516343082507,0.2792955239293802,10.897207295300104,49.445805529334066,1.2725163430825068,baseline,66
132.20000000000002,-3.2672462386544794,0.02720118034631014,0.05715475603938103,0.046094382671888395,-0.0019583701990707205,-0.005452715231689004,0.04645707084112156,3.267859322913396,0.2746399869376646,10.782845584110378,49.4439878073132,1.267859322913396,baseline,66
132.3,-3.2626735060475767,0.027005414478480816,0.05661265831440687,0.04536032813904248,-0.001956346824788231,-0.005389324218374489,0.04572123661178933,3.263276373915848,0.27005861636301226,10.669722702989239,49.44229334757772,1.263276373915848,baseline,66
132.4,-3.2581736855208874,0.026810048148036003,0.05607684422284365,0.04463613729781173,-0.001950415052724064,-0.005327031773113322,0.0449951790668595,3.258766508383265,0.26555045289950296,10.557822801572268,49.440707226098546,1.2587665083832649,baseline,66
132.5,-3.2537457935977727,0.02661545667797327,0.05554720386862755,0.043921775228695385,-0.0019408431816649466,-0.005265843287412116,0.04427886987066673,3.254328742420931,0.2611145383933331,10.447129046989327,49.439217631432555,1.254328742420931,baseline,66
132.6,-3.2493888481985778,0.026421992108225822,0.055023628287017345,0.04321720085642603,-0.0019278877811035016,-0.005205762371165623,0.04357227516467602,3.2499620933380307,0.2567499151755425,10.337626220650021,49.43781446123288,1.2499620933380307,baseline,66
132.70000000000002,-3.245101872831583,0.026229980401694775,0.05450600478798151,0.04252236739968701,-0.0019117934874584178,-0.005146788996677498,0.042875355632215735,3.245665583741626,0.2524556287654729,10.229300268156996,49.43648900059766,1.245665583741626,baseline,66
132.8,-3.2408838972914964,0.02603972516953945,0.05399422440677881,0.04183722286065845,-0.0018927929430398623,-0.005088920335702392,0.042188066938421684,3.2414382423978885,0.2482307304314575,10.122137847864332,49.43523337437475,1.2414382423978885,baseline,66
132.9,-3.236733953934163,0.02585150394588709,0.05348817491903901,0.04116171026133916,-0.0018711076237353423,-0.005032151054548623,0.0415103599070621,3.237279100365415,0.24407427160136375,10.016126075059463,49.434040626057765,1.237279100365415,baseline,66
133.0,-3.2326510832645,0.02566557563841343,0.05298774782568216,0.0404957681748048,-0.0018469479454848784,-0.004976473744618768,0.040842180986227265,3.2331871967647703,0.23998531150183852,9.91125237835574,49.43290429122728,1.2331871967647703,baseline,66
133.1,-3.2286345562897623,0.025480574928224087,0.052492627408355474,0.039834821795859045,-0.00185251748935152,-0.0049259889397646715,0.040180968325699715,3.229161784999212,0.23596291225682425,9.807504172900057,49.431867420286906,1.2291617849992118,baseline,66
133.20000000000002,-3.2246836381964386,0.025295186787843704,0.052002730779349804,0.03918358317014843,-0.0018547844590475128,-0.004871990796034586,0.039528846552335795,3.225202117222262,0.23200618042700832,9.704869083628367,49.430964805319945,1.225202117222262,baseline,66
133.3,-3.220797371119261,0.025109760463237762,0.05151819670572877,0.038541808315655,-0.0018532274078539577,-0.0048187518882007365,0.038886061896596734,3.2213072393783047,0.2281142340046055,9.603335214278667,49.43017768423829,1.2213072393783047,baseline,66
133.4,-3.216974811628461,0.02492466475814581,0.05103894602507353,0.03790943106631804,-0.0018482210463899352,-0.004766319068442335,0.038252564388161416,3.2174762083932533,0.22428616053127845,9.502890865434132,49.42949225770803,1.2174762083932533,baseline,66
133.5,-3.2132150237448514,0.024740228429436684,0.0505648972466588,0.03728637704099342,-0.0018400055480644695,-0.004714702256843098,0.037628286575802396,3.213708088261274,0.22052105134617736,9.403524423526102,49.42889761054416,1.2137080882612739,baseline,66
133.6,-3.2095170794054866,0.024556762538850307,0.0500959693454206,0.03667256844243838,-0.0018288084806533627,-0.004663910873362278,0.03701315821784064,3.2100019507356334,0.21681800500339396,9.305224369830285,49.428384287992245,1.2100019507356334,baseline,66
133.70000000000002,-3.2058800575323403,0.024374554865062237,0.04963207896798849,0.03606792434055962,-0.0018148464816554724,-0.004613951124804017,0.03640710616034171,3.2063568743156328,0.21317612501655603,9.207979287891996,49.427944043195545,1.2063568743156328,baseline,66
133.8,-3.202303046826273,0.024193874560296535,0.04917314322665334,0.0354723610285447,-0.0017983254989995428,-0.004564826553167449,0.03581005463553877,3.2027719471254676,0.20959452363127626,9.11177786317428,49.427569413324484,1.2027719471254676,baseline,66
133.9,-3.198785142041743,0.024014961905777454,0.048719077836722136,0.0348857920041047,-0.001779441405994155,-0.0045165380456126366,0.035221925151650756,3.1992462630887935,0.20607231652299246,9.016608630735641,49.42725384485534,1.1992462630887935,baseline,66
