Using cuda device
Wrapping the env in a DummyVecEnv.
Logging to D:\py\DRL2\logs\sac_final_clean_s20260821\tensorboard\SAC_1
---------------------------------------
| baseline/                |          |
|    completion_rate       | 0        |
|    distance_failure_rate | 0        |
|    episodes              | 2        |
|    timeout_rate          | 1        |
| rollout/                 |          |
|    ep_len_mean           | 2e+03    |
|    ep_rew_mean           | -56.6    |
| time/                    |          |
|    episodes              | 4        |
|    fps                   | 265      |
|    time_elapsed          | 30       |
|    total_timesteps       | 8000     |
---------------------------------------
---------------------------------------
| baseline/                |          |
|    completion_rate       | 0        |
|    distance_failure_rate | 0.143    |
|    episodes              | 7        |
|    timeout_rate          | 0.857    |
| rollout/                 |          |
|    ep_len_mean           | 1.99e+03 |
|    ep_rew_mean           | -56.6    |
| time/                    |          |
|    episodes              | 8        |
|    fps                   | 268      |
|    time_elapsed          | 59       |
|    total_timesteps       | 15915    |
---------------------------------------
---------------------------------------
| baseline/                |          |
|    completion_rate       | 0        |
|    distance_failure_rate | 0.1      |
|    episodes              | 10       |
|    timeout_rate          | 0.9      |
| rollout/                 |          |
|    ep_len_mean           | 1.99e+03 |
|    ep_rew_mean           | -53.4    |
| time/                    |          |
|    episodes              | 12       |
|    fps                   | 146      |
|    time_elapsed          | 163      |
|    total_timesteps       | 23915    |
| train/                   |          |
|    actor_loss            | -0.119   |
|    critic_loss           | 0.000278 |
|    ent_coef              | 0.00469  |
|    ent_coef_loss         | -43.3    |
|    learning_rate         | 0.0002   |
|    n_updates             | 3912     |
---------------------------------------
---------------------------------------
| baseline/                |          |
|    completion_rate       | 0        |
|    distance_failure_rate | 0.0667   |
|    episodes              | 15       |
|    timeout_rate          | 0.933    |
| rollout/                 |          |
|    ep_len_mean           | 1.99e+03 |
|    ep_rew_mean           | -43.1    |
| time/                    |          |
|    episodes              | 16       |
|    fps                   | 91       |
|    time_elapsed          | 347      |
|    total_timesteps       | 31915    |
| train/                   |          |
|    actor_loss            | -1.25    |
|    critic_loss           | 0.000708 |
|    ent_coef              | 0.0016   |
|    ent_coef_loss         | 1.36     |
|    learning_rate         | 0.0002   |
|    n_updates             | 11912    |
---------------------------------------
---------------------------------------
| baseline/                |          |
|    completion_rate       | 0.0556   |
|    distance_failure_rate | 0.0556   |
|    episodes              | 18       |
|    timeout_rate          | 0.889    |
| rollout/                 |          |
|    ep_len_mean           | 1.93e+03 |
|    ep_rew_mean           | -35.4    |
| time/                    |          |
|    episodes              | 20       |
|    fps                   | 77       |
|    time_elapsed          | 498      |
|    total_timesteps       | 38697    |
| train/                   |          |
|    actor_loss            | -3.13    |
|    critic_loss           | 0.0167   |
|    ent_coef              | 0.00256  |
|    ent_coef_loss         | 2.31     |
|    learning_rate         | 0.0002   |
|    n_updates             | 18696    |
---------------------------------------
---------------------------------------
| baseline/                |          |
|    completion_rate       | 0.05     |
|    distance_failure_rate | 0.05     |
|    episodes              | 20       |
|    timeout_rate          | 0.9      |
| rollout/                 |          |
|    ep_len_mean           | 1.79e+03 |
|    ep_rew_mean           | -31.7    |
| time/                    |          |
|    episodes              | 24       |
|    fps                   | 72       |
|    time_elapsed          | 592      |
|    total_timesteps       | 42978    |
| train/                   |          |
|    actor_loss            | -3.89    |
|    critic_loss           | 0.002    |
|    ent_coef              | 0.0029   |
|    ent_coef_loss         | -0.953   |
|    learning_rate         | 0.0002   |
|    n_updates             | 22976    |
---------------------------------------
---------------------------------------
| baseline/                |          |
|    completion_rate       | 0.259    |
|    distance_failure_rate | 0.037    |
|    episodes              | 27       |
|    timeout_rate          | 0.704    |
| rollout/                 |          |
|    ep_len_mean           | 1.63e+03 |
|    ep_rew_mean           | -27.3    |
| time/                    |          |
|    episodes              | 28       |
|    fps                   | 70       |
|    time_elapsed          | 648      |
|    total_timesteps       | 45536    |
| train/                   |          |
|    actor_loss            | -4.66    |
|    critic_loss           | 0.0043   |
|    ent_coef              | 0.00308  |
|    ent_coef_loss         | 2.85     |
|    learning_rate         | 0.0002   |
|    n_updates             | 25532    |
---------------------------------------
---------------------------------------
| baseline/                |          |
|    completion_rate       | 0.323    |
|    distance_failure_rate | 0.0323   |
|    episodes              | 31       |
|    timeout_rate          | 0.645    |
| rollout/                 |          |
|    ep_len_mean           | 1.58e+03 |
|    ep_rew_mean           | -25.8    |
| time/                    |          |
|    episodes              | 32       |
|    fps                   | 66       |
|    time_elapsed          | 757      |
|    total_timesteps       | 50426    |
| train/                   |          |
|    actor_loss            | -5.79    |
|    critic_loss           | 0.0043   |
|    ent_coef              | 0.00363  |
|    ent_coef_loss         | 0.209    |
|    learning_rate         | 0.0002   |
|    n_updates             | 30424    |
---------------------------------------
---------------------------------------
| baseline/                |          |
|    completion_rate       | 0.324    |
|    distance_failure_rate | 0.0294   |
|    episodes              | 34       |
|    timeout_rate          | 0.647    |
| rollout/                 |          |
|    ep_len_mean           | 1.58e+03 |
|    ep_rew_mean           | -24.7    |
| time/                    |          |
|    episodes              | 36       |
|    fps                   | 62       |
|    time_elapsed          | 910      |
|    total_timesteps       | 57050    |
| train/                   |          |
|    actor_loss            | -7.41    |
|    critic_loss           | 0.00601  |
|    ent_coef              | 0.00438  |
|    ent_coef_loss         | 0.548    |
|    learning_rate         | 0.0002   |
|    n_updates             | 37048    |
---------------------------------------
---------------------------------------
| baseline/                |          |
|    completion_rate       | 0.297    |
|    distance_failure_rate | 0.027    |
|    episodes              | 37       |
|    timeout_rate          | 0.676    |
| rollout/                 |          |
|    ep_len_mean           | 1.6e+03  |
|    ep_rew_mean           | -23.8    |
| time/                    |          |
|    episodes              | 40       |
|    fps                   | 59       |
|    time_elapsed          | 1067     |
|    total_timesteps       | 63812    |
| train/                   |          |
|    actor_loss            | -8.55    |
|    critic_loss           | 0.00688  |
|    ent_coef              | 0.00453  |
|    ent_coef_loss         | -0.959   |
|    learning_rate         | 0.0002   |
|    n_updates             | 43808    |
---------------------------------------
---------------------------------------
| baseline/                |          |
|    completion_rate       | 0.3      |
|    distance_failure_rate | 0.025    |
|    episodes              | 40       |
|    timeout_rate          | 0.675    |
| rollout/                 |          |
|    ep_len_mean           | 1.59e+03 |
|    ep_rew_mean           | -23.6    |
| time/                    |          |
|    episodes              | 44       |
|    fps                   | 57       |
|    time_elapsed          | 1211     |
|    total_timesteps       | 69992    |
| train/                   |          |
|    actor_loss            | -9.24    |
|    critic_loss           | 0.00703  |
|    ent_coef              | 0.00436  |
|    ent_coef_loss         | 0.829    |
|    learning_rate         | 0.0002   |
|    n_updates             | 49988    |
---------------------------------------
---------------------------------------
| baseline/                |          |
|    completion_rate       | 0.319    |
|    distance_failure_rate | 0.0426   |
|    episodes              | 47       |
|    timeout_rate          | 0.638    |
| rollout/                 |          |
|    ep_len_mean           | 1.58e+03 |
|    ep_rew_mean           | -23.4    |
| time/                    |          |
|    episodes              | 48       |
|    fps                   | 56       |
|    time_elapsed          | 1350     |
|    total_timesteps       | 76003    |
| train/                   |          |
|    actor_loss            | -9.62    |
|    critic_loss           | 0.0106   |
|    ent_coef              | 0.00426  |
|    ent_coef_loss         | -0.653   |
|    learning_rate         | 0.0002   |
|    n_updates             | 56000    |
---------------------------------------
---------------------------------------
| baseline/                |          |
|    completion_rate       | 0.306    |
|    distance_failure_rate | 0.0408   |
|    episodes              | 49       |
|    timeout_rate          | 0.653    |
| rollout/                 |          |
|    ep_len_mean           | 1.61e+03 |
|    ep_rew_mean           | -23.8    |
| time/                    |          |
|    episodes              | 52       |
|    fps                   | 54       |
|    time_elapsed          | 1523     |
|    total_timesteps       | 83563    |
| train/                   |          |
|    actor_loss            | -10.3    |
|    critic_loss           | 0.0205   |
|    ent_coef              | 0.00443  |
|    ent_coef_loss         | 1.2      |
|    learning_rate         | 0.0002   |
|    n_updates             | 63560    |
---------------------------------------
---------------------------------------
| baseline/                |          |
|    completion_rate       | 0.273    |
|    distance_failure_rate | 0.0909   |
|    episodes              | 55       |
|    timeout_rate          | 0.636    |
| rollout/                 |          |
|    ep_len_mean           | 1.63e+03 |
|    ep_rew_mean           | -26.1    |
| time/                    |          |
|    episodes              | 56       |
|    fps                   | 53       |
|    time_elapsed          | 1699     |
|    total_timesteps       | 91218    |
| train/                   |          |
|    actor_loss            | -10.3    |
|    critic_loss           | 0.0144   |
|    ent_coef              | 0.00428  |
|    ent_coef_loss         | -0.342   |
|    learning_rate         | 0.0002   |
|    n_updates             | 71216    |
---------------------------------------
---------------------------------------
| baseline/                |          |
|    completion_rate       | 0.259    |
|    distance_failure_rate | 0.103    |
|    episodes              | 58       |
|    timeout_rate          | 0.638    |
| rollout/                 |          |
|    ep_len_mean           | 1.65e+03 |
|    ep_rew_mean           | -28.2    |
| time/                    |          |
|    episodes              | 60       |
|    fps                   | 52       |
|    time_elapsed          | 1878     |
|    total_timesteps       | 98908    |
| train/                   |          |
|    actor_loss            | -10      |
|    critic_loss           | 0.008    |
|    ent_coef              | 0.00382  |
|    ent_coef_loss         | 0.648    |
|    learning_rate         | 0.0002   |
|    n_updates             | 78904    |
---------------------------------------
---------------------------------------
| baseline/                |          |
|    completion_rate       | 0.238    |
|    distance_failure_rate | 0.127    |
|    episodes              | 63       |
|    timeout_rate          | 0.635    |
| rollout/                 |          |
|    ep_len_mean           | 1.67e+03 |
|    ep_rew_mean           | -29.6    |
| time/                    |          |
|    episodes              | 64       |
|    fps                   | 51       |
|    time_elapsed          | 2060     |
|    total_timesteps       | 106839   |
| train/                   |          |
|    actor_loss            | -10.1    |
|    critic_loss           | 0.0103   |
|    ent_coef              | 0.00347  |
|    ent_coef_loss         | 0.65     |
|    learning_rate         | 0.0002   |
|    n_updates             | 86836    |
---------------------------------------
---------------------------------------
| baseline/                |          |
|    completion_rate       | 0.231    |
|    distance_failure_rate | 0.123    |
|    episodes              | 65       |
|    timeout_rate          | 0.646    |
| rollout/                 |          |
|    ep_len_mean           | 1.69e+03 |
|    ep_rew_mean           | -28.5    |
| time/                    |          |
|    episodes              | 68       |
|    fps                   | 51       |
|    time_elapsed          | 2245     |
|    total_timesteps       | 114839   |
| train/                   |          |
|    actor_loss            | -10.1    |
|    critic_loss           | 0.00467  |
|    ent_coef              | 0.00303  |
|    ent_coef_loss         | 1.48     |
|    learning_rate         | 0.0002   |
|    n_updates             | 94836    |
---------------------------------------
---------------------------------------
| baseline/                |          |
|    completion_rate       | 0.214    |
|    distance_failure_rate | 0.114    |
|    episodes              | 70       |
|    timeout_rate          | 0.671    |
| rollout/                 |          |
|    ep_len_mean           | 1.68e+03 |
|    ep_rew_mean           | -27.4    |
| time/                    |          |
|    episodes              | 72       |
|    fps                   | 50       |
|    time_elapsed          | 2379     |
|    total_timesteps       | 120637   |
| train/                   |          |
|    actor_loss            | -9.85    |
|    critic_loss           | 0.00476  |
|    ent_coef              | 0.00283  |
|    ent_coef_loss         | 1.31     |
|    learning_rate         | 0.0002   |
|    n_updates             | 100636   |
---------------------------------------
---------------------------------------
| baseline/                |          |
|    completion_rate       | 0.257    |
|    distance_failure_rate | 0.108    |
|    episodes              | 74       |
|    timeout_rate          | 0.635    |
| rollout/                 |          |
|    ep_len_mean           | 1.66e+03 |
|    ep_rew_mean           | -26.5    |
| time/                    |          |
|    episodes              | 76       |
|    fps                   | 50       |
|    time_elapsed          | 2503     |
|    total_timesteps       | 125989   |
| train/                   |          |
|    actor_loss            | -9.56    |
|    critic_loss           | 0.00681  |
|    ent_coef              | 0.00283  |
|    ent_coef_loss         | -1.95    |
|    learning_rate         | 0.0002   |
|    n_updates             | 105988   |
---------------------------------------
---------------------------------
| rollout/           |          |
|    ep_len_mean     | 1.62e+03 |
|    ep_rew_mean     | -25.9    |
| time/              |          |
|    episodes        | 80       |
|    fps             | 50       |
|    time_elapsed    | 2583     |
|    total_timesteps | 129462   |
| train/             |          |
|    actor_loss      | -9.58    |
|    critic_loss     | 0.00567  |
|    ent_coef        | 0.00281  |
|    ent_coef_loss   | 0.677    |
|    learning_rate   | 0.0002   |
|    n_updates       | 109460   |
---------------------------------
---------------------------------------
| baseline/                |          |
|    completion_rate       | 0.287    |
|    distance_failure_rate | 0.113    |
|    episodes              | 80       |
|    timeout_rate          | 0.6      |
| rollout/                 |          |
|    ep_len_mean           | 1.59e+03 |
|    ep_rew_mean           | -25      |
| time/                    |          |
|    episodes              | 84       |
|    fps                   | 49       |
|    time_elapsed          | 2674     |
|    total_timesteps       | 133414   |
| train/                   |          |
|    actor_loss            | -9.39    |
|    critic_loss           | 0.0049   |
|    ent_coef              | 0.00279  |
|    ent_coef_loss         | 0.383    |
|    learning_rate         | 0.0002   |
|    n_updates             | 113412   |
---------------------------------------
---------------------------------------
| baseline/                |          |
|    completion_rate       | 0.329    |
|    distance_failure_rate | 0.106    |
|    episodes              | 85       |
|    timeout_rate          | 0.565    |
| rollout/                 |          |
|    ep_len_mean           | 1.55e+03 |
|    ep_rew_mean           | -23.9    |
| time/                    |          |
|    episodes              | 88       |
|    fps                   | 49       |
|    time_elapsed          | 2744     |
|    total_timesteps       | 136360   |
| train/                   |          |
|    actor_loss            | -9.51    |
|    critic_loss           | 0.00716  |
|    ent_coef              | 0.00279  |
|    ent_coef_loss         | -0.267   |
|    learning_rate         | 0.0002   |
|    n_updates             | 116356   |
---------------------------------------
---------------------------------
| rollout/           |          |
|    ep_len_mean     | 1.52e+03 |
|    ep_rew_mean     | -23      |
| time/              |          |
|    episodes        | 92       |
|    fps             | 49       |
|    time_elapsed    | 2821     |
|    total_timesteps | 139695   |
| train/             |          |
|    actor_loss      | -9.66    |
|    critic_loss     | 0.00951  |
|    ent_coef        | 0.00278  |
|    ent_coef_loss   | 2.69     |
|    learning_rate   | 0.0002   |
|    n_updates       | 119692   |
---------------------------------
---------------------------------------
| baseline/                |          |
|    completion_rate       | 0.38     |
|    distance_failure_rate | 0.0978   |
|    episodes              | 92       |
|    timeout_rate          | 0.522    |
| rollout/                 |          |
|    ep_len_mean           | 1.49e+03 |
|    ep_rew_mean           | -22.1    |
| time/                    |          |
|    episodes              | 96       |
|    fps                   | 49       |
|    time_elapsed          | 2904     |
|    total_timesteps       | 143286   |
| train/                   |          |
|    actor_loss            | -9.57    |
|    critic_loss           | 0.171    |
|    ent_coef              | 0.00278  |
|    ent_coef_loss         | -0.537   |
|    learning_rate         | 0.0002   |
|    n_updates             | 123284   |
---------------------------------------
---------------------------------------
| baseline/                |          |
|    completion_rate       | 0.412    |
|    distance_failure_rate | 0.0928   |
|    episodes              | 97       |
|    timeout_rate          | 0.495    |
| rollout/                 |          |
|    ep_len_mean           | 1.47e+03 |
|    ep_rew_mean           | -21.5    |
| time/                    |          |
|    episodes              | 100      |
|    fps                   | 49       |
|    time_elapsed          | 2980     |
|    total_timesteps       | 146600   |
| train/                   |          |
|    actor_loss            | -9.5     |
|    critic_loss           | 0.0747   |
|    ent_coef              | 0.00272  |
|    ent_coef_loss         | 1.87     |
|    learning_rate         | 0.0002   |
|    n_updates             | 126596   |
---------------------------------------
---------------------------------------
| baseline/                |          |
|    completion_rate       | 0.431    |
|    distance_failure_rate | 0.0882   |
|    episodes              | 102      |
|    timeout_rate          | 0.48     |
| rollout/                 |          |
|    ep_len_mean           | 1.43e+03 |
|    ep_rew_mean           | -19.4    |
| time/                    |          |
|    episodes              | 104      |
|    fps                   | 48       |
|    time_elapsed          | 3091     |
|    total_timesteps       | 151395   |
| train/                   |          |
|    actor_loss            | -9.72    |
|    critic_loss           | 0.00534  |
|    ent_coef              | 0.00257  |
|    ent_coef_loss         | -0.225   |
|    learning_rate         | 0.0002   |
|    n_updates             | 131392   |
---------------------------------------
---------------------------------------
| baseline/                |          |
|    completion_rate       | 0.449    |
|    distance_failure_rate | 0.0935   |
|    episodes              | 107      |
|    timeout_rate          | 0.458    |
| rollout/                 |          |
|    ep_len_mean           | 1.39e+03 |
|    ep_rew_mean           | -17.8    |
| time/                    |          |
|    episodes              | 108      |
|    fps                   | 48       |
|    time_elapsed          | 3183     |
|    total_timesteps       | 155134   |
| train/                   |          |
|    actor_loss            | -9.11    |
|    critic_loss           | 0.0117   |
|    ent_coef              | 0.00248  |
|    ent_coef_loss         | 1.14     |
|    learning_rate         | 0.0002   |
|    n_updates             | 135132   |
---------------------------------------
---------------------------------
| rollout/           |          |
|    ep_len_mean     | 1.35e+03 |
|    ep_rew_mean     | -16.3    |
| time/              |          |
|    episodes        | 112      |
|    fps             | 48       |
|    time_elapsed    | 3263     |
|    total_timesteps | 158593   |
| train/             |          |
|    actor_loss      | -9.3     |
|    critic_loss     | 0.00495  |
|    ent_coef        | 0.00251  |
|    ent_coef_loss   | 0.778    |
|    learning_rate   | 0.0002   |
|    n_updates       | 138592   |
---------------------------------
---------------------------------------
| baseline/                |          |
|    completion_rate       | 0.464    |
|    distance_failure_rate | 0.0893   |
|    episodes              | 112      |
|    timeout_rate          | 0.446    |
| rollout/                 |          |
|    ep_len_mean           | 1.31e+03 |
|    ep_rew_mean           | -16.1    |
| time/                    |          |
|    episodes              | 116      |
|    fps                   | 48       |
|    time_elapsed          | 3365     |
|    total_timesteps       | 163024   |
| train/                   |          |
|    actor_loss            | -9.03    |
|    critic_loss           | 0.00467  |
|    ent_coef              | 0.00248  |
|    ent_coef_loss         | 1.81     |
|    learning_rate         | 0.0002   |
|    n_updates             | 143020   |
---------------------------------------
---------------------------------------
| baseline/                |          |
|    completion_rate       | 0.487    |
|    distance_failure_rate | 0.0855   |
|    episodes              | 117      |
|    timeout_rate          | 0.427    |
| rollout/                 |          |
|    ep_len_mean           | 1.29e+03 |
|    ep_rew_mean           | -16.6    |
| time/                    |          |
|    episodes              | 120      |
|    fps                   | 48       |
|    time_elapsed          | 3463     |
|    total_timesteps       | 167233   |
| train/                   |          |
|    actor_loss            | -8.8     |
|    critic_loss           | 0.00491  |
|    ent_coef              | 0.00268  |
|    ent_coef_loss         | 1.65     |
|    learning_rate         | 0.0002   |
|    n_updates             | 147232   |
---------------------------------------
---------------------------------------
| baseline/                |          |
|    completion_rate       | 0.5      |
|    distance_failure_rate | 0.0902   |
|    episodes              | 122      |
|    timeout_rate          | 0.41     |
| rollout/                 |          |
|    ep_len_mean           | 1.3e+03  |
|    ep_rew_mean           | -16.5    |
| time/                    |          |
|    episodes              | 124      |
|    fps                   | 48       |
|    time_elapsed          | 3593     |
|    total_timesteps       | 172915   |
| train/                   |          |
|    actor_loss            | -8.54    |
|    critic_loss           | 0.125    |
|    ent_coef              | 0.00272  |
|    ent_coef_loss         | -1.01    |
|    learning_rate         | 0.0002   |
|    n_updates             | 152912   |
---------------------------------------
---------------------------------------
| baseline/                |          |
|    completion_rate       | 0.496    |
|    distance_failure_rate | 0.088    |
|    episodes              | 125      |
|    timeout_rate          | 0.416    |
| rollout/                 |          |
|    ep_len_mean           | 1.34e+03 |
|    ep_rew_mean           | -17.4    |
| time/                    |          |
|    episodes              | 128      |
|    fps                   | 47       |
|    time_elapsed          | 3748     |
|    total_timesteps       | 179544   |
| train/                   |          |
|    actor_loss            | -8.58    |
|    critic_loss           | 0.00657  |
|    ent_coef              | 0.00287  |
|    ent_coef_loss         | -0.433   |
|    learning_rate         | 0.0002   |
|    n_updates             | 159540   |
---------------------------------------
---------------------------------------
| baseline/                |          |
|    completion_rate       | 0.492    |
|    distance_failure_rate | 0.0938   |
|    episodes              | 128      |
|    timeout_rate          | 0.414    |
| rollout/                 |          |
|    ep_len_mean           | 1.33e+03 |
|    ep_rew_mean           | -17.1    |
| time/                    |          |
|    episodes              | 132      |
|    fps                   | 47       |
|    time_elapsed          | 3831     |
|    total_timesteps       | 183153   |
| train/                   |          |
|    actor_loss            | -8.42    |
|    critic_loss           | 0.00651  |
|    ent_coef              | 0.00301  |
|    ent_coef_loss         | 0.202    |
|    learning_rate         | 0.0002   |
|    n_updates             | 163152   |
---------------------------------------
---------------------------------------
| baseline/                |          |
|    completion_rate       | 0.5      |
|    distance_failure_rate | 0.0909   |
|    episodes              | 132      |
|    timeout_rate          | 0.409    |
| rollout/                 |          |
|    ep_len_mean           | 1.32e+03 |
|    ep_rew_mean           | -17.3    |
| time/                    |          |
|    episodes              | 136      |
|    fps                   | 47       |
|    time_elapsed          | 3970     |
|    total_timesteps       | 189240   |
| train/                   |          |
|    actor_loss            | -8.49    |
|    critic_loss           | 0.00846  |
|    ent_coef              | 0.00296  |
|    ent_coef_loss         | 0.216    |
|    learning_rate         | 0.0002   |
|    n_updates             | 169236   |
---------------------------------------
---------------------------------------
| baseline/                |          |
|    completion_rate       | 0.511    |
|    distance_failure_rate | 0.0876   |
|    episodes              | 137      |
|    timeout_rate          | 0.401    |
| rollout/                 |          |
|    ep_len_mean           | 1.3e+03  |
|    ep_rew_mean           | -16.8    |
| time/                    |          |
|    episodes              | 140      |
|    fps                   | 47       |
|    time_elapsed          | 4076     |
|    total_timesteps       | 193857   |
| train/                   |          |
|    actor_loss            | -8.5     |
|    critic_loss           | 0.00767  |
|    ent_coef              | 0.00293  |
|    ent_coef_loss         | -1.41    |
|    learning_rate         | 0.0002   |
|    n_updates             | 173856   |
---------------------------------------
---------------------------------------
| baseline/                |          |
|    completion_rate       | 0.514    |
|    distance_failure_rate | 0.0857   |
|    episodes              | 140      |
|    timeout_rate          | 0.4      |
| rollout/                 |          |
|    ep_len_mean           | 1.29e+03 |
|    ep_rew_mean           | -16.2    |
| time/                    |          |
|    episodes              | 144      |
|    fps                   | 47       |
|    time_elapsed          | 4187     |
|    total_timesteps       | 198657   |
| train/                   |          |
|    actor_loss            | -8.31    |
|    critic_loss           | 0.00505  |
|    ent_coef              | 0.00299  |
|    ent_coef_loss         | 0.0819   |
|    learning_rate         | 0.0002   |
|    n_updates             | 178656   |
---------------------------------------
---------------------------------------
| baseline/                |          |
|    completion_rate       | 0.517    |
|    distance_failure_rate | 0.0816   |
|    episodes              | 147      |
|    timeout_rate          | 0.401    |
| rollout/                 |          |
|    ep_len_mean           | 1.3e+03  |
|    ep_rew_mean           | -16.4    |
| time/                    |          |
|    episodes              | 148      |
|    fps                   | 47       |
|    time_elapsed          | 4357     |
|    total_timesteps       | 206090   |
| train/                   |          |
|    actor_loss            | -8.45    |
|    critic_loss           | 0.00961  |
|    ent_coef              | 0.0028   |
|    ent_coef_loss         | 0.504    |
|    learning_rate         | 0.0002   |
|    n_updates             | 186088   |
---------------------------------------
---------------------------------------
| baseline/                |          |
|    completion_rate       | 0.517    |
|    distance_failure_rate | 0.0795   |
|    episodes              | 151      |
|    timeout_rate          | 0.404    |
| rollout/                 |          |
|    ep_len_mean           | 1.27e+03 |
|    ep_rew_mean           | -15.3    |
| time/                    |          |
|    episodes              | 152      |
|    fps                   | 47       |
|    time_elapsed          | 4460     |
|    total_timesteps       | 210787   |
| train/                   |          |
|    actor_loss            | -8.06    |
|    critic_loss           | 0.0439   |
|    ent_coef              | 0.00281  |
|    ent_coef_loss         | -0.128   |
|    learning_rate         | 0.0002   |
|    n_updates             | 190784   |
---------------------------------------
---------------------------------------
| baseline/                |          |
|    completion_rate       | 0.519    |
|    distance_failure_rate | 0.0779   |
|    episodes              | 154      |
|    timeout_rate          | 0.403    |
| rollout/                 |          |
|    ep_len_mean           | 1.26e+03 |
|    ep_rew_mean           | -14.2    |
| time/                    |          |
|    episodes              | 156      |
|    fps                   | 47       |
|    time_elapsed          | 4612     |
|    total_timesteps       | 217418   |
| train/                   |          |
|    actor_loss            | -7.9     |
|    critic_loss           | 0.0053   |
|    ent_coef              | 0.00275  |
|    ent_coef_loss         | -1.53    |
|    learning_rate         | 0.0002   |
|    n_updates             | 197416   |
---------------------------------------
---------------------------------------
| baseline/                |          |
|    completion_rate       | 0.513    |
|    distance_failure_rate | 0.0823   |
|    episodes              | 158      |
|    timeout_rate          | 0.405    |
| rollout/                 |          |
|    ep_len_mean           | 1.25e+03 |
|    ep_rew_mean           | -12.3    |
| time/                    |          |
|    episodes              | 160      |
|    fps                   | 47       |
|    time_elapsed          | 4748     |
|    total_timesteps       | 223576   |
| train/                   |          |
|    actor_loss            | -7.66    |
|    critic_loss           | 0.00605  |
|    ent_coef              | 0.00263  |
|    ent_coef_loss         | 1.68     |
|    learning_rate         | 0.0002   |
|    n_updates             | 203572   |
---------------------------------------
---------------------------------------
| baseline/                |          |
|    completion_rate       | 0.515    |
|    distance_failure_rate | 0.0798   |
|    episodes              | 163      |
|    timeout_rate          | 0.405    |
| rollout/                 |          |
|    ep_len_mean           | 1.23e+03 |
|    ep_rew_mean           | -10.5    |
| time/                    |          |
|    episodes              | 164      |
|    fps                   | 47       |
|    time_elapsed          | 4891     |
|    total_timesteps       | 230010   |
| train/                   |          |
|    actor_loss            | -7.55    |
|    critic_loss           | 0.00519  |
|    ent_coef              | 0.00267  |
|    ent_coef_loss         | 0.577    |
|    learning_rate         | 0.0002   |
|    n_updates             | 210008   |
---------------------------------------
---------------------------------
| rollout/           |          |
|    ep_len_mean     | 1.2e+03  |
|    ep_rew_mean     | -11.7    |
| time/              |          |
|    episodes        | 168      |
|    fps             | 47       |
|    time_elapsed    | 4993     |
|    total_timesteps | 234731   |
| train/             |          |
|    actor_loss      | -7.47    |
|    critic_loss     | 0.006    |
|    ent_coef        | 0.00255  |
|    ent_coef_loss   | -0.945   |
|    learning_rate   | 0.0002   |
|    n_updates       | 214728   |
---------------------------------
---------------------------------------
| baseline/                |          |
|    completion_rate       | 0.512    |
|    distance_failure_rate | 0.0952   |
|    episodes              | 168      |
|    timeout_rate          | 0.393    |
| rollout/                 |          |
|    ep_len_mean           | 1.19e+03 |
|    ep_rew_mean           | -12.2    |
| time/                    |          |
|    episodes              | 172      |
|    fps                   | 46       |
|    time_elapsed          | 5101     |
|    total_timesteps       | 239687   |
| train/                   |          |
|    actor_loss            | -7.44    |
|    critic_loss           | 0.00539  |
|    ent_coef              | 0.00259  |
|    ent_coef_loss         | -0.722   |
|    learning_rate         | 0.0002   |
|    n_updates             | 219684   |
---------------------------------------
---------------------------------------
| baseline/                |          |
|    completion_rate       | 0.514    |
|    distance_failure_rate | 0.103    |
|    episodes              | 175      |
|    timeout_rate          | 0.383    |
| rollout/                 |          |
|    ep_len_mean           | 1.2e+03  |
|    ep_rew_mean           | -12.7    |
| time/                    |          |
|    episodes              | 176      |
|    fps                   | 46       |
|    time_elapsed          | 5231     |
|    total_timesteps       | 245632   |
| train/                   |          |
|    actor_loss            | -7.18    |
|    critic_loss           | 0.00495  |
|    ent_coef              | 0.00254  |
|    ent_coef_loss         | 0.531    |
|    learning_rate         | 0.0002   |
|    n_updates             | 225628   |
---------------------------------------
---------------------------------------
| baseline/                |          |
|    completion_rate       | 0.517    |
|    distance_failure_rate | 0.101    |
|    episodes              | 178      |
|    timeout_rate          | 0.382    |
| rollout/                 |          |
|    ep_len_mean           | 1.23e+03 |
|    ep_rew_mean           | -12.8    |
| time/                    |          |
|    episodes              | 180      |
|    fps                   | 46       |
|    time_elapsed          | 5388     |
|    total_timesteps       | 252829   |
| train/                   |          |
|    actor_loss            | -7.15    |
|    critic_loss           | 0.00669  |
|    ent_coef              | 0.00236  |
|    ent_coef_loss         | 0.384    |
|    learning_rate         | 0.0002   |
|    n_updates             | 232828   |
---------------------------------------
---------------------------------------
| baseline/                |          |
|    completion_rate       | 0.514    |
|    distance_failure_rate | 0.0994   |
|    episodes              | 181      |
|    timeout_rate          | 0.387    |
| rollout/                 |          |
|    ep_len_mean           | 1.24e+03 |
|    ep_rew_mean           | -12.7    |
| time/                    |          |
|    episodes              | 184      |
|    fps                   | 46       |
|    time_elapsed          | 5503     |
|    total_timesteps       | 257848   |
| train/                   |          |
|    actor_loss            | -7.04    |
|    critic_loss           | 0.00443  |
|    ent_coef              | 0.00231  |
|    ent_coef_loss         | 0.191    |
|    learning_rate         | 0.0002   |
|    n_updates             | 237844   |
---------------------------------------
---------------------------------------
| baseline/                |          |
|    completion_rate       | 0.516    |
|    distance_failure_rate | 0.102    |
|    episodes              | 186      |
|    timeout_rate          | 0.382    |
| rollout/                 |          |
|    ep_len_mean           | 1.28e+03 |
|    ep_rew_mean           | -14      |
| time/                    |          |
|    episodes              | 188      |
|    fps                   | 46       |
|    time_elapsed          | 5634     |
|    total_timesteps       | 263885   |
| train/                   |          |
|    actor_loss            | -6.86    |
|    critic_loss           | 0.005    |
|    ent_coef              | 0.00227  |
|    ent_coef_loss         | 0.932    |
|    learning_rate         | 0.0002   |
|    n_updates             | 243884   |
---------------------------------------
---------------------------------------
| baseline/                |          |
|    completion_rate       | 0.511    |
|    distance_failure_rate | 0.101    |
|    episodes              | 188      |
|    timeout_rate          | 0.388    |
| rollout/                 |          |
|    ep_len_mean           | 1.3e+03  |
|    ep_rew_mean           | -14.3    |
| time/                    |          |
|    episodes              | 192      |
|    fps                   | 46       |
|    time_elapsed          | 5763     |
|    total_timesteps       | 269688   |
| train/                   |          |
|    actor_loss            | -6.56    |
|    critic_loss           | 0.00387  |
|    ent_coef              | 0.0022   |
|    ent_coef_loss         | -1.36    |
|    learning_rate         | 0.0002   |
|    n_updates             | 249684   |
---------------------------------------
---------------------------------------
| baseline/                |          |
|    completion_rate       | 0.508    |
|    distance_failure_rate | 0.103    |
|    episodes              | 195      |
|    timeout_rate          | 0.39     |
| rollout/                 |          |
|    ep_len_mean           | 1.33e+03 |
|    ep_rew_mean           | -15.9    |
| time/                    |          |
|    episodes              | 196      |
|    fps                   | 46       |
|    time_elapsed          | 5901     |
|    total_timesteps       | 276024   |
| train/                   |          |
|    actor_loss            | -6.21    |
|    critic_loss           | 0.00548  |
|    ent_coef              | 0.00212  |
|    ent_coef_loss         | 0.73     |
|    learning_rate         | 0.0002   |
|    n_updates             | 256020   |
---------------------------------------
---------------------------------------
| baseline/                |          |
|    completion_rate       | 0.513    |
|    distance_failure_rate | 0.106    |
|    episodes              | 199      |
|    timeout_rate          | 0.382    |
| rollout/                 |          |
|    ep_len_mean           | 1.35e+03 |
|    ep_rew_mean           | -15.9    |
| time/                    |          |
|    episodes              | 200      |
|    fps                   | 46       |
|    time_elapsed          | 6013     |
|    total_timesteps       | 281117   |
| train/                   |          |
|    actor_loss            | -6.26    |
|    critic_loss           | 0.00369  |
|    ent_coef              | 0.00227  |
|    ent_coef_loss         | -0.133   |
|    learning_rate         | 0.0002   |
|    n_updates             | 261116   |
---------------------------------------
---------------------------------------
| baseline/                |          |
|    completion_rate       | 0.515    |
|    distance_failure_rate | 0.104    |
|    episodes              | 202      |
|    timeout_rate          | 0.381    |
| rollout/                 |          |
|    ep_len_mean           | 1.35e+03 |
|    ep_rew_mean           | -16.6    |
| time/                    |          |
|    episodes              | 204      |
|    fps                   | 46       |
|    time_elapsed          | 6133     |
|    total_timesteps       | 286660   |
| train/                   |          |
|    actor_loss            | -6.13    |
|    critic_loss           | 0.0321   |
|    ent_coef              | 0.00222  |
|    ent_coef_loss         | 0.946    |
|    learning_rate         | 0.0002   |
|    n_updates             | 266656   |
---------------------------------------
---------------------------------------
| baseline/                |          |
|    completion_rate       | 0.515    |
|    distance_failure_rate | 0.107    |
|    episodes              | 206      |
|    timeout_rate          | 0.379    |
| rollout/                 |          |
|    ep_len_mean           | 1.37e+03 |
|    ep_rew_mean           | -16.7    |
| time/                    |          |
|    episodes              | 208      |
|    fps                   | 46       |
|    time_elapsed          | 6259     |
|    total_timesteps       | 292447   |
| train/                   |          |
|    actor_loss            | -5.95    |
|    critic_loss           | 0.0056   |
|    ent_coef              | 0.00214  |
|    ent_coef_loss         | 0.293    |
|    learning_rate         | 0.0002   |
|    n_updates             | 272444   |
---------------------------------------
---------------------------------------
| baseline/                |          |
|    completion_rate       | 0.517    |
|    distance_failure_rate | 0.105    |
|    episodes              | 209      |
|    timeout_rate          | 0.378    |
| rollout/                 |          |
|    ep_len_mean           | 1.39e+03 |
|    ep_rew_mean           | -16.9    |
| time/                    |          |
|    episodes              | 212      |
|    fps                   | 46       |
|    time_elapsed          | 6381     |
|    total_timesteps       | 297973   |
| train/                   |          |
|    actor_loss            | -6.08    |
|    critic_loss           | 0.0039   |
|    ent_coef              | 0.00212  |
|    ent_coef_loss         | 0.783    |
|    learning_rate         | 0.0002   |
|    n_updates             | 277972   |
---------------------------------------
---------------------------------------
| baseline/                |          |
|    completion_rate       | 0.516    |
|    distance_failure_rate | 0.103    |
|    episodes              | 213      |
|    timeout_rate          | 0.38     |
| rollout/                 |          |
|    ep_len_mean           | 1.4e+03  |
|    ep_rew_mean           | -17.9    |
| time/                    |          |
|    episodes              | 216      |
|    fps                   | 46       |
|    time_elapsed          | 6488     |
|    total_timesteps       | 302851   |
| train/                   |          |
|    actor_loss            | -5.74    |
|    critic_loss           | 0.00485  |
|    ent_coef              | 0.0022   |
|    ent_coef_loss         | 0.418    |
|    learning_rate         | 0.0002   |
|    n_updates             | 282848   |
---------------------------------------
---------------------------------------
| baseline/                |          |
|    completion_rate       | 0.516    |
|    distance_failure_rate | 0.111    |
|    episodes              | 217      |
|    timeout_rate          | 0.373    |
| rollout/                 |          |
|    ep_len_mean           | 1.42e+03 |
|    ep_rew_mean           | -17.8    |
| time/                    |          |
|    episodes              | 220      |
|    fps                   | 46       |
|    time_elapsed          | 6633     |
|    total_timesteps       | 309512   |
| train/                   |          |
|    actor_loss            | -6.08    |
|    critic_loss           | 0.00484  |
|    ent_coef              | 0.00223  |
|    ent_coef_loss         | -0.536   |
|    learning_rate         | 0.0002   |
|    n_updates             | 289508   |
---------------------------------------
---------------------------------------
| baseline/                |          |
|    completion_rate       | 0.52     |
|    distance_failure_rate | 0.108    |
|    episodes              | 223      |
|    timeout_rate          | 0.372    |
| rollout/                 |          |
|    ep_len_mean           | 1.43e+03 |
|    ep_rew_mean           | -17.7    |
| time/                    |          |
|    episodes              | 224      |
|    fps                   | 46       |
|    time_elapsed          | 6772     |
|    total_timesteps       | 315838   |
| train/                   |          |
|    actor_loss            | -6.19    |
|    critic_loss           | 0.00408  |
|    ent_coef              | 0.00214  |
|    ent_coef_loss         | 0.897    |
|    learning_rate         | 0.0002   |
|    n_updates             | 295836   |
---------------------------------------
---------------------------------------
| baseline/                |          |
|    completion_rate       | 0.522    |
|    distance_failure_rate | 0.106    |
|    episodes              | 226      |
|    timeout_rate          | 0.372    |
| rollout/                 |          |
|    ep_len_mean           | 1.43e+03 |
|    ep_rew_mean           | -17.1    |
| time/                    |          |
|    episodes              | 228      |
|    fps                   | 46       |
|    time_elapsed          | 6923     |
|    total_timesteps       | 322788   |
| train/                   |          |
|    actor_loss            | -6.05    |
|    critic_loss           | 0.0047   |
|    ent_coef              | 0.00212  |
|    ent_coef_loss         | 1.06     |
|    learning_rate         | 0.0002   |
|    n_updates             | 302784   |
---------------------------------------
---------------------------------------
| baseline/                |          |
|    completion_rate       | 0.52     |
|    distance_failure_rate | 0.105    |
|    episodes              | 229      |
|    timeout_rate          | 0.376    |
| rollout/                 |          |
|    ep_len_mean           | 1.46e+03 |
|    ep_rew_mean           | -17.8    |
| time/                    |          |
|    episodes              | 232      |
|    fps                   | 46       |
|    time_elapsed          | 7066     |
|    total_timesteps       | 329393   |
| train/                   |          |
|    actor_loss            | -5.95    |
|    critic_loss           | 0.00365  |
|    ent_coef              | 0.00208  |
|    ent_coef_loss         | 0.258    |
|    learning_rate         | 0.0002   |
|    n_updates             | 309392   |
---------------------------------------
---------------------------------------
| baseline/                |          |
|    completion_rate       | 0.515    |
|    distance_failure_rate | 0.106    |
|    episodes              | 235      |
|    timeout_rate          | 0.379    |
| rollout/                 |          |
|    ep_len_mean           | 1.47e+03 |
|    ep_rew_mean           | -17.3    |
| time/                    |          |
|    episodes              | 236      |
|    fps                   | 46       |
|    time_elapsed          | 7210     |
|    total_timesteps       | 335973   |
| train/                   |          |
|    actor_loss            | -5.64    |
|    critic_loss           | 0.00992  |
|    ent_coef              | 0.00203  |
|    ent_coef_loss         | 1.75     |
|    learning_rate         | 0.0002   |
|    n_updates             | 315972   |
---------------------------------------
---------------------------------------
| baseline/                |          |
|    completion_rate       | 0.508    |
|    distance_failure_rate | 0.105    |
|    episodes              | 238      |
|    timeout_rate          | 0.387    |
| rollout/                 |          |
|    ep_len_mean           | 1.48e+03 |
|    ep_rew_mean           | -18.1    |
| time/                    |          |
|    episodes              | 240      |
|    fps                   | 46       |
|    time_elapsed          | 7343     |
|    total_timesteps       | 342058   |
| train/                   |          |
|    actor_loss            | -5.76    |
|    critic_loss           | 0.014    |
|    ent_coef              | 0.00203  |
|    ent_coef_loss         | -1.67    |
|    learning_rate         | 0.0002   |
|    n_updates             | 322056   |
---------------------------------------
---------------------------------------
| baseline/                |          |
|    completion_rate       | 0.506    |
|    distance_failure_rate | 0.108    |
|    episodes              | 241      |
|    timeout_rate          | 0.386    |
| rollout/                 |          |
|    ep_len_mean           | 1.51e+03 |
|    ep_rew_mean           | -18.6    |
| time/                    |          |
|    episodes              | 244      |
|    fps                   | 46       |
|    time_elapsed          | 7508     |
|    total_timesteps       | 349647   |
| train/                   |          |
|    actor_loss            | -5.75    |
|    critic_loss           | 0.00464  |
|    ent_coef              | 0.00202  |
|    ent_coef_loss         | -0.516   |
|    learning_rate         | 0.0002   |
|    n_updates             | 329644   |
---------------------------------------
---------------------------------------
| baseline/                |          |
|    completion_rate       | 0.498    |
|    distance_failure_rate | 0.113    |
|    episodes              | 247      |
|    timeout_rate          | 0.389    |
| rollout/                 |          |
|    ep_len_mean           | 1.51e+03 |
|    ep_rew_mean           | -19      |
| time/                    |          |
|    episodes              | 248      |
|    fps                   | 46       |
|    time_elapsed          | 7663     |
|    total_timesteps       | 356720   |
| train/                   |          |
|    actor_loss            | -5.46    |
|    critic_loss           | 0.00757  |
|    ent_coef              | 0.002    |
|    ent_coef_loss         | -1.09    |
|    learning_rate         | 0.0002   |
|    n_updates             | 336716   |
---------------------------------------
---------------------------------------
| baseline/                |          |
|    completion_rate       | 0.494    |
|    distance_failure_rate | 0.116    |
|    episodes              | 249      |
|    timeout_rate          | 0.39     |
| rollout/                 |          |
|    ep_len_mean           | 1.52e+03 |
|    ep_rew_mean           | -19.7    |
| time/                    |          |
|    episodes              | 252      |
|    fps                   | 46       |
|    time_elapsed          | 7806     |
|    total_timesteps       | 362986   |
| train/                   |          |
|    actor_loss            | -5.48    |
|    critic_loss           | 0.00404  |
|    ent_coef              | 0.00189  |
|    ent_coef_loss         | -0.358   |
|    learning_rate         | 0.0002   |
|    n_updates             | 342984   |
---------------------------------------
---------------------------------------
| baseline/                |          |
|    completion_rate       | 0.494    |
|    distance_failure_rate | 0.114    |
|    episodes              | 255      |
|    timeout_rate          | 0.392    |
| rollout/                 |          |
|    ep_len_mean           | 1.53e+03 |
|    ep_rew_mean           | -19      |
| time/                    |          |
|    episodes              | 256      |
|    fps                   | 46       |
|    time_elapsed          | 7972     |
|    total_timesteps       | 370554   |
| train/                   |          |
|    actor_loss            | -5.26    |
|    critic_loss           | 0.00532  |
|    ent_coef              | 0.002    |
|    ent_coef_loss         | -1.41    |
|    learning_rate         | 0.0002   |
|    n_updates             | 350552   |
---------------------------------------
---------------------------------------
| baseline/                |          |
|    completion_rate       | 0.5      |
|    distance_failure_rate | 0.112    |
|    episodes              | 258      |
|    timeout_rate          | 0.388    |
| rollout/                 |          |
|    ep_len_mean           | 1.54e+03 |
|    ep_rew_mean           | -19.2    |
| time/                    |          |
|    episodes              | 260      |
|    fps                   | 46       |
|    time_elapsed          | 8124     |
|    total_timesteps       | 377514   |
| train/                   |          |
|    actor_loss            | -5.34    |
|    critic_loss           | 0.0492   |
|    ent_coef              | 0.00199  |
|    ent_coef_loss         | -0.717   |
|    learning_rate         | 0.0002   |
|    n_updates             | 357512   |
---------------------------------------
---------------------------------------
| baseline/                |          |
|    completion_rate       | 0.496    |
|    distance_failure_rate | 0.111    |
|    episodes              | 262      |
|    timeout_rate          | 0.393    |
| rollout/                 |          |
|    ep_len_mean           | 1.53e+03 |
|    ep_rew_mean           | -20      |
| time/                    |          |
|    episodes              | 264      |
|    fps                   | 46       |
|    time_elapsed          | 8251     |
|    total_timesteps       | 383257   |
| train/                   |          |
|    actor_loss            | -5.17    |
|    critic_loss           | 0.00345  |
|    ent_coef              | 0.00201  |
|    ent_coef_loss         | -0.957   |
|    learning_rate         | 0.0002   |
|    n_updates             | 363256   |
---------------------------------------
---------------------------------------
| baseline/                |          |
|    completion_rate       | 0.494    |
|    distance_failure_rate | 0.112    |
|    episodes              | 267      |
|    timeout_rate          | 0.393    |
| rollout/                 |          |
|    ep_len_mean           | 1.55e+03 |
|    ep_rew_mean           | -18.8    |
| time/                    |          |
|    episodes              | 268      |
|    fps                   | 46       |
|    time_elapsed          | 8402     |
|    total_timesteps       | 390181   |
| train/                   |          |
|    actor_loss            | -5.26    |
|    critic_loss           | 0.00353  |
|    ent_coef              | 0.00204  |
|    ent_coef_loss         | 0.95     |
|    learning_rate         | 0.0002   |
|    n_updates             | 370180   |
---------------------------------------
---------------------------------
| rollout/           |          |
|    ep_len_mean     | 1.55e+03 |
|    ep_rew_mean     | -18.9    |
| time/              |          |
|    episodes        | 272      |
|    fps             | 46       |
|    time_elapsed    | 8501     |
|    total_timesteps | 394678   |
| train/             |          |
|    actor_loss      | -5.4     |
|    critic_loss     | 0.00465  |
|    ent_coef        | 0.00211  |
|    ent_coef_loss   | -0.384   |
|    learning_rate   | 0.0002   |
|    n_updates       | 374676   |
---------------------------------
---------------------------------------
| baseline/                |          |
|    completion_rate       | 0.491    |
|    distance_failure_rate | 0.116    |
|    episodes              | 275      |
|    timeout_rate          | 0.393    |
| rollout/                 |          |
|    ep_len_mean           | 1.55e+03 |
|    ep_rew_mean           | -18.2    |
| time/                    |          |
|    episodes              | 276      |
|    fps                   | 46       |
|    time_elapsed          | 8626     |
|    total_timesteps       | 400436   |
| train/                   |          |
|    actor_loss            | -5.38    |
|    critic_loss           | 0.0046   |
|    ent_coef              | 0.00204  |
|    ent_coef_loss         | 0.514    |
|    learning_rate         | 0.0002   |
|    n_updates             | 380432   |
---------------------------------------
---------------------------------------
| baseline/                |          |
|    completion_rate       | 0.495    |
|    distance_failure_rate | 0.118    |
|    episodes              | 279      |
|    timeout_rate          | 0.387    |
| rollout/                 |          |
|    ep_len_mean           | 1.52e+03 |
|    ep_rew_mean           | -18.4    |
| time/                    |          |
|    episodes              | 280      |
|    fps                   | 46       |
|    time_elapsed          | 8727     |
|    total_timesteps       | 405043   |
| train/                   |          |
|    actor_loss            | -5.42    |
|    critic_loss           | 0.00474  |
|    ent_coef              | 0.00206  |
|    ent_coef_loss         | 0.348    |
|    learning_rate         | 0.0002   |
|    n_updates             | 385040   |
---------------------------------------
---------------------------------------
| baseline/                |          |
|    completion_rate       | 0.491    |
|    distance_failure_rate | 0.127    |
|    episodes              | 283      |
|    timeout_rate          | 0.382    |
| rollout/                 |          |
|    ep_len_mean           | 1.52e+03 |
|    ep_rew_mean           | -19.9    |
| time/                    |          |
|    episodes              | 284      |
|    fps                   | 46       |
|    time_elapsed          | 8838     |
|    total_timesteps       | 410134   |
| train/                   |          |
|    actor_loss            | -5.02    |
|    critic_loss           | 0.00558  |
|    ent_coef              | 0.00206  |
|    ent_coef_loss         | -1.72    |
|    learning_rate         | 0.0002   |
|    n_updates             | 390132   |
---------------------------------------
---------------------------------------
| baseline/                |          |
|    completion_rate       | 0.498    |
|    distance_failure_rate | 0.125    |
|    episodes              | 287      |
|    timeout_rate          | 0.376    |
| rollout/                 |          |
|    ep_len_mean           | 1.52e+03 |
|    ep_rew_mean           | -19      |
| time/                    |          |
|    episodes              | 288      |
|    fps                   | 46       |
|    time_elapsed          | 8963     |
|    total_timesteps       | 415910   |
| train/                   |          |
|    actor_loss            | -5.12    |
|    critic_loss           | 0.0057   |
|    ent_coef              | 0.00208  |
|    ent_coef_loss         | 0.222    |
|    learning_rate         | 0.0002   |
|    n_updates             | 395908   |
---------------------------------------
---------------------------------------
| baseline/                |          |
|    completion_rate       | 0.503    |
|    distance_failure_rate | 0.124    |
|    episodes              | 290      |
|    timeout_rate          | 0.372    |
| rollout/                 |          |
|    ep_len_mean           | 1.52e+03 |
|    ep_rew_mean           | -19.9    |
| time/                    |          |
|    episodes              | 292      |
|    fps                   | 46       |
|    time_elapsed          | 9083     |
|    total_timesteps       | 421418   |
| train/                   |          |
|    actor_loss            | -5.23    |
|    critic_loss           | 0.0272   |
|    ent_coef              | 0.00226  |
|    ent_coef_loss         | -0.401   |
|    learning_rate         | 0.0002   |
|    n_updates             | 401416   |
---------------------------------------
---------------------------------------
| baseline/                |          |
|    completion_rate       | 0.498    |
|    distance_failure_rate | 0.126    |
|    episodes              | 293      |
|    timeout_rate          | 0.375    |
| rollout/                 |          |
|    ep_len_mean           | 1.52e+03 |
|    ep_rew_mean           | -20      |
| time/                    |          |
|    episodes              | 296      |
|    fps                   | 46       |
|    time_elapsed          | 9231     |
|    total_timesteps       | 428185   |
| train/                   |          |
|    actor_loss            | -5.33    |
|    critic_loss           | 0.00795  |
|    ent_coef              | 0.00246  |
|    ent_coef_loss         | 1.81     |
|    learning_rate         | 0.0002   |
|    n_updates             | 408184   |
---------------------------------------
---------------------------------------
| baseline/                |          |
|    completion_rate       | 0.488    |
|    distance_failure_rate | 0.134    |
|    episodes              | 299      |
|    timeout_rate          | 0.378    |
| rollout/                 |          |
|    ep_len_mean           | 1.55e+03 |
|    ep_rew_mean           | -20.7    |
| time/                    |          |
|    episodes              | 300      |
|    fps                   | 46       |
|    time_elapsed          | 9395     |
|    total_timesteps       | 435646   |
| train/                   |          |
|    actor_loss            | -5.68    |
|    critic_loss           | 0.00905  |
|    ent_coef              | 0.00268  |
|    ent_coef_loss         | -0.0682  |
|    learning_rate         | 0.0002   |
|    n_updates             | 415644   |
---------------------------------------
---------------------------------------
| baseline/                |          |
|    completion_rate       | 0.483    |
|    distance_failure_rate | 0.132    |
|    episodes              | 302      |
|    timeout_rate          | 0.384    |
| rollout/                 |          |
|    ep_len_mean           | 1.55e+03 |
|    ep_rew_mean           | -21.2    |
| time/                    |          |
|    episodes              | 304      |
|    fps                   | 46       |
|    time_elapsed          | 9533     |
|    total_timesteps       | 441949   |
| train/                   |          |
|    actor_loss            | -5.82    |
|    critic_loss           | 0.0116   |
|    ent_coef              | 0.00284  |
|    ent_coef_loss         | -0.385   |
|    learning_rate         | 0.0002   |
|    n_updates             | 421948   |
---------------------------------------
---------------------------------------
| baseline/                |          |
|    completion_rate       | 0.479    |
|    distance_failure_rate | 0.141    |
|    episodes              | 305      |
|    timeout_rate          | 0.38     |
| rollout/                 |          |
|    ep_len_mean           | 1.55e+03 |
|    ep_rew_mean           | -22.3    |
| time/                    |          |
|    episodes              | 308      |
|    fps                   | 46       |
|    time_elapsed          | 9656     |
|    total_timesteps       | 447555   |
| train/                   |          |
|    actor_loss            | -6.42    |
|    critic_loss           | 0.0161   |
|    ent_coef              | 0.00313  |
|    ent_coef_loss         | 0.192    |
|    learning_rate         | 0.0002   |
|    n_updates             | 427552   |
---------------------------------------
---------------------------------------
| baseline/                |          |
|    completion_rate       | 0.471    |
|    distance_failure_rate | 0.152    |
|    episodes              | 310      |
|    timeout_rate          | 0.377    |
| rollout/                 |          |
|    ep_len_mean           | 1.54e+03 |
|    ep_rew_mean           | -23.8    |
| time/                    |          |
|    episodes              | 312      |
|    fps                   | 46       |
|    time_elapsed          | 9760     |
|    total_timesteps       | 452329   |
| train/                   |          |
|    actor_loss            | -6.83    |
|    critic_loss           | 0.0169   |
|    ent_coef              | 0.00347  |
|    ent_coef_loss         | -0.0606  |
|    learning_rate         | 0.0002   |
|    n_updates             | 432328   |
---------------------------------------
---------------------------------------
| baseline/                |          |
|    completion_rate       | 0.463    |
|    distance_failure_rate | 0.156    |
|    episodes              | 315      |
|    timeout_rate          | 0.381    |
| rollout/                 |          |
|    ep_len_mean           | 1.57e+03 |
|    ep_rew_mean           | -24.1    |
| time/                    |          |
|    episodes              | 316      |
|    fps                   | 46       |
|    time_elapsed          | 9937     |
|    total_timesteps       | 460329   |
| train/                   |          |
|    actor_loss            | -7.97    |
|    critic_loss           | 0.138    |
|    ent_coef              | 0.00413  |
|    ent_coef_loss         | 1.69     |
|    learning_rate         | 0.0002   |
|    n_updates             | 440328   |
---------------------------------------
---------------------------------------
| baseline/                |          |
|    completion_rate       | 0.458    |
|    distance_failure_rate | 0.163    |
|    episodes              | 319      |
|    timeout_rate          | 0.379    |
| rollout/                 |          |
|    ep_len_mean           | 1.56e+03 |
|    ep_rew_mean           | -25.8    |
| time/                    |          |
|    episodes              | 320      |
|    fps                   | 46       |
|    time_elapsed          | 10057    |
|    total_timesteps       | 465762   |
| train/                   |          |
|    actor_loss            | -8.43    |
|    critic_loss           | 0.0235   |
|    ent_coef              | 0.00457  |
|    ent_coef_loss         | -0.345   |
|    learning_rate         | 0.0002   |
|    n_updates             | 445760   |
---------------------------------------
---------------------------------------
| baseline/                |          |
|    completion_rate       | 0.453    |
|    distance_failure_rate | 0.171    |
|    episodes              | 322      |
|    timeout_rate          | 0.376    |
| rollout/                 |          |
|    ep_len_mean           | 1.56e+03 |
|    ep_rew_mean           | -27.7    |
| time/                    |          |
|    episodes              | 324      |
|    fps                   | 46       |
|    time_elapsed          | 10188    |
|    total_timesteps       | 471769   |
| train/                   |          |
|    actor_loss            | -9.47    |
|    critic_loss           | 0.0275   |
|    ent_coef              | 0.00491  |
|    ent_coef_loss         | 0.713    |
|    learning_rate         | 0.0002   |
|    n_updates             | 451768   |
---------------------------------------
---------------------------------------
| baseline/                |          |
|    completion_rate       | 0.449    |
|    distance_failure_rate | 0.178    |
|    episodes              | 325      |
|    timeout_rate          | 0.372    |
| rollout/                 |          |
|    ep_len_mean           | 1.55e+03 |
|    ep_rew_mean           | -29.3    |
| time/                    |          |
|    episodes              | 328      |
|    fps                   | 46       |
|    time_elapsed          | 10328    |
|    total_timesteps       | 477727   |
| train/                   |          |
|    actor_loss            | -10.2    |
|    critic_loss           | 0.0328   |
|    ent_coef              | 0.00507  |
|    ent_coef_loss         | -0.641   |
|    learning_rate         | 0.0002   |
|    n_updates             | 457724   |
---------------------------------------
---------------------------------------
| baseline/                |          |
|    completion_rate       | 0.442    |
|    distance_failure_rate | 0.185    |
|    episodes              | 330      |
|    timeout_rate          | 0.373    |
| rollout/                 |          |
|    ep_len_mean           | 1.53e+03 |
|    ep_rew_mean           | -30.4    |
| time/                    |          |
|    episodes              | 332      |
|    fps                   | 46       |
|    time_elapsed          | 10426    |
|    total_timesteps       | 482189   |
| train/                   |          |
|    actor_loss            | -10.8    |
|    critic_loss           | 0.0414   |
|    ent_coef              | 0.00521  |
|    ent_coef_loss         | 0.77     |
|    learning_rate         | 0.0002   |
|    n_updates             | 462188   |
---------------------------------------
---------------------------------------
| baseline/                |          |
|    completion_rate       | 0.436    |
|    distance_failure_rate | 0.197    |
|    episodes              | 335      |
|    timeout_rate          | 0.367    |
| rollout/                 |          |
|    ep_len_mean           | 1.49e+03 |
|    ep_rew_mean           | -31.7    |
| time/                    |          |
|    episodes              | 336      |
|    fps                   | 46       |
|    time_elapsed          | 10496    |
|    total_timesteps       | 485370   |
| train/                   |          |
|    actor_loss            | -11.7    |
|    critic_loss           | 0.0383   |
|    ent_coef              | 0.00557  |
|    ent_coef_loss         | 0.737    |
|    learning_rate         | 0.0002   |
|    n_updates             | 465368   |
---------------------------------------
---------------------------------
| rollout/           |          |
|    ep_len_mean     | 1.46e+03 |
|    ep_rew_mean     | -32.2    |
| time/              |          |
|    episodes        | 340      |
|    fps             | 46       |
|    time_elapsed    | 10548    |
|    total_timesteps | 487753   |
| train/             |          |
|    actor_loss      | -11.9    |
|    critic_loss     | 0.03     |
|    ent_coef        | 0.00562  |
|    ent_coef_loss   | 0.27     |
|    learning_rate   | 0.0002   |
|    n_updates       | 467752   |
---------------------------------
---------------------------------------
| baseline/                |          |
|    completion_rate       | 0.428    |
|    distance_failure_rate | 0.211    |
|    episodes              | 341      |
|    timeout_rate          | 0.361    |
| rollout/                 |          |
|    ep_len_mean           | 1.44e+03 |
|    ep_rew_mean           | -33.6    |
| time/                    |          |
|    episodes              | 344      |
|    fps                   | 46       |
|    time_elapsed          | 10678    |
|    total_timesteps       | 493755   |
| train/                   |          |
|    actor_loss            | -13.2    |
|    critic_loss           | 0.0414   |
|    ent_coef              | 0.00564  |
|    ent_coef_loss         | 0.829    |
|    learning_rate         | 0.0002   |
|    n_updates             | 473752   |
---------------------------------------
---------------------------------------
| baseline/                |          |
|    completion_rate       | 0.424    |
|    distance_failure_rate | 0.212    |
|    episodes              | 344      |
|    timeout_rate          | 0.363    |
| rollout/                 |          |
|    ep_len_mean           | 1.41e+03 |
|    ep_rew_mean           | -34.2    |
| time/                    |          |
|    episodes              | 348      |
|    fps                   | 46       |
|    time_elapsed          | 10775    |
|    total_timesteps       | 498181   |
| train/                   |          |
|    actor_loss            | -13.1    |
|    critic_loss           | 0.0365   |
|    ent_coef              | 0.00536  |
|    ent_coef_loss         | 1.26     |
|    learning_rate         | 0.0002   |
|    n_updates             | 478180   |
---------------------------------------
---------------------------------------
| baseline/                |          |
|    completion_rate       | 0.418    |
|    distance_failure_rate | 0.223    |
|    episodes              | 349      |
|    timeout_rate          | 0.358    |
| rollout/                 |          |
|    ep_len_mean           | 1.4e+03  |
|    ep_rew_mean           | -35.4    |
| time/                    |          |
|    episodes              | 352      |
|    fps                   | 46       |
|    time_elapsed          | 10880    |
|    total_timesteps       | 502975   |
| train/                   |          |
|    actor_loss            | -13.3    |
|    critic_loss           | 0.0387   |
|    ent_coef              | 0.00549  |
|    ent_coef_loss         | 0.453    |
|    learning_rate         | 0.0002   |
|    n_updates             | 482972   |
---------------------------------------
---------------------------------------
| baseline/                |          |
|    completion_rate       | 0.414    |
|    distance_failure_rate | 0.232    |
|    episodes              | 353      |
|    timeout_rate          | 0.354    |
| rollout/                 |          |
|    ep_len_mean           | 1.38e+03 |
|    ep_rew_mean           | -37      |
| time/                    |          |
|    episodes              | 356      |
|    fps                   | 46       |
|    time_elapsed          | 10996    |
|    total_timesteps       | 508278   |
| train/                   |          |
|    actor_loss            | -12.9    |
|    critic_loss           | 0.0389   |
|    ent_coef              | 0.00543  |
|    ent_coef_loss         | -1.12    |
|    learning_rate         | 0.0002   |
|    n_updates             | 488276   |
---------------------------------------
---------------------------------------
| baseline/                |          |
|    completion_rate       | 0.409    |
|    distance_failure_rate | 0.238    |
|    episodes              | 357      |
|    timeout_rate          | 0.353    |
| rollout/                 |          |
|    ep_len_mean           | 1.35e+03 |
|    ep_rew_mean           | -38.7    |
| time/                    |          |
|    episodes              | 360      |
|    fps                   | 46       |
|    time_elapsed          | 11098    |
|    total_timesteps       | 512967   |
| train/                   |          |
|    actor_loss            | -13.2    |
|    critic_loss           | 0.043    |
|    ent_coef              | 0.00544  |
|    ent_coef_loss         | 0.249    |
|    learning_rate         | 0.0002   |
|    n_updates             | 492964   |
---------------------------------------
---------------------------------------
| baseline/                |          |
|    completion_rate       | 0.404    |
|    distance_failure_rate | 0.247    |
|    episodes              | 361      |
|    timeout_rate          | 0.349    |
| rollout/                 |          |
|    ep_len_mean           | 1.35e+03 |
|    ep_rew_mean           | -39.8    |
| time/                    |          |
|    episodes              | 364      |
|    fps                   | 46       |
|    time_elapsed          | 11212    |
|    total_timesteps       | 518089   |
| train/                   |          |
|    actor_loss            | -12.9    |
|    critic_loss           | 0.0542   |
|    ent_coef              | 0.00559  |
|    ent_coef_loss         | 0.301    |
|    learning_rate         | 0.0002   |
|    n_updates             | 498088   |
---------------------------------------
---------------------------------------
| baseline/                |          |
|    completion_rate       | 0.4      |
|    distance_failure_rate | 0.255    |
|    episodes              | 365      |
|    timeout_rate          | 0.345    |
| rollout/                 |          |
|    ep_len_mean           | 1.32e+03 |
|    ep_rew_mean           | -41.3    |
| time/                    |          |
|    episodes              | 368      |
|    fps                   | 46       |
|    time_elapsed          | 11300    |
|    total_timesteps       | 522121   |
| train/                   |          |
|    actor_loss            | -12.8    |
|    critic_loss           | 0.0762   |
|    ent_coef              | 0.0059   |
|    ent_coef_loss         | 0.438    |
|    learning_rate         | 0.0002   |
|    n_updates             | 502120   |
---------------------------------------
---------------------------------------
| baseline/                |          |
|    completion_rate       | 0.396    |
|    distance_failure_rate | 0.26     |
|    episodes              | 369      |
|    timeout_rate          | 0.344    |
| rollout/                 |          |
|    ep_len_mean           | 1.33e+03 |
|    ep_rew_mean           | -42.5    |
| time/                    |          |
|    episodes              | 372      |
|    fps                   | 46       |
|    time_elapsed          | 11425    |
|    total_timesteps       | 527843   |
| train/                   |          |
|    actor_loss            | -14.3    |
|    critic_loss           | 1.13     |
|    ent_coef              | 0.0079   |
|    ent_coef_loss         | 1.07     |
|    learning_rate         | 0.0002   |
|    n_updates             | 507840   |
---------------------------------------
---------------------------------------
| baseline/                |          |
|    completion_rate       | 0.39     |
|    distance_failure_rate | 0.27     |
|    episodes              | 374      |
|    timeout_rate          | 0.34     |
| rollout/                 |          |
|    ep_len_mean           | 1.31e+03 |
|    ep_rew_mean           | -44      |
| time/                    |          |
|    episodes              | 376      |
|    fps                   | 46       |
|    time_elapsed          | 11501    |
|    total_timesteps       | 531316   |
| train/                   |          |
|    actor_loss            | -15.1    |
|    critic_loss           | 0.13     |
|    ent_coef              | 0.00725  |
|    ent_coef_loss         | 0.36     |
|    learning_rate         | 0.0002   |
|    n_updates             | 511312   |
---------------------------------------
---------------------------------
| rollout/           |          |
|    ep_len_mean     | 1.29e+03 |
|    ep_rew_mean     | -44.8    |
| time/              |          |
|    episodes        | 380      |
|    fps             | 46       |
|    time_elapsed    | 11570    |
|    total_timesteps | 534448   |
| train/             |          |
|    actor_loss      | -15.3    |
|    critic_loss     | 0.11     |
|    ent_coef        | 0.0067   |
|    ent_coef_loss   | -0.719   |
|    learning_rate   | 0.0002   |
|    n_updates       | 514444   |
---------------------------------
---------------------------------------
| baseline/                |          |
|    completion_rate       | 0.381    |
|    distance_failure_rate | 0.285    |
|    episodes              | 383      |
|    timeout_rate          | 0.334    |
| rollout/                 |          |
|    ep_len_mean           | 1.3e+03  |
|    ep_rew_mean           | -45.2    |
| time/                    |          |
|    episodes              | 384      |
|    fps                   | 46       |
|    time_elapsed          | 11697    |
|    total_timesteps       | 540169   |
| train/                   |          |
|    actor_loss            | -16.8    |
|    critic_loss           | 0.0904   |
|    ent_coef              | 0.00701  |
|    ent_coef_loss         | -0.345   |
|    learning_rate         | 0.0002   |
|    n_updates             | 520168   |
---------------------------------------
---------------------------------------
| baseline/                |          |
|    completion_rate       | 0.377    |
|    distance_failure_rate | 0.292    |
|    episodes              | 387      |
|    timeout_rate          | 0.331    |
| rollout/                 |          |
|    ep_len_mean           | 1.29e+03 |
|    ep_rew_mean           | -46.8    |
| time/                    |          |
|    episodes              | 388      |
|    fps                   | 46       |
|    time_elapsed          | 11805    |
|    total_timesteps       | 545039   |
| train/                   |          |
|    actor_loss            | -16.3    |
|    critic_loss           | 0.0947   |
|    ent_coef              | 0.00712  |
|    ent_coef_loss         | 0.527    |
|    learning_rate         | 0.0002   |
|    n_updates             | 525036   |
---------------------------------------
---------------------------------
| rollout/           |          |
|    ep_len_mean     | 1.27e+03 |
|    ep_rew_mean     | -47.3    |
| time/              |          |
|    episodes        | 392      |
|    fps             | 46       |
|    time_elapsed    | 11880    |
|    total_timesteps | 548456   |
| train/             |          |
|    actor_loss      | -15.9    |
|    critic_loss     | 0.0759   |
|    ent_coef        | 0.00708  |
|    ent_coef_loss   | -0.00686 |
|    learning_rate   | 0.0002   |
|    n_updates       | 528452   |
---------------------------------
---------------------------------------
| baseline/                |          |
|    completion_rate       | 0.372    |
|    distance_failure_rate | 0.303    |
|    episodes              | 393      |
|    timeout_rate          | 0.326    |
| rollout/                 |          |
|    ep_len_mean           | 1.26e+03 |
|    ep_rew_mean           | -48      |
| time/                    |          |
|    episodes              | 396      |
|    fps                   | 46       |
|    time_elapsed          | 12010    |
|    total_timesteps       | 554369   |
| train/                   |          |
|    actor_loss            | -15.6    |
|    critic_loss           | 0.106    |
|    ent_coef              | 0.00675  |
|    ent_coef_loss         | 0.0877   |
|    learning_rate         | 0.0002   |
|    n_updates             | 534368   |
---------------------------------------
---------------------------------------
| baseline/                |          |
|    completion_rate       | 0.369    |
|    distance_failure_rate | 0.308    |
|    episodes              | 396      |
|    timeout_rate          | 0.323    |
| rollout/                 |          |
|    ep_len_mean           | 1.24e+03 |
|    ep_rew_mean           | -49.1    |
| time/                    |          |
|    episodes              | 400      |
|    fps                   | 46       |
|    time_elapsed          | 12126    |
|    total_timesteps       | 559668   |
| train/                   |          |
|    actor_loss            | -15.5    |
|    critic_loss           | 0.0947   |
|    ent_coef              | 0.00669  |
|    ent_coef_loss         | 0.465    |
|    learning_rate         | 0.0002   |
|    n_updates             | 539664   |
---------------------------------------
---------------------------------------
| baseline/                |          |
|    completion_rate       | 0.362    |
|    distance_failure_rate | 0.313    |
|    episodes              | 403      |
|    timeout_rate          | 0.325    |
| rollout/                 |          |
|    ep_len_mean           | 1.24e+03 |
|    ep_rew_mean           | -49.8    |
| time/                    |          |
|    episodes              | 404      |
|    fps                   | 46       |
|    time_elapsed          | 12271    |
|    total_timesteps       | 566015   |
| train/                   |          |
|    actor_loss            | -17      |
|    critic_loss           | 0.153    |
|    ent_coef              | 0.00886  |
|    ent_coef_loss         | 1.48     |
|    learning_rate         | 0.0002   |
|    n_updates             | 546012   |
---------------------------------------
---------------------------------------
| baseline/                |          |
|    completion_rate       | 0.359    |
|    distance_failure_rate | 0.319    |
|    episodes              | 407      |
|    timeout_rate          | 0.322    |
| rollout/                 |          |
|    ep_len_mean           | 1.23e+03 |
|    ep_rew_mean           | -49.9    |
| time/                    |          |
|    episodes              | 408      |
|    fps                   | 46       |
|    time_elapsed          | 12370    |
|    total_timesteps       | 570568   |
| train/                   |          |
|    actor_loss            | -19.4    |
|    critic_loss           | 0.238    |
|    ent_coef              | 0.0098   |
|    ent_coef_loss         | -0.813   |
|    learning_rate         | 0.0002   |
|    n_updates             | 550564   |
---------------------------------------
---------------------------------------
| baseline/                |          |
|    completion_rate       | 0.355    |
|    distance_failure_rate | 0.326    |
|    episodes              | 411      |
|    timeout_rate          | 0.319    |
| rollout/                 |          |
|    ep_len_mean           | 1.23e+03 |
|    ep_rew_mean           | -50      |
| time/                    |          |
|    episodes              | 412      |
|    fps                   | 46       |
|    time_elapsed          | 12472    |
|    total_timesteps       | 575252   |
| train/                   |          |
|    actor_loss            | -21.9    |
|    critic_loss           | 0.177    |
|    ent_coef              | 0.00979  |
|    ent_coef_loss         | -1.02    |
|    learning_rate         | 0.0002   |
|    n_updates             | 555248   |
---------------------------------------
---------------------------------------
| baseline/                |          |
|    completion_rate       | 0.352    |
|    distance_failure_rate | 0.33     |
|    episodes              | 415      |
|    timeout_rate          | 0.318    |
| rollout/                 |          |
|    ep_len_mean           | 1.2e+03  |
|    ep_rew_mean           | -50.5    |
| time/                    |          |
|    episodes              | 416      |
|    fps                   | 46       |
|    time_elapsed          | 12586    |
|    total_timesteps       | 580453   |
| train/                   |          |
|    actor_loss            | -23.9    |
|    critic_loss           | 0.199    |
|    ent_coef              | 0.0103   |
|    ent_coef_loss         | 0.269    |
|    learning_rate         | 0.0002   |
|    n_updates             | 560452   |
---------------------------------------
---------------------------------------
| baseline/                |          |
|    completion_rate       | 0.348    |
|    distance_failure_rate | 0.334    |
|    episodes              | 419      |
|    timeout_rate          | 0.317    |
| rollout/                 |          |
|    ep_len_mean           | 1.2e+03  |
|    ep_rew_mean           | -50.2    |
| time/                    |          |
|    episodes              | 420      |
|    fps                   | 46       |
|    time_elapsed          | 12693    |
|    total_timesteps       | 585313   |
| train/                   |          |
|    actor_loss            | -27.2    |
|    critic_loss           | 0.225    |
|    ent_coef              | 0.0111   |
|    ent_coef_loss         | 0.241    |
|    learning_rate         | 0.0002   |
|    n_updates             | 565312   |
---------------------------------------
---------------------------------
| rollout/           |          |
|    ep_len_mean     | 1.16e+03 |
|    ep_rew_mean     | -49.6    |
| time/              |          |
|    episodes        | 424      |
|    fps             | 46       |
|    time_elapsed    | 12755    |
|    total_timesteps | 588190   |
| train/             |          |
|    actor_loss      | -26.4    |
|    critic_loss     | 0.294    |
|    ent_coef        | 0.0111   |
|    ent_coef_loss   | 0.477    |
|    learning_rate   | 0.0002   |
|    n_updates       | 568188   |
---------------------------------
---------------------------------------
| baseline/                |          |
|    completion_rate       | 0.344    |
|    distance_failure_rate | 0.344    |
|    episodes              | 425      |
|    timeout_rate          | 0.313    |
| rollout/                 |          |
|    ep_len_mean           | 1.15e+03 |
|    ep_rew_mean           | -49.8    |
| time/                    |          |
|    episodes              | 428      |
|    fps                   | 46       |
|    time_elapsed          | 12863    |
|    total_timesteps       | 593129   |
| train/                   |          |
|    actor_loss            | -28.6    |
|    critic_loss           | 0.309    |
|    ent_coef              | 0.0114   |
|    ent_coef_loss         | -0.0521  |
|    learning_rate         | 0.0002   |
|    n_updates             | 573128   |
---------------------------------------
---------------------------------------
| baseline/                |          |
|    completion_rate       | 0.34     |
|    distance_failure_rate | 0.35     |
|    episodes              | 429      |
|    timeout_rate          | 0.31     |
| rollout/                 |          |
|    ep_len_mean           | 1.16e+03 |
|    ep_rew_mean           | -49.9    |
| time/                    |          |
|    episodes              | 432      |
|    fps                   | 46       |
|    time_elapsed          | 12976    |
|    total_timesteps       | 598309   |
| train/                   |          |
|    actor_loss            | -29.1    |
|    critic_loss           | 0.269    |
|    ent_coef              | 0.0122   |
|    ent_coef_loss         | 0.787    |
|    learning_rate         | 0.0002   |
|    n_updates             | 578308   |
---------------------------------------
---------------------------------------
| baseline/                |          |
|    completion_rate       | 0.337    |
|    distance_failure_rate | 0.356    |
|    episodes              | 433      |
|    timeout_rate          | 0.307    |
| rollout/                 |          |
|    ep_len_mean           | 1.17e+03 |
|    ep_rew_mean           | -50.2    |
| time/                    |          |
|    episodes              | 436      |
|    fps                   | 46       |
|    time_elapsed          | 13065    |
|    total_timesteps       | 602323   |
| train/                   |          |
|    actor_loss            | -30.7    |
|    critic_loss           | 0.287    |
|    ent_coef              | 0.0127   |
|    ent_coef_loss         | 0.378    |
|    learning_rate         | 0.0002   |
|    n_updates             | 582320   |
---------------------------------------
---------------------------------------
| baseline/                |          |
|    completion_rate       | 0.334    |
|    distance_failure_rate | 0.359    |
|    episodes              | 437      |
|    timeout_rate          | 0.307    |
| rollout/                 |          |
|    ep_len_mean           | 1.2e+03  |
|    ep_rew_mean           | -50.7    |
| time/                    |          |
|    episodes              | 440      |
|    fps                   | 46       |
|    time_elapsed          | 13190    |
|    total_timesteps       | 608054   |
| train/                   |          |
|    actor_loss            | -36.3    |
|    critic_loss           | 0.379    |
|    ent_coef              | 0.0145   |
|    ent_coef_loss         | -0.244   |
|    learning_rate         | 0.0002   |
|    n_updates             | 588052   |
---------------------------------------
---------------------------------------
| baseline/                |          |
|    completion_rate       | 0.33     |
|    distance_failure_rate | 0.364    |
|    episodes              | 442      |
|    timeout_rate          | 0.305    |
| rollout/                 |          |
|    ep_len_mean           | 1.18e+03 |
|    ep_rew_mean           | -50.5    |
| time/                    |          |
|    episodes              | 444      |
|    fps                   | 46       |
|    time_elapsed          | 13276    |
|    total_timesteps       | 612009   |
| train/                   |          |
|    actor_loss            | -36.3    |
|    critic_loss           | 0.536    |
|    ent_coef              | 0.0144   |
|    ent_coef_loss         | -0.554   |
|    learning_rate         | 0.0002   |
|    n_updates             | 592008   |
---------------------------------------
---------------------------------------
| baseline/                |          |
|    completion_rate       | 0.327    |
|    distance_failure_rate | 0.371    |
|    episodes              | 447      |
|    timeout_rate          | 0.302    |
| rollout/                 |          |
|    ep_len_mean           | 1.17e+03 |
|    ep_rew_mean           | -50.2    |
| time/                    |          |
|    episodes              | 448      |
|    fps                   | 46       |
|    time_elapsed          | 13353    |
|    total_timesteps       | 615513   |
| train/                   |          |
|    actor_loss            | -38.2    |
|    critic_loss           | 0.456    |
|    ent_coef              | 0.0152   |
|    ent_coef_loss         | -1.21    |
|    learning_rate         | 0.0002   |
|    n_updates             | 595512   |
---------------------------------------
---------------------------------------
| baseline/                |          |
|    completion_rate       | 0.324    |
|    distance_failure_rate | 0.377    |
|    episodes              | 451      |
|    timeout_rate          | 0.299    |
| rollout/                 |          |
|    ep_len_mean           | 1.17e+03 |
|    ep_rew_mean           | -50.2    |
| time/                    |          |
|    episodes              | 452      |
|    fps                   | 46       |
|    time_elapsed          | 13457    |
|    total_timesteps       | 620296   |
| train/                   |          |
|    actor_loss            | -39.3    |
|    critic_loss           | 0.431    |
|    ent_coef              | 0.0162   |
|    ent_coef_loss         | -1.66    |
|    learning_rate         | 0.0002   |
|    n_updates             | 600292   |
---------------------------------------
---------------------------------------
| baseline/                |          |
|    completion_rate       | 0.321    |
|    distance_failure_rate | 0.38     |
|    episodes              | 455      |
|    timeout_rate          | 0.299    |
| rollout/                 |          |
|    ep_len_mean           | 1.17e+03 |
|    ep_rew_mean           | -50      |
| time/                    |          |
|    episodes              | 456      |
|    fps                   | 46       |
|    time_elapsed          | 13573    |
|    total_timesteps       | 625557   |
| train/                   |          |
|    actor_loss            | -43.7    |
|    critic_loss           | 0.599    |
|    ent_coef              | 0.0167   |
|    ent_coef_loss         | 0.788    |
|    learning_rate         | 0.0002   |
|    n_updates             | 605556   |
---------------------------------------
---------------------------------------
| baseline/                |          |
|    completion_rate       | 0.318    |
|    distance_failure_rate | 0.383    |
|    episodes              | 459      |
|    timeout_rate          | 0.298    |
| rollout/                 |          |
|    ep_len_mean           | 1.18e+03 |
|    ep_rew_mean           | -50      |
| time/                    |          |
|    episodes              | 460      |
|    fps                   | 46       |
|    time_elapsed          | 13699    |
|    total_timesteps       | 631292   |
| train/                   |          |
|    actor_loss            | -46.8    |
|    critic_loss           | 0.83     |
|    ent_coef              | 0.0171   |
|    ent_coef_loss         | -0.389   |
|    learning_rate         | 0.0002   |
|    n_updates             | 611288   |
---------------------------------------
---------------------------------------
| baseline/                |          |
|    completion_rate       | 0.315    |
|    distance_failure_rate | 0.389    |
|    episodes              | 463      |
|    timeout_rate          | 0.296    |
| rollout/                 |          |
|    ep_len_mean           | 1.18e+03 |
|    ep_rew_mean           | -50      |
| time/                    |          |
|    episodes              | 464      |
|    fps                   | 46       |
|    time_elapsed          | 13803    |
|    total_timesteps       | 636054   |
| train/                   |          |
|    actor_loss            | -47.1    |
|    critic_loss           | 0.623    |
|    ent_coef              | 0.0177   |
|    ent_coef_loss         | -0.561   |
|    learning_rate         | 0.0002   |
|    n_updates             | 616052   |
---------------------------------------
---------------------------------------
| baseline/                |          |
|    completion_rate       | 0.313    |
|    distance_failure_rate | 0.391    |
|    episodes              | 466      |
|    timeout_rate          | 0.296    |
| rollout/                 |          |
|    ep_len_mean           | 1.19e+03 |
|    ep_rew_mean           | -49.8    |
| time/                    |          |
|    episodes              | 468      |
|    fps                   | 46       |
|    time_elapsed          | 13904    |
|    total_timesteps       | 640624   |
| train/                   |          |
|    actor_loss            | -48.8    |
|    critic_loss           | 0.755    |
|    ent_coef              | 0.0172   |
|    ent_coef_loss         | 0.497    |
|    learning_rate         | 0.0002   |
|    n_updates             | 620620   |
---------------------------------------
---------------------------------------
| baseline/                |          |
|    completion_rate       | 0.31     |
|    distance_failure_rate | 0.395    |
|    episodes              | 471      |
|    timeout_rate          | 0.295    |
| rollout/                 |          |
|    ep_len_mean           | 1.18e+03 |
|    ep_rew_mean           | -49.4    |
| time/                    |          |
|    episodes              | 472      |
|    fps                   | 46       |
|    time_elapsed          | 14010    |
|    total_timesteps       | 645500   |
| train/                   |          |
|    actor_loss            | -46.5    |
|    critic_loss           | 0.629    |
|    ent_coef              | 0.0177   |
|    ent_coef_loss         | -1.03    |
|    learning_rate         | 0.0002   |
|    n_updates             | 625496   |
---------------------------------------
---------------------------------
| rollout/           |          |
|    ep_len_mean     | 1.18e+03 |
|    ep_rew_mean     | -49.5    |
| time/              |          |
|    episodes        | 476      |
|    fps             | 46       |
|    time_elapsed    | 14088    |
|    total_timesteps | 649116   |
| train/             |          |
|    actor_loss      | -49.5    |
|    critic_loss     | 0.739    |
|    ent_coef        | 0.0175   |
|    ent_coef_loss   | -0.384   |
|    learning_rate   | 0.0002   |
|    n_updates       | 629112   |
---------------------------------
---------------------------------------
| baseline/                |          |
|    completion_rate       | 0.307    |
|    distance_failure_rate | 0.401    |
|    episodes              | 476      |
|    timeout_rate          | 0.292    |
| rollout/                 |          |
|    ep_len_mean           | 1.2e+03  |
|    ep_rew_mean           | -49.7    |
| time/                    |          |
|    episodes              | 480      |
|    fps                   | 46       |
|    time_elapsed          | 14198    |
|    total_timesteps       | 654071   |
| train/                   |          |
|    actor_loss            | -46.5    |
|    critic_loss           | 0.795    |
|    ent_coef              | 0.0171   |
|    ent_coef_loss         | -0.736   |
|    learning_rate         | 0.0002   |
|    n_updates             | 634068   |
---------------------------------------
---------------------------------------
| baseline/                |          |
|    completion_rate       | 0.304    |
|    distance_failure_rate | 0.405    |
|    episodes              | 481      |
|    timeout_rate          | 0.291    |
| rollout/                 |          |
|    ep_len_mean           | 1.18e+03 |
|    ep_rew_mean           | -49.4    |
| time/                    |          |
|    episodes              | 484      |
|    fps                   | 46       |
|    time_elapsed          | 14281    |
|    total_timesteps       | 657828   |
| train/                   |          |
|    actor_loss            | -49.5    |
|    critic_loss           | 0.615    |
|    ent_coef              | 0.0172   |
|    ent_coef_loss         | 0.565    |
|    learning_rate         | 0.0002   |
|    n_updates             | 637824   |
---------------------------------------
---------------------------------------
| baseline/                |          |
|    completion_rate       | 0.301    |
|    distance_failure_rate | 0.41     |
|    episodes              | 485      |
|    timeout_rate          | 0.289    |
| rollout/                 |          |
|    ep_len_mean           | 1.19e+03 |
|    ep_rew_mean           | -49.7    |
| time/                    |          |
|    episodes              | 488      |
|    fps                   | 46       |
|    time_elapsed          | 14434    |
|    total_timesteps       | 664088   |
| train/                   |          |
|    actor_loss            | -44.6    |
|    critic_loss           | 0.742    |
|    ent_coef              | 0.017    |
|    ent_coef_loss         | -0.228   |
|    learning_rate         | 0.0002   |
|    n_updates             | 644084   |
---------------------------------------
---------------------------------------
| baseline/                |          |
|    completion_rate       | 0.299    |
|    distance_failure_rate | 0.414    |
|    episodes              | 488      |
|    timeout_rate          | 0.287    |
| rollout/                 |          |
|    ep_len_mean           | 1.21e+03 |
|    ep_rew_mean           | -50.2    |
| time/                    |          |
|    episodes              | 492      |
|    fps                   | 46       |
|    time_elapsed          | 14543    |
|    total_timesteps       | 669027   |
| train/                   |          |
|    actor_loss            | -47.6    |
|    critic_loss           | 0.662    |
|    ent_coef              | 0.0165   |
|    ent_coef_loss         | -0.824   |
|    learning_rate         | 0.0002   |
|    n_updates             | 649024   |
---------------------------------------
---------------------------------------
| baseline/                |          |
|    completion_rate       | 0.297    |
|    distance_failure_rate | 0.419    |
|    episodes              | 492      |
|    timeout_rate          | 0.285    |
| rollout/                 |          |
|    ep_len_mean           | 1.2e+03  |
|    ep_rew_mean           | -49.7    |
| time/                    |          |
|    episodes              | 496      |
|    fps                   | 46       |
|    time_elapsed          | 14652    |
|    total_timesteps       | 674007   |
| train/                   |          |
|    actor_loss            | -44.9    |
|    critic_loss           | 0.868    |
|    ent_coef              | 0.0164   |
|    ent_coef_loss         | -0.95    |
|    learning_rate         | 0.0002   |
|    n_updates             | 654004   |
---------------------------------------
---------------------------------------
| baseline/                |          |
|    completion_rate       | 0.294    |
|    distance_failure_rate | 0.421    |
|    episodes              | 496      |
|    timeout_rate          | 0.284    |
| rollout/                 |          |
|    ep_len_mean           | 1.19e+03 |
|    ep_rew_mean           | -49.5    |
| time/                    |          |
|    episodes              | 500      |
|    fps                   | 45       |
|    time_elapsed          | 14752    |
|    total_timesteps       | 678559   |
| train/                   |          |
|    actor_loss            | -43.2    |
|    critic_loss           | 1.13     |
|    ent_coef              | 0.0164   |
|    ent_coef_loss         | 1.03     |
|    learning_rate         | 0.0002   |
|    n_updates             | 658556   |
---------------------------------------
---------------------------------------
| baseline/                |          |
|    completion_rate       | 0.291    |
|    distance_failure_rate | 0.427    |
|    episodes              | 501      |
|    timeout_rate          | 0.281    |
| rollout/                 |          |
|    ep_len_mean           | 1.18e+03 |
|    ep_rew_mean           | -49.7    |
| time/                    |          |
|    episodes              | 504      |
|    fps                   | 45       |
|    time_elapsed          | 14878    |
|    total_timesteps       | 684321   |
| train/                   |          |
|    actor_loss            | -42      |
|    critic_loss           | 0.708    |
|    ent_coef              | 0.0173   |
|    ent_coef_loss         | -0.733   |
|    learning_rate         | 0.0002   |
|    n_updates             | 664320   |
---------------------------------------
---------------------------------------
| baseline/                |          |
|    completion_rate       | 0.29     |
|    distance_failure_rate | 0.429    |
|    episodes              | 504      |
|    timeout_rate          | 0.282    |
| rollout/                 |          |
|    ep_len_mean           | 1.18e+03 |
|    ep_rew_mean           | -49.5    |
| time/                    |          |
|    episodes              | 508      |
|    fps                   | 45       |
|    time_elapsed          | 14971    |
|    total_timesteps       | 688575   |
| train/                   |          |
|    actor_loss            | -44.3    |
|    critic_loss           | 0.906    |
|    ent_coef              | 0.0173   |
|    ent_coef_loss         | 0.451    |
|    learning_rate         | 0.0002   |
|    n_updates             | 668572   |
---------------------------------------
---------------------------------------
| baseline/                |          |
|    completion_rate       | 0.287    |
|    distance_failure_rate | 0.434    |
|    episodes              | 509      |
|    timeout_rate          | 0.279    |
| rollout/                 |          |
|    ep_len_mean           | 1.18e+03 |
|    ep_rew_mean           | -49.2    |
| time/                    |          |
|    episodes              | 512      |
|    fps                   | 45       |
|    time_elapsed          | 15067    |
|    total_timesteps       | 692951   |
| train/                   |          |
|    actor_loss            | -41.9    |
|    critic_loss           | 1.1      |
|    ent_coef              | 0.0182   |
|    ent_coef_loss         | 0.737    |
|    learning_rate         | 0.0002   |
|    n_updates             | 672948   |
---------------------------------------
---------------------------------------
| baseline/                |          |
|    completion_rate       | 0.285    |
|    distance_failure_rate | 0.437    |
|    episodes              | 513      |
|    timeout_rate          | 0.279    |
| rollout/                 |          |
|    ep_len_mean           | 1.18e+03 |
|    ep_rew_mean           | -49      |
| time/                    |          |
|    episodes              | 516      |
|    fps                   | 45       |
|    time_elapsed          | 15180    |
|    total_timesteps       | 698048   |
| train/                   |          |
|    actor_loss            | -46.7    |
|    critic_loss           | 1.04     |
|    ent_coef              | 0.0192   |
|    ent_coef_loss         | -0.1     |
|    learning_rate         | 0.0002   |
|    n_updates             | 678044   |
---------------------------------------
---------------------------------------
| baseline/                |          |
|    completion_rate       | 0.282    |
|    distance_failure_rate | 0.439    |
|    episodes              | 517      |
|    timeout_rate          | 0.279    |
| rollout/                 |          |
|    ep_len_mean           | 1.18e+03 |
|    ep_rew_mean           | -49.2    |
| time/                    |          |
|    episodes              | 520      |
|    fps                   | 45       |
|    time_elapsed          | 15294    |
|    total_timesteps       | 703275   |
| train/                   |          |
|    actor_loss            | -46.3    |
|    critic_loss           | 1.04     |
|    ent_coef              | 0.0203   |
|    ent_coef_loss         | 0.723    |
|    learning_rate         | 0.0002   |
|    n_updates             | 683272   |
---------------------------------------
---------------------------------------
| baseline/                |          |
|    completion_rate       | 0.279    |
|    distance_failure_rate | 0.442    |
|    episodes              | 523      |
|    timeout_rate          | 0.279    |
| rollout/                 |          |
|    ep_len_mean           | 1.22e+03 |
|    ep_rew_mean           | -49.8    |
| time/                    |          |
|    episodes              | 524      |
|    fps                   | 45       |
|    time_elapsed          | 15456    |
|    total_timesteps       | 710591   |
| train/                   |          |
|    actor_loss            | -49.5    |
|    critic_loss           | 1.13     |
|    ent_coef              | 0.0204   |
|    ent_coef_loss         | -0.163   |
|    learning_rate         | 0.0002   |
|    n_updates             | 690588   |
---------------------------------------
---------------------------------
| rollout/           |          |
|    ep_len_mean     | 1.22e+03 |
|    ep_rew_mean     | -49.6    |
| time/              |          |
|    episodes        | 528      |
|    fps             | 45       |
|    time_elapsed    | 15551    |
|    total_timesteps | 714945   |
| train/             |          |
|    actor_loss      | -51.2    |
|    critic_loss     | 1.31     |
|    ent_coef        | 0.0206   |
|    ent_coef_loss   | 0.398    |
|    learning_rate   | 0.0002   |
|    n_updates       | 694944   |
---------------------------------
---------------------------------------
| baseline/                |          |
|    completion_rate       | 0.277    |
|    distance_failure_rate | 0.447    |
|    episodes              | 528      |
|    timeout_rate          | 0.277    |
| rollout/                 |          |
|    ep_len_mean           | 1.21e+03 |
|    ep_rew_mean           | -49.5    |
| time/                    |          |
|    episodes              | 532      |
|    fps                   | 45       |
|    time_elapsed          | 15659    |
|    total_timesteps       | 719780   |
| train/                   |          |
|    actor_loss            | -46.3    |
|    critic_loss           | 1.16     |
|    ent_coef              | 0.0201   |
|    ent_coef_loss         | -1.25    |
|    learning_rate         | 0.0002   |
|    n_updates             | 699776   |
---------------------------------------
---------------------------------------
| baseline/                |          |
|    completion_rate       | 0.273    |
|    distance_failure_rate | 0.449    |
|    episodes              | 534      |
|    timeout_rate          | 0.277    |
| rollout/                 |          |
|    ep_len_mean           | 1.25e+03 |
|    ep_rew_mean           | -50      |
| time/                    |          |
|    episodes              | 536      |
|    fps                   | 45       |
|    time_elapsed          | 15831    |
|    total_timesteps       | 727606   |
| train/                   |          |
|    actor_loss            | -53.8    |
|    critic_loss           | 1.19     |
|    ent_coef              | 0.0192   |
|    ent_coef_loss         | 0.879    |
|    learning_rate         | 0.0002   |
|    n_updates             | 707604   |
---------------------------------------
---------------------------------------
| baseline/                |          |
|    completion_rate       | 0.271    |
|    distance_failure_rate | 0.454    |
|    episodes              | 538      |
|    timeout_rate          | 0.275    |
| rollout/                 |          |
|    ep_len_mean           | 1.24e+03 |
|    ep_rew_mean           | -50.1    |
| time/                    |          |
|    episodes              | 540      |
|    fps                   | 45       |
|    time_elapsed          | 15932    |
|    total_timesteps       | 732282   |
| train/                   |          |
|    actor_loss            | -46      |
|    critic_loss           | 1.33     |
|    ent_coef              | 0.0184   |
|    ent_coef_loss         | -2.09    |
|    learning_rate         | 0.0002   |
|    n_updates             | 712280   |
---------------------------------------
---------------------------------------
| baseline/                |          |
|    completion_rate       | 0.27     |
|    distance_failure_rate | 0.457    |
|    episodes              | 541      |
|    timeout_rate          | 0.274    |
| rollout/                 |          |
|    ep_len_mean           | 1.26e+03 |
|    ep_rew_mean           | -49.8    |
| time/                    |          |
|    episodes              | 544      |
|    fps                   | 45       |
|    time_elapsed          | 16055    |
|    total_timesteps       | 737916   |
| train/                   |          |
|    actor_loss            | -46.3    |
|    critic_loss           | 1.25     |
|    ent_coef              | 0.0179   |
|    ent_coef_loss         | -0.593   |
|    learning_rate         | 0.0002   |
|    n_updates             | 717912   |
---------------------------------------
---------------------------------------
| baseline/                |          |
|    completion_rate       | 0.268    |
|    distance_failure_rate | 0.457    |
|    episodes              | 545      |
|    timeout_rate          | 0.275    |
| rollout/                 |          |
|    ep_len_mean           | 1.29e+03 |
|    ep_rew_mean           | -50.1    |
| time/                    |          |
|    episodes              | 548      |
|    fps                   | 45       |
|    time_elapsed          | 16207    |
|    total_timesteps       | 744832   |
| train/                   |          |
|    actor_loss            | -50.5    |
|    critic_loss           | 1.31     |
|    ent_coef              | 0.0171   |
|    ent_coef_loss         | 0.96     |
|    learning_rate         | 0.0002   |
|    n_updates             | 724828   |
---------------------------------------
---------------------------------------
| baseline/                |          |
|    completion_rate       | 0.265    |
|    distance_failure_rate | 0.457    |
|    episodes              | 551      |
|    timeout_rate          | 0.278    |
| rollout/                 |          |
|    ep_len_mean           | 1.31e+03 |
|    ep_rew_mean           | -50      |
| time/                    |          |
|    episodes              | 552      |
|    fps                   | 45       |
|    time_elapsed          | 16344    |
|    total_timesteps       | 751082   |
| train/                   |          |
|    actor_loss            | -47.6    |
|    critic_loss           | 0.998    |
|    ent_coef              | 0.0164   |
|    ent_coef_loss         | -0.0671  |
|    learning_rate         | 0.0002   |
|    n_updates             | 731080   |
---------------------------------------
---------------------------------------
| baseline/                |          |
|    completion_rate       | 0.264    |
|    distance_failure_rate | 0.456    |
|    episodes              | 553      |
|    timeout_rate          | 0.28     |
| rollout/                 |          |
|    ep_len_mean           | 1.33e+03 |
|    ep_rew_mean           | -50      |
| time/                    |          |
|    episodes              | 556      |
|    fps                   | 45       |
|    time_elapsed          | 16506    |
|    total_timesteps       | 758449   |
| train/                   |          |
|    actor_loss            | -39.9    |
|    critic_loss           | 0.901    |
|    ent_coef              | 0.0152   |
|    ent_coef_loss         | -0.456   |
|    learning_rate         | 0.0002   |
|    n_updates             | 738448   |
---------------------------------------
---------------------------------------
| baseline/                |          |
|    completion_rate       | 0.262    |
|    distance_failure_rate | 0.456    |
|    episodes              | 557      |
|    timeout_rate          | 0.282    |
| rollout/                 |          |
|    ep_len_mean           | 1.33e+03 |
|    ep_rew_mean           | -49.8    |
| time/                    |          |
|    episodes              | 560      |
|    fps                   | 45       |
|    time_elapsed          | 16633    |
|    total_timesteps       | 764161   |
| train/                   |          |
|    actor_loss            | -39.6    |
|    critic_loss           | 0.967    |
|    ent_coef              | 0.0143   |
|    ent_coef_loss         | -0.397   |
|    learning_rate         | 0.0002   |
|    n_updates             | 744160   |
---------------------------------------
---------------------------------------
| baseline/                |          |
|    completion_rate       | 0.259    |
|    distance_failure_rate | 0.456    |
|    episodes              | 563      |
|    timeout_rate          | 0.284    |
| rollout/                 |          |
|    ep_len_mean           | 1.35e+03 |
|    ep_rew_mean           | -49.5    |
| time/                    |          |
|    episodes              | 564      |
|    fps                   | 45       |
|    time_elapsed          | 16785    |
|    total_timesteps       | 771094   |
| train/                   |          |
|    actor_loss            | -40.7    |
|    critic_loss           | 0.713    |
|    ent_coef              | 0.0131   |
|    ent_coef_loss         | 1.76     |
|    learning_rate         | 0.0002   |
|    n_updates             | 751092   |
---------------------------------------
---------------------------------------
| baseline/                |          |
|    completion_rate       | 0.258    |
|    distance_failure_rate | 0.458    |
|    episodes              | 566      |
|    timeout_rate          | 0.284    |
| rollout/                 |          |
|    ep_len_mean           | 1.37e+03 |
|    ep_rew_mean           | -50      |
| time/                    |          |
|    episodes              | 568      |
|    fps                   | 45       |
|    time_elapsed          | 16929    |
|    total_timesteps       | 777675   |
| train/                   |          |
|    actor_loss            | -35.8    |
|    critic_loss           | 0.6      |
|    ent_coef              | 0.0119   |
|    ent_coef_loss         | 0.0549   |
|    learning_rate         | 0.0002   |
|    n_updates             | 757672   |
---------------------------------------
---------------------------------------
| baseline/                |          |
|    completion_rate       | 0.257    |
|    distance_failure_rate | 0.457    |
|    episodes              | 569      |
|    timeout_rate          | 0.286    |
| rollout/                 |          |
|    ep_len_mean           | 1.39e+03 |
|    ep_rew_mean           | -50.3    |
| time/                    |          |
|    episodes              | 572      |
|    fps                   | 45       |
|    time_elapsed          | 17076    |
|    total_timesteps       | 784355   |
| train/                   |          |
|    actor_loss            | -31.8    |
|    critic_loss           | 0.671    |
|    ent_coef              | 0.011    |
|    ent_coef_loss         | -0.207   |
|    learning_rate         | 0.0002   |
|    n_updates             | 764352   |
---------------------------------------
---------------------------------------
| baseline/                |          |
|    completion_rate       | 0.255    |
|    distance_failure_rate | 0.456    |
|    episodes              | 572      |
|    timeout_rate          | 0.288    |
| rollout/                 |          |
|    ep_len_mean           | 1.4e+03  |
|    ep_rew_mean           | -50.5    |
| time/                    |          |
|    episodes              | 576      |
|    fps                   | 45       |
|    time_elapsed          | 17187    |
|    total_timesteps       | 789381   |
| train/                   |          |
|    actor_loss            | -29      |
|    critic_loss           | 0.486    |
|    ent_coef              | 0.0105   |
|    ent_coef_loss         | -1.54    |
|    learning_rate         | 0.0002   |
|    n_updates             | 769380   |
---------------------------------------
---------------------------------------
| baseline/                |          |
|    completion_rate       | 0.253    |
|    distance_failure_rate | 0.458    |
|    episodes              | 576      |
|    timeout_rate          | 0.288    |
| rollout/                 |          |
|    ep_len_mean           | 1.41e+03 |
|    ep_rew_mean           | -50.8    |
| time/                    |          |
|    episodes              | 580      |
|    fps                   | 45       |
|    time_elapsed          | 17300    |
|    total_timesteps       | 794590   |
| train/                   |          |
|    actor_loss            | -27.5    |
|    critic_loss           | 0.576    |
|    ent_coef              | 0.0101   |
|    ent_coef_loss         | -0.0147  |
|    learning_rate         | 0.0002   |
|    n_updates             | 774588   |
---------------------------------------
---------------------------------------
| baseline/                |          |
|    completion_rate       | 0.25     |
|    distance_failure_rate | 0.465    |
|    episodes              | 583      |
|    timeout_rate          | 0.285    |
| rollout/                 |          |
|    ep_len_mean           | 1.44e+03 |
|    ep_rew_mean           | -51.4    |
| time/                    |          |
|    episodes              | 584      |
|    fps                   | 45       |
|    time_elapsed          | 17459    |
|    total_timesteps       | 801702   |
| train/                   |          |
|    actor_loss            | -23.7    |
|    critic_loss           | 0.508    |
|    ent_coef              | 0.00937  |
|    ent_coef_loss         | 1.25     |
|    learning_rate         | 0.0002   |
|    n_updates             | 781700   |
---------------------------------------
---------------------------------------
| baseline/                |          |
|    completion_rate       | 0.249    |
|    distance_failure_rate | 0.466    |
|    episodes              | 586      |
|    timeout_rate          | 0.285    |
| rollout/                 |          |
|    ep_len_mean           | 1.43e+03 |
|    ep_rew_mean           | -51      |
| time/                    |          |
|    episodes              | 588      |
|    fps                   | 45       |
|    time_elapsed          | 17576    |
|    total_timesteps       | 807062   |
| train/                   |          |
|    actor_loss            | -22.9    |
|    critic_loss           | 0.351    |
|    ent_coef              | 0.0091   |
|    ent_coef_loss         | -1.76    |
|    learning_rate         | 0.0002   |
|    n_updates             | 787060   |
---------------------------------------
---------------------------------------
| baseline/                |          |
|    completion_rate       | 0.248    |
|    distance_failure_rate | 0.467    |
|    episodes              | 589      |
|    timeout_rate          | 0.285    |
| rollout/                 |          |
|    ep_len_mean           | 1.44e+03 |
|    ep_rew_mean           | -51.1    |
| time/                    |          |
|    episodes              | 592      |
|    fps                   | 45       |
|    time_elapsed          | 17700    |
|    total_timesteps       | 812745   |
| train/                   |          |
|    actor_loss            | -20.9    |
|    critic_loss           | 0.33     |
|    ent_coef              | 0.00861  |
|    ent_coef_loss         | 0.686    |
|    learning_rate         | 0.0002   |
|    n_updates             | 792744   |
---------------------------------------
---------------------------------------
| baseline/                |          |
|    completion_rate       | 0.246    |
|    distance_failure_rate | 0.471    |
|    episodes              | 594      |
|    timeout_rate          | 0.283    |
| rollout/                 |          |
|    ep_len_mean           | 1.42e+03 |
|    ep_rew_mean           | -51      |
| time/                    |          |
|    episodes              | 596      |
|    fps                   | 45       |
|    time_elapsed          | 17776    |
|    total_timesteps       | 816244   |
| train/                   |          |
|    actor_loss            | -19.5    |
|    critic_loss           | 0.33     |
|    ent_coef              | 0.00847  |
|    ent_coef_loss         | -0.891   |
|    learning_rate         | 0.0002   |
|    n_updates             | 796240   |
---------------------------------------
---------------------------------------
| baseline/                |          |
|    completion_rate       | 0.244    |
|    distance_failure_rate | 0.475    |
|    episodes              | 598      |
|    timeout_rate          | 0.281    |
| rollout/                 |          |
|    ep_len_mean           | 1.44e+03 |
|    ep_rew_mean           | -51.3    |
| time/                    |          |
|    episodes              | 600      |
|    fps                   | 45       |
|    time_elapsed          | 17918    |
|    total_timesteps       | 822701   |
| train/                   |          |
|    actor_loss            | -19.5    |
|    critic_loss           | 0.243    |
|    ent_coef              | 0.00814  |
|    ent_coef_loss         | 0.468    |
|    learning_rate         | 0.0002   |
|    n_updates             | 802700   |
---------------------------------------
---------------------------------------
| baseline/                |          |
|    completion_rate       | 0.243    |
|    distance_failure_rate | 0.474    |
|    episodes              | 601      |
|    timeout_rate          | 0.283    |
| rollout/                 |          |
|    ep_len_mean           | 1.45e+03 |
|    ep_rew_mean           | -51.2    |
| time/                    |          |
|    episodes              | 604      |
|    fps                   | 45       |
|    time_elapsed          | 18054    |
|    total_timesteps       | 828872   |
| train/                   |          |
|    actor_loss            | -16.2    |
|    critic_loss           | 0.277    |
|    ent_coef              | 0.00775  |
|    ent_coef_loss         | -1.41    |
|    learning_rate         | 0.0002   |
|    n_updates             | 808868   |
---------------------------------------
---------------------------------------
| baseline/                |          |
|    completion_rate       | 0.242    |
|    distance_failure_rate | 0.475    |
|    episodes              | 604      |
|    timeout_rate          | 0.283    |
| rollout/                 |          |
|    ep_len_mean           | 1.46e+03 |
|    ep_rew_mean           | -51.1    |
| time/                    |          |
|    episodes              | 608      |
|    fps                   | 45       |
|    time_elapsed          | 18179    |
|    total_timesteps       | 834576   |
| train/                   |          |
|    actor_loss            | -15.9    |
|    critic_loss           | 0.242    |
|    ent_coef              | 0.00713  |
|    ent_coef_loss         | -0.31    |
|    learning_rate         | 0.0002   |
|    n_updates             | 814572   |
---------------------------------------
---------------------------------------
| baseline/                |          |
|    completion_rate       | 0.24     |
|    distance_failure_rate | 0.477    |
|    episodes              | 608      |
|    timeout_rate          | 0.283    |
| rollout/                 |          |
|    ep_len_mean           | 1.46e+03 |
|    ep_rew_mean           | -51.5    |
| time/                    |          |
|    episodes              | 612      |
|    fps                   | 45       |
|    time_elapsed          | 18278    |
|    total_timesteps       | 839098   |
| train/                   |          |
|    actor_loss            | -14.8    |
|    critic_loss           | 0.334    |
|    ent_coef              | 0.00705  |
|    ent_coef_loss         | -0.388   |
|    learning_rate         | 0.0002   |
|    n_updates             | 819096   |
---------------------------------------
---------------------------------------
| baseline/                |          |
|    completion_rate       | 0.239    |
|    distance_failure_rate | 0.48     |
|    episodes              | 612      |
|    timeout_rate          | 0.281    |
| rollout/                 |          |
|    ep_len_mean           | 1.47e+03 |
|    ep_rew_mean           | -51.3    |
| time/                    |          |
|    episodes              | 616      |
|    fps                   | 45       |
|    time_elapsed          | 18402    |
|    total_timesteps       | 844714   |
| train/                   |          |
|    actor_loss            | -14.2    |
|    critic_loss           | 0.217    |
|    ent_coef              | 0.00687  |
|    ent_coef_loss         | -0.143   |
|    learning_rate         | 0.0002   |
|    n_updates             | 824712   |
---------------------------------------
---------------------------------------
| baseline/                |          |
|    completion_rate       | 0.237    |
|    distance_failure_rate | 0.481    |
|    episodes              | 616      |
|    timeout_rate          | 0.282    |
| rollout/                 |          |
|    ep_len_mean           | 1.46e+03 |
|    ep_rew_mean           | -51.2    |
| time/                    |          |
|    episodes              | 620      |
|    fps                   | 45       |
|    time_elapsed          | 18511    |
|    total_timesteps       | 849697   |
| train/                   |          |
|    actor_loss            | -13.4    |
|    critic_loss           | 0.153    |
|    ent_coef              | 0.00652  |
|    ent_coef_loss         | 0.615    |
|    learning_rate         | 0.0002   |
|    n_updates             | 829696   |
---------------------------------------
---------------------------------------
| baseline/                |          |
|    completion_rate       | 0.234    |
|    distance_failure_rate | 0.486    |
|    episodes              | 623      |
|    timeout_rate          | 0.279    |
| rollout/                 |          |
|    ep_len_mean           | 1.44e+03 |
|    ep_rew_mean           | -51.1    |
| time/                    |          |
|    episodes              | 624      |
|    fps                   | 45       |
|    time_elapsed          | 18628    |
|    total_timesteps       | 855036   |
| train/                   |          |
|    actor_loss            | -12.4    |
|    critic_loss           | 0.163    |
|    ent_coef              | 0.00627  |
|    ent_coef_loss         | -0.13    |
|    learning_rate         | 0.0002   |
|    n_updates             | 835032   |
---------------------------------------
---------------------------------
| rollout/           |          |
|    ep_len_mean     | 1.44e+03 |
|    ep_rew_mean     | -51.2    |
| time/              |          |
|    episodes        | 628      |
|    fps             | 45       |
|    time_elapsed    | 18724    |
|    total_timesteps | 859427   |
| train/             |          |
|    actor_loss      | -11.1    |
|    critic_loss     | 0.144    |
|    ent_coef        | 0.00593  |
|    ent_coef_loss   | 0.763    |
|    learning_rate   | 0.0002   |
|    n_updates       | 839424   |
---------------------------------
---------------------------------------
| baseline/                |          |
|    completion_rate       | 0.231    |
|    distance_failure_rate | 0.491    |
|    episodes              | 631      |
|    timeout_rate          | 0.277    |
| rollout/                 |          |
|    ep_len_mean           | 1.45e+03 |
|    ep_rew_mean           | -51.3    |
| time/                    |          |
|    episodes              | 632      |
|    fps                   | 45       |
|    time_elapsed          | 18854    |
|    total_timesteps       | 865247   |
| train/                   |          |
|    actor_loss            | -11.3    |
|    critic_loss           | 0.201    |
|    ent_coef              | 0.00574  |
|    ent_coef_loss         | -0.219   |
|    learning_rate         | 0.0002   |
|    n_updates             | 845244   |
---------------------------------------
---------------------------------------
| baseline/                |          |
|    completion_rate       | 0.23     |
|    distance_failure_rate | 0.494    |
|    episodes              | 635      |
|    timeout_rate          | 0.276    |
| rollout/                 |          |
|    ep_len_mean           | 1.43e+03 |
|    ep_rew_mean           | -50.8    |
| time/                    |          |
|    episodes              | 636      |
|    fps                   | 45       |
|    time_elapsed          | 18969    |
|    total_timesteps       | 870446   |
| train/                   |          |
|    actor_loss            | -10.5    |
|    critic_loss           | 0.149    |
|    ent_coef              | 0.00541  |
|    ent_coef_loss         | 0.207    |
|    learning_rate         | 0.0002   |
|    n_updates             | 850444   |
---------------------------------------
---------------------------------------
| baseline/                |          |
|    completion_rate       | 0.229    |
|    distance_failure_rate | 0.494    |
|    episodes              | 638      |
|    timeout_rate          | 0.277    |
| rollout/                 |          |
|    ep_len_mean           | 1.44e+03 |
|    ep_rew_mean           | -51      |
| time/                    |          |
|    episodes              | 640      |
|    fps                   | 45       |
|    time_elapsed          | 19104    |
|    total_timesteps       | 876641   |
| train/                   |          |
|    actor_loss            | -9.59    |
|    critic_loss           | 0.105    |
|    ent_coef              | 0.00509  |
|    ent_coef_loss         | 0.011    |
|    learning_rate         | 0.0002   |
|    n_updates             | 856640   |
---------------------------------------
---------------------------------------
| baseline/                |          |
|    completion_rate       | 0.227    |
|    distance_failure_rate | 0.497    |
|    episodes              | 642      |
|    timeout_rate          | 0.276    |
| rollout/                 |          |
|    ep_len_mean           | 1.44e+03 |
|    ep_rew_mean           | -51.5    |
| time/                    |          |
|    episodes              | 644      |
|    fps                   | 45       |
|    time_elapsed          | 19211    |
|    total_timesteps       | 881480   |
| train/                   |          |
|    actor_loss            | -8.7     |
|    critic_loss           | 0.193    |
|    ent_coef              | 0.00503  |
|    ent_coef_loss         | -0.309   |
|    learning_rate         | 0.0002   |
|    n_updates             | 861476   |
---------------------------------------
---------------------------------------
| baseline/                |          |
|    completion_rate       | 0.226    |
|    distance_failure_rate | 0.5      |
|    episodes              | 646      |
|    timeout_rate          | 0.274    |
| rollout/                 |          |
|    ep_len_mean           | 1.42e+03 |
|    ep_rew_mean           | -51.7    |
| time/                    |          |
|    episodes              | 648      |
|    fps                   | 45       |
|    time_elapsed          | 19327    |
|    total_timesteps       | 886668   |
| train/                   |          |
|    actor_loss            | -7.3     |
|    critic_loss           | 0.1      |
|    ent_coef              | 0.00478  |
|    ent_coef_loss         | -0.655   |
|    learning_rate         | 0.0002   |
|    n_updates             | 866664   |
---------------------------------------
---------------------------------------
| baseline/                |          |
|    completion_rate       | 0.224    |
|    distance_failure_rate | 0.504    |
|    episodes              | 651      |
|    timeout_rate          | 0.272    |
| rollout/                 |          |
|    ep_len_mean           | 1.4e+03  |
|    ep_rew_mean           | -51.7    |
| time/                    |          |
|    episodes              | 652      |
|    fps                   | 45       |
|    time_elapsed          | 19413    |
|    total_timesteps       | 890582   |
| train/                   |          |
|    actor_loss            | -7.52    |
|    critic_loss           | 0.0916   |
|    ent_coef              | 0.00455  |
|    ent_coef_loss         | -1.6     |
|    learning_rate         | 0.0002   |
|    n_updates             | 870580   |
---------------------------------------
---------------------------------------
| baseline/                |          |
|    completion_rate       | 0.223    |
|    distance_failure_rate | 0.505    |
|    episodes              | 654      |
|    timeout_rate          | 0.272    |
| rollout/                 |          |
|    ep_len_mean           | 1.38e+03 |
|    ep_rew_mean           | -51.9    |
| time/                    |          |
|    episodes              | 656      |
|    fps                   | 45       |
|    time_elapsed          | 19547    |
|    total_timesteps       | 896739   |
| train/                   |          |
|    actor_loss            | -5.65    |
|    critic_loss           | 0.111    |
|    ent_coef              | 0.00455  |
|    ent_coef_loss         | -1.7     |
|    learning_rate         | 0.0002   |
|    n_updates             | 876736   |
---------------------------------------
---------------------------------------
| baseline/                |          |
|    completion_rate       | 0.222    |
|    distance_failure_rate | 0.507    |
|    episodes              | 659      |
|    timeout_rate          | 0.272    |
| rollout/                 |          |
|    ep_len_mean           | 1.36e+03 |
|    ep_rew_mean           | -51.6    |
| time/                    |          |
|    episodes              | 660      |
|    fps                   | 45       |
|    time_elapsed          | 19628    |
|    total_timesteps       | 900483   |
| train/                   |          |
|    actor_loss            | -5.21    |
|    critic_loss           | 0.132    |
|    ent_coef              | 0.00433  |
|    ent_coef_loss         | -0.339   |
|    learning_rate         | 0.0002   |
|    n_updates             | 880480   |
---------------------------------------
---------------------------------------
| baseline/                |          |
|    completion_rate       | 0.221    |
|    distance_failure_rate | 0.509    |
|    episodes              | 662      |
|    timeout_rate          | 0.27     |
| rollout/                 |          |
|    ep_len_mean           | 1.35e+03 |
|    ep_rew_mean           | -52.2    |
| time/                    |          |
|    episodes              | 664      |
|    fps                   | 45       |
|    time_elapsed          | 19760    |
|    total_timesteps       | 906458   |
| train/                   |          |
|    actor_loss            | -5.17    |
|    critic_loss           | 0.107    |
|    ent_coef              | 0.00414  |
|    ent_coef_loss         | 0.339    |
|    learning_rate         | 0.0002   |
|    n_updates             | 886456   |
---------------------------------------
---------------------------------------
| baseline/                |          |
|    completion_rate       | 0.219    |
|    distance_failure_rate | 0.511    |
|    episodes              | 666      |
|    timeout_rate          | 0.27     |
| rollout/                 |          |
|    ep_len_mean           | 1.34e+03 |
|    ep_rew_mean           | -52      |
| time/                    |          |
|    episodes              | 668      |
|    fps                   | 45       |
|    time_elapsed          | 19882    |
|    total_timesteps       | 911999   |
| train/                   |          |
|    actor_loss            | -4.87    |
|    critic_loss           | 0.108    |
|    ent_coef              | 0.00404  |
|    ent_coef_loss         | -2.5     |
|    learning_rate         | 0.0002   |
|    n_updates             | 891996   |
---------------------------------------
---------------------------------------
| baseline/                |          |
|    completion_rate       | 0.218    |
|    distance_failure_rate | 0.513    |
|    episodes              | 670      |
|    timeout_rate          | 0.269    |
| rollout/                 |          |
|    ep_len_mean           | 1.34e+03 |
|    ep_rew_mean           | -52.2    |
| time/                    |          |
|    episodes              | 672      |
|    fps                   | 45       |
|    time_elapsed          | 20020    |
|    total_timesteps       | 918308   |
| train/                   |          |
|    actor_loss            | -4.39    |
|    critic_loss           | 0.103    |
|    ent_coef              | 0.00393  |
|    ent_coef_loss         | 0.919    |
|    learning_rate         | 0.0002   |
|    n_updates             | 898304   |
---------------------------------------
---------------------------------------
| baseline/                |          |
|    completion_rate       | 0.217    |
|    distance_failure_rate | 0.514    |
|    episodes              | 673      |
|    timeout_rate          | 0.269    |
| rollout/                 |          |
|    ep_len_mean           | 1.34e+03 |
|    ep_rew_mean           | -52.3    |
| time/                    |          |
|    episodes              | 676      |
|    fps                   | 45       |
|    time_elapsed          | 20133    |
|    total_timesteps       | 923418   |
| train/                   |          |
|    actor_loss            | -3.99    |
|    critic_loss           | 0.0654   |
|    ent_coef              | 0.00388  |
|    ent_coef_loss         | -0.91    |
|    learning_rate         | 0.0002   |
|    n_updates             | 903416   |
---------------------------------------
---------------------------------------
| baseline/                |          |
|    completion_rate       | 0.216    |
|    distance_failure_rate | 0.515    |
|    episodes              | 676      |
|    timeout_rate          | 0.269    |
| rollout/                 |          |
|    ep_len_mean           | 1.34e+03 |
|    ep_rew_mean           | -52.2    |
| time/                    |          |
|    episodes              | 680      |
|    fps                   | 45       |
|    time_elapsed          | 20252    |
|    total_timesteps       | 928881   |
| train/                   |          |
|    actor_loss            | -4.31    |
|    critic_loss           | 0.067    |
|    ent_coef              | 0.00381  |
|    ent_coef_loss         | 0.733    |
|    learning_rate         | 0.0002   |
|    n_updates             | 908880   |
---------------------------------------
---------------------------------------
| baseline/                |          |
|    completion_rate       | 0.214    |
|    distance_failure_rate | 0.518    |
|    episodes              | 681      |
|    timeout_rate          | 0.267    |
| rollout/                 |          |
|    ep_len_mean           | 1.32e+03 |
|    ep_rew_mean           | -51.9    |
| time/                    |          |
|    episodes              | 684      |
|    fps                   | 45       |
|    time_elapsed          | 20349    |
|    total_timesteps       | 933282   |
| train/                   |          |
|    actor_loss            | -3.04    |
|    critic_loss           | 0.0909   |
|    ent_coef              | 0.00369  |
|    ent_coef_loss         | -0.94    |
|    learning_rate         | 0.0002   |
|    n_updates             | 913280   |
---------------------------------------
---------------------------------------
| baseline/                |          |
|    completion_rate       | 0.213    |
|    distance_failure_rate | 0.52     |
|    episodes              | 684      |
|    timeout_rate          | 0.266    |
| rollout/                 |          |
|    ep_len_mean           | 1.33e+03 |
|    ep_rew_mean           | -52.1    |
| time/                    |          |
|    episodes              | 688      |
|    fps                   | 45       |
|    time_elapsed          | 20493    |
|    total_timesteps       | 939857   |
| train/                   |          |
|    actor_loss            | -3.19    |
|    critic_loss           | 0.0595   |
|    ent_coef              | 0.00359  |
|    ent_coef_loss         | 2.53     |
|    learning_rate         | 0.0002   |
|    n_updates             | 919856   |
---------------------------------------
---------------------------------------
| baseline/                |          |
|    completion_rate       | 0.211    |
|    distance_failure_rate | 0.524    |
|    episodes              | 691      |
|    timeout_rate          | 0.265    |
| rollout/                 |          |
|    ep_len_mean           | 1.33e+03 |
|    ep_rew_mean           | -52.2    |
| time/                    |          |
|    episodes              | 692      |
|    fps                   | 45       |
|    time_elapsed          | 20620    |
|    total_timesteps       | 945605   |
| train/                   |          |
|    actor_loss            | -2.15    |
|    critic_loss           | 0.0563   |
|    ent_coef              | 0.00352  |
|    ent_coef_loss         | 0.0743   |
|    learning_rate         | 0.0002   |
|    n_updates             | 925604   |
---------------------------------------
---------------------------------------
| baseline/                |          |
|    completion_rate       | 0.21     |
|    distance_failure_rate | 0.526    |
|    episodes              | 694      |
|    timeout_rate          | 0.264    |
| rollout/                 |          |
|    ep_len_mean           | 1.35e+03 |
|    ep_rew_mean           | -52.7    |
| time/                    |          |
|    episodes              | 696      |
|    fps                   | 45       |
|    time_elapsed          | 20747    |
|    total_timesteps       | 951345   |
| train/                   |          |
|    actor_loss            | -2.5     |
|    critic_loss           | 0.0438   |
|    ent_coef              | 0.00345  |
|    ent_coef_loss         | 0.535    |
|    learning_rate         | 0.0002   |
|    n_updates             | 931344   |
---------------------------------------
---------------------------------------
| baseline/                |          |
|    completion_rate       | 0.209    |
|    distance_failure_rate | 0.526    |
|    episodes              | 698      |
|    timeout_rate          | 0.265    |
| rollout/                 |          |
|    ep_len_mean           | 1.34e+03 |
|    ep_rew_mean           | -52.4    |
| time/                    |          |
|    episodes              | 700      |
|    fps                   | 45       |
|    time_elapsed          | 20871    |
|    total_timesteps       | 957021   |
| train/                   |          |
|    actor_loss            | -2.15    |
|    critic_loss           | 0.0611   |
|    ent_coef              | 0.00338  |
|    ent_coef_loss         | -0.226   |
|    learning_rate         | 0.0002   |
|    n_updates             | 937020   |
---------------------------------------
---------------------------------------
| baseline/                |          |
|    completion_rate       | 0.208    |
|    distance_failure_rate | 0.528    |
|    episodes              | 701      |
|    timeout_rate          | 0.264    |
| rollout/                 |          |
|    ep_len_mean           | 1.33e+03 |
|    ep_rew_mean           | -52.1    |
| time/                    |          |
|    episodes              | 704      |
|    fps                   | 45       |
|    time_elapsed          | 20971    |
|    total_timesteps       | 961582   |
| train/                   |          |
|    actor_loss            | -2.03    |
|    critic_loss           | 0.0815   |
|    ent_coef              | 0.00329  |
|    ent_coef_loss         | -0.823   |
|    learning_rate         | 0.0002   |
|    n_updates             | 941580   |
---------------------------------------
---------------------------------------
| baseline/                |          |
|    completion_rate       | 0.207    |
|    distance_failure_rate | 0.528    |
|    episodes              | 705      |
|    timeout_rate          | 0.265    |
| rollout/                 |          |
|    ep_len_mean           | 1.34e+03 |
|    ep_rew_mean           | -52.3    |
| time/                    |          |
|    episodes              | 708      |
|    fps                   | 45       |
|    time_elapsed          | 21132    |
|    total_timesteps       | 968901   |
| train/                   |          |
|    actor_loss            | -1.29    |
|    critic_loss           | 0.0838   |
|    ent_coef              | 0.00314  |
|    ent_coef_loss         | -1.74    |
|    learning_rate         | 0.0002   |
|    n_updates             | 948900   |
---------------------------------------
---------------------------------------
| baseline/                |          |
|    completion_rate       | 0.205    |
|    distance_failure_rate | 0.53     |
|    episodes              | 711      |
|    timeout_rate          | 0.264    |
| rollout/                 |          |
|    ep_len_mean           | 1.36e+03 |
|    ep_rew_mean           | -52.3    |
| time/                    |          |
|    episodes              | 712      |
|    fps                   | 45       |
|    time_elapsed          | 21270    |
|    total_timesteps       | 975119   |
| train/                   |          |
|    actor_loss            | -2.02    |
|    critic_loss           | 0.0584   |
|    ent_coef              | 0.00292  |
|    ent_coef_loss         | -1.12    |
|    learning_rate         | 0.0002   |
|    n_updates             | 955116   |
---------------------------------------
---------------------------------------
| baseline/                |          |
|    completion_rate       | 0.204    |
|    distance_failure_rate | 0.529    |
|    episodes              | 714      |
|    timeout_rate          | 0.266    |
| rollout/                 |          |
|    ep_len_mean           | 1.37e+03 |
|    ep_rew_mean           | -52.7    |
| time/                    |          |
|    episodes              | 716      |
|    fps                   | 45       |
|    time_elapsed          | 21423    |
|    total_timesteps       | 982095   |
| train/                   |          |
|    actor_loss            | -1.87    |
|    critic_loss           | 0.0292   |
|    ent_coef              | 0.00281  |
|    ent_coef_loss         | -0.444   |
|    learning_rate         | 0.0002   |
|    n_updates             | 962092   |
---------------------------------------
---------------------------------------
| baseline/                |          |
|    completion_rate       | 0.203    |
|    distance_failure_rate | 0.529    |
|    episodes              | 718      |
|    timeout_rate          | 0.267    |
| rollout/                 |          |
|    ep_len_mean           | 1.39e+03 |
|    ep_rew_mean           | -52.4    |
| time/                    |          |
|    episodes              | 720      |
|    fps                   | 45       |
|    time_elapsed          | 21571    |
|    total_timesteps       | 988800   |
| train/                   |          |
|    actor_loss            | -1.47    |
|    critic_loss           | 0.0291   |
|    ent_coef              | 0.0027   |
|    ent_coef_loss         | -0.4     |
|    learning_rate         | 0.0002   |
|    n_updates             | 968796   |
---------------------------------------
---------------------------------------
| baseline/                |          |
|    completion_rate       | 0.202    |
|    distance_failure_rate | 0.527    |
|    episodes              | 723      |
|    timeout_rate          | 0.271    |
| rollout/                 |          |
|    ep_len_mean           | 1.41e+03 |
|    ep_rew_mean           | -52.3    |
| time/                    |          |
|    episodes              | 724      |
|    fps                   | 45       |
|    time_elapsed          | 21725    |
|    total_timesteps       | 995778   |
| train/                   |          |
|    actor_loss            | -0.806   |
|    critic_loss           | 0.0346   |
|    ent_coef              | 0.00258  |
|    ent_coef_loss         | 0.0202   |
|    learning_rate         | 0.0002   |
|    n_updates             | 975776   |
---------------------------------------
