path,bytes,sha256,verification,experiment_id
D:\py\DRL2\logs\adp_rf_262410\final_model.zip,9228368,21d2d6e1867b52c54773c6b5bc5e23f14eea1af58312072b2013bc10b7875a84,LIVE_READ_ENDED_ASSET,I01_round1_adaptive
D:\py\DRL2\logs\adp_rf_262410\manifest.json,13055,abe53da653fe52eff635ac90167c5426fba22060b8a89b624fa493d5b52a6296,LIVE_READ_ENDED_ASSET,I01_round1_adaptive
D:\py\DRL2\logs\adp_rf_262410\train.monitor.csv,35273,c14aff5166c2c4be0182ea7c631c9c5d77a071cca9a060cf7d571f7f2975b7bb,LIVE_READ_ENDED_ASSET,I01_round1_adaptive
D:\py\DRL2\logs\adp_rf_262411\final_model.zip,9228368,b44ec80ea348816a4a2a0c9a2e9e90a193c0fc5beaf1be7f34eb344420d5f92e,LIVE_READ_ENDED_ASSET,I01_round1_adaptive
D:\py\DRL2\logs\adp_rf_262411\manifest.json,13055,99f229bc2b560e4f591d5bd484a5ca5a37520e3ccb36ea5542309b7f6c5ae3db,LIVE_READ_ENDED_ASSET,I01_round1_adaptive
D:\py\DRL2\logs\adp_rf_262411\train.monitor.csv,37260,1945e20cb80329408346b60c79bd1f644be9d080b046103a0f636ba6d9d54f1e,LIVE_READ_ENDED_ASSET,I01_round1_adaptive
D:\py\DRL2\logs\adp_rf_262412\final_model.zip,9228368,077add480719053fa46688cc75c6e05ee17e525c42bac53b63c975fd3ba6b618,LIVE_READ_ENDED_ASSET,I01_round1_adaptive
D:\py\DRL2\logs\adp_rf_262412\manifest.json,13055,98c7d7c998c76650655916d9301cb30a5b95c369d3c4bfee52407e9445994304,LIVE_READ_ENDED_ASSET,I01_round1_adaptive
D:\py\DRL2\logs\adp_rf_262412\train.monitor.csv,35621,ed83cab0304892304328563910fa1804d47f10bd658596ae64331b47f7e76b15,LIVE_READ_ENDED_ASSET,I01_round1_adaptive
D:\py\DRL2\logs\final2_262460\final_model.zip,15086148,86703e4620a1b0ed7087f9466599a5e00a10e89b3226260e5a6899d65c531fcb,LIVE_READ_ENDED_ASSET,F01_final2_training
D:\py\DRL2\logs\final2_262460\manifest.json,12271,9ad5fd2b53594708151464cd806012738f416293b3f58ec38348c35dd27bb0b1,LIVE_READ_ENDED_ASSET,F01_final2_training
D:\py\DRL2\logs\final2_262460\train.monitor.csv,60889,28e7f17a3c94553dec862e985c46e1d7abe0502581a9f1425e6618097407f1ce,LIVE_READ_ENDED_ASSET,F01_final2_training
D:\py\DRL2\logs\final2_262462\final_model.zip,15086123,bb0e52c022fa74ce7e1b273c9dc0081bc4a969a30e584d5976901194bbea768f,LIVE_READ_ENDED_ASSET,F01_final2_training
D:\py\DRL2\logs\final2_262462\manifest.json,12273,922aa7398b45aed67c35c04b5eeb12ae755aca971a3623b9dc48cdc5bf19e0d7,LIVE_READ_ENDED_ASSET,F01_final2_training
D:\py\DRL2\logs\final2_262462\train.monitor.csv,66763,7855f48dae9396a517ab0bf4c8c58b556c8d67fd7d0d46fe7f6f1a7368dd5e51,LIVE_READ_ENDED_ASSET,F01_final2_training
D:\py\DRL2\logs\fullmission_sac_200k_seed260830\manifest.json,15596,0f4965e7208c671a6d897b96f22ef481a9aec0fe4c545226a1be3038c337f967,LIVE_READ_ENDED_ASSET,H01_single_phase
D:\py\DRL2\logs\fullmission_sac_200k_seed260830\train.monitor.csv,19507,992aba43baec9f9fcfeef6395f1b7080d60999fda69fd936385f45b0107cf0c5,LIVE_READ_ENDED_ASSET,H01_single_phase
D:\py\DRL2\logs\fullmission_sac_200k_seed260831\manifest.json,15596,bfad587871a6228fad172b792ce326896df7871cd48a4a4ab7c5adee7d0c8c21,LIVE_READ_ENDED_ASSET,H01_single_phase
D:\py\DRL2\logs\fullmission_sac_200k_seed260831\train.monitor.csv,21809,fcbda2f51911b1952785645a8c029f61675c9522ed1984e05c2df9746c39e8f8,LIVE_READ_ENDED_ASSET,H01_single_phase
D:\py\DRL2\logs\fullmission_sac_200k_seed260832\manifest.json,15596,2f3ba07c0ccb348eb0f5a49bb04cb5e8f8931af99f929a0b5545584af9aa649f,LIVE_READ_ENDED_ASSET,H01_single_phase
D:\py\DRL2\logs\fullmission_sac_200k_seed260832\train.monitor.csv,30528,d7ec1298f5a1ba6cb065bf044563975e16ccad1e90177794694a062c3c08f08f,LIVE_READ_ENDED_ASSET,H01_single_phase
D:\py\DRL2\logs\gatefree_sac_150k_seed260840\manifest.json,15607,a6e49484c7981e269c49262b37bb774ac496e98490588b7246e8aa33a72632f9,LIVE_READ_ENDED_ASSET,H01_single_phase
D:\py\DRL2\logs\gatefree_sac_150k_seed260840\train.monitor.csv,30593,b9c0872d6623d27a8687f46eeab58ec07a30ac0b104cfdd3b7a2547044ccd3e7,LIVE_READ_ENDED_ASSET,H01_single_phase
D:\py\DRL2\logs\gatefree_sac_150k_seed260841\manifest.json,15607,7291055dcd733f84506d42238b550691977e112930400008f20eade33ec819e4,LIVE_READ_ENDED_ASSET,H01_single_phase
D:\py\DRL2\logs\gatefree_sac_150k_seed260841\train.monitor.csv,58427,9e1c33c75006548d88648e554a0c7a548f9596507018187d2337357c68bc8978,LIVE_READ_ENDED_ASSET,H01_single_phase
D:\py\DRL2\logs\gatefree_sac_150k_seed260842\manifest.json,15607,ea7146058d0a2fb1ddca2f8ba412995d1a79af54ffcabc863d6ded355e4bcdab,LIVE_READ_ENDED_ASSET,H01_single_phase
D:\py\DRL2\logs\gatefree_sac_150k_seed260842\train.monitor.csv,41359,6c4973562923bbdc386634c17764e749559a92045620f803d68a4a1a7bbc48ac,LIVE_READ_ENDED_ASSET,H01_single_phase
D:\py\DRL2\logs\gatefree_sac_400k_fix_seed260860\manifest.json,15593,3eaa57e9e413273e977f2a9e1a21e800c0c972182c5a4c97bc4ea8723325fd0d,LIVE_READ_ENDED_ASSET,H01_single_phase
D:\py\DRL2\logs\gatefree_sac_400k_fix_seed260860\train.monitor.csv,45108,6db09094ca286eaa3afcb523848a5c36826438519643906b595cfe0229a63089,LIVE_READ_ENDED_ASSET,H01_single_phase
D:\py\DRL2\logs\gatefree_sac_400k_fix_seed260861\manifest.json,15593,7267eec631ded54af18608969fb83b15066872c65b179d91883a90504697e765,LIVE_READ_ENDED_ASSET,H01_single_phase
D:\py\DRL2\logs\gatefree_sac_400k_fix_seed260861\train.monitor.csv,62024,2f76b86af94038488f2915f9aafe50233b46e8d3e9fd93a8da4b21fdcaf9c8f9,LIVE_READ_ENDED_ASSET,H01_single_phase
D:\py\DRL2\logs\gatefree_sac_400k_fix_seed260862\manifest.json,15593,6c71186483e471298bfbb702d9f325118f35e74f9e5e51f53f712af4e9965fd9,LIVE_READ_ENDED_ASSET,H01_single_phase
D:\py\DRL2\logs\gatefree_sac_400k_fix_seed260862\train.monitor.csv,66914,9a9f7b2b2da0da3062f4d11768a00616fb9cbb8770131b31cb2c22a387c942f0,LIVE_READ_ENDED_ASSET,H01_single_phase
D:\py\DRL2\logs\gatefree_sac_400k_seed260850\manifest.json,15641,7e16bca615935d04c4a566f643b93a34e8f83af2042d310068e205c6d23f90af,LIVE_READ_ENDED_ASSET,H01_single_phase
D:\py\DRL2\logs\gatefree_sac_400k_seed260850\train.monitor.csv,59973,86f796a159f77271e0291ef5334032462b5e291be04b72a75f35612be03e72ed,LIVE_READ_ENDED_ASSET,H01_single_phase
D:\py\DRL2\logs\gatefree_sac_400k_seed260851\manifest.json,15641,2d4e08cfc39cd353eb3eaf33828f8b42568e7bc366daee2f25b942f4772d9ad9,LIVE_READ_ENDED_ASSET,H01_single_phase
D:\py\DRL2\logs\gatefree_sac_400k_seed260851\train.monitor.csv,67884,6eed479136cef69845f86095b171e0eb83510ae7bc9e1aa9463a87cdb1fe75b7,LIVE_READ_ENDED_ASSET,H01_single_phase
D:\py\DRL2\logs\gatefree_sac_400k_seed260852\manifest.json,15641,f710ca2e9deaf16446421d412d23228f5a71261b3bbfaacffac19820500deb71,LIVE_READ_ENDED_ASSET,H01_single_phase
D:\py\DRL2\logs\gatefree_sac_400k_seed260852\train.monitor.csv,65381,688545b1842ac3a19313cb7faec5c10a115d0fe52c6119a913d3a9b65e6fc9c1,LIVE_READ_ENDED_ASSET,H01_single_phase
D:\py\DRL2\logs\hybrid\sac_mpc_hybrid_262100\manifest.json,10251,6d133d346534993a38cf584a9a0873b248927b9ddcc05f890456c87bdac5e849,LIVE_READ_ENDED_ASSET,ORPHAN
D:\py\DRL2\logs\hybrid\sac_mpc_hybrid_262100\train.monitor.csv,24282,4a1caccadf5dab6b84efac8c4de0c5d6f424e1d7f2431d23b2b849404f970b1a,LIVE_READ_ENDED_ASSET,ORPHAN
D:\py\DRL2\logs\hybrid\sac_mpc_hybrid_262101\manifest.json,10251,9b8c14165e8d69901db36c7c76360bae1764389c653df5210f3277a7edaef9f5,LIVE_READ_ENDED_ASSET,ORPHAN
D:\py\DRL2\logs\hybrid\sac_mpc_hybrid_262101\train.monitor.csv,22704,51e05ab3bfe564d83d5966ca598dcc187d34c8d27df89a8b293f00edaf6b40f8,LIVE_READ_ENDED_ASSET,ORPHAN
D:\py\DRL2\logs\hybrid\sac_mpc_hybrid_262102\manifest.json,10251,4cda0738ab232d64ffaf4b0fa62ec7a4435ba8e3cf44cf2065929291f5baa37f,LIVE_READ_ENDED_ASSET,ORPHAN
D:\py\DRL2\logs\hybrid\sac_mpc_hybrid_262102\train.monitor.csv,24051,e95995cc386eb9516e1ec751bc9141a6bd7951655bb42f86c73ec6d5adbc0148,LIVE_READ_ENDED_ASSET,ORPHAN
D:\py\DRL2\logs\hybrid\sac_mpc_hybrid_v2_262100\manifest.json,10501,d635d5d0b8cb494d7a8d6cc3b4417e8b96719eff66e5526864ce177ffa8a04bd,LIVE_READ_ENDED_ASSET,ORPHAN
D:\py\DRL2\logs\hybrid\sac_mpc_hybrid_v2_262100\train.monitor.csv,11537,93097e2be704824119974685289c49c743db9574e45b975dd1058405ecaa2873,LIVE_READ_ENDED_ASSET,ORPHAN
D:\py\DRL2\logs\hybrid\sac_mpc_hybrid_v2_262101\manifest.json,10501,a2a7365b54887f8a4256805e78c6bd84456b00262a4c56ffa88dbe046200b08a,LIVE_READ_ENDED_ASSET,ORPHAN
D:\py\DRL2\logs\hybrid\sac_mpc_hybrid_v2_262101\train.monitor.csv,12275,274a563f9477e9f67a111482786ae39c7e48277cf84d26a6dbf8daf7bfb9c90a,LIVE_READ_ENDED_ASSET,ORPHAN
D:\py\DRL2\logs\hybrid\sac_mpc_hybrid_v2_262102\manifest.json,10501,29414f6bbd8fd67801faecd16b6a9870ccf9674b54e4c43dbd9753c13958cc95,LIVE_READ_ENDED_ASSET,ORPHAN
D:\py\DRL2\logs\hybrid\sac_mpc_hybrid_v2_262102\train.monitor.csv,12632,4f1f6b4086ca855df51f206d55057a79bae479db7d085762d3d87673f04fc469,LIVE_READ_ENDED_ASSET,ORPHAN
D:\py\DRL2\logs\hybrid\sac_mpc_hybrid_v4_phase_time_262100\manifest.json,11858,7ce2b2498be985645d27edc637f58660859d1830388f5a1539bb6886fe7b1d88,LIVE_READ_ENDED_ASSET,ORPHAN
D:\py\DRL2\logs\hybrid\sac_mpc_hybrid_v4_phase_time_262100\train.monitor.csv,26679,3452799c16f0f672196e6166bc094a0991a652d283c387c796f36b163f0655c7,LIVE_READ_ENDED_ASSET,ORPHAN
D:\py\DRL2\logs\hybrid\sac_mpc_hybrid_v4_phase_time_262101\manifest.json,11858,ba396764f5456e314df63263c02ecadb839ccdc9547b04c7bc3375ffb7bf92d6,LIVE_READ_ENDED_ASSET,ORPHAN
D:\py\DRL2\logs\hybrid\sac_mpc_hybrid_v4_phase_time_262101\train.monitor.csv,25696,33d6408aa2e7a2288279c992cca08d629855b73b1d0a31516b27404a04e06061,LIVE_READ_ENDED_ASSET,ORPHAN
D:\py\DRL2\logs\hybrid\sac_mpc_hybrid_v4_phase_time_262102\manifest.json,11858,9fd2c6349ee177d713914253f934a2f77cf11dce880869603148c0c9497ea5fe,LIVE_READ_ENDED_ASSET,ORPHAN
D:\py\DRL2\logs\hybrid\sac_mpc_hybrid_v4_phase_time_262102\train.monitor.csv,26079,37b7c27c23a585784dbe02c54cab4e8bcb9c8a757d70c3464ec2688402e60fbf,LIVE_READ_ENDED_ASSET,ORPHAN
D:\py\DRL2\logs\p0_horizons_20260910\manifest.json,10519,28cee9e2bb13add4f31800070ca076f323431eefc96ceac12f6d0838bcddafbe,LIVE_READ_ENDED_ASSET,H02_pure_mpc_horizons
D:\py\DRL2\logs\p1_a_20260910\manifest.json,84616,0c70351ecfcbeea02ee33ab87e354a82a8b5fd1bd0446873cfc90bc3c165e376,LIVE_READ_ENDED_ASSET,ORPHAN
D:\py\DRL2\logs\p1_b_20260910\manifest.json,7927,b3ba06fc6e97ca6db1921ef2ae2a59b093c551786e40a4f660ff0603406fbc5d,LIVE_READ_ENDED_ASSET,ORPHAN
D:\py\DRL2\logs\p1_c_20260910\manifest.json,10187,8709edcb46783f15a5b563a925d8fe53d763c6cb0f753c7a136c66b71712d9ea,LIVE_READ_ENDED_ASSET,ORPHAN
D:\py\DRL2\logs\p2_feedback_20260910\manifest.json,5074,635e882ff52e7262466992297bc14281fc326a4b02de9a9ac3013acc0bc1bbf0,LIVE_READ_ENDED_ASSET,ORPHAN
D:\py\DRL2\logs\phase2_mission_s1v2_acquisition_bodyobs_autoent_tau001_seed260815\manifest.json,15693,94c87bf0b38774ff7d2b6002ba6879f8ff011a638b9fc9bd03dfc4f37b1d2383,LIVE_READ_ENDED_ASSET,H01_single_phase
D:\py\DRL2\logs\phase2_mission_s1v2_acquisition_bodyobs_autoent_tau001_seed260815\train.monitor.csv,89711,791f0b2df82d9d48effd24bc7e590d01d7ae327f8ee1d246970626e6faf532e3,LIVE_READ_ENDED_ASSET,H01_single_phase
D:\py\DRL2\logs\phase2_mission_s1v2_fixedalpha_200k_seed260816\manifest.json,15719,fe391c3058814a4684583883a8bdc83e34eb37e9339e6bf5b06fe06c9483983f,LIVE_READ_ENDED_ASSET,H01_single_phase
D:\py\DRL2\logs\phase2_mission_s1v2_fixedalpha_200k_seed260816\train.monitor.csv,24721,8a106d81a8224bee0683abdd000e163cf0959b103a45654b0614fa3fb599a4c1,LIVE_READ_ENDED_ASSET,H01_single_phase
D:\py\DRL2\logs\phase2_mission_s1v2_fixedalpha_200k_seed260817\manifest.json,15719,597d32bd86f3db8ef76e50fc0000a66351035ae9f9d992af074c7cdb41cc99d7,LIVE_READ_ENDED_ASSET,H01_single_phase
D:\py\DRL2\logs\phase2_mission_s1v2_fixedalpha_200k_seed260817\train.monitor.csv,33043,234539836b71acc4bf13d3aab076b1f9a8c1152b4b51543dc526f0580c5960cd,LIVE_READ_ENDED_ASSET,H01_single_phase
D:\py\DRL2\logs\phase2_mission_s1v2_velerror_bodyobs_autoent_tau001_seed260815\manifest.json,15872,b51eecbfa448ac7282ef6682c390e8f155a221bad7118de432326c60cdea7bca,LIVE_READ_ENDED_ASSET,H01_single_phase
D:\py\DRL2\logs\phase2_mission_s1v2_velerror_bodyobs_autoent_tau001_seed260815\train.monitor.csv,72842,87aeb58d2d552744e52bcc1fc3130e36d5138c5596de147609bde637de895ad5,LIVE_READ_ENDED_ASSET,H01_single_phase
D:\py\DRL2\logs\phase2_mission_s1v2_velerror_buffer600k_seed260815\manifest.json,15783,aed7cabc21cf70089408a62b2d2cd91ca3659cd79a85e30da098d26d874d1c07,LIVE_READ_ENDED_ASSET,H01_single_phase
D:\py\DRL2\logs\phase2_mission_s1v2_velerror_buffer600k_seed260815\train.monitor.csv,81216,f43337659f7f3bca2117c0f627f7e471d6c47fafa66ce83ef92b2c992aa51e75,LIVE_READ_ENDED_ASSET,H01_single_phase
D:\py\DRL2\logs\phase2_mission_s1v2_velerror_fixedalpha_seed260815\manifest.json,15783,b8c2a3bb5093f383a0e7054cc5e3221998b0ad0531a40c04c1767be01583f247,LIVE_READ_ENDED_ASSET,H01_single_phase
D:\py\DRL2\logs\phase2_mission_s1v2_velerror_fixedalpha_seed260815\train.monitor.csv,84514,651b1755ec6aecfa969706279e0a9c85c8ab84d9797acf64a44490f3fab23a3b,LIVE_READ_ENDED_ASSET,H01_single_phase
D:\py\DRL2\logs\phase2_mission_s1v2_velerror_utd4_seed260815\manifest.json,15782,38a551d1163f97fce7582f7eab362ccd3fabd1340042df07b70d5c422073c5fa,LIVE_READ_ENDED_ASSET,H01_single_phase
D:\py\DRL2\logs\phase2_mission_s1v2_velerror_utd4_seed260815\train.monitor.csv,30418,5d12696a78c19002dd5f482cfd53aedeab017d99f9ef4e69d2f2751cbe1f998c,LIVE_READ_ENDED_ASSET,H01_single_phase
D:\py\DRL2\logs\phase2_mission_s1_adaptive_actioncontrast_seed260814\manifest.json,14822,59abb13389e23d4fe2dd6cabd54fb07c7ecf422c5535a5d44d925e55aa7c9a64,LIVE_READ_ENDED_ASSET,H01_single_phase
D:\py\DRL2\logs\phase2_mission_s1_adaptive_actioncontrast_seed260814\train.monitor.csv,76800,01b680fe82d94839d56df19be6428e5c867b608d13218cfdc2cd0e6657d50f8e,LIVE_READ_ENDED_ASSET,H01_single_phase
D:\py\DRL2\logs\phase2_mission_s1_cone20_autoent_seed260814\manifest.json,14930,46698aebc8a9b9cf40a1b10512367ca244fa87ff003f3b5da299c73af94e45fa,LIVE_READ_ENDED_ASSET,H01_single_phase
D:\py\DRL2\logs\phase2_mission_s1_cone20_autoent_seed260814\train.monitor.csv,60487,9a9a6e16e492f9bcd0dbb8fe8c588a21481092b981048baefa0e118c16ef47c7,LIVE_READ_ENDED_ASSET,H01_single_phase
D:\py\DRL2\logs\phase2_mission_s1_cone20_bodyobs_autoent_seed260814\manifest.json,15103,9a6c07e6f645c36e2d691963db7d3c0290bf6b6df6594943f7a2fc058820963d,LIVE_READ_ENDED_ASSET,H01_single_phase
D:\py\DRL2\logs\phase2_mission_s1_cone20_bodyobs_autoent_seed260814\train.monitor.csv,54745,1c6aab1c8a2454e0c2f912c30435fe0ef6e249983296aaee3adfd9ec8371c33c,LIVE_READ_ENDED_ASSET,H01_single_phase
D:\py\DRL2\logs\phase2_mission_s1_cone20_bodyobs_autoent_tau001_seed260814\manifest.json,15175,c07bb05f820545337ba8e66169b1e8dfa06f5251a2d927a4fb093b24cfa93720,LIVE_READ_ENDED_ASSET,H01_single_phase
D:\py\DRL2\logs\phase2_mission_s1_cone20_bodyobs_autoent_tau001_seed260814\train.monitor.csv,44268,9826014333b57e4b0492d9cf13660a83e20f8e30ab9074905684cd52fcc3c8d1,LIVE_READ_ENDED_ASSET,H01_single_phase
D:\py\DRL2\logs\phase2_mission_s1_fullcanonical_autoent_seed260814\manifest.json,14944,16581d27705001cd3c928ee2ceae9caccb39bbd6f27fb02e1a2a62dfb71a2e9d,LIVE_READ_ENDED_ASSET,H01_single_phase
D:\py\DRL2\logs\phase2_mission_s1_fullcanonical_autoent_seed260814\train.monitor.csv,56656,4bcb9d0cc0220d709933e96f875245879365ea54e4b3b8c507aba5d03f446aa8,LIVE_READ_ENDED_ASSET,H01_single_phase
D:\py\DRL2\logs\phase2_mission_s1_fullcanonical_localprogress_autoent_seed260814\manifest.json,14972,24e11351f1a84091591276c5ab545fac163aaa581dcbed89a2b4aceba7b47461,LIVE_READ_ENDED_ASSET,H01_single_phase
D:\py\DRL2\logs\phase2_mission_s1_fullcanonical_localprogress_autoent_seed260814\train.monitor.csv,63200,a10b8ff591163e4a62058f2fbd23486d77b3e275ce3b852d3d1ef8865d09a1fd,LIVE_READ_ENDED_ASSET,H01_single_phase
D:\py\DRL2\logs\phase2_mission_s1_fullcanonical_seed260814\manifest.json,14950,0c626d653f6fc16d212bbfb010fb618803528f85e9870f166984a9c993d4b6eb,LIVE_READ_ENDED_ASSET,H01_single_phase
D:\py\DRL2\logs\phase2_mission_s1_fullcanonical_seed260814\train.monitor.csv,61692,2db12d924d3308daf8dbd8f57d146b94e7a02a9b4d524ee83679e47f1e7371bd,LIVE_READ_ENDED_ASSET,H01_single_phase
D:\py\DRL2\logs\phase2_mission_s1_rewardfix_seed260813\manifest.json,12964,a133f2021b1d938367afa731566820e44feca0f7c8a3ffbc9ebc192ccdeab98c,LIVE_READ_ENDED_ASSET,H01_single_phase
D:\py\DRL2\logs\phase2_mission_s1_rewardfix_seed260813\train.monitor.csv,34578,64f69c9e863bcd0e546d9c0590cdc3413349acd7b581e5a8d33b4ec7520f4793,LIVE_READ_ENDED_ASSET,H01_single_phase
D:\py\DRL2\logs\phase2_mission_s1_seed260813\manifest.json,12944,836ffe2bd0eafb7ef9578a74c6ddf1b9325a83fafc9acdc45f646d922e66aecf,LIVE_READ_ENDED_ASSET,H01_single_phase
D:\py\DRL2\logs\phase2_mission_s1_seed260813\train.monitor.csv,79297,6cbd6b0ff3ca10ff321d5733317abb42e30bf8f4b093c56ebfd988de52289a12,LIVE_READ_ENDED_ASSET,H01_single_phase
D:\py\DRL2\logs\phase2_mission_s1_semanticfix_seed260813\manifest.json,13146,db271539f136e927abf139ac5e37c3588524a2abc404505381745dfde5dec81d,LIVE_READ_ENDED_ASSET,H01_single_phase
D:\py\DRL2\logs\phase2_mission_s1_semanticfix_seed260813\train.monitor.csv,33186,087fa0135dfb997ce47a3f0c3191345ceac70adbdcbfd6451b3bcbe33d9ddb6b,LIVE_READ_ENDED_ASSET,H01_single_phase
D:\py\DRL2\logs\phase2_mission_s1_stable_seed260813\manifest.json,12958,f8516098bffa2a0596181131b5e78a2078a8ee0c8be63a5c4efe435904e0842a,LIVE_READ_ENDED_ASSET,H01_single_phase
D:\py\DRL2\logs\phase2_mission_s1_stable_seed260813\train.monitor.csv,44402,aa6f4fe94290f611cf096c5ab887b770387f1601903392b33331f1d43ebca7ef,LIVE_READ_ENDED_ASSET,H01_single_phase
D:\py\DRL2\logs\phase2_sac_v2_1b_boundedobs_stagea_150k_seed260812\manifest.json,13232,cb86502d90c93f46d55b69cbf58357d80651829ee69955e54f43a8c015b3705e,LIVE_READ_ENDED_ASSET,H01_single_phase
D:\py\DRL2\logs\phase2_sac_v2_1b_boundedobs_stagea_150k_seed260812\train.monitor.csv,19716,69173880a6fca72cd6e9d187086e652d81f6c64e8b6aa92aff5846052767510e,LIVE_READ_ENDED_ASSET,H01_single_phase
D:\py\DRL2\logs\phase2_sac_v2_1_stagea_200k_seed260812\manifest.json,13128,f35da4b53ee8270cc096736ad295032f5461c43babdd7d6917e654ca403139af,LIVE_READ_ENDED_ASSET,H01_single_phase
D:\py\DRL2\logs\phase2_sac_v2_1_stagea_200k_seed260812\train.monitor.csv,14275,16566efe4021984ee0e1ef34aaa2ca5b6698d79b389d30fc87ca9651503f5be8,LIVE_READ_ENDED_ASSET,H01_single_phase
D:\py\DRL2\logs\phase2_sac_v2_2_mpc_actor_init_stagea_100k_seed260812\manifest.json,14585,4be6cd921268c271191d66118b9f886be5207f565f0af87dd65685d86dff5be2,LIVE_READ_ENDED_ASSET,H01_single_phase
D:\py\DRL2\logs\phase2_sac_v2_2_mpc_actor_init_stagea_100k_seed260812\train.monitor.csv,12693,69e7d76b66ae890b2011e61be13e445fc8989024ade3a7c26877bfb86276e679,LIVE_READ_ENDED_ASSET,H01_single_phase
D:\py\DRL2\logs\phase2_sac_v2_300k_seed260812\manifest.json,11267,818a2387f91ea4127adf93c98f0b12c05e6fe304e6a3dac560cc45d975ee383a,LIVE_READ_ENDED_ASSET,H01_single_phase
D:\py\DRL2\logs\phase2_sac_v2_300k_seed260812\train.monitor.csv,11987,da9f37903c1d9cc54b492f87e32b3701262b7b0ac7af4b34b76a15c6e11e68ed,LIVE_READ_ENDED_ASSET,H01_single_phase
D:\py\DRL2\logs\phase2_sac_v2_densecost_seed260812\manifest.json,10930,d0dc5496055a85dcd03b9c7be4d2531a18592f20d5fd99208904cb3333c0d971,LIVE_READ_ENDED_ASSET,H01_single_phase
D:\py\DRL2\logs\phase2_sac_v2_densecost_seed260812\train.monitor.csv,7086,d590f138112d6de91f5e14bdf49e123995f55971b210a24556e32d13e707b4d4,LIVE_READ_ENDED_ASSET,H01_single_phase
D:\py\DRL2\logs\phase2_sac_v2_dt_reward_seed260812\manifest.json,10930,305e3fd167b6df9fc6d0c39e017c2aeab5c002d56247ccb6dc1da273808a051d,LIVE_READ_ENDED_ASSET,H01_single_phase
D:\py\DRL2\logs\phase2_sac_v2_dt_reward_seed260812\train.monitor.csv,8153,8ed1d16c313e16d28785e3f97e109581b5c40709e3e41fb9769eae5684ec3cc3,LIVE_READ_ENDED_ASSET,H01_single_phase
D:\py\DRL2\logs\phase2_sac_v2_gamma999_seed260812\manifest.json,10923,fe0e5b6cbdc20cb85fe12dba0857704007e1f50459f6f9f05806262135c76117,LIVE_READ_ENDED_ASSET,H01_single_phase
D:\py\DRL2\logs\phase2_sac_v2_gamma999_seed260812\train.monitor.csv,6479,3b78d505ff87598f06ba27d347a9feb9000349af566eb0be930b9b4f489a0609,LIVE_READ_ENDED_ASSET,H01_single_phase
D:\py\DRL2\logs\phase2_sac_v2_smoke_30k_seed260812\manifest.json,9979,7cac7ff8a6ee89693243bb20ce5c529172011cf2dc9ab5bb17d54a3ff1888707,LIVE_READ_ENDED_ASSET,H01_single_phase
D:\py\DRL2\logs\phase2_sac_v2_smoke_30k_seed260812\train.monitor.csv,3141,8fb953a874c1aafb30efff2be6d94797c32724ad2dd5f6dfd575ba2ac6cb9729,LIVE_READ_ENDED_ASSET,H01_single_phase
D:\py\DRL2\logs\phase2_sac_v2_teachingA_seed260812\manifest.json,10929,4c47cba25ebedb8f0d2ff0ff9cc2b93c2875e26bf2f35466010f0c5a22421671,LIVE_READ_ENDED_ASSET,H01_single_phase
D:\py\DRL2\logs\phase2_sac_v2_teachingA_seed260812\train.monitor.csv,7084,3743602088e183f97e16a5a3ea9331f43a8c457cb8d404b39d94e73cc3cd9029,LIVE_READ_ENDED_ASSET,H01_single_phase
D:\py\DRL2\logs\phase2_sac_v2_terminalcost_seed260812\manifest.json,10953,338063d92f6101b9a9638c8e5fc5ac506476879edbc198e20848801c90621086,LIVE_READ_ENDED_ASSET,H01_single_phase
D:\py\DRL2\logs\phase2_sac_v2_terminalcost_seed260812\train.monitor.csv,7542,e7add53951a96f827cc01fb5da621ff3125865cb9f5dc6ed90527a0038cd2267,LIVE_READ_ENDED_ASSET,H01_single_phase
D:\py\DRL2\logs\phase2_sac_v2_warmup75k_seed260812\manifest.json,10931,4c8c24c1e28c1c7b6b8b624c86217cb698c1431a39d9ee9cd193a508250e2ab6,LIVE_READ_ENDED_ASSET,H01_single_phase
D:\py\DRL2\logs\phase2_sac_v2_warmup75k_seed260812\train.monitor.csv,8987,1701debbf843f2b9861769a57cc7520ac64c5f70db761e6fc0a17b60c71fff26,LIVE_READ_ENDED_ASSET,H01_single_phase
D:\py\DRL2\logs\stop_262430\final_model.zip,16762213,a3f36bde8589853efefc7abb24f13f3b068974badd3e9ad2b104742d272b0b3b,LIVE_READ_ENDED_ASSET,E06_stopping_formal
D:\py\DRL2\logs\stop_262430\manifest.json,12027,2da9aa2eab4c3e88328fff86260de4a3e31b679b2874778161d225b7d58ab911,LIVE_READ_ENDED_ASSET,E06_stopping_formal
D:\py\DRL2\logs\stop_262430\train.monitor.csv,75554,dcd448a3ed1247f758fa89312e2bccb21b0c5c98a0fc49cd6176a0e0e7379418,LIVE_READ_ENDED_ASSET,E06_stopping_formal
D:\py\DRL2\logs\stop_262431\final_model.zip,16762241,4b5b53ee4903e1af0d7534898360a3c0db003eb88b9582d55dbfefed33721b82,LIVE_READ_ENDED_ASSET,E06_stopping_formal
D:\py\DRL2\logs\stop_262431\manifest.json,12027,8323d6d2cd61eed735bcf3059f9b88baef0a8092b62652c2bf750f8859b48917,LIVE_READ_ENDED_ASSET,E06_stopping_formal
D:\py\DRL2\logs\stop_262431\train.monitor.csv,80549,61b63b5e459dcb984c074514a8ffcea77989c707b3edaef4839663aa163b02d2,LIVE_READ_ENDED_ASSET,E06_stopping_formal
D:\py\DRL2\logs\stop_262432\final_model.zip,16762237,8b56adbf09d4a9753a040955324f3f75cda487bfcc77695644f16f6fdcccd74b,LIVE_READ_ENDED_ASSET,E06_stopping_formal
D:\py\DRL2\logs\stop_262432\manifest.json,12027,fc2074163f2e06dcb351a5098836dd9725dc050bdade7c92fcac26f11144b440,LIVE_READ_ENDED_ASSET,E06_stopping_formal
D:\py\DRL2\logs\stop_262432\train.monitor.csv,73800,25114be1fca1e3779db0dc248ddd0726ceb1bce7af60f9d6de15bb5758532d8e,LIVE_READ_ENDED_ASSET,E06_stopping_formal
D:\py\DRL2\logs\stop_dev_262440\final_model.zip,16762206,8e589006b00b93f5976180d412570cd4689ada44a1e19d95f9f828880bdea5a3,LIVE_READ_ENDED_ASSET,E05_stopping_dev_262440
D:\py\DRL2\logs\stop_dev_262440\manifest.json,12033,9e84f32e33f6d7da61623add8252fa213994bd74e80d3f5208cfc855d1936b84,LIVE_READ_ENDED_ASSET,E05_stopping_dev_262440
D:\py\DRL2\logs\stop_dev_262440\train.monitor.csv,40393,35191e8fac46015a3d62ed0c1df9e3486a478a3e7fc589a5df25e59d7facd64d,LIVE_READ_ENDED_ASSET,E05_stopping_dev_262440
D:\py\DRL2\logs\t0_amendment_20260910\manifest.json,791,bd339da07c75c2fb226abfd941d9991cee75f334a3e15ce9f794caac9bd7dbae,LIVE_READ_ENDED_ASSET,ORPHAN
D:\py\DRL2\logs\t12_train\sac_mpc_arrival_262400\final_model.zip,9162014,793cff6b13b788a111c0b429441e0b1135285c0e2d2820318992f911010cc60e,LIVE_READ_ENDED_ASSET,H04_T12
D:\py\DRL2\logs\t12_train\sac_mpc_arrival_262400\manifest.json,12061,2bdae7c2d3d3e14a1ac4ede875b0761ff7d682c589c3d729b1519cd2f31d9f7f,LIVE_READ_ENDED_ASSET,H04_T12
D:\py\DRL2\logs\t12_train\sac_mpc_arrival_262400\train.monitor.csv,36914,9c7fe619710854c97418bf3e0d65704156b4a310cafb93436fce5d9e3a8a7446,LIVE_READ_ENDED_ASSET,H04_T12
D:\py\DRL2\logs\t12_train\sac_mpc_arrival_262401\final_model.zip,9162014,912d1314b1f0da0b12d5d09749a672bfa3aee89f3b1a71b1188b2539e6406996,LIVE_READ_ENDED_ASSET,H04_T12
D:\py\DRL2\logs\t12_train\sac_mpc_arrival_262401\manifest.json,12061,e4e9c6ae9b8feb2821e45f3fc20a66e98d5a46ce22467eb7963dcf4fa6564a1f,LIVE_READ_ENDED_ASSET,H04_T12
D:\py\DRL2\logs\t12_train\sac_mpc_arrival_262401\train.monitor.csv,33716,ddb02434838286ad6e55c26cacb4abc418831f4c3a1a492135eeaa453657cba1,LIVE_READ_ENDED_ASSET,H04_T12
D:\py\DRL2\logs\t12_train\sac_mpc_arrival_262402\final_model.zip,9162014,f83c2d80caa0f7ef1509cd439cdf6469da0a388a35f3735acf51d25e3bb54cf4,LIVE_READ_ENDED_ASSET,H04_T12
D:\py\DRL2\logs\t12_train\sac_mpc_arrival_262402\manifest.json,12061,a59c06075403a086b485717ee8d2a005e609c315dc1761505aa412a3ec35b912,LIVE_READ_ENDED_ASSET,H04_T12
D:\py\DRL2\logs\t12_train\sac_mpc_arrival_262402\train.monitor.csv,32816,a6ff544f4d1df07fc8bae163884a4f96218d8a28ea2435c1196a4125eb45c9d7,LIVE_READ_ENDED_ASSET,H04_T12
D:\py\DRL2\logs\t12_train\sac_mpc_radial_262500\final_model.zip,9179421,68d885a49d3d56e9d1b16c504dfa76de83869d1d4b620f2c8301c0904469a719,LIVE_READ_ENDED_ASSET,H04_T12
D:\py\DRL2\logs\t12_train\sac_mpc_radial_262500\manifest.json,11913,5303d770cc41ba46d13d54c367cdbe822536b3578ac33ce05bddaaa82d5e26c5,LIVE_READ_ENDED_ASSET,H04_T12
D:\py\DRL2\logs\t12_train\sac_mpc_radial_262500\train.monitor.csv,34897,54e293fd4f89288c7043f21b60bd8299d8e6877bd00c9f273b4838edfb7f2769,LIVE_READ_ENDED_ASSET,H04_T12
D:\py\DRL2\logs\t12_train\sac_mpc_radial_262501\final_model.zip,9179421,efb2b830aa0d979438d9bdda5974d68ffe33fcdfc3e14932534fffbcac0c5775,LIVE_READ_ENDED_ASSET,H04_T12
D:\py\DRL2\logs\t12_train\sac_mpc_radial_262501\manifest.json,11913,74d0ecc37cf5f58f6319537522c64f07cc54608d4ce5ab415c393e80bc0617f0,LIVE_READ_ENDED_ASSET,H04_T12
D:\py\DRL2\logs\t12_train\sac_mpc_radial_262501\train.monitor.csv,31820,2ffdf439c61f28ef14d33195cebfca8a39cacece36a30286a8e5583b5625822b,LIVE_READ_ENDED_ASSET,H04_T12
D:\py\DRL2\logs\t12_train\sac_mpc_radial_262502\final_model.zip,9179421,e653cce73c3baf1cab4ef463f004c898c3453292c5825808895c7da03d4da134,LIVE_READ_ENDED_ASSET,H04_T12
D:\py\DRL2\logs\t12_train\sac_mpc_radial_262502\manifest.json,11913,abc2b24d52c9b075b6cad08d2a77e2fad8e732f190cd70af14efed0f96ed6dba,LIVE_READ_ENDED_ASSET,H04_T12
D:\py\DRL2\logs\t12_train\sac_mpc_radial_262502\train.monitor.csv,35410,7073f681d493baf092e8433ce9a569227d5d9a1caaa28a12a794e0cf453cb5cd,LIVE_READ_ENDED_ASSET,H04_T12
D:\py\DRL2\logs\t7_retry1_20260911\sac_mpc_v2_arrival_262200\final_model.zip,9150700,8a22c64cd432bacba534e77cbfd6318d0e1307cebf7b3c2f4bcda6cdc3a405f8,LIVE_READ_ENDED_ASSET,H03_T6_T7_interface
D:\py\DRL2\logs\t7_retry1_20260911\sac_mpc_v2_arrival_262200\manifest.json,11865,3f2429fe901ed4eda90625122a7edd514001387adbef3dd21138c74f50407dc2,LIVE_READ_ENDED_ASSET,H03_T6_T7_interface
D:\py\DRL2\logs\t7_retry1_20260911\sac_mpc_v2_arrival_262200\train.monitor.csv,43455,46f0200acd74b6b18bb88bb6e62a425735fecb294a02b295e37f58dd023d8fe5,LIVE_READ_ENDED_ASSET,H03_T6_T7_interface
D:\py\DRL2\logs\t7_retry1_20260911\sac_mpc_v2_arrival_262201\final_model.zip,9150696,cfef8e1281e5ecac44b8c01fa12bc255e8b7404086e0ebc66c867a2cee620284,LIVE_READ_ENDED_ASSET,H03_T6_T7_interface
D:\py\DRL2\logs\t7_retry1_20260911\sac_mpc_v2_arrival_262201\manifest.json,11865,bd22b10ef12322be1ca67133276acc35f886288259c3d00e064e115bea7c85b9,LIVE_READ_ENDED_ASSET,H03_T6_T7_interface
D:\py\DRL2\logs\t7_retry1_20260911\sac_mpc_v2_arrival_262201\train.monitor.csv,34588,b8f20ac896af09240c9bf26b6a27c53ff3eaf911c34bb5ec68a34c4735c73dac,LIVE_READ_ENDED_ASSET,H03_T6_T7_interface
D:\py\DRL2\logs\t7_retry1_20260911\sac_mpc_v3_bidirectional_262300\final_model.zip,9184696,5f96072ad623aa76af2cb281ed61ed63c2feb8be183c6285b5b96abc367fb6a3,LIVE_READ_ENDED_ASSET,H03_T6_T7_interface
D:\py\DRL2\logs\t7_retry1_20260911\sac_mpc_v3_bidirectional_262300\manifest.json,12028,fd33f10789085ebea219800b2a70b388d5c1d599bd81837b8b61bf20544d31c0,LIVE_READ_ENDED_ASSET,H03_T6_T7_interface
D:\py\DRL2\logs\t7_retry1_20260911\sac_mpc_v3_bidirectional_262300\train.monitor.csv,42339,01f97267be04fbac30d373c50d6229c6c8838135048c2d42cecee45b857c4537,LIVE_READ_ENDED_ASSET,H03_T6_T7_interface
D:\py\DRL2\logs\t7_retry1_20260911\sac_mpc_v3_bidirectional_262301\final_model.zip,9184696,d60a3f892095376ee6260ba83a104c452bf5548f9b1400ebd03665f99f37d7c4,LIVE_READ_ENDED_ASSET,H03_T6_T7_interface
D:\py\DRL2\logs\t7_retry1_20260911\sac_mpc_v3_bidirectional_262301\manifest.json,12028,a800402814dbdd443cd94bbc42c97207b95b844ba0ab36950b8fb3f4c89abf73,LIVE_READ_ENDED_ASSET,H03_T6_T7_interface
D:\py\DRL2\logs\t7_retry1_20260911\sac_mpc_v3_bidirectional_262301\train.monitor.csv,34603,ddf4432f8b0dfedcbb42a51620407a5f1f8697a2afef096a873dbdcfab742770,LIVE_READ_ENDED_ASSET,H03_T6_T7_interface
D:\py\DRL2\logs\v3e_262420\final_model.zip,9289886,fb7652cdb7c8a7a4cdec4e7d733793b1d48a1b1be0dfe62c030606543db98107,LIVE_READ_ENDED_ASSET,E01_V3e_60k_valueR2
D:\py\DRL2\logs\v3e_262420\manifest.json,13350,87ab95cc0ec59ad7089520b862f9435e7dbeb45080660a69fb18af527ae42078,LIVE_READ_ENDED_ASSET,E01_V3e_60k_valueR2
D:\py\DRL2\logs\v3e_262420\train.monitor.csv,109310,41c3aa05c005687045a174142a7e38a2c89d8d8b15a59f58f2d84384d77bfe29,LIVE_READ_ENDED_ASSET,E01_V3e_60k_valueR2
D:\py\DRL2\logs\v3e_262421\final_model.zip,9289886,27cb0c4291d8c8f927c925aa30145db7abd5e02a5253631ab0d39089885c43a2,LIVE_READ_ENDED_ASSET,E01_V3e_60k_valueR2
D:\py\DRL2\logs\v3e_262421\manifest.json,13350,b5f3241306de3a8cec248915efed6007a295a6b74bf9cad2e96d793adc8f96cc,LIVE_READ_ENDED_ASSET,E01_V3e_60k_valueR2
D:\py\DRL2\logs\v3e_262421\train.monitor.csv,108168,920e721d63aa742ba8fd7103bd830b0e14fbe9283ec071a02a559bf078068325,LIVE_READ_ENDED_ASSET,E01_V3e_60k_valueR2
D:\py\DRL2\logs\v3e_262422\final_model.zip,9289886,044e9d6ee7b8e602a1ad1db5e2c624a88e4e1b0c590d672a706a09793bb8b41e,LIVE_READ_ENDED_ASSET,E01_V3e_60k_valueR2
D:\py\DRL2\logs\v3e_262422\manifest.json,13350,93761019db7c93535e66d869e2f7f4e9ca0698450784ec89e2cad42bf5ab0785,LIVE_READ_ENDED_ASSET,E01_V3e_60k_valueR2
D:\py\DRL2\logs\v3e_262422\train.monitor.csv,108676,9f1df32eaf46c42723ca67e01a32f6049a3fe450c0aafe48fed6cc119baaf2f6,LIVE_READ_ENDED_ASSET,E01_V3e_60k_valueR2
D:\py\DRL2\eval\adp\v3_headroom_readout.json,9071,e9bdf9c5070ea905adffe1d3a65b100d751f050ef46f6bbac4d2c6855eaa1018,LIVE_READ_ENDED_ASSET,I01_round1_adaptive
D:\py\DRL2\eval\adp\v3_p1_p2_readout.json,16430,45d3417608cecb0382092dfb16e8323092435bca6dfa764b70652631fcb951dc,LIVE_READ_ENDED_ASSET,I01_round1_adaptive
D:\py\DRL2\eval\adp\v3_p2prime_readout.json,24112,5e2fa8bcf8e986a8f1b9edb8e9f93eb92ac12c7046ae80d91cf0787b4bfe66eb,LIVE_READ_ENDED_ASSET,I01_round1_adaptive
D:\py\DRL2\eval\regime_screen\readout_final.json,3988,a74603ce19c7cc2756e67c02a1165a6a924ed0d58d0b48968b10b72a4db5bde8,LIVE_READ_ENDED_ASSET,E10_regime_screen
D:\py\DRL2\eval\regime_screen\readout_stage1.json,3107,0af3895665615d5207e96fb76433bcfd5413ff04bea3075ae055b44eec69bc09,LIVE_READ_ENDED_ASSET,E10_regime_screen
D:\py\DRL2\eval\regime_screen\w2.36_r15\nominal\seed_269000.json,541,fcfa982c75b1886cad9d2e43b012f6d9d994da2af4147067af82f5d8ab4c07e1,LIVE_READ_ENDED_ASSET,E10_regime_screen
D:\py\DRL2\eval\regime_screen\w2.36_r15\nominal\seed_269001.json,527,67a2bddae16b35f8e8f87b280c859bdaae01d63e35deaf2cb19fc5123ead6d7e,LIVE_READ_ENDED_ASSET,E10_regime_screen
D:\py\DRL2\eval\regime_screen\w2.36_r15\nominal\seed_269002.json,540,10d62d3c1d1f907fb67dedfdb63503e44722359be99b00ab2b5cfdc099c5a98f,LIVE_READ_ENDED_ASSET,E10_regime_screen
D:\py\DRL2\eval\regime_screen\w2.36_r15\nominal\seed_269003.json,528,971ff56f492a1132911d2db79beaa8d0b724d1a526ad598f7484bcb0eb75a34e,LIVE_READ_ENDED_ASSET,E10_regime_screen
D:\py\DRL2\eval\regime_screen\w2.36_r15\nominal\seed_269004.json,529,b4f034e4be538b9b1cb3449efda48d7970dc8bcc59c509059029132d00c91075,LIVE_READ_ENDED_ASSET,E10_regime_screen
D:\py\DRL2\eval\regime_screen\w2.36_r15\nominal\seed_269005.json,552,76f1d4d54be3e1e88280f6fe675f98d172614ee803a7a145395a9384ab161490,LIVE_READ_ENDED_ASSET,E10_regime_screen
D:\py\DRL2\eval\regime_screen\w2.36_r15\nominal\seed_269006.json,528,a7260a21f3cb16ad1c91f9e7809930a67f7e017055eadf65810b3c8025c8022a,LIVE_READ_ENDED_ASSET,E10_regime_screen
D:\py\DRL2\eval\regime_screen\w2.36_r15\nominal\seed_269007.json,528,311428cd9124c295069583c76103c4f4d7ca2c73041e0afab746af2926382a0e,LIVE_READ_ENDED_ASSET,E10_regime_screen
D:\py\DRL2\eval\regime_screen\w2.36_r15\nominal\seed_269008.json,541,b33954190abc97f2a1692b39c99acc13b563c8ac2f45c0254968a612255ccbd8,LIVE_READ_ENDED_ASSET,E10_regime_screen
D:\py\DRL2\eval\regime_screen\w2.36_r15\nominal\seed_269009.json,528,d563e5fcd61d5f25230c8b334abae777863d3ff37b6c68d4d3ee46f3e32f8a6a,LIVE_READ_ENDED_ASSET,E10_regime_screen
D:\py\DRL2\eval\regime_screen\w2.36_r15\nominal\seed_269010.json,527,0ede44cafed47cd03707cd9a4ef31aecbfa5832f368b86f6a1cff4417bcc7058,LIVE_READ_ENDED_ASSET,E10_regime_screen
D:\py\DRL2\eval\regime_screen\w2.36_r15\nominal\seed_269011.json,540,b2120f964bbffe0b99753f022d2273a8775dbbad2698a3b3ab7a01b4af32702c,LIVE_READ_ENDED_ASSET,E10_regime_screen
D:\py\DRL2\eval\regime_screen\w2.36_r15\nominal\seed_269012.json,541,6792197c14d83f989f0e8173917cef2bdc4fedab4ab9bc10105d142f8ded198e,LIVE_READ_ENDED_ASSET,E10_regime_screen
D:\py\DRL2\eval\regime_screen\w2.36_r15\nominal\seed_269013.json,540,c7932ef0a12bee2b10aaa67365f75354e9429844148a6f71cdce954a5499dbe6,LIVE_READ_ENDED_ASSET,E10_regime_screen
D:\py\DRL2\eval\regime_screen\w2.36_r15\nominal\seed_269014.json,528,a47e25d7609d11192e5912171a47670c35e334b40d54f78e6edf851ef8e5a1d2,LIVE_READ_ENDED_ASSET,E10_regime_screen
D:\py\DRL2\eval\regime_screen\w2.36_r15\nominal\seed_269015.json,528,e4240071e2113be11e873bd5de9d396bf4a48a7d453ce1f7ac1ef246b104d52c,LIVE_READ_ENDED_ASSET,E10_regime_screen
D:\py\DRL2\eval\regime_screen\w2.36_r15\nominal\seed_269016.json,540,df62c21b91fe29044185dddfd224c3b30d6b214bdcc578611d437a39a6883f58,LIVE_READ_ENDED_ASSET,E10_regime_screen
D:\py\DRL2\eval\regime_screen\w2.36_r15\nominal\seed_269017.json,526,0e5e276be40227dc625edb037a33b3cf8a83a1ccc0fa2f15dbe4671ec42386e5,LIVE_READ_ENDED_ASSET,E10_regime_screen
D:\py\DRL2\eval\regime_screen\w2.36_r15\nominal\seed_269018.json,528,3baa34bfb5877cb077e83138b993ff83fbe7c9e6cb8849cc55b463bd783a6415,LIVE_READ_ENDED_ASSET,E10_regime_screen
D:\py\DRL2\eval\regime_screen\w2.36_r15\nominal\seed_269019.json,528,5da2dcee324ddcadb3969c49c5dcb254dbb1fd0ddf80c4fc8d857c50b86e2e2a,LIVE_READ_ENDED_ASSET,E10_regime_screen
D:\py\DRL2\eval\regime_screen\w2.36_r15\nominal\seed_269020.json,540,f7eaa700fd86daed453de3a663a8a179f8223273953c8f6fb5ee76df5782345f,LIVE_READ_ENDED_ASSET,E10_regime_screen
D:\py\DRL2\eval\regime_screen\w2.36_r15\nominal\seed_269021.json,526,286defe53d7b20981b021856bfb838c9bfd8263678d85115144c589ee9d45570,LIVE_READ_ENDED_ASSET,E10_regime_screen
D:\py\DRL2\eval\regime_screen\w2.36_r15\nominal\seed_269022.json,540,f745fce76c413d5292bd8df8f6dbbe39a1e99e699d336ac8939fd07042c9555f,LIVE_READ_ENDED_ASSET,E10_regime_screen
D:\py\DRL2\eval\regime_screen\w2.36_r15\nominal\seed_269023.json,528,66a82062e73d25d19661e903537c2a12d75555de3f2200d549710e3bf9656b65,LIVE_READ_ENDED_ASSET,E10_regime_screen
D:\py\DRL2\eval\regime_screen\w2.36_r15\nominal\seed_269024.json,526,4effb27224a316541bc9c2acf5beea7258df01d2fe2ddba39150a7b012f7a766,LIVE_READ_ENDED_ASSET,E10_regime_screen
D:\py\DRL2\eval\regime_screen\w2.36_r15\nominal\seed_269025.json,528,8420a612a6d903e6b9051633bca2bba2307e55b8920120ac822954ccc5bd6a12,LIVE_READ_ENDED_ASSET,E10_regime_screen
D:\py\DRL2\eval\regime_screen\w2.36_r15\nominal\seed_269026.json,541,04dce8c8d999880093b819f4ea3c06a0b1c59896c1b9685e9f9c3170cb6dc78a,LIVE_READ_ENDED_ASSET,E10_regime_screen
D:\py\DRL2\eval\regime_screen\w2.36_r15\nominal\seed_269027.json,528,96b810fbb5f176cb21ae0be5a8766f8e1af6f5056d7a86fd090c31e6a9b6cd09,LIVE_READ_ENDED_ASSET,E10_regime_screen
D:\py\DRL2\eval\regime_screen\w2.36_r15\nominal\seed_269028.json,527,e5d61720672ca977c5097a3b8152c09ba1e4909e63d6bc576da59ddeccfa17f9,LIVE_READ_ENDED_ASSET,E10_regime_screen
D:\py\DRL2\eval\regime_screen\w2.36_r15\nominal\seed_269029.json,528,07d4872cc7ce7122e088ea9909e0bf880122eda03a74796a50051890c907b412,LIVE_READ_ENDED_ASSET,E10_regime_screen
D:\py\DRL2\eval\regime_screen\w2.36_r15\nominal\seed_269030.json,527,cad9c220f354d125f9e705ac2110e7904039daa3143257bc7d73debe14a9d218,LIVE_READ_ENDED_ASSET,E10_regime_screen
D:\py\DRL2\eval\regime_screen\w2.36_r15\nominal\seed_269031.json,526,292232444cb228be9019dd4e469c378d83a71515c3668f11bc3d8602959ba7d5,LIVE_READ_ENDED_ASSET,E10_regime_screen
D:\py\DRL2\eval\regime_screen\w2.36_r15\nominal\seed_269032.json,540,89a6ba8b839f15c4d78f1bebfa257bbe7f80132571c849a61843605593881182,LIVE_READ_ENDED_ASSET,E10_regime_screen
D:\py\DRL2\eval\regime_screen\w2.36_r15\nominal\seed_269033.json,541,04086657c8fe34b0081b25a8ecfbaf35f316d2f91f05ba6720764e6610deb7a7,LIVE_READ_ENDED_ASSET,E10_regime_screen
D:\py\DRL2\eval\regime_screen\w2.36_r15\nominal\seed_269034.json,528,d2dde292d4d255e2ebdd184597198a2e55a30cf718c67d4573228e1253427a48,LIVE_READ_ENDED_ASSET,E10_regime_screen
D:\py\DRL2\eval\regime_screen\w2.36_r15\nominal\seed_269035.json,554,171b166abe43a349edfaaab43b78689da604ec5d1ccfafa54cf3ba7ef6bb3555,LIVE_READ_ENDED_ASSET,E10_regime_screen
D:\py\DRL2\eval\regime_screen\w2.36_r15\nominal\seed_269036.json,528,43a40c4461664d0b945f9cd126fb3c5aa569abc46cd9838b80812904d3492652,LIVE_READ_ENDED_ASSET,E10_regime_screen
D:\py\DRL2\eval\regime_screen\w2.36_r15\nominal\seed_269037.json,554,a7110af64a3b1f71403dde277086a3d24db9a118187d75fcdb2282126191675f,LIVE_READ_ENDED_ASSET,E10_regime_screen
D:\py\DRL2\eval\regime_screen\w2.36_r15\nominal\seed_269038.json,539,8fadd2ffffcefcb7639a2ebf36099689520b7c0d86ebce5a638c9cdfb173a97f,LIVE_READ_ENDED_ASSET,E10_regime_screen
D:\py\DRL2\eval\regime_screen\w2.36_r15\nominal\seed_269039.json,528,01efabbb4a743ad26a0fb869fde06abd2506f44d7d0bfc7305ed1ba2b67f4e9b,LIVE_READ_ENDED_ASSET,E10_regime_screen
D:\py\DRL2\eval\regime_screen\w2.36_r15\nominal\seed_269040.json,527,b030b9433747d024edc49ae4799b1fa900841623315e9d816a9cd82379086ab3,LIVE_READ_ENDED_ASSET,E10_regime_screen
D:\py\DRL2\eval\regime_screen\w2.36_r15\nominal\seed_269041.json,527,c07b948d0ab80ec1716485b967ad2f2e23f10ab85b27a97efce8648803305ef6,LIVE_READ_ENDED_ASSET,E10_regime_screen
D:\py\DRL2\eval\regime_screen\w2.36_r15\nominal\seed_269042.json,540,80d4c606f1faee3133cadc7ab7c10f6dfbb215a849f2a9d34f0c3fbb1f729fe4,LIVE_READ_ENDED_ASSET,E10_regime_screen
D:\py\DRL2\eval\regime_screen\w2.36_r15\nominal\seed_269043.json,542,e76b8d5e351f4b442f819a26e047e838df86498e16df63954230fb90432286da,LIVE_READ_ENDED_ASSET,E10_regime_screen
D:\py\DRL2\eval\regime_screen\w2.36_r15\nominal\seed_269044.json,539,98e55a46449872e5ada64c396f6531671a00a4da5b709b4c1f73bb78043afd2d,LIVE_READ_ENDED_ASSET,E10_regime_screen
D:\py\DRL2\eval\regime_screen\w2.36_r15\nominal\seed_269045.json,527,7c6d083d0aac7ea23d03dd929786e15088cc0c409093bb21234286d941e71e54,LIVE_READ_ENDED_ASSET,E10_regime_screen
D:\py\DRL2\eval\regime_screen\w2.36_r15\nominal\seed_269046.json,527,231b5872db04740a28e3b54d9509ffa708dd25c774697ec95c09be93689bc1fa,LIVE_READ_ENDED_ASSET,E10_regime_screen
D:\py\DRL2\eval\regime_screen\w2.36_r15\nominal\seed_269047.json,526,52dfd8ca189f59d35233ff53247f3188059c9425dd874e9bc785310ff6fa1c72,LIVE_READ_ENDED_ASSET,E10_regime_screen
D:\py\DRL2\eval\regime_screen\w2.36_r15\pure\seed_269000.json,547,87408eeacfc73dcc56dd714c20152c81bf940b121e6eb5dd097247e9db7e8412,LIVE_READ_ENDED_ASSET,E10_regime_screen
D:\py\DRL2\eval\regime_screen\w2.36_r15\pure\seed_269001.json,547,f8a19a9e1c8fcdfef6ebfc70ee6bcfac3ed988d772dbb2a9b3acc64ab886ce7c,LIVE_READ_ENDED_ASSET,E10_regime_screen
D:\py\DRL2\eval\regime_screen\w2.36_r15\pure\seed_269002.json,538,5053cdc93b7ec5adaa947fa05f22bcc692af8fce790bb6f0f9ccf1d0d9f44068,LIVE_READ_ENDED_ASSET,E10_regime_screen
D:\py\DRL2\eval\regime_screen\w2.36_r15\pure\seed_269003.json,525,e7c2197bb0334588e7b0f2bf6b7837f1a7879885d2be8bb47c1f23a29bcab333,LIVE_READ_ENDED_ASSET,E10_regime_screen
D:\py\DRL2\eval\regime_screen\w2.36_r15\pure\seed_269004.json,536,f1cc132b2b28fce5c24a74eef3ec63e1b9f63ccdb860ac908a8201cacb0e2ecb,LIVE_READ_ENDED_ASSET,E10_regime_screen
D:\py\DRL2\eval\regime_screen\w2.36_r15\pure\seed_269005.json,549,a6f4ca13bad1f2b9a911dcbc3eee6e3ca67b6bd908bdf414f2322b86527c3e68,LIVE_READ_ENDED_ASSET,E10_regime_screen
D:\py\DRL2\eval\regime_screen\w2.36_r15\pure\seed_269006.json,537,efff49d07bda74f98a5b68298d588ab8c86bf3a2518ba9f95797fc1986fcabfd,LIVE_READ_ENDED_ASSET,E10_regime_screen
D:\py\DRL2\eval\regime_screen\w2.36_r15\pure\seed_269007.json,548,41326e45bf21cfe5507948d86f9bc812335a4bf99f6e555c5eeb91119b96e812,LIVE_READ_ENDED_ASSET,E10_regime_screen
D:\py\DRL2\eval\regime_screen\w2.36_r15\pure\seed_269008.json,524,5e5a54a8cb0ecb39c6df6bf66ea32f6fc8adfa8066394f32c27ced76120e6343,LIVE_READ_ENDED_ASSET,E10_regime_screen
D:\py\DRL2\eval\regime_screen\w2.36_r15\pure\seed_269009.json,548,5d97a12fee46ee8a9f2681dc28564924494f550ed40bf4d776c5a412fe1a00af,LIVE_READ_ENDED_ASSET,E10_regime_screen
D:\py\DRL2\eval\regime_screen\w2.36_r15\pure\seed_269010.json,547,54a008f6b8c3087fca92feed11c02978252e5d0605787328352117b19c8ad4b5,LIVE_READ_ENDED_ASSET,E10_regime_screen
D:\py\DRL2\eval\regime_screen\w2.36_r15\pure\seed_269011.json,547,c697da76cd71f8ce8d627ba913c1309042294e1c951ed9a4d16f8f06268ba8c9,LIVE_READ_ENDED_ASSET,E10_regime_screen
D:\py\DRL2\eval\regime_screen\w2.36_r15\pure\seed_269012.json,524,fadc42c3f5b28dcbc6f5e1a8694558c359e363fe08b75ce8bf0ad406d1c8c6fb,LIVE_READ_ENDED_ASSET,E10_regime_screen
D:\py\DRL2\eval\regime_screen\w2.36_r15\pure\seed_269013.json,535,eefcf4c22e3b9f43ecf6d15ac6791d8c2a4952851861a88ac2b676f07f6901d6,LIVE_READ_ENDED_ASSET,E10_regime_screen
D:\py\DRL2\eval\regime_screen\w2.36_r15\pure\seed_269014.json,523,30ad37338db7e67acece7c9ab95ca471c4696860d152d8e175c7a72f919583e5,LIVE_READ_ENDED_ASSET,E10_regime_screen
D:\py\DRL2\eval\regime_screen\w2.36_r15\pure\seed_269015.json,537,bb3847b23cbd2500e1b8057bed3987d734e75649ed64c2bcb5fc66eed74a70df,LIVE_READ_ENDED_ASSET,E10_regime_screen
D:\py\DRL2\eval\regime_screen\w2.36_r15\pure\seed_269016.json,538,2871c6da0e2d868b670df4df40f2f77c772c0f10d448a77373cb77c8ed2e6ce1,LIVE_READ_ENDED_ASSET,E10_regime_screen
D:\py\DRL2\eval\regime_screen\w2.36_r15\pure\seed_269017.json,524,ce08c27c85f2f5a9ecff2e77c68587f79105b6df52eb50a22b75fbcdd0edd746,LIVE_READ_ENDED_ASSET,E10_regime_screen
D:\py\DRL2\eval\regime_screen\w2.36_r15\pure\seed_269018.json,548,142ef89805a7a9b2955027ffc15ba4e95cdcb8982bcca7760ea501c3f0af8fdc,LIVE_READ_ENDED_ASSET,E10_regime_screen
D:\py\DRL2\eval\regime_screen\w2.36_r15\pure\seed_269019.json,524,53873f2ee79a58c5a71811f0ed014bebfc7bf64a47b7f015af31b0a6d1166350,LIVE_READ_ENDED_ASSET,E10_regime_screen
D:\py\DRL2\eval\regime_screen\w2.36_r15\pure\seed_269020.json,537,a4a54d787048088c167a5cac2768303065e6ca9c6e3b654b4f571d1f53000c30,LIVE_READ_ENDED_ASSET,E10_regime_screen
D:\py\DRL2\eval\regime_screen\w2.36_r15\pure\seed_269021.json,525,ce41fce48f0ba9fa4e698a564d23a90fac1d13e5e1b0965a8563cc944206281f,LIVE_READ_ENDED_ASSET,E10_regime_screen
D:\py\DRL2\eval\regime_screen\w2.36_r15\pure\seed_269022.json,524,97e2a39e2702bd3edb2cadff4f60f951b12d949711c7bdb7cb540c142f92ad56,LIVE_READ_ENDED_ASSET,E10_regime_screen
D:\py\DRL2\eval\regime_screen\w2.36_r15\pure\seed_269023.json,524,3dded417758ea27b37864e5ee672218143c9304629b8c18b9ca2f3b4d1f8c0c5,LIVE_READ_ENDED_ASSET,E10_regime_screen
D:\py\DRL2\eval\regime_screen\w2.36_r15\pure\seed_269024.json,523,c7c8f0224f96280fb15f1cf4dcd611fd511aed2e77f4e17b847ab224605fe667,LIVE_READ_ENDED_ASSET,E10_regime_screen
D:\py\DRL2\eval\regime_screen\w2.36_r15\pure\seed_269025.json,535,38f31ba9ea9b3de98e1b1c09b6d0c834d7a5ed22733f497d93ab6a5cd1511f9e,LIVE_READ_ENDED_ASSET,E10_regime_screen
D:\py\DRL2\eval\regime_screen\w2.36_r15\pure\seed_269026.json,522,dd737af890dc32f1ff1e020b954eb4f3437a22271b1222f077f5308b9a3b5858,LIVE_READ_ENDED_ASSET,E10_regime_screen
D:\py\DRL2\eval\regime_screen\w2.36_r15\pure\seed_269027.json,548,dbaf4373b22f40d572062f857f58cfa726ddd5e6080024480358f01994bb8a96,LIVE_READ_ENDED_ASSET,E10_regime_screen
D:\py\DRL2\eval\regime_screen\w2.36_r15\pure\seed_269028.json,524,d61cc47bd9308df67195b6abb806ca6ea5d525d0ad28399addf5e4f97221da67,LIVE_READ_ENDED_ASSET,E10_regime_screen
D:\py\DRL2\eval\regime_screen\w2.36_r15\pure\seed_269029.json,547,ae4b1bb2265f1c35b11d943d594dc75c64be3bddbd876a38cab3d9f5d5eefb7e,LIVE_READ_ENDED_ASSET,E10_regime_screen
D:\py\DRL2\eval\regime_screen\w2.36_r15\pure\seed_269030.json,523,72bb04821b96ed5cc898dbb0fd4f863efccbc54ed116d9a7541868d8caa061b8,LIVE_READ_ENDED_ASSET,E10_regime_screen
D:\py\DRL2\eval\regime_screen\w2.36_r15\pure\seed_269031.json,536,17564a72d26ee39bb0d20bef5eacd13ede82ab08d93db53aecbada8a96909d37,LIVE_READ_ENDED_ASSET,E10_regime_screen
D:\py\DRL2\eval\regime_screen\w2.36_r15\pure\seed_269032.json,524,48ed185ad8ff514a6dd214e56218ee934ac86c0893673c479d42e3876aed72d5,LIVE_READ_ENDED_ASSET,E10_regime_screen
D:\py\DRL2\eval\regime_screen\w2.36_r15\pure\seed_269033.json,537,016e9d88525801b46edb06d09c97187b7cdca36d2694dcbb87f84af9bd6ad4f1,LIVE_READ_ENDED_ASSET,E10_regime_screen
D:\py\DRL2\eval\regime_screen\w2.36_r15\pure\seed_269034.json,525,a7b7a4dc7ff32ffecdee6b655a95dfaff6e0c16648a2f1ab7aa42e2d25c9caf1,LIVE_READ_ENDED_ASSET,E10_regime_screen
D:\py\DRL2\eval\regime_screen\w2.36_r15\pure\seed_269035.json,523,23e8c8a5a283b7a83f5459e3b7bfe66d4ff56f3c203f894f821c5fba9da803af,LIVE_READ_ENDED_ASSET,E10_regime_screen
D:\py\DRL2\eval\regime_screen\w2.36_r15\pure\seed_269036.json,524,64439fdbeadd32a36ae2be5623a8a94758de31f850ea299ea04d96349a65b0f4,LIVE_READ_ENDED_ASSET,E10_regime_screen
D:\py\DRL2\eval\regime_screen\w2.36_r15\pure\seed_269037.json,535,1d16ebb4c78a5d8c929668990cbe1d29d88cb2dfb6b06f492421f139a9906985,LIVE_READ_ENDED_ASSET,E10_regime_screen
D:\py\DRL2\eval\regime_screen\w2.36_r15\pure\seed_269038.json,549,a6549487da905007e391575107067d26f5918d5117a5b2be27c9f528e5beeb24,LIVE_READ_ENDED_ASSET,E10_regime_screen
D:\py\DRL2\eval\regime_screen\w2.36_r15\pure\seed_269039.json,535,4d72d105ef124c4b360fe4bfec51feeadcac424e047b06a90c24f02dd3f5f7ee,LIVE_READ_ENDED_ASSET,E10_regime_screen
D:\py\DRL2\eval\regime_screen\w2.36_r15\pure\seed_269040.json,547,a490e60f826f0d4cf2b125b9819b514fc2dc55d3945d408d33f6834485f33535,LIVE_READ_ENDED_ASSET,E10_regime_screen
D:\py\DRL2\eval\regime_screen\w2.36_r15\pure\seed_269041.json,548,e1768ffc8c256adee192c167d115c8745a8de0a8bc813dbdb5d2e88b5ef01b40,LIVE_READ_ENDED_ASSET,E10_regime_screen
D:\py\DRL2\eval\regime_screen\w2.36_r15\pure\seed_269042.json,524,0d9c51e458addf66871314e53d0f644a03d60ae0c76db7e53c296385278e2ea6,LIVE_READ_ENDED_ASSET,E10_regime_screen
D:\py\DRL2\eval\regime_screen\w2.36_r15\pure\seed_269043.json,525,b1fe6a6d534804459bc9cc659f867cfb2c8457ebb67d693b505fc867ef32c5e0,LIVE_READ_ENDED_ASSET,E10_regime_screen
D:\py\DRL2\eval\regime_screen\w2.36_r15\pure\seed_269044.json,536,5b6108478138e298862173de608b7796b70ecaafc3b67ba3c714d9f30bd2a148,LIVE_READ_ENDED_ASSET,E10_regime_screen
D:\py\DRL2\eval\regime_screen\w2.36_r15\pure\seed_269045.json,537,3163e7acc03fbb7152c7d597c6bf7b4d2ac0a07372e1b7a11a0d307b8ca850ed,LIVE_READ_ENDED_ASSET,E10_regime_screen
D:\py\DRL2\eval\regime_screen\w2.36_r15\pure\seed_269046.json,549,5c49805e735dfa5a473e86e888190cc52124784b0f65274d8d5e25e4087feff4,LIVE_READ_ENDED_ASSET,E10_regime_screen
D:\py\DRL2\eval\regime_screen\w2.36_r15\pure\seed_269047.json,525,468e3b65ab2c82972ebbd59d8013aed071d39e5628c4036985ae9b356bba2d37,LIVE_READ_ENDED_ASSET,E10_regime_screen
D:\py\DRL2\eval\regime_screen\w2.36_r18\nominal\seed_269000.json,528,1a79ee2a588f668aa55425b4c0b032c07004d840c3c4351c1f387f7d94d7c4b6,LIVE_READ_ENDED_ASSET,E10_regime_screen
D:\py\DRL2\eval\regime_screen\w2.36_r18\nominal\seed_269001.json,529,d56fa52a3ae8f7cfd3d1ae97f593b6a003125f3d45225be6c93f405bc66a0fc0,LIVE_READ_ENDED_ASSET,E10_regime_screen
D:\py\DRL2\eval\regime_screen\w2.36_r18\nominal\seed_269002.json,526,48ad8295e14462892c52210f143f9f688ce89be4f6b9c4072ea90f14175de9b3,LIVE_READ_ENDED_ASSET,E10_regime_screen
D:\py\DRL2\eval\regime_screen\w2.36_r18\nominal\seed_269003.json,542,b65fa68bae9ae196752b0d1d61bb444ed2612a40ece7e768982053db63421961,LIVE_READ_ENDED_ASSET,E10_regime_screen
D:\py\DRL2\eval\regime_screen\w2.36_r18\nominal\seed_269004.json,528,ba68e164b7987aa4f4c308bee8db1308dc48cabba3578e261be2241e966ac320,LIVE_READ_ENDED_ASSET,E10_regime_screen
D:\py\DRL2\eval\regime_screen\w2.36_r18\nominal\seed_269005.json,541,4d8e5883ce1474d3ed994e7c90fe9bcbed73d0fbb8044742b1076225f458b6cd,LIVE_READ_ENDED_ASSET,E10_regime_screen
D:\py\DRL2\eval\regime_screen\w2.36_r18\nominal\seed_269006.json,529,02974774b5e394a4b5f5115ac6e619a901ade2e9c79a8b06a875400c3e080487,LIVE_READ_ENDED_ASSET,E10_regime_screen
D:\py\DRL2\eval\regime_screen\w2.36_r18\nominal\seed_269007.json,528,fcda5f09ec5a0ad1f9f0932e2f0870e0480c2eb80548ab24e358db29a06cbe9f,LIVE_READ_ENDED_ASSET,E10_regime_screen
D:\py\DRL2\eval\regime_screen\w2.36_r18\nominal\seed_269008.json,528,83db6b53b731c657da9a7c6f7271592645fd595eff8fbb8a64183a8b3e3ba4da,LIVE_READ_ENDED_ASSET,E10_regime_screen
D:\py\DRL2\eval\regime_screen\w2.36_r18\nominal\seed_269009.json,527,2d4ac29ff56ba318f6d52196497d8fbf201a6ba5c09d512e3ead534d10dc2a25,LIVE_READ_ENDED_ASSET,E10_regime_screen
D:\py\DRL2\eval\regime_screen\w2.36_r18\nominal\seed_269010.json,540,563a8a8e34bb29af774207f545636164864327633b351f061d8612100dd4714b,LIVE_READ_ENDED_ASSET,E10_regime_screen
D:\py\DRL2\eval\regime_screen\w2.36_r18\nominal\seed_269011.json,540,eae7f17cca9f44310ffce6a1864b6eeabf579775c55d100f08d9959183087aae,LIVE_READ_ENDED_ASSET,E10_regime_screen
D:\py\DRL2\eval\regime_screen\w2.36_r18\nominal\seed_269012.json,529,3110448de3b59982f7a4cdab1b616ae308ae2d240bd5cc6dedbd93e68821f689,LIVE_READ_ENDED_ASSET,E10_regime_screen
D:\py\DRL2\eval\regime_screen\w2.36_r18\nominal\seed_269013.json,539,a616168462bdc8ca6134c91884c325fd262ebbfe77ee4e4cbdad3dac4865e5e4,LIVE_READ_ENDED_ASSET,E10_regime_screen
D:\py\DRL2\eval\regime_screen\w2.36_r18\nominal\seed_269014.json,528,b1664b725181cdeb0e8d87f27788b678fe59aa8fa2b4be321b01bfc60fbfe452,LIVE_READ_ENDED_ASSET,E10_regime_screen
D:\py\DRL2\eval\regime_screen\w2.36_r18\nominal\seed_269015.json,527,a39eb3f42924bc5083cc1b1e4c668f66aa084802a7a5bca7bd77768d3e13263a,LIVE_READ_ENDED_ASSET,E10_regime_screen
D:\py\DRL2\eval\regime_screen\w2.36_r18\nominal\seed_269016.json,528,c01409840ae55019985cf94518ca6257d3ce0b3b901998f40418630a6e812cea,LIVE_READ_ENDED_ASSET,E10_regime_screen
D:\py\DRL2\eval\regime_screen\w2.36_r18\nominal\seed_269017.json,541,113c6f6e2b3dbf7f07382395d3820724ccc128f88c8320170d31fa48e5000aa2,LIVE_READ_ENDED_ASSET,E10_regime_screen
D:\py\DRL2\eval\regime_screen\w2.36_r18\nominal\seed_269018.json,528,207bb090920c0bca05b901d94d190a65c0782c31774c8dd9d8c773b00f6418e3,LIVE_READ_ENDED_ASSET,E10_regime_screen
D:\py\DRL2\eval\regime_screen\w2.36_r18\nominal\seed_269019.json,540,6c253e41df52912d001f2717bbb62aeb2c98ee88c7ea3925c4ec1800ba9728a0,LIVE_READ_ENDED_ASSET,E10_regime_screen
D:\py\DRL2\eval\regime_screen\w2.36_r18\nominal\seed_269020.json,528,f413969689d201dbeadc5ac1635642503212a55ad16d95e7e8220a79dc3f4408,LIVE_READ_ENDED_ASSET,E10_regime_screen
D:\py\DRL2\eval\regime_screen\w2.36_r18\nominal\seed_269021.json,541,f2c5d856266c9b060c3ae25eb126b313af6831ab502eea4de5638ae3b3ad13bb,LIVE_READ_ENDED_ASSET,E10_regime_screen
D:\py\DRL2\eval\regime_screen\w2.36_r18\nominal\seed_269022.json,528,5089c684c70a0e55748cc75545f90b3436530d53f2e9773b756255585f1f4230,LIVE_READ_ENDED_ASSET,E10_regime_screen
D:\py\DRL2\eval\regime_screen\w2.36_r18\nominal\seed_269023.json,527,5ef1d3e5bc46cad179ff1815748cb08961b500ae5730cadc890e5e2b891baffb,LIVE_READ_ENDED_ASSET,E10_regime_screen
D:\py\DRL2\eval\regime_screen\w2.36_r18\nominal\seed_269024.json,526,51e3c32b270ac992793bdf4e2ac76e8eb8ce84a493c934e30fe6476e07b3a45a,LIVE_READ_ENDED_ASSET,E10_regime_screen
D:\py\DRL2\eval\regime_screen\w2.36_r18\nominal\seed_269025.json,529,10a1831252a2edf04e8e0776a8057682c6637a3c30ccc43db8756f671d7bdb55,LIVE_READ_ENDED_ASSET,E10_regime_screen
D:\py\DRL2\eval\regime_screen\w2.36_r18\nominal\seed_269026.json,528,7f6351434f1de5cd5a89fbf5de97094420ff7f3371312698e14f88d3bdbb1b73,LIVE_READ_ENDED_ASSET,E10_regime_screen
D:\py\DRL2\eval\regime_screen\w2.36_r18\nominal\seed_269027.json,525,0ca09c94fd40597a89b000c2bab3167c6fa4b3e4a0a5dd5d58c35dfb52700eb2,LIVE_READ_ENDED_ASSET,E10_regime_screen
D:\py\DRL2\eval\regime_screen\w2.36_r18\nominal\seed_269028.json,528,3224da847e9f505bad8c47f271ee5da9dd05aec73ba92cdc54ae75473152cfed,LIVE_READ_ENDED_ASSET,E10_regime_screen
D:\py\DRL2\eval\regime_screen\w2.36_r18\nominal\seed_269029.json,528,8703c5142aa9830c0f116e04d53afb6f12c135acd4baf3b5ed485550c2264af6,LIVE_READ_ENDED_ASSET,E10_regime_screen
D:\py\DRL2\eval\regime_screen\w2.36_r18\nominal\seed_269030.json,540,585c92cf0dfbe50de00232b821c20b4feb2582bb5a387e1fb5ac4496f8303191,LIVE_READ_ENDED_ASSET,E10_regime_screen
D:\py\DRL2\eval\regime_screen\w2.36_r18\nominal\seed_269031.json,540,60a26f9f98ef8ed6a957b1fea53a28672682362a46df80fb59cc5f68aee797e4,LIVE_READ_ENDED_ASSET,E10_regime_screen
D:\py\DRL2\eval\regime_screen\w2.36_r18\nominal\seed_269032.json,527,461d0242bb7ed240a1e2da862ae778e3e1752726d055e99a46e5fac823435db3,LIVE_READ_ENDED_ASSET,E10_regime_screen
D:\py\DRL2\eval\regime_screen\w2.36_r18\nominal\seed_269033.json,541,d553115d9d52785a6f2e7faa47c66a07aacd2bb837083f6d067aae3cdf0b97ea,LIVE_READ_ENDED_ASSET,E10_regime_screen
D:\py\DRL2\eval\regime_screen\w2.36_r18\nominal\seed_269034.json,527,8b1a8ceb2ac206e3cf4ebc1972ac55f4dbd2261290c498ab4f9bc7086fa899d6,LIVE_READ_ENDED_ASSET,E10_regime_screen
D:\py\DRL2\eval\regime_screen\w2.36_r18\nominal\seed_269035.json,567,1c9042d4029cddd7836417bee1b7b64afd6c67441f656ff63aa2bacec1cdc572,LIVE_READ_ENDED_ASSET,E10_regime_screen
D:\py\DRL2\eval\regime_screen\w2.36_r18\nominal\seed_269036.json,527,354d4feea858a4d3633aec14ed7d2f6d6d0c742a7d9ec243503e0a9586fe3afe,LIVE_READ_ENDED_ASSET,E10_regime_screen
D:\py\DRL2\eval\regime_screen\w2.36_r18\nominal\seed_269037.json,567,170334ec04e8fdc9140c17ecb0b0de342212c891a3243f06dea8b68a4feb1c60,LIVE_READ_ENDED_ASSET,E10_regime_screen
D:\py\DRL2\eval\regime_screen\w2.36_r18\nominal\seed_269038.json,526,15bdc4a38274d093ae8b4ccdf108eda669b3175a92618f5aebe59869e11aca40,LIVE_READ_ENDED_ASSET,E10_regime_screen
D:\py\DRL2\eval\regime_screen\w2.36_r18\nominal\seed_269039.json,541,4b29c424f3cdbbdd37f8f0ffcd5206997e367122d0214e18f94158912a857d05,LIVE_READ_ENDED_ASSET,E10_regime_screen
D:\py\DRL2\eval\regime_screen\w2.36_r18\nominal\seed_269040.json,528,19966e24516e91a3635ccc3df9dcfd6d14de6a1dacb15cb457994660ba43f79a,LIVE_READ_ENDED_ASSET,E10_regime_screen
D:\py\DRL2\eval\regime_screen\w2.36_r18\nominal\seed_269041.json,527,e3576728fdf3c0fe8614d25d34e3dfb8b5f7706633328676b072620f7ddc09c1,LIVE_READ_ENDED_ASSET,E10_regime_screen
D:\py\DRL2\eval\regime_screen\w2.36_r18\nominal\seed_269042.json,541,35b56f58e6bd099f0efebe7bb64357dee2dde9c9479031659f01b926fbec9d44,LIVE_READ_ENDED_ASSET,E10_regime_screen
D:\py\DRL2\eval\regime_screen\w2.36_r18\nominal\seed_269043.json,528,d23b18ce171f633ba563b775f39a78a01c38d6e24858264002b0afea8ef3c398,LIVE_READ_ENDED_ASSET,E10_regime_screen
D:\py\DRL2\eval\regime_screen\w2.36_r18\nominal\seed_269044.json,528,8f596f48bd342b448c7cde3b60aa0c1b10fa47e052a1b05ac5841e7e8d2269d5,LIVE_READ_ENDED_ASSET,E10_regime_screen
D:\py\DRL2\eval\regime_screen\w2.36_r18\nominal\seed_269045.json,540,1cc69575da6299cc5b3319f569019d47e053fb63c2101147d53824c50718ad8d,LIVE_READ_ENDED_ASSET,E10_regime_screen
D:\py\DRL2\eval\regime_screen\w2.36_r18\nominal\seed_269046.json,527,7430138e7a1b54323022154a42795876c8f21bae388cf4172b2b07b285299cbf,LIVE_READ_ENDED_ASSET,E10_regime_screen
D:\py\DRL2\eval\regime_screen\w2.36_r18\nominal\seed_269047.json,528,0a5049f0f4667b04383bf2d0d4bd0d9b3feb85b10e0911cc50ea5ac74202f5e9,LIVE_READ_ENDED_ASSET,E10_regime_screen
D:\py\DRL2\eval\regime_screen\w2.36_r18\pure\seed_269000.json,547,3277063d0ab512c2d18561e2d578f68d885bb545dc9aa48afc79da370509039c,LIVE_READ_ENDED_ASSET,E10_regime_screen
D:\py\DRL2\eval\regime_screen\w2.36_r18\pure\seed_269001.json,547,965d7aff1bb54c3e15018ebf0e75b84b41bc439b51dca47fa6d827f1bcebf844,LIVE_READ_ENDED_ASSET,E10_regime_screen
D:\py\DRL2\eval\regime_screen\w2.36_r18\pure\seed_269002.json,538,2f2e4662bfb086395a27858d5d191b7429ce326d36d972b9d01b61573add9000,LIVE_READ_ENDED_ASSET,E10_regime_screen
D:\py\DRL2\eval\regime_screen\w2.36_r18\pure\seed_269003.json,523,2c809290a45a4f6cb441c3cfe6980353fb5582c0920a012058debdca29ee5c7c,LIVE_READ_ENDED_ASSET,E10_regime_screen
D:\py\DRL2\eval\regime_screen\w2.36_r18\pure\seed_269004.json,535,edc9249e2258bc22a9d0018667e3ec65d67f234aad1641ca0a259b10660c6916,LIVE_READ_ENDED_ASSET,E10_regime_screen
D:\py\DRL2\eval\regime_screen\w2.36_r18\pure\seed_269005.json,547,2cdd2ae4e1b6c8f32522a45521dc850ee3e66b8e9bc91bc466d944d6c527e679,LIVE_READ_ENDED_ASSET,E10_regime_screen
D:\py\DRL2\eval\regime_screen\w2.36_r18\pure\seed_269006.json,524,3a794d246cf8833a5732de88d460718faf9072615eded7ac05425100e71697f0,LIVE_READ_ENDED_ASSET,E10_regime_screen
D:\py\DRL2\eval\regime_screen\w2.36_r18\pure\seed_269007.json,547,e53110f7849d9c87afe31ff940c99a07cb5ac0d61c3cffdbdf6395f1b045b474,LIVE_READ_ENDED_ASSET,E10_regime_screen
D:\py\DRL2\eval\regime_screen\w2.36_r18\pure\seed_269008.json,524,a4b4775946be014bcbb005bb9674eac1fda8eca3d5e2061032d2371e013df01a,LIVE_READ_ENDED_ASSET,E10_regime_screen
D:\py\DRL2\eval\regime_screen\w2.36_r18\pure\seed_269009.json,547,122700cc7b0ee49dcf24508b0ad17c523f28b324953537bb077172b5fe343d24,LIVE_READ_ENDED_ASSET,E10_regime_screen
D:\py\DRL2\eval\regime_screen\w2.36_r18\pure\seed_269010.json,546,368264c9a3865d71bbb4f5c44c68bd11d8dde9248bb396855e523a7cc3f6ff3d,LIVE_READ_ENDED_ASSET,E10_regime_screen
D:\py\DRL2\eval\regime_screen\w2.36_r18\pure\seed_269011.json,547,3d5b338b3a390cbde04bfc61c6f401788323c91c85cb94e6f38279c95dae10ac,LIVE_READ_ENDED_ASSET,E10_regime_screen
D:\py\DRL2\eval\regime_screen\w2.36_r18\pure\seed_269012.json,523,16ded72a1497bdd99e2bc835ccf17ba6d28ec9a519f77623d869be45f883524d,LIVE_READ_ENDED_ASSET,E10_regime_screen
D:\py\DRL2\eval\regime_screen\w2.36_r18\pure\seed_269013.json,524,43e950db4ce9f06631a19a83be4b09ead5db64b0a7215b15db845edb9a2e2dad,LIVE_READ_ENDED_ASSET,E10_regime_screen
D:\py\DRL2\eval\regime_screen\w2.36_r18\pure\seed_269014.json,524,a644246bdc7ff440f5ea40a21926548d9c623edf0bf2e4b4276701b5408662b8,LIVE_READ_ENDED_ASSET,E10_regime_screen
D:\py\DRL2\eval\regime_screen\w2.36_r18\pure\seed_269015.json,534,984fd4d0564623e26ce3d2273f5ea05d8cdf45fa507e52586853e3eb94b3e1a7,LIVE_READ_ENDED_ASSET,E10_regime_screen
D:\py\DRL2\eval\regime_screen\w2.36_r18\pure\seed_269016.json,537,122f7748d7052509d9ae997eaaa8d7801ee5790a717c452ae0025d19a23c4760,LIVE_READ_ENDED_ASSET,E10_regime_screen
D:\py\DRL2\eval\regime_screen\w2.36_r18\pure\seed_269017.json,522,b12e194fe41e8a722b4417a0b3e751149cb15d152de7e0c92b2d50de9c200fb6,LIVE_READ_ENDED_ASSET,E10_regime_screen
D:\py\DRL2\eval\regime_screen\w2.36_r18\pure\seed_269018.json,549,7c4a27c6b3848e77c9093e661e471e4cada9ee38e6f6ea424b8f42c1429c80e5,LIVE_READ_ENDED_ASSET,E10_regime_screen
D:\py\DRL2\eval\regime_screen\w2.36_r18\pure\seed_269019.json,525,af4050a40a55fe646fdf6aba2d47f922f2f46d786f9932e46c6673778be80a26,LIVE_READ_ENDED_ASSET,E10_regime_screen
D:\py\DRL2\eval\regime_screen\w2.36_r18\pure\seed_269020.json,538,b3efcf2a73cbb8030079080a0437c3dd094dfdbe2e69b7ce5d9d7b383b764a43,LIVE_READ_ENDED_ASSET,E10_regime_screen
D:\py\DRL2\eval\regime_screen\w2.36_r18\pure\seed_269021.json,537,c30da24af0d43410575919d818b6f12d34668f94aae9d383ea3154eb6f83d935,LIVE_READ_ENDED_ASSET,E10_regime_screen
D:\py\DRL2\eval\regime_screen\w2.36_r18\pure\seed_269022.json,523,43dcc5c54965824680f0f6d4bc75a97621e8c3bede1ac2c05554c80b37779eee,LIVE_READ_ENDED_ASSET,E10_regime_screen
D:\py\DRL2\eval\regime_screen\w2.36_r18\pure\seed_269023.json,524,5ed74e9dfb5aa4b2a8e2c92f3e5332f9175e3d9dad0f06888c1da838540bfca5,LIVE_READ_ENDED_ASSET,E10_regime_screen
D:\py\DRL2\eval\regime_screen\w2.36_r18\pure\seed_269024.json,522,196f34c92bf30a291da461a4cf59b292ce88968a5c4a09e46eda58f5f2827a32,LIVE_READ_ENDED_ASSET,E10_regime_screen
D:\py\DRL2\eval\regime_screen\w2.36_r18\pure\seed_269025.json,525,838bfe21539a497da9318c55daac62bb417dac41d8b93ba7433705bed5345ee1,LIVE_READ_ENDED_ASSET,E10_regime_screen
D:\py\DRL2\eval\regime_screen\w2.36_r18\pure\seed_269026.json,536,d894414e7a3c563eb2125789ac83c8f8488734df5ef2d20824c93ad3b66842b8,LIVE_READ_ENDED_ASSET,E10_regime_screen
D:\py\DRL2\eval\regime_screen\w2.36_r18\pure\seed_269027.json,548,c4180a90e382f8f98cecae71fa3cb7bdae61e08ec181556a1110b5425cada77d,LIVE_READ_ENDED_ASSET,E10_regime_screen
D:\py\DRL2\eval\regime_screen\w2.36_r18\pure\seed_269028.json,524,70f5d3a6209c3b8d4b601121dba0c254e97826e78d3734e1e0b2eef586a320d7,LIVE_READ_ENDED_ASSET,E10_regime_screen
D:\py\DRL2\eval\regime_screen\w2.36_r18\pure\seed_269029.json,547,9c64c0c99e6e325f58b17aba1e7b2bf29929a73ebe9676146d8a359fcf6800d4,LIVE_READ_ENDED_ASSET,E10_regime_screen
D:\py\DRL2\eval\regime_screen\w2.36_r18\pure\seed_269030.json,536,796233a3153a11d96f6a7f44415fab629b1bef186edc6820939f5da8ee592b2c,LIVE_READ_ENDED_ASSET,E10_regime_screen
D:\py\DRL2\eval\regime_screen\w2.36_r18\pure\seed_269031.json,538,380d0969b88520942ba664cdb668d89c49ac757e0465c7e28b4bb09cb6080e5b,LIVE_READ_ENDED_ASSET,E10_regime_screen
D:\py\DRL2\eval\regime_screen\w2.36_r18\pure\seed_269032.json,537,60a008bb1eb1aa7472225259ac89b4e04eb6d5096c7ccc522e4fd75bb35173b2,LIVE_READ_ENDED_ASSET,E10_regime_screen
D:\py\DRL2\eval\regime_screen\w2.36_r18\pure\seed_269033.json,524,43f53f0509869d61455beda85270f1fc23b9a5128c91388bda7ef8a583610fe4,LIVE_READ_ENDED_ASSET,E10_regime_screen
D:\py\DRL2\eval\regime_screen\w2.36_r18\pure\seed_269034.json,523,d3838c6143f3579092b8fed6bbe6d3a27fe33ea251a9d35400e87d59b0c0f404,LIVE_READ_ENDED_ASSET,E10_regime_screen
D:\py\DRL2\eval\regime_screen\w2.36_r18\pure\seed_269035.json,535,57b1055812d2060691cab14bebc4cb9c8957099372c9a08e08f241abac343cd2,LIVE_READ_ENDED_ASSET,E10_regime_screen
D:\py\DRL2\eval\regime_screen\w2.36_r18\pure\seed_269036.json,522,e77babc471bc88781430a467824a6f51d3f0f06230ff2c8d3f4f6e62e98a1846,LIVE_READ_ENDED_ASSET,E10_regime_screen
D:\py\DRL2\eval\regime_screen\w2.36_r18\pure\seed_269037.json,536,0be2dd1c8a6331405935a028f1e1e7b9e6402185635f36082c776e90dccfdc0f,LIVE_READ_ENDED_ASSET,E10_regime_screen
D:\py\DRL2\eval\regime_screen\w2.36_r18\pure\seed_269038.json,547,6f7e11446e937a12bbe62c9597ad28e03f17ddd62642e9c7562100ba4857911e,LIVE_READ_ENDED_ASSET,E10_regime_screen
D:\py\DRL2\eval\regime_screen\w2.36_r18\pure\seed_269039.json,536,06869950e472babcf53f956fcf90cae254baa74c472351394a94f9e3338af1b8,LIVE_READ_ENDED_ASSET,E10_regime_screen
D:\py\DRL2\eval\regime_screen\w2.36_r18\pure\seed_269040.json,548,115b879faba690e1de429455f5c24cc54b1e1b78038a1fecfe2bb67ff90ed6d7,LIVE_READ_ENDED_ASSET,E10_regime_screen
D:\py\DRL2\eval\regime_screen\w2.36_r18\pure\seed_269041.json,549,1b237b37df6dd3247eef6375149bdd123acb8276a638c20bd58316846c448d8f,LIVE_READ_ENDED_ASSET,E10_regime_screen
D:\py\DRL2\eval\regime_screen\w2.36_r18\pure\seed_269042.json,534,68ae1a0cf08476bbd0eae0653eb2789b40555de7367a3eeaa814e257fcb4d998,LIVE_READ_ENDED_ASSET,E10_regime_screen
D:\py\DRL2\eval\regime_screen\w2.36_r18\pure\seed_269043.json,525,1b436d563cbb7601f87df18386eff54cf758db684ffafdb49ddfd4e1a1f4ac96,LIVE_READ_ENDED_ASSET,E10_regime_screen
D:\py\DRL2\eval\regime_screen\w2.36_r18\pure\seed_269044.json,523,8154535c60e820a999475d0743a74abcf41a72df21564e134f062506f11e7bc2,LIVE_READ_ENDED_ASSET,E10_regime_screen
D:\py\DRL2\eval\regime_screen\w2.36_r18\pure\seed_269045.json,522,a5c526622b1b77cc187ecd5b837d9becd2bf980304585328d03d9eaa1a81abba,LIVE_READ_ENDED_ASSET,E10_regime_screen
D:\py\DRL2\eval\regime_screen\w2.36_r18\pure\seed_269046.json,547,1188f3f84a36df128bd47e3cd856d1899d69032617e28c9bce9dea45d955f70a,LIVE_READ_ENDED_ASSET,E10_regime_screen
D:\py\DRL2\eval\regime_screen\w2.36_r18\pure\seed_269047.json,524,90299adb5e874abe8ae62aadad50e2058063fd638dbf8b98d71ec788c7567098,LIVE_READ_ENDED_ASSET,E10_regime_screen
D:\py\DRL2\eval\regime_screen\w2.36_r20\nominal\seed_269000.json,528,61a3f5685af2c37cb46f97b679c508b8e902550d237c5ff4d016c17a1ffe1953,LIVE_READ_ENDED_ASSET,E10_regime_screen
D:\py\DRL2\eval\regime_screen\w2.36_r20\nominal\seed_269001.json,528,30a61971f6ee2936d3ef8800a85275ca7871520e89c2a3e180cd6101c04632f2,LIVE_READ_ENDED_ASSET,E10_regime_screen
D:\py\DRL2\eval\regime_screen\w2.36_r20\nominal\seed_269002.json,528,da53becdc395cb9224c3568a750d3b4ccc310b80e5e015b92bc4933b71850125,LIVE_READ_ENDED_ASSET,E10_regime_screen
D:\py\DRL2\eval\regime_screen\w2.36_r20\nominal\seed_269003.json,542,992088c955f86cfd852dfdb2679b484332b6d55c78c2156b59f2f896f5295896,LIVE_READ_ENDED_ASSET,E10_regime_screen
D:\py\DRL2\eval\regime_screen\w2.36_r20\nominal\seed_269004.json,527,4a02ab581d12c86f869a84bcbc57502bb23352b5e412c74db280a596174e75cd,LIVE_READ_ENDED_ASSET,E10_regime_screen
D:\py\DRL2\eval\regime_screen\w2.36_r20\nominal\seed_269005.json,568,64593f2830fc7b44c1a025b434b1418ad1ec838edf25aadb2b68ab083160c3d6,LIVE_READ_ENDED_ASSET,E10_regime_screen
D:\py\DRL2\eval\regime_screen\w2.36_r20\nominal\seed_269006.json,540,709245580e283a8a3fc5c0f297669cb84d073fc3c6125b1d30b00d35ba642b7e,LIVE_READ_ENDED_ASSET,E10_regime_screen
D:\py\DRL2\eval\regime_screen\w2.36_r20\nominal\seed_269007.json,528,bdacf6cdbc3afa395556b7d75dc0280a70804f3e94a673222e063e963e84f775,LIVE_READ_ENDED_ASSET,E10_regime_screen
D:\py\DRL2\eval\regime_screen\w2.36_r20\nominal\seed_269008.json,540,bb8a9b40c5e700041cb06213f3710ce024eccdba0964915ef14d83bd548bf1fd,LIVE_READ_ENDED_ASSET,E10_regime_screen
D:\py\DRL2\eval\regime_screen\w2.36_r20\nominal\seed_269009.json,527,013601adc5d2dc98a72bd097561172b065f5e84295664cb6834ac77836aad45c,LIVE_READ_ENDED_ASSET,E10_regime_screen
D:\py\DRL2\eval\regime_screen\w2.36_r20\nominal\seed_269010.json,526,1cba399a0823bbaa818c14b938a75babcf8848c85f85523fcebeb2610f957707,LIVE_READ_ENDED_ASSET,E10_regime_screen
D:\py\DRL2\eval\regime_screen\w2.36_r20\nominal\seed_269011.json,540,71bba1e3493d4231aaf20659705c30b63ae63841c516b4091ef3e953a84cf1ec,LIVE_READ_ENDED_ASSET,E10_regime_screen
D:\py\DRL2\eval\regime_screen\w2.36_r20\nominal\seed_269012.json,527,729b57ad92d17338ec9e0e847680101e7cec4b3364cd5b1a940ccb4af754d2e3,LIVE_READ_ENDED_ASSET,E10_regime_screen
D:\py\DRL2\eval\regime_screen\w2.36_r20\nominal\seed_269013.json,537,f9ec1038bd484bc719c6d037da89b84c5ef8fe441553a3b9cc95d1af182a17ab,LIVE_READ_ENDED_ASSET,E10_regime_screen
D:\py\DRL2\eval\regime_screen\w2.36_r20\nominal\seed_269014.json,541,9e8e3e3ca01c53ffe64a6873628e32361c8dcbdc04f4df27390a9fd0b253f471,LIVE_READ_ENDED_ASSET,E10_regime_screen
D:\py\DRL2\eval\regime_screen\w2.36_r20\nominal\seed_269015.json,526,acd0988f4ee60b2e5684a879babf8ba41fade9e4a7e75c01cddbf7e459bab78a,LIVE_READ_ENDED_ASSET,E10_regime_screen
D:\py\DRL2\eval\regime_screen\w2.36_r20\nominal\seed_269016.json,526,85dfeae1bdece6ce8911f78290d9cd9d407bb75fe8ef53eb925345093fe6c96b,LIVE_READ_ENDED_ASSET,E10_regime_screen
D:\py\DRL2\eval\regime_screen\w2.36_r20\nominal\seed_269017.json,541,6778e77c3c183d738f8099f0268a34bbc35b965f45921de1f1bd416ca377a2af,LIVE_READ_ENDED_ASSET,E10_regime_screen
D:\py\DRL2\eval\regime_screen\w2.36_r20\nominal\seed_269018.json,528,afe6d51760244f3927ed3c92a198f85365c233f51d8231bfb06b9f4443ad3eea,LIVE_READ_ENDED_ASSET,E10_regime_screen
D:\py\DRL2\eval\regime_screen\w2.36_r20\nominal\seed_269019.json,528,c724867b9c4c80a35065f4a4faa3164834b029fe27d9ac25440fd160d1fa0b22,LIVE_READ_ENDED_ASSET,E10_regime_screen
D:\py\DRL2\eval\regime_screen\w2.36_r20\nominal\seed_269020.json,527,21a548743a02791ca598f4917a97c4008dadb7f696afb23deb082446ad399c4a,LIVE_READ_ENDED_ASSET,E10_regime_screen
D:\py\DRL2\eval\regime_screen\w2.36_r20\nominal\seed_269021.json,539,27382718038b568ae9a15cae609a04fe2647669aa79755342c77341de26189e9,LIVE_READ_ENDED_ASSET,E10_regime_screen
D:\py\DRL2\eval\regime_screen\w2.36_r20\nominal\seed_269022.json,528,d1e60b5b0ada4b706d4b67ff6ded86a707adaca9e0980b86c7a91428db430326,LIVE_READ_ENDED_ASSET,E10_regime_screen
D:\py\DRL2\eval\regime_screen\w2.36_r20\nominal\seed_269023.json,541,73b7c25e5e3e1ca9a361aae7f97b7df9707d07932f9a3ee4207bef4aa64fdd79,LIVE_READ_ENDED_ASSET,E10_regime_screen
D:\py\DRL2\eval\regime_screen\w2.36_r20\nominal\seed_269024.json,539,aa8b2d9c2c4cd56617b7d878499e56ea89102931152fc77d5703c991e414c14c,LIVE_READ_ENDED_ASSET,E10_regime_screen
D:\py\DRL2\eval\regime_screen\w2.36_r20\nominal\seed_269025.json,540,30fdac3e15d2b6ada6545f60052fb1a89b244c3069916b3666eea88d6db0c5af,LIVE_READ_ENDED_ASSET,E10_regime_screen
D:\py\DRL2\eval\regime_screen\w2.36_r20\nominal\seed_269026.json,541,5e504d457a53455904a9e76e35d114ee0c6a5b0a2b28f26519bfabac7e0f7341,LIVE_READ_ENDED_ASSET,E10_regime_screen
D:\py\DRL2\eval\regime_screen\w2.36_r20\nominal\seed_269027.json,539,f56a818dc83bccbf5c8757dda9d06e4164bf581e67b377a952074b333a8faada,LIVE_READ_ENDED_ASSET,E10_regime_screen
D:\py\DRL2\eval\regime_screen\w2.36_r20\nominal\seed_269028.json,527,3654c867d385b397fb1097da4d6ea8c4a0420bb267c8ea039c2c250242e5040e,LIVE_READ_ENDED_ASSET,E10_regime_screen
D:\py\DRL2\eval\regime_screen\w2.36_r20\nominal\seed_269029.json,541,ee3843a60b727815cde6aed7f87445f28869f0092f7f6d55dbb114710a67aec2,LIVE_READ_ENDED_ASSET,E10_regime_screen
D:\py\DRL2\eval\regime_screen\w2.36_r20\nominal\seed_269030.json,527,05007d666f554b898dafea94164b0a05d60e3d1278dec92d8c494755cc056d85,LIVE_READ_ENDED_ASSET,E10_regime_screen
D:\py\DRL2\eval\regime_screen\w2.36_r20\nominal\seed_269031.json,528,303d3b39a0d9de703dfeabd425874af3ec1e7544bd84926609655ee095fa7b5f,LIVE_READ_ENDED_ASSET,E10_regime_screen
D:\py\DRL2\eval\regime_screen\w2.36_r20\nominal\seed_269032.json,527,c0eef6d8efebd94075d97697afc4f0709e9b2adf65eb3372dc81e28cb21edc10,LIVE_READ_ENDED_ASSET,E10_regime_screen
D:\py\DRL2\eval\regime_screen\w2.36_r20\nominal\seed_269033.json,541,96fda5ce065ac9d7cf5d8854e4d7ca0ad3734429d8191bc57293db1ad82ec596,LIVE_READ_ENDED_ASSET,E10_regime_screen
D:\py\DRL2\eval\regime_screen\w2.36_r20\nominal\seed_269034.json,528,1054caca2389b65f4135f6bf071615f29be71020848249579acfcacbbd71c72c,LIVE_READ_ENDED_ASSET,E10_regime_screen
D:\py\DRL2\eval\regime_screen\w2.36_r20\nominal\seed_269035.json,555,fa16dc8caeabea1ea1f41dfd123376786b01aa6f65e87814ee88e695b83d7f42,LIVE_READ_ENDED_ASSET,E10_regime_screen
D:\py\DRL2\eval\regime_screen\w2.36_r20\nominal\seed_269036.json,527,c35e4b286f5d1842e776eaf3b47bee340bd5c572825bdc0143bb77133a95d571,LIVE_READ_ENDED_ASSET,E10_regime_screen
D:\py\DRL2\eval\regime_screen\w2.36_r20\nominal\seed_269037.json,555,3d20098050dc86dbbcdc4d969106fe7cafad4f527253c7a314f4966c0394cde8,LIVE_READ_ENDED_ASSET,E10_regime_screen
D:\py\DRL2\eval\regime_screen\w2.36_r20\nominal\seed_269038.json,528,ac89beafc7351503f8799976096c484670cd11d3fa2021870d9df608dc19925d,LIVE_READ_ENDED_ASSET,E10_regime_screen
D:\py\DRL2\eval\regime_screen\w2.36_r20\nominal\seed_269039.json,540,9597b61463f37218ece1a08d9046d6786f7370c221b8a9c302ef078074391f66,LIVE_READ_ENDED_ASSET,E10_regime_screen
D:\py\DRL2\eval\regime_screen\w2.36_r20\nominal\seed_269040.json,528,d440e8d331f39dfda7fd62027d515b4be9fe77597bd78354541a8d771685eacf,LIVE_READ_ENDED_ASSET,E10_regime_screen
D:\py\DRL2\eval\regime_screen\w2.36_r20\nominal\seed_269041.json,528,53f3fced41ee4ace1914c51371eff610029597028a8a8371c0bbabf0d5e2c045,LIVE_READ_ENDED_ASSET,E10_regime_screen
D:\py\DRL2\eval\regime_screen\w2.36_r20\nominal\seed_269042.json,541,3654a775c6c59c75f6d06da5480dcab0630e1ff0d51560b459109a59a66c9b5a,LIVE_READ_ENDED_ASSET,E10_regime_screen
D:\py\DRL2\eval\regime_screen\w2.36_r20\nominal\seed_269043.json,528,0c0bf9577c5ba89efc52ae5373e8962c1c1b8ad55d36cb3e7fae43aa578d6399,LIVE_READ_ENDED_ASSET,E10_regime_screen
D:\py\DRL2\eval\regime_screen\w2.36_r20\nominal\seed_269044.json,527,47f602278ebed18994db5ad1fbdc5a4c9dd5d2177d36a4e41d1e23e819075716,LIVE_READ_ENDED_ASSET,E10_regime_screen
D:\py\DRL2\eval\regime_screen\w2.36_r20\nominal\seed_269045.json,541,63351575d5f9bee9d864465c25a16d5e52a3b3a3efb2833a68a604ca63f39dee,LIVE_READ_ENDED_ASSET,E10_regime_screen
D:\py\DRL2\eval\regime_screen\w2.36_r20\nominal\seed_269046.json,541,66d90b3cb88b507b17f85cece4716b490fa89b91ae428ac4b404bb873c4ebfb8,LIVE_READ_ENDED_ASSET,E10_regime_screen
D:\py\DRL2\eval\regime_screen\w2.36_r20\nominal\seed_269047.json,528,1ca0bcd010e22295ec9979e853fb8a7175203ca09cf7ae942f181228f09c1f56,LIVE_READ_ENDED_ASSET,E10_regime_screen
D:\py\DRL2\eval\regime_screen\w2.36_r20\pure\seed_269000.json,547,754a2900d1cd2e0a3dd325ceb1674ef4481f3d0ac496ca10f3efdc4ab3227b16,LIVE_READ_ENDED_ASSET,E10_regime_screen
D:\py\DRL2\eval\regime_screen\w2.36_r20\pure\seed_269001.json,522,97916ca9ca3981c25f51af030489f1aef2e3db61d6ed5e914dc06c3e79e7d719,LIVE_READ_ENDED_ASSET,E10_regime_screen
D:\py\DRL2\eval\regime_screen\w2.36_r20\pure\seed_269002.json,537,4b0ab87861b8065646d29f16856501cfcf0cbc68bd7803174ea631b81bd8ebdb,LIVE_READ_ENDED_ASSET,E10_regime_screen
D:\py\DRL2\eval\regime_screen\w2.36_r20\pure\seed_269003.json,525,fe4f5a2ca19f5f40df8f1a3d2f07fbbbbb9a30f1cda69a62d024da4e604bf433,LIVE_READ_ENDED_ASSET,E10_regime_screen
D:\py\DRL2\eval\regime_screen\w2.36_r20\pure\seed_269004.json,536,5af5305338f8a5f8706e8c73202a9aa322563a7e659b3b3852617a49c03433da,LIVE_READ_ENDED_ASSET,E10_regime_screen
D:\py\DRL2\eval\regime_screen\w2.36_r20\pure\seed_269005.json,547,73595e3f44a66746c578b9d602bd7e97c4f063ebe94d8b2a245e94930f4bd4e5,LIVE_READ_ENDED_ASSET,E10_regime_screen
D:\py\DRL2\eval\regime_screen\w2.36_r20\pure\seed_269006.json,536,c65749f1ba2db689ac9d81492e854849e00857053caf24ed0c63f28e1caf9cd3,LIVE_READ_ENDED_ASSET,E10_regime_screen
D:\py\DRL2\eval\regime_screen\w2.36_r20\pure\seed_269007.json,547,b617d86fe1a410395fcc6c86028c632bb0185dcb91c95efabf28b14534da12ef,LIVE_READ_ENDED_ASSET,E10_regime_screen
D:\py\DRL2\eval\regime_screen\w2.36_r20\pure\seed_269008.json,538,3db9561c4270ae987064286f8a1c8913b43b63c7914b1649e6c1cff4bcf64c50,LIVE_READ_ENDED_ASSET,E10_regime_screen
D:\py\DRL2\eval\regime_screen\w2.36_r20\pure\seed_269009.json,547,3783d01bfce1948ff91c2fc4fcea07d611d3a853ac570c785bd6d2b7425e28b7,LIVE_READ_ENDED_ASSET,E10_regime_screen
D:\py\DRL2\eval\regime_screen\w2.36_r20\pure\seed_269010.json,548,2e696e7a1ab3181a3f429ea4f1439008645fd29889eb1cc500a7dbb88c23cb2e,LIVE_READ_ENDED_ASSET,E10_regime_screen
D:\py\DRL2\eval\regime_screen\w2.36_r20\pure\seed_269011.json,547,99eba8ee6248edef70d9d632febafbcf45f7b5d9b8ea89a208036db750d69558,LIVE_READ_ENDED_ASSET,E10_regime_screen
D:\py\DRL2\eval\regime_screen\w2.36_r20\pure\seed_269012.json,523,8eeb18389f4435f165a74ca7fd9e4abc5f8c010bc86ad725b7d8dddb9ac5f7b5,LIVE_READ_ENDED_ASSET,E10_regime_screen
D:\py\DRL2\eval\regime_screen\w2.36_r20\pure\seed_269013.json,537,8a3758d45330f6fd353779432dbf05cd7ebf36ad17fa74a28dc283bb36fe3a5a,LIVE_READ_ENDED_ASSET,E10_regime_screen
D:\py\DRL2\eval\regime_screen\w2.36_r20\pure\seed_269014.json,537,391cfd3a9df3d21419f74b8be81cd907f9666162789854e8f9f2df4a66ebf4e2,LIVE_READ_ENDED_ASSET,E10_regime_screen
D:\py\DRL2\eval\regime_screen\w2.36_r20\pure\seed_269015.json,537,0faa2ee182b39478f12c9e61000d8aa00b3c4896df7828142ba265a16c641dcc,LIVE_READ_ENDED_ASSET,E10_regime_screen
D:\py\DRL2\eval\regime_screen\w2.36_r20\pure\seed_269016.json,525,1484950fdf8e0e6f3741ec5c9bd97bbd485301e5df86bfe1248ddc5224a2f05c,LIVE_READ_ENDED_ASSET,E10_regime_screen
D:\py\DRL2\eval\regime_screen\w2.36_r20\pure\seed_269017.json,536,493f53229c7693df323169309a8cf04eb55e740fb7a7f13f2d0b5498295d097d,LIVE_READ_ENDED_ASSET,E10_regime_screen
D:\py\DRL2\eval\regime_screen\w2.36_r20\pure\seed_269018.json,547,986f7251bfafb3bdc4e52f7fe4bf48758c5abca70197a41bec9393abfa3dec7c,LIVE_READ_ENDED_ASSET,E10_regime_screen
D:\py\DRL2\eval\regime_screen\w2.36_r20\pure\seed_269019.json,537,47810b2365697a4f0b4907cfc92c0e01367e07abe8e1bbc12fe4cda95fe593f4,LIVE_READ_ENDED_ASSET,E10_regime_screen
D:\py\DRL2\eval\regime_screen\w2.36_r20\pure\seed_269020.json,525,c6e06c4ec87c8c1c737a70b9e18998380b6e6bc794aa76feadac4e9f9d563cee,LIVE_READ_ENDED_ASSET,E10_regime_screen
D:\py\DRL2\eval\regime_screen\w2.36_r20\pure\seed_269021.json,523,489986d35da35fc9857e16244b6f54de7c6797e42dd475e5faa9ac780a37e38a,LIVE_READ_ENDED_ASSET,E10_regime_screen
D:\py\DRL2\eval\regime_screen\w2.36_r20\pure\seed_269022.json,525,8aaedc0705de9d240b01b61c649f1ee05ea47987dd9adff35dacfa68a26eae3a,LIVE_READ_ENDED_ASSET,E10_regime_screen
D:\py\DRL2\eval\regime_screen\w2.36_r20\pure\seed_269023.json,523,0b3dcf888ed3ca55a9346fc68f3c9c88d6df33a20232f973cc20e599c04c783b,LIVE_READ_ENDED_ASSET,E10_regime_screen
D:\py\DRL2\eval\regime_screen\w2.36_r20\pure\seed_269024.json,523,1be14f20dd2ddb07d5e27641c29e064eb4c04dcd5496d0755889b96847abdd7f,LIVE_READ_ENDED_ASSET,E10_regime_screen
D:\py\DRL2\eval\regime_screen\w2.36_r20\pure\seed_269025.json,524,2768edfd7302eb9520bb737a88b3df1ee50520dced5eda77fda3a67dfd95f7c9,LIVE_READ_ENDED_ASSET,E10_regime_screen
D:\py\DRL2\eval\regime_screen\w2.36_r20\pure\seed_269026.json,524,dd939f31ec53fa9105d873b951dc4bec4ce7cf3e7ae3fb158f67a6a043cb7aa5,LIVE_READ_ENDED_ASSET,E10_regime_screen
D:\py\DRL2\eval\regime_screen\w2.36_r20\pure\seed_269027.json,547,5b70d1897ae4d35e4beb3246c82a416855795cc3482ced6794878dac356728a1,LIVE_READ_ENDED_ASSET,E10_regime_screen
D:\py\DRL2\eval\regime_screen\w2.36_r20\pure\seed_269028.json,524,496fff8c69b96fe5efbd327a0de405611cadb91c1a86c3f05d57d4bb22d28c90,LIVE_READ_ENDED_ASSET,E10_regime_screen
D:\py\DRL2\eval\regime_screen\w2.36_r20\pure\seed_269029.json,548,cd5f44436c8fc98e13d1eb5da1c92f1f537ad21cc5c65dc3632f83c47572129d,LIVE_READ_ENDED_ASSET,E10_regime_screen
D:\py\DRL2\eval\regime_screen\w2.36_r20\pure\seed_269030.json,524,878c88d0b8f8124291e067af8810fb690a45148e8910236a1f4f62088d211fbc,LIVE_READ_ENDED_ASSET,E10_regime_screen
D:\py\DRL2\eval\regime_screen\w2.36_r20\pure\seed_269031.json,525,287fd9ff383e8e1a592975552a01703990f4dc7d62e1404449e8c42639a257c6,LIVE_READ_ENDED_ASSET,E10_regime_screen
D:\py\DRL2\eval\regime_screen\w2.36_r20\pure\seed_269032.json,524,308a3db52de0023cdf240d6698540b8217dd6cd84d5cf5cff59ac6ab404058f0,LIVE_READ_ENDED_ASSET,E10_regime_screen
D:\py\DRL2\eval\regime_screen\w2.36_r20\pure\seed_269033.json,537,1a963b8e40802a824227c87607e0aabaa3328e10a3ee5ede010fd8a323eb5316,LIVE_READ_ENDED_ASSET,E10_regime_screen
D:\py\DRL2\eval\regime_screen\w2.36_r20\pure\seed_269034.json,524,0f792b660b11a91f537fd28e6fbd455f3a387e57fc602ecd936f7a24342c3d31,LIVE_READ_ENDED_ASSET,E10_regime_screen
D:\py\DRL2\eval\regime_screen\w2.36_r20\pure\seed_269035.json,524,f2dbc1c36f03f25be611423187e75b8043013dde01595e47cb1f466f6ea1c951,LIVE_READ_ENDED_ASSET,E10_regime_screen
D:\py\DRL2\eval\regime_screen\w2.36_r20\pure\seed_269036.json,525,6534e0fb0186141d70e6738edf7de4e774802a94b2d4b778802e5ab7245cacdf,LIVE_READ_ENDED_ASSET,E10_regime_screen
D:\py\DRL2\eval\regime_screen\w2.36_r20\pure\seed_269037.json,524,73646e80011ed3a5e7bd25f2e97c76f7048b9f5c64d2d0ae9829fdad905eb686,LIVE_READ_ENDED_ASSET,E10_regime_screen
D:\py\DRL2\eval\regime_screen\w2.36_r20\pure\seed_269038.json,548,327bb4a4a1c6ca8c560b8e8e23faa538c0558bcc9af7999cd84cb3a00f70ce17,LIVE_READ_ENDED_ASSET,E10_regime_screen
D:\py\DRL2\eval\regime_screen\w2.36_r20\pure\seed_269039.json,522,9fadcb79cbfcefd8571bf0edc99bd2b5d03be940f44cbd39676da043bb4a2f33,LIVE_READ_ENDED_ASSET,E10_regime_screen
D:\py\DRL2\eval\regime_screen\w2.36_r20\pure\seed_269040.json,547,48da75d681fc420108fbfb076d9f78ef57c1a7072630c02816c9196afd652d37,LIVE_READ_ENDED_ASSET,E10_regime_screen
D:\py\DRL2\eval\regime_screen\w2.36_r20\pure\seed_269041.json,548,44269998808ac717a559b0c698599097811e62e5c001b86af3cc22ef10674cc0,LIVE_READ_ENDED_ASSET,E10_regime_screen
D:\py\DRL2\eval\regime_screen\w2.36_r20\pure\seed_269042.json,537,6e77fbf235f3629f0b8313397325f2df80342d4bae2cc5d5308f67222c2a93db,LIVE_READ_ENDED_ASSET,E10_regime_screen
D:\py\DRL2\eval\regime_screen\w2.36_r20\pure\seed_269043.json,538,285c47defbf3afd5289f18008347c631cb2d159b38a1566237a758db9768c61f,LIVE_READ_ENDED_ASSET,E10_regime_screen
D:\py\DRL2\eval\regime_screen\w2.36_r20\pure\seed_269044.json,524,6dfd2fe38b1c38e5914ef7197f53829b34e4e37e68262e6d52066062cb232928,LIVE_READ_ENDED_ASSET,E10_regime_screen
D:\py\DRL2\eval\regime_screen\w2.36_r20\pure\seed_269045.json,524,18e17a6df4e3d81644f2cbb3b3f61817db364c91f75b336e950be3f6d5f650fe,LIVE_READ_ENDED_ASSET,E10_regime_screen
D:\py\DRL2\eval\regime_screen\w2.36_r20\pure\seed_269046.json,548,24b05dd74e14a499acde36ce36f4c706f0a37ad5b799cb9f19706128dfbeeea2,LIVE_READ_ENDED_ASSET,E10_regime_screen
D:\py\DRL2\eval\regime_screen\w2.36_r20\pure\seed_269047.json,538,4d63d92dae570decd03c87306a12f315402b77f4d511828e8a078aec1b0669b3,LIVE_READ_ENDED_ASSET,E10_regime_screen
D:\py\DRL2\eval\regime_screen\w3.00_r15\pure\seed_269000.json,533,fa672630c308906740ffa667308e93d1f9a15220d42e030095d96a796de41a40,LIVE_READ_ENDED_ASSET,E10_regime_screen
D:\py\DRL2\eval\regime_screen\w3.00_r15\pure\seed_269001.json,536,d4cee98bf166032bf7eebebcd896ca3991c5f2240ded712bf8ac4aff5e5401ad,LIVE_READ_ENDED_ASSET,E10_regime_screen
D:\py\DRL2\eval\regime_screen\w3.00_r15\pure\seed_269002.json,511,21395fdd39e4ac56d8e73fd364ce956b52f138d05a19a738bdc0e62581beb283,LIVE_READ_ENDED_ASSET,E10_regime_screen
D:\py\DRL2\eval\regime_screen\w3.00_r15\pure\seed_269003.json,533,691f908bda9b05cca02924ca03e827771e909bdf8b9da1d54b5081fb2be63c56,LIVE_READ_ENDED_ASSET,E10_regime_screen
D:\py\DRL2\eval\regime_screen\w3.00_r15\pure\seed_269004.json,535,858713c3cdbb496892cdc645f87684c904f5f0dbf87e803839ebd400865a146c,LIVE_READ_ENDED_ASSET,E10_regime_screen
D:\py\DRL2\eval\regime_screen\w3.00_r15\pure\seed_269005.json,522,91cc1ddfe7b734d862263f71e8b8e7f00f5b23b42d6990e4da16bb1a49353d59,LIVE_READ_ENDED_ASSET,E10_regime_screen
D:\py\DRL2\eval\regime_screen\w3.00_r15\pure\seed_269006.json,508,a78d565d419aac1bcec009125d0d9fcb2798057d90f59c83a7ee8e6a992e3b73,LIVE_READ_ENDED_ASSET,E10_regime_screen
D:\py\DRL2\eval\regime_screen\w3.00_r15\pure\seed_269007.json,535,8a7b3a4319d165f70342d1b7acaa69f1d17a25b1f0b8df8eb520dfe2ebdf5fb9,LIVE_READ_ENDED_ASSET,E10_regime_screen
D:\py\DRL2\eval\regime_screen\w3.00_r15\pure\seed_269008.json,511,4ee8236bb74fe6646f84b85b68094953cfa3810d1c1973818520506441522110,LIVE_READ_ENDED_ASSET,E10_regime_screen
D:\py\DRL2\eval\regime_screen\w3.00_r15\pure\seed_269009.json,550,96e11f868e1e1427b58d1c8f5ba24012f127bb90ce4420521e7a4826a300052b,LIVE_READ_ENDED_ASSET,E10_regime_screen
D:\py\DRL2\eval\regime_screen\w3.00_r15\pure\seed_269010.json,534,912bfce3cb3b0d5065e9afe7c72908b46afcf6e9cb5690310e4d92d81178e6eb,LIVE_READ_ENDED_ASSET,E10_regime_screen
D:\py\DRL2\eval\regime_screen\w3.00_r15\pure\seed_269011.json,533,3d8c1adf2c3012609931424b42780238c9ca970d3fc6d297ad3f4fe1fbaa0011,LIVE_READ_ENDED_ASSET,E10_regime_screen
D:\py\DRL2\eval\regime_screen\w3.00_r15\pure\seed_269012.json,509,80395a274af73a530cb4e7925ec16436b3330b6e95e1c0dea12be753fd9813ef,LIVE_READ_ENDED_ASSET,E10_regime_screen
D:\py\DRL2\eval\regime_screen\w3.00_r15\pure\seed_269013.json,523,8c6587a3ab4c451a9aa9ce883ae6acf5f9a33eb1e9aa6b4fec0d688ad509c7a5,LIVE_READ_ENDED_ASSET,E10_regime_screen
D:\py\DRL2\eval\regime_screen\w3.00_r15\pure\seed_269014.json,534,8c4149a41877cda2581c7c40b3405dabcd8adcbc1dde91e4e4c10797f47d57a2,LIVE_READ_ENDED_ASSET,E10_regime_screen
D:\py\DRL2\eval\regime_screen\w3.00_r15\pure\seed_269015.json,533,d750d085a7e2732b7902de3ab8af09cbb9bc0e389dde317cdb3b8ca5d0ce20cd,LIVE_READ_ENDED_ASSET,E10_regime_screen
D:\py\DRL2\eval\regime_screen\w3.00_r15\pure\seed_269016.json,524,62ac9778e9a1493767e988856a688bc384f37437c00ecbafb4aca42a19145ab9,LIVE_READ_ENDED_ASSET,E10_regime_screen
D:\py\DRL2\eval\regime_screen\w3.00_r15\pure\seed_269017.json,533,f4041247df81364f03886b3750b64620a185bfce4c88a234719f082fdc152a9b,LIVE_READ_ENDED_ASSET,E10_regime_screen
D:\py\DRL2\eval\regime_screen\w3.00_r15\pure\seed_269018.json,533,e3fa13b88db837997270a35976887eb16fa3a928472eee30f06a8ca41cb314b7,LIVE_READ_ENDED_ASSET,E10_regime_screen
D:\py\DRL2\eval\regime_screen\w3.00_r15\pure\seed_269019.json,523,9a506ef2feeea98659b2d30a2c8855f0abf6aee179e88a6d39552109e0090ef4,LIVE_READ_ENDED_ASSET,E10_regime_screen
D:\py\DRL2\eval\regime_screen\w3.00_r15\pure\seed_269020.json,511,a14f0d47c90665abffaaa2e04c89a53030c545bdb866ffd79fa9fbfd8eec77df,LIVE_READ_ENDED_ASSET,E10_regime_screen
D:\py\DRL2\eval\regime_screen\w3.00_r15\pure\seed_269021.json,521,260a5eefdc709ee35684af4d8814327d228cc6be079b2d6e646e05077cb441d1,LIVE_READ_ENDED_ASSET,E10_regime_screen
D:\py\DRL2\eval\regime_screen\w3.00_r15\pure\seed_269022.json,510,ef5cc6cdb66ac5db06a2e075084f810ecd905b5b204ebda8eaeca04fb7669dd8,LIVE_READ_ENDED_ASSET,E10_regime_screen
D:\py\DRL2\eval\regime_screen\w3.00_r15\pure\seed_269023.json,510,d45e94aae4eb6be735963387a031b0d1e45861dd2e428c52fc3508ae829d5e75,LIVE_READ_ENDED_ASSET,E10_regime_screen
D:\py\DRL2\eval\regime_screen\w3.00_r15\pure\seed_269024.json,510,9c751f0d35bd406b9fa681ffa898b17c6ba3269d430502044af054fb66e1ea2f,LIVE_READ_ENDED_ASSET,E10_regime_screen
D:\py\DRL2\eval\regime_screen\w3.00_r15\pure\seed_269025.json,509,16e6715f29bbc0c249127aebaa9d4388de02add32bda7da365dbbe192f860dbf,LIVE_READ_ENDED_ASSET,E10_regime_screen
D:\py\DRL2\eval\regime_screen\w3.00_r15\pure\seed_269026.json,533,1d9305ee5b0ac6e2aed238a70f942b9b04c10869aabd578798334688b8d3e74d,LIVE_READ_ENDED_ASSET,E10_regime_screen
D:\py\DRL2\eval\regime_screen\w3.00_r15\pure\seed_269027.json,533,004f1e152c3cfe26241d8441c9e117a80701505b3c5071751d80de750a4fb179,LIVE_READ_ENDED_ASSET,E10_regime_screen
D:\py\DRL2\eval\regime_screen\w3.00_r15\pure\seed_269028.json,522,9f3a33c25a7657e7dcf30c0756b44694e2ffdccd7a83c9c53395f38818115e29,LIVE_READ_ENDED_ASSET,E10_regime_screen
D:\py\DRL2\eval\regime_screen\w3.00_r15\pure\seed_269029.json,534,ce20a211ac367a5e035d8cf73afe4d487edf3ea4797ffb14d3af8e0946e459fe,LIVE_READ_ENDED_ASSET,E10_regime_screen
D:\py\DRL2\eval\regime_screen\w3.00_r15\pure\seed_269030.json,536,ffee291b1b8b926ae3d8ae99dadf37cabdd922e162c25d776550d013b1a41676,LIVE_READ_ENDED_ASSET,E10_regime_screen
D:\py\DRL2\eval\regime_screen\w3.00_r15\pure\seed_269031.json,533,d0c54b2f66d0fca5a8f0e81d1af9c398d915f73007e2a5722ef83875df59275d,LIVE_READ_ENDED_ASSET,E10_regime_screen
D:\py\DRL2\eval\regime_screen\w3.00_r15\pure\seed_269032.json,510,4c236442d52f948eac3d3f0e44a0d90383abb771ab0cfb9fa6ff7e3916ca08f3,LIVE_READ_ENDED_ASSET,E10_regime_screen
D:\py\DRL2\eval\regime_screen\w3.00_r15\pure\seed_269033.json,533,7fa4d83ffc3dabe2fd4e500b9b2801df3d8b3f22cf244be693a18d7acf4a711b,LIVE_READ_ENDED_ASSET,E10_regime_screen
D:\py\DRL2\eval\regime_screen\w3.00_r15\pure\seed_269034.json,522,2398df5d3e30ec0413d17e6fd66cef2c993e851ba4cfa8e0dfafb76643a941df,LIVE_READ_ENDED_ASSET,E10_regime_screen
D:\py\DRL2\eval\regime_screen\w3.00_r15\pure\seed_269035.json,536,310419c0e66741a3fbb797ceb77ed269bea93f0c8ffae11f8f952c48f796564f,LIVE_READ_ENDED_ASSET,E10_regime_screen
D:\py\DRL2\eval\regime_screen\w3.00_r15\pure\seed_269036.json,509,04c80dc9a5827e107a297c64eb824272b69b5591860396679bb4ea68cb91d80b,LIVE_READ_ENDED_ASSET,E10_regime_screen
D:\py\DRL2\eval\regime_screen\w3.00_r15\pure\seed_269037.json,533,1ee7f462d80238175e6544b37ad269df41ac3c7a25478658ae9e7e4df2552b78,LIVE_READ_ENDED_ASSET,E10_regime_screen
D:\py\DRL2\eval\regime_screen\w3.00_r15\pure\seed_269038.json,533,b7804e0342610cf9e706a845261007b0391add29231dd83ccd62782c3672e852,LIVE_READ_ENDED_ASSET,E10_regime_screen
D:\py\DRL2\eval\regime_screen\w3.00_r15\pure\seed_269039.json,533,8ad95a20ebef43a22d2cec1035bf03f1e48959b83e79aabf47072496ec742d95,LIVE_READ_ENDED_ASSET,E10_regime_screen
D:\py\DRL2\eval\regime_screen\w3.00_r15\pure\seed_269040.json,549,75b5e175f16425816d2676c89ba5fda395830da7c63ca451ca35b52b01955cfa,LIVE_READ_ENDED_ASSET,E10_regime_screen
D:\py\DRL2\eval\regime_screen\w3.00_r15\pure\seed_269041.json,533,93cc8cf8e6a42649b3efba485e6cd0c7eda1ff1dfb27e0d62688e240862623d0,LIVE_READ_ENDED_ASSET,E10_regime_screen
D:\py\DRL2\eval\regime_screen\w3.00_r15\pure\seed_269042.json,550,99513622da79a250f3f97bb9ae3a174320cfd611496f560bea38df498d8ff295,LIVE_READ_ENDED_ASSET,E10_regime_screen
D:\py\DRL2\eval\regime_screen\w3.00_r15\pure\seed_269043.json,510,55c5d6aa4ba7fca009f01069d3a989233cb317794a6fa53a8cfb7720f2c1b17e,LIVE_READ_ENDED_ASSET,E10_regime_screen
D:\py\DRL2\eval\regime_screen\w3.00_r15\pure\seed_269044.json,508,7c6b0218fcd1557afa0fe66f237a139b68498e0310f71a8122d76966919be66a,LIVE_READ_ENDED_ASSET,E10_regime_screen
D:\py\DRL2\eval\regime_screen\w3.00_r15\pure\seed_269045.json,507,502491e448f58dba5e67240d27ce986b12dafc47c4aab4a4d7d7ebdff00426e0,LIVE_READ_ENDED_ASSET,E10_regime_screen
D:\py\DRL2\eval\regime_screen\w3.00_r15\pure\seed_269046.json,510,89d0246e1f87551131dd0baa854aa4f98afc3800763c35704d78186dd319c516,LIVE_READ_ENDED_ASSET,E10_regime_screen
D:\py\DRL2\eval\regime_screen\w3.00_r15\pure\seed_269047.json,510,999f97c9753279df56214235aeea53bcd27c7fd905b328c26c0d289703db5806,LIVE_READ_ENDED_ASSET,E10_regime_screen
D:\py\DRL2\eval\regime_screen\w3.00_r18\pure\seed_269000.json,533,d2a9251611f83290cca189424524892548c6f3b1ceb006ac640965b276a66a80,LIVE_READ_ENDED_ASSET,E10_regime_screen
D:\py\DRL2\eval\regime_screen\w3.00_r18\pure\seed_269001.json,549,bdfe46a04f99ebb66d2990da2eeb583ebbfcb29f9baaacdf2eb2550a3d004863,LIVE_READ_ENDED_ASSET,E10_regime_screen
D:\py\DRL2\eval\regime_screen\w3.00_r18\pure\seed_269002.json,511,fdd6054426b0d864b0ce207bd2713bbf1801908dcd2deedd295d0191f12b09be,LIVE_READ_ENDED_ASSET,E10_regime_screen
D:\py\DRL2\eval\regime_screen\w3.00_r18\pure\seed_269003.json,532,138446cfeaf2dce5a3922ae352ef74a386a80f43b0431a30a87f7488010d076a,LIVE_READ_ENDED_ASSET,E10_regime_screen
D:\py\DRL2\eval\regime_screen\w3.00_r18\pure\seed_269004.json,550,6077a23fae04023cf102f028f1d1ffaebe34ff1cbfeb35d04d97b8ea65b74ed8,LIVE_READ_ENDED_ASSET,E10_regime_screen
D:\py\DRL2\eval\regime_screen\w3.00_r18\pure\seed_269005.json,509,9dbe4cdd60cd854a58be9a550987a41b5ddac86aa5c904f7297a5f82897f83ee,LIVE_READ_ENDED_ASSET,E10_regime_screen
D:\py\DRL2\eval\regime_screen\w3.00_r18\pure\seed_269006.json,521,42791caf38e788e1634361596c986f9ae698bf7869798f3e6da8b36c8fe95a51,LIVE_READ_ENDED_ASSET,E10_regime_screen
D:\py\DRL2\eval\regime_screen\w3.00_r18\pure\seed_269007.json,536,93f44278a00247227ed715365e73809c2ca6be857702bb4beb416e950427b39b,LIVE_READ_ENDED_ASSET,E10_regime_screen
D:\py\DRL2\eval\regime_screen\w3.00_r18\pure\seed_269008.json,510,274f1d700ea665e5328f978ae4aaf02abdca7485a86ebd59132d78d4f8a8edea,LIVE_READ_ENDED_ASSET,E10_regime_screen
D:\py\DRL2\eval\regime_screen\w3.00_r18\pure\seed_269009.json,536,4b8c6d2ae87c85f469fc8e95504f64e35ff38f0357e8c0885aed53dd719ecf26,LIVE_READ_ENDED_ASSET,E10_regime_screen
D:\py\DRL2\eval\regime_screen\w3.00_r18\pure\seed_269010.json,534,3e481946bad96f803f4b9ac59d587be1c3e2c1d722b264b733b0dbfd7f7f377d,LIVE_READ_ENDED_ASSET,E10_regime_screen
D:\py\DRL2\eval\regime_screen\w3.00_r18\pure\seed_269011.json,533,05c297cbf32cf00fa995e0f6c60fcdc5c719bd689936e63e78a7b9f3cf8b06a6,LIVE_READ_ENDED_ASSET,E10_regime_screen
D:\py\DRL2\eval\regime_screen\w3.00_r18\pure\seed_269012.json,533,fbeb9dc8e966783e020057a4f958311683f7466b22e3b64bf7a68888df95da9e,LIVE_READ_ENDED_ASSET,E10_regime_screen
D:\py\DRL2\eval\regime_screen\w3.00_r18\pure\seed_269013.json,522,92f3b441db765b840060e54b0a84de1a6a927727f4d8311fbc8fe43638ee75b1,LIVE_READ_ENDED_ASSET,E10_regime_screen
D:\py\DRL2\eval\regime_screen\w3.00_r18\pure\seed_269014.json,534,d185affc53adb152e6da6bc578ecf4c06305d4c85cf13e650ea9b5c9ba6d0ad8,LIVE_READ_ENDED_ASSET,E10_regime_screen
D:\py\DRL2\eval\regime_screen\w3.00_r18\pure\seed_269015.json,533,4c4cba33c3242c7fcb18b335083406ed41bcc3bc07635c01e093396545ab0edd,LIVE_READ_ENDED_ASSET,E10_regime_screen
D:\py\DRL2\eval\regime_screen\w3.00_r18\pure\seed_269016.json,510,cdf27ef9401046ed8dc9719dd636830f7200370062fae10f15bfdbdd94b76e60,LIVE_READ_ENDED_ASSET,E10_regime_screen
D:\py\DRL2\eval\regime_screen\w3.00_r18\pure\seed_269017.json,534,71a1f6a803325e2fec7ce3fe91dbf8a2e3838624d884626acc9bcc4d31e48f9f,LIVE_READ_ENDED_ASSET,E10_regime_screen
D:\py\DRL2\eval\regime_screen\w3.00_r18\pure\seed_269018.json,534,0cf26b60c26192397d20956d66a16562d7ac5794d9de18b24e76e1d1d1a8f075,LIVE_READ_ENDED_ASSET,E10_regime_screen
D:\py\DRL2\eval\regime_screen\w3.00_r18\pure\seed_269019.json,510,5af9f94b59ec7de86525e5741b5eb4e7831b8c730d923e2ed0f2b8c1a8de7cbb,LIVE_READ_ENDED_ASSET,E10_regime_screen
D:\py\DRL2\eval\regime_screen\w3.00_r18\pure\seed_269020.json,524,40c3afa4c7b9c0e7710d6ecd230b580028252e0086b9e294fd56031e6058d802,LIVE_READ_ENDED_ASSET,E10_regime_screen
D:\py\DRL2\eval\regime_screen\w3.00_r18\pure\seed_269021.json,520,0adba3d8e171b3df6d2430f7bdae12b298942ff9cbbce2336b1958ce3430c85b,LIVE_READ_ENDED_ASSET,E10_regime_screen
D:\py\DRL2\eval\regime_screen\w3.00_r18\pure\seed_269022.json,523,6018d065ccd4a07165232128a7f39d4fce4df549b8e18d45e5c23d685ee00afe,LIVE_READ_ENDED_ASSET,E10_regime_screen
D:\py\DRL2\eval\regime_screen\w3.00_r18\pure\seed_269023.json,509,27d29793467f46af9053db735ab0c0d94023068f76be19f7e091146dbc7ac426,LIVE_READ_ENDED_ASSET,E10_regime_screen
D:\py\DRL2\eval\regime_screen\w3.00_r18\pure\seed_269024.json,536,ae0f00037530b6e292912c30b68441d27929f0af6211781109d86ff57e886501,LIVE_READ_ENDED_ASSET,E10_regime_screen
D:\py\DRL2\eval\regime_screen\w3.00_r18\pure\seed_269025.json,509,778f2b46d8dff0df031e86d4a5c5e30d1cff79bf7adc40f62c4e03d9ee491cf8,LIVE_READ_ENDED_ASSET,E10_regime_screen
D:\py\DRL2\eval\regime_screen\w3.00_r18\pure\seed_269026.json,532,30d31abdc1458b460c082c2f06d17fe7ee23aa7a3ae55ff53a3fb428f77d14e3,LIVE_READ_ENDED_ASSET,E10_regime_screen
D:\py\DRL2\eval\regime_screen\w3.00_r18\pure\seed_269027.json,534,b2354ca1af97a410a10048f19bf19312baef16af33b6e9bc41dd83f8b02df3e5,LIVE_READ_ENDED_ASSET,E10_regime_screen
D:\py\DRL2\eval\regime_screen\w3.00_r18\pure\seed_269028.json,510,9ac10d1b08d7e44b8ae592567dc55bd23ad04d853139ff047784b6f513c5ffb0,LIVE_READ_ENDED_ASSET,E10_regime_screen
D:\py\DRL2\eval\regime_screen\w3.00_r18\pure\seed_269029.json,535,5c78ba09b7829f64646adb6c9e3a2f2efcfb49ec1dd757d7dc35120e3b63419b,LIVE_READ_ENDED_ASSET,E10_regime_screen
D:\py\DRL2\eval\regime_screen\w3.00_r18\pure\seed_269030.json,534,2c723e641bee9a7bc4b7f1b524d28ef972401a55df74f4036c8ceb07dbede0f3,LIVE_READ_ENDED_ASSET,E10_regime_screen
D:\py\DRL2\eval\regime_screen\w3.00_r18\pure\seed_269031.json,533,53f00de0be02144cc9ea40d5c05433f5e20c397a98f174d07f87854ac4efad90,LIVE_READ_ENDED_ASSET,E10_regime_screen
D:\py\DRL2\eval\regime_screen\w3.00_r18\pure\seed_269032.json,510,14c831bb69f259a121df0c33aa472b8519a04a786e965aa53840a02a79173a81,LIVE_READ_ENDED_ASSET,E10_regime_screen
D:\py\DRL2\eval\regime_screen\w3.00_r18\pure\seed_269033.json,522,fecec8b2a626c777108b5fcf87093b80a8fc1a944270d83ff27a7ddec542241e,LIVE_READ_ENDED_ASSET,E10_regime_screen
D:\py\DRL2\eval\regime_screen\w3.00_r18\pure\seed_269034.json,523,c7488a3b2f3115252eb2db58a47400837728ecb6fb997ea64ecc9586245be81b,LIVE_READ_ENDED_ASSET,E10_regime_screen
D:\py\DRL2\eval\regime_screen\w3.00_r18\pure\seed_269035.json,548,3cf9853a9c2ef4a4bda4fd06cd25f19e63c4295f6be16851a2479b7b38bdf040,LIVE_READ_ENDED_ASSET,E10_regime_screen
D:\py\DRL2\eval\regime_screen\w3.00_r18\pure\seed_269036.json,524,8697b6d016fbe9233b365af24da033183b84e01b7204422c6f9d9fb36b4d9457,LIVE_READ_ENDED_ASSET,E10_regime_screen
D:\py\DRL2\eval\regime_screen\w3.00_r18\pure\seed_269037.json,534,6e8965e96040326c2c06f38637c6806c5b8bbd9f0e07afee36406a28191044a1,LIVE_READ_ENDED_ASSET,E10_regime_screen
D:\py\DRL2\eval\regime_screen\w3.00_r18\pure\seed_269038.json,510,9d5124cbffb1c47b6df9c43d21493d50033d6c5a66955ad396e2f91b24369db7,LIVE_READ_ENDED_ASSET,E10_regime_screen
D:\py\DRL2\eval\regime_screen\w3.00_r18\pure\seed_269039.json,533,1786d648f9e1a9863368f94cbc13b1e1d37f9c877fd6f97a9c1ac1b57ff5b266,LIVE_READ_ENDED_ASSET,E10_regime_screen
D:\py\DRL2\eval\regime_screen\w3.00_r18\pure\seed_269040.json,549,e9bdf324fc264641aa08837e1563fcecee69cd80912717b4d5b46909f48f413b,LIVE_READ_ENDED_ASSET,E10_regime_screen
D:\py\DRL2\eval\regime_screen\w3.00_r18\pure\seed_269041.json,533,e10d697d0c36a4fc56efa39d1005db73889f169361024f86498a34002eaae187,LIVE_READ_ENDED_ASSET,E10_regime_screen
D:\py\DRL2\eval\regime_screen\w3.00_r18\pure\seed_269042.json,535,21377b87eb2ee4437f28df07f5ef89453c95a92a739a245a3bcb8519cccedbf2,LIVE_READ_ENDED_ASSET,E10_regime_screen
D:\py\DRL2\eval\regime_screen\w3.00_r18\pure\seed_269043.json,510,19a2c4760d321ece5c67c6bfda3e1d262bf27e3d6d4678e110491e5cb2091a3e,LIVE_READ_ENDED_ASSET,E10_regime_screen
D:\py\DRL2\eval\regime_screen\w3.00_r18\pure\seed_269044.json,510,bfadf67c6ece9c9c1f189b474c89c1abb5a788f43a09a8e861a88411290c67bb,LIVE_READ_ENDED_ASSET,E10_regime_screen
D:\py\DRL2\eval\regime_screen\w3.00_r18\pure\seed_269045.json,510,72378012f68b6d91b3ea568df3528106b7929bf5bd079c6cc2b5a4cd55eede13,LIVE_READ_ENDED_ASSET,E10_regime_screen
D:\py\DRL2\eval\regime_screen\w3.00_r18\pure\seed_269046.json,510,ff3a1b64cdb2623031400f92eb32a17efea2c00eb8a12f14a85f273cde376d64,LIVE_READ_ENDED_ASSET,E10_regime_screen
D:\py\DRL2\eval\regime_screen\w3.00_r18\pure\seed_269047.json,523,bbdd334fe1a535dc74b1c51886826ea448efa75fb1f67a50687c45934889dee7,LIVE_READ_ENDED_ASSET,E10_regime_screen
D:\py\DRL2\eval\regime_screen\w3.00_r20\pure\seed_269000.json,534,c9f00193c28dec5ce1aa6c2b3400720902ee4e389137cc696ccf689a15e97ce7,LIVE_READ_ENDED_ASSET,E10_regime_screen
D:\py\DRL2\eval\regime_screen\w3.00_r20\pure\seed_269001.json,548,4889d79c83df74913cd89f6da318ada2a21f5dc60be498f167e49c7c5503764d,LIVE_READ_ENDED_ASSET,E10_regime_screen
D:\py\DRL2\eval\regime_screen\w3.00_r20\pure\seed_269002.json,522,379ee159b2aa4638e2970fa8bd38238a694dfdf78bf7c5813d86e22e23bf5d22,LIVE_READ_ENDED_ASSET,E10_regime_screen
D:\py\DRL2\eval\regime_screen\w3.00_r20\pure\seed_269003.json,533,85dfa11dd26d28118b43cbdb3806ce781822027cd9d1dbb8e0dbfcb1963a3153,LIVE_READ_ENDED_ASSET,E10_regime_screen
D:\py\DRL2\eval\regime_screen\w3.00_r20\pure\seed_269004.json,536,12e942ccf5e1fbb5c1ff785eb5ef039ab4d3705e9a8bc536a13ec68e910f3059,LIVE_READ_ENDED_ASSET,E10_regime_screen
D:\py\DRL2\eval\regime_screen\w3.00_r20\pure\seed_269005.json,510,5ca371a774d31c3923e8052245e4df0d71163648d8a16a59e948e5b860b948b2,LIVE_READ_ENDED_ASSET,E10_regime_screen
D:\py\DRL2\eval\regime_screen\w3.00_r20\pure\seed_269006.json,509,c1d3895f7a4523dd1eb5d6802b470a43c637ea00bcb95ec0f05b8a217797c752,LIVE_READ_ENDED_ASSET,E10_regime_screen
D:\py\DRL2\eval\regime_screen\w3.00_r20\pure\seed_269007.json,536,01d988b5db2774b19929d3e1dded312e2211500dd6cd2883806e97448d7a0a21,LIVE_READ_ENDED_ASSET,E10_regime_screen
D:\py\DRL2\eval\regime_screen\w3.00_r20\pure\seed_269008.json,523,d4878b562b6d39e4e16b739f809e686a59419f0d66de1a565114061dec5c5ba8,LIVE_READ_ENDED_ASSET,E10_regime_screen
D:\py\DRL2\eval\regime_screen\w3.00_r20\pure\seed_269009.json,536,ab921bbf910287959a0ecb55966de77e2f969e5e1314f003fe6003c0c2193dae,LIVE_READ_ENDED_ASSET,E10_regime_screen
D:\py\DRL2\eval\regime_screen\w3.00_r20\pure\seed_269010.json,534,096b84d05fb5f02d16f2faaac83689067ca4d415e583ae2221d21e25d66d34de,LIVE_READ_ENDED_ASSET,E10_regime_screen
D:\py\DRL2\eval\regime_screen\w3.00_r20\pure\seed_269011.json,532,478ac1cad31d5ae46792e524d10375b1c9820b053f8b2fd9bbeca0b7d64c55f4,LIVE_READ_ENDED_ASSET,E10_regime_screen
D:\py\DRL2\eval\regime_screen\w3.00_r20\pure\seed_269012.json,535,40ebbf4413d98bf4440de4cefb2a9dfb7e6fa33c5b03e85cc0cbd3e24d027296,LIVE_READ_ENDED_ASSET,E10_regime_screen
D:\py\DRL2\eval\regime_screen\w3.00_r20\pure\seed_269013.json,523,cddc5035fe29bb656da1e5de29c3b7756d1df5cb72270e1211f0f3f58cd86ce4,LIVE_READ_ENDED_ASSET,E10_regime_screen
D:\py\DRL2\eval\regime_screen\w3.00_r20\pure\seed_269014.json,534,a1f0efc406890a0ccc60499f3cbaf5e3d85649d2bd6dc6281eb5b532c31ec5af,LIVE_READ_ENDED_ASSET,E10_regime_screen
D:\py\DRL2\eval\regime_screen\w3.00_r20\pure\seed_269015.json,510,a1209cd651f0b146ce30bb49b9102d9f8d9edcc190519242468751e716068746,LIVE_READ_ENDED_ASSET,E10_regime_screen
D:\py\DRL2\eval\regime_screen\w3.00_r20\pure\seed_269016.json,510,a8ec8d23f7a73d42247441239922c9cf313511452a914fa4713e5ebe4ca3eed4,LIVE_READ_ENDED_ASSET,E10_regime_screen
D:\py\DRL2\eval\regime_screen\w3.00_r20\pure\seed_269017.json,534,dc755d7d1a89f859e25ee47fafec878f6ef55eae709d77a497e46e7e7aefcfbb,LIVE_READ_ENDED_ASSET,E10_regime_screen
D:\py\DRL2\eval\regime_screen\w3.00_r20\pure\seed_269018.json,533,17172564737a3bc294c20a609f74d68fa761e53754b1669c5e6f4ac0f8485816,LIVE_READ_ENDED_ASSET,E10_regime_screen
D:\py\DRL2\eval\regime_screen\w3.00_r20\pure\seed_269019.json,524,6ec151fa208920426de3ea067475e8120cd0cfc3995886323bc914881d84e385,LIVE_READ_ENDED_ASSET,E10_regime_screen
D:\py\DRL2\eval\regime_screen\w3.00_r20\pure\seed_269020.json,524,8e9484b311102f131b78e87c2448a29a3c1855da16f359264a6296d90e4d3906,LIVE_READ_ENDED_ASSET,E10_regime_screen
D:\py\DRL2\eval\regime_screen\w3.00_r20\pure\seed_269021.json,521,1c821d9ff9660848a0f3284befa4ba9ef0d17b34a7f690eb1807919bd5f51c8d,LIVE_READ_ENDED_ASSET,E10_regime_screen
D:\py\DRL2\eval\regime_screen\w3.00_r20\pure\seed_269022.json,524,c472e5caf73bd90f33d082ccfbc52a847d4dc092841cddc5380a220f6b3ea755,LIVE_READ_ENDED_ASSET,E10_regime_screen
D:\py\DRL2\eval\regime_screen\w3.00_r20\pure\seed_269023.json,521,ff9ae75516e0569db154592ce68e69521f671797ca268cab80aa06ee46bf9fb5,LIVE_READ_ENDED_ASSET,E10_regime_screen
D:\py\DRL2\eval\regime_screen\w3.00_r20\pure\seed_269024.json,548,16c4b03481a144593319a99b8830da2a2a96d736b2684e87898e381725ef8ad1,LIVE_READ_ENDED_ASSET,E10_regime_screen
D:\py\DRL2\eval\regime_screen\w3.00_r20\pure\seed_269025.json,509,b19c3dcbc35bd73a5ef9f2d74412dd28250cdc7b679766e792473802b25e7aa9,LIVE_READ_ENDED_ASSET,E10_regime_screen
D:\py\DRL2\eval\regime_screen\w3.00_r20\pure\seed_269026.json,535,2a14b6ff7b00ebae5ce31234421be16f6f889daa1d06fb68802b1ab96107254b,LIVE_READ_ENDED_ASSET,E10_regime_screen
D:\py\DRL2\eval\regime_screen\w3.00_r20\pure\seed_269027.json,533,bc280ca82b5f04f3ac7fc7735e8b577caa74b528d92f0e31428b2926360f0f66,LIVE_READ_ENDED_ASSET,E10_regime_screen
D:\py\DRL2\eval\regime_screen\w3.00_r20\pure\seed_269028.json,509,24d02c4e5d82c317c1ddd46b14126d9111ca004c8f7a992e0d045d82406bbaa6,LIVE_READ_ENDED_ASSET,E10_regime_screen
D:\py\DRL2\eval\regime_screen\w3.00_r20\pure\seed_269029.json,535,19de806ff6c40e1f3c236c981888b8abd7ff59feb6a889d0bfd157dd374a01ef,LIVE_READ_ENDED_ASSET,E10_regime_screen
D:\py\DRL2\eval\regime_screen\w3.00_r20\pure\seed_269030.json,547,4c2dfa4479c3b321522c6d33925654691becd1a533158ee61b75e8d1bc1ac9f7,LIVE_READ_ENDED_ASSET,E10_regime_screen
D:\py\DRL2\eval\regime_screen\w3.00_r20\pure\seed_269031.json,534,038338fcc0eadd8641b592bc2d17c46f64fb705349288f89980402b5843af7c5,LIVE_READ_ENDED_ASSET,E10_regime_screen
D:\py\DRL2\eval\regime_screen\w3.00_r20\pure\seed_269032.json,510,fc306be368c3d38b26bed2a3c2a246860d2217103c6ec47ed111cc3958ce9899,LIVE_READ_ENDED_ASSET,E10_regime_screen
D:\py\DRL2\eval\regime_screen\w3.00_r20\pure\seed_269033.json,510,745e6786db4b4e10824bd2ed58ac61b3cd3f87708e97290d7136ba5936d68a14,LIVE_READ_ENDED_ASSET,E10_regime_screen
D:\py\DRL2\eval\regime_screen\w3.00_r20\pure\seed_269034.json,510,131996cb6cf64d22b795fd8bb238802ba9b86fac9e86b375982634e75a801f2f,LIVE_READ_ENDED_ASSET,E10_regime_screen
D:\py\DRL2\eval\regime_screen\w3.00_r20\pure\seed_269035.json,535,6f815a6b85f93ce8bd3d14e61d9356f06cdbd58e62e6e5a3f1e456cba788e288,LIVE_READ_ENDED_ASSET,E10_regime_screen
D:\py\DRL2\eval\regime_screen\w3.00_r20\pure\seed_269036.json,511,c4d365018a2c8527a6578b33983ad916350ae1bfe088ec60f69904fb997a4259,LIVE_READ_ENDED_ASSET,E10_regime_screen
D:\py\DRL2\eval\regime_screen\w3.00_r20\pure\seed_269037.json,534,22f6edac8d86c8a1f63fd69c45072bd5d43c5df703d11880e60fa36b3cbf35ea,LIVE_READ_ENDED_ASSET,E10_regime_screen
D:\py\DRL2\eval\regime_screen\w3.00_r20\pure\seed_269038.json,522,854730a822725a712da74a2c06fc9e249b58f990d49b66b7400666893973d2fd,LIVE_READ_ENDED_ASSET,E10_regime_screen
D:\py\DRL2\eval\regime_screen\w3.00_r20\pure\seed_269039.json,534,4c70f3f4bee76eeda815faeaa8e380ad0a0c3960e6bd9d47d987187cb9ed1afe,LIVE_READ_ENDED_ASSET,E10_regime_screen
D:\py\DRL2\eval\regime_screen\w3.00_r20\pure\seed_269040.json,550,47b5782b975044da443d04965f456de37559ccc87a435de693c26b494423b40f,LIVE_READ_ENDED_ASSET,E10_regime_screen
D:\py\DRL2\eval\regime_screen\w3.00_r20\pure\seed_269041.json,533,c29a261930ab6eb9cf54a62131c73e26d8bd814951b35d09c18034678c63030b,LIVE_READ_ENDED_ASSET,E10_regime_screen
D:\py\DRL2\eval\regime_screen\w3.00_r20\pure\seed_269042.json,534,35916296606c28c1e31cb9482174ccacd4678d7fa9332127484272337ee00475,LIVE_READ_ENDED_ASSET,E10_regime_screen
D:\py\DRL2\eval\regime_screen\w3.00_r20\pure\seed_269043.json,524,3627bad4f510297a8b95c238d2c7608c18891a2fedbf5f3b5240dbf4fce3dd4f,LIVE_READ_ENDED_ASSET,E10_regime_screen
D:\py\DRL2\eval\regime_screen\w3.00_r20\pure\seed_269044.json,510,477bde7208451ca14b06762e550dc84a5efbdc6de1947f7f69f77842e3c129a0,LIVE_READ_ENDED_ASSET,E10_regime_screen
D:\py\DRL2\eval\regime_screen\w3.00_r20\pure\seed_269045.json,523,4bc269e712891f236078513cf763e9373c6e613c7aa25511c055c5ba84891616,LIVE_READ_ENDED_ASSET,E10_regime_screen
D:\py\DRL2\eval\regime_screen\w3.00_r20\pure\seed_269046.json,532,940833de992431879ea170ec56802ffa5e85ee8aaea2dde92f070c93d9b3dfd3,LIVE_READ_ENDED_ASSET,E10_regime_screen
D:\py\DRL2\eval\regime_screen\w3.00_r20\pure\seed_269047.json,511,bdc6adf9151e64981d2b845a0e215b9068ae781df277f9574fb54b65bc87b610,LIVE_READ_ENDED_ASSET,E10_regime_screen
D:\py\DRL2\eval\regime_screen\w3.50_r15\pure\seed_269000.json,510,64845c0e7920596eccc434cf6c01b154a15f9ecc1ffe5acb14204a1cd0e82009,LIVE_READ_ENDED_ASSET,E10_regime_screen
D:\py\DRL2\eval\regime_screen\w3.50_r15\pure\seed_269001.json,550,b0ac394fd4689762d01ab34bcb6f382b81a9fc8606aeaad729132cebd589e7a5,LIVE_READ_ENDED_ASSET,E10_regime_screen
D:\py\DRL2\eval\regime_screen\w3.50_r15\pure\seed_269002.json,524,a95a7ee04eabe3f951fe7b1a1e2c1c2b217b640241686b795e9e308524901104,LIVE_READ_ENDED_ASSET,E10_regime_screen
D:\py\DRL2\eval\regime_screen\w3.50_r15\pure\seed_269003.json,549,05d82b9bb7ea89169fdae638cca3a4902d213884f3172234b4f55acdd34b6b63,LIVE_READ_ENDED_ASSET,E10_regime_screen
D:\py\DRL2\eval\regime_screen\w3.50_r15\pure\seed_269004.json,537,792ab24656d4f148ffebdcae4d7d5153a28cc516dde34f79a0c945003f32a0a4,LIVE_READ_ENDED_ASSET,E10_regime_screen
D:\py\DRL2\eval\regime_screen\w3.50_r15\pure\seed_269005.json,533,a92d9a36345180514e74440973dbae7c035b8090af2475db6986b828cb973cb7,LIVE_READ_ENDED_ASSET,E10_regime_screen
D:\py\DRL2\eval\regime_screen\w3.50_r15\pure\seed_269006.json,533,d759102fb3366f241da419c9bf0062785bd82fabe426a5afc8bc55c2f354b8ec,LIVE_READ_ENDED_ASSET,E10_regime_screen
D:\py\DRL2\eval\regime_screen\w3.50_r15\pure\seed_269007.json,534,b5b42267ccbb8d37bb4f2e7a0fc0055f548e11febdbf7c0580718628ecefe1ed,LIVE_READ_ENDED_ASSET,E10_regime_screen
D:\py\DRL2\eval\regime_screen\w3.50_r15\pure\seed_269008.json,508,6a71e39f2fc4b00ce7323feffb9b075e43b4234fcca147374074cfad3f0e6ff5,LIVE_READ_ENDED_ASSET,E10_regime_screen
D:\py\DRL2\eval\regime_screen\w3.50_r15\pure\seed_269009.json,534,f04fb7dcb0477770c8469af3d35541d96af24408ff55f2f370fc4650406e6938,LIVE_READ_ENDED_ASSET,E10_regime_screen
D:\py\DRL2\eval\regime_screen\w3.50_r15\pure\seed_269010.json,534,da610e565bd699a140cf1f37659614348adf13d99ec76100be2dde1e6b64d1ab,LIVE_READ_ENDED_ASSET,E10_regime_screen
D:\py\DRL2\eval\regime_screen\w3.50_r15\pure\seed_269011.json,533,dccd7f9d10d47c8c460a2b28238e7953d95762e3536e1eb6a40c6a5935c350e2,LIVE_READ_ENDED_ASSET,E10_regime_screen
D:\py\DRL2\eval\regime_screen\w3.50_r15\pure\seed_269012.json,548,032e88d4b7b6e04206242e4fdf8449de4b322c6e7b1e78e1d26b80f594e5fe8a,LIVE_READ_ENDED_ASSET,E10_regime_screen
D:\py\DRL2\eval\regime_screen\w3.50_r15\pure\seed_269013.json,536,592020be0972e7e70dcb5a65e24e3910963d4502a3caee43c86460bf3e1eb147,LIVE_READ_ENDED_ASSET,E10_regime_screen
D:\py\DRL2\eval\regime_screen\w3.50_r15\pure\seed_269014.json,534,a42c8590bbf727baedd2c8080d2fec7b2dd8d95a6472eccb51c4359997fea35b,LIVE_READ_ENDED_ASSET,E10_regime_screen
D:\py\DRL2\eval\regime_screen\w3.50_r15\pure\seed_269015.json,535,20d8e608da184734ba5cf0629a2d002b9344d5c86f7e15b7bee57d234533fc7a,LIVE_READ_ENDED_ASSET,E10_regime_screen
D:\py\DRL2\eval\regime_screen\w3.50_r15\pure\seed_269016.json,522,a9c8359f0dd705b43a6d42c18479c6bd291f0129d0a6b0f748b3dff704121c84,LIVE_READ_ENDED_ASSET,E10_regime_screen
D:\py\DRL2\eval\regime_screen\w3.50_r15\pure\seed_269017.json,534,6e824ecef50667b204aeb87b73ad3df3cc647a65018d5baf555bb48a6bd6d646,LIVE_READ_ENDED_ASSET,E10_regime_screen
D:\py\DRL2\eval\regime_screen\w3.50_r15\pure\seed_269018.json,533,c8ff9e4e0c593963d4051be0ee63ff43e5251304cc73ee0d44217ec55adb65fb,LIVE_READ_ENDED_ASSET,E10_regime_screen
D:\py\DRL2\eval\regime_screen\w3.50_r15\pure\seed_269019.json,510,a14e88f9a56014fd59ce95631913d7e0d6e26bf5e2c653d077d0152470c9d63d,LIVE_READ_ENDED_ASSET,E10_regime_screen
D:\py\DRL2\eval\regime_screen\w3.50_r15\pure\seed_269020.json,511,a6b0fe2cb0a248171c112b97a093f00c1703b312de2e98099bc6df58149845f5,LIVE_READ_ENDED_ASSET,E10_regime_screen
D:\py\DRL2\eval\regime_screen\w3.50_r15\pure\seed_269021.json,522,76c0c1db28c07c56188347d39df1ab9a43cd4c698571478e13afd13ae67b3468,LIVE_READ_ENDED_ASSET,E10_regime_screen
D:\py\DRL2\eval\regime_screen\w3.50_r15\pure\seed_269022.json,523,083a68c3888490001e3f94931a3438f427beb2e4b19c722d69a3e00f70b249c3,LIVE_READ_ENDED_ASSET,E10_regime_screen
D:\py\DRL2\eval\regime_screen\w3.50_r15\pure\seed_269023.json,510,c19b9b216dbbf0bbf769c517cf92f4b826f4732b81b918af303603101f9b24d4,LIVE_READ_ENDED_ASSET,E10_regime_screen
D:\py\DRL2\eval\regime_screen\w3.50_r15\pure\seed_269024.json,534,6cc46127be733fcae3e2552fe8d590cd563717d24334e9ec2862711bf32c3628,LIVE_READ_ENDED_ASSET,E10_regime_screen
D:\py\DRL2\eval\regime_screen\w3.50_r15\pure\seed_269025.json,510,300377f89e37479364c497d4051afee8080240fc4d5f1a1c9ef1997de46a56bf,LIVE_READ_ENDED_ASSET,E10_regime_screen
D:\py\DRL2\eval\regime_screen\w3.50_r15\pure\seed_269026.json,533,daff032dd36966b868a8583435b3a4e57ad4960c7ea26c353f91c669a99b87c6,LIVE_READ_ENDED_ASSET,E10_regime_screen
D:\py\DRL2\eval\regime_screen\w3.50_r15\pure\seed_269027.json,531,d3a76ef7691d5e64ccb0af1df0f79f41d012fea27cf53619f2ed783bcc335243,LIVE_READ_ENDED_ASSET,E10_regime_screen
D:\py\DRL2\eval\regime_screen\w3.50_r15\pure\seed_269028.json,523,a09403a21b4e8f51442199161b478927b00938b8c5b1b06d60eef607aea1b7a6,LIVE_READ_ENDED_ASSET,E10_regime_screen
D:\py\DRL2\eval\regime_screen\w3.50_r15\pure\seed_269029.json,549,cf409f39b269181959df6792909f98e311c170cb95c492a3a31a9f344459dd71,LIVE_READ_ENDED_ASSET,E10_regime_screen
D:\py\DRL2\eval\regime_screen\w3.50_r15\pure\seed_269030.json,550,81b2d48181e87524d5c9e1d908130f25a3c54b44a6f28efd52f51a1612586b46,LIVE_READ_ENDED_ASSET,E10_regime_screen
D:\py\DRL2\eval\regime_screen\w3.50_r15\pure\seed_269031.json,533,0620ee168e6d2d9b7c1d739d878190caf13b0f49e1a36036cc045b3d4bf172a5,LIVE_READ_ENDED_ASSET,E10_regime_screen
D:\py\DRL2\eval\regime_screen\w3.50_r15\pure\seed_269032.json,509,08d20ecb2ef61599928cdbb69709a145b96f4fcbd406023838c1d5124c9fc43b,LIVE_READ_ENDED_ASSET,E10_regime_screen
D:\py\DRL2\eval\regime_screen\w3.50_r15\pure\seed_269033.json,536,b01a2c85bede256c03315adadde60aa755c21866d7e32ce7097e545b8cf60e40,LIVE_READ_ENDED_ASSET,E10_regime_screen
D:\py\DRL2\eval\regime_screen\w3.50_r15\pure\seed_269034.json,522,d3ed28436e77392067dc64205ebfbd8e49aa55de43e524eb222a3623975f4124,LIVE_READ_ENDED_ASSET,E10_regime_screen
D:\py\DRL2\eval\regime_screen\w3.50_r15\pure\seed_269035.json,536,5def224e30dfa1285756983b0b8228e4325e6280bafc741910291acb53db1649,LIVE_READ_ENDED_ASSET,E10_regime_screen
D:\py\DRL2\eval\regime_screen\w3.50_r15\pure\seed_269036.json,508,f995438f26444d0bc87c94bf6fe86b11cee258d8aa09d3114efd65e16d260cb2,LIVE_READ_ENDED_ASSET,E10_regime_screen
D:\py\DRL2\eval\regime_screen\w3.50_r15\pure\seed_269037.json,534,551d7a677fc183700879828519d6ee703ed4dd6c77298535e8926abcf68f97c6,LIVE_READ_ENDED_ASSET,E10_regime_screen
D:\py\DRL2\eval\regime_screen\w3.50_r15\pure\seed_269038.json,548,cf17642c1f14e817f8ef7a3dcef0c1a10ee1e9cb66b90487ef13eb12721fad65,LIVE_READ_ENDED_ASSET,E10_regime_screen
D:\py\DRL2\eval\regime_screen\w3.50_r15\pure\seed_269039.json,535,9ab7c927c8a643a3dcc4affadafc76ee2f39d4ab35bc8677ff25bd548fbad702,LIVE_READ_ENDED_ASSET,E10_regime_screen
D:\py\DRL2\eval\regime_screen\w3.50_r15\pure\seed_269040.json,550,fb418a3087dee93dd4e226d4a91d68067891a2cb59771ba98eb3c6b327e32f70,LIVE_READ_ENDED_ASSET,E10_regime_screen
D:\py\DRL2\eval\regime_screen\w3.50_r15\pure\seed_269041.json,535,b9852c1f32841446e1f6bc188f38b5d21c934a092ecb75be8c56b515a0e2ede9,LIVE_READ_ENDED_ASSET,E10_regime_screen
D:\py\DRL2\eval\regime_screen\w3.50_r15\pure\seed_269042.json,535,5447dfe8bc2a5686d2f851b57fa160b897f9d2753c15d4ce53dacc193173cb4d,LIVE_READ_ENDED_ASSET,E10_regime_screen
D:\py\DRL2\eval\regime_screen\w3.50_r15\pure\seed_269043.json,510,4b796375be7389bab54d4a870f5a9a78709bff08aff46db65e3369c71ac18a0a,LIVE_READ_ENDED_ASSET,E10_regime_screen
D:\py\DRL2\eval\regime_screen\w3.50_r15\pure\seed_269044.json,534,c97f79c54bf5ba8e9c9841759c19b444234ee466ec4cf061243be819ad62ea70,LIVE_READ_ENDED_ASSET,E10_regime_screen
D:\py\DRL2\eval\regime_screen\w3.50_r15\pure\seed_269045.json,535,c95c5207ed886b1a23c379efbea3fa890e7e5b0660d67755cbdbc29afab2e9c6,LIVE_READ_ENDED_ASSET,E10_regime_screen
D:\py\DRL2\eval\regime_screen\w3.50_r15\pure\seed_269046.json,510,1b4b06aceacae6fea67927e909971f4c771577045f1f3138545e1b548e0c0b84,LIVE_READ_ENDED_ASSET,E10_regime_screen
D:\py\DRL2\eval\regime_screen\w3.50_r15\pure\seed_269047.json,510,4c21333e7006574d304faabec2a9b2ef1e390617772234567228e003812e05c0,LIVE_READ_ENDED_ASSET,E10_regime_screen
D:\py\DRL2\eval\regime_screen\w3.50_r18\pure\seed_269000.json,534,12e127bb763783f4063326d9fd0e9ffaed7711d48e4d4baa062dce8c54f37379,LIVE_READ_ENDED_ASSET,E10_regime_screen
D:\py\DRL2\eval\regime_screen\w3.50_r18\pure\seed_269001.json,536,5ecbe1e78f32ac5c1d7f96a49e88b3d4ffb522933506f4c04d6e1154bbb6907c,LIVE_READ_ENDED_ASSET,E10_regime_screen
D:\py\DRL2\eval\regime_screen\w3.50_r18\pure\seed_269002.json,511,c0d1908e83c95e65072932f03adbb85921d0c772908b2e54233c29f1363134c6,LIVE_READ_ENDED_ASSET,E10_regime_screen
D:\py\DRL2\eval\regime_screen\w3.50_r18\pure\seed_269003.json,548,dd47219b1640455b5f516d0370552004d8ee06165768848151e99e43daaedd59,LIVE_READ_ENDED_ASSET,E10_regime_screen
D:\py\DRL2\eval\regime_screen\w3.50_r18\pure\seed_269004.json,534,4291d2761a04ca9fbcb96222a4f2fc534027e268377f321eee364dd5fe8b86b0,LIVE_READ_ENDED_ASSET,E10_regime_screen
D:\py\DRL2\eval\regime_screen\w3.50_r18\pure\seed_269005.json,533,8e281a1e0af315634c6aa6fabe5a4737f8f078931b250b68b1e41be479a58c1a,LIVE_READ_ENDED_ASSET,E10_regime_screen
D:\py\DRL2\eval\regime_screen\w3.50_r18\pure\seed_269006.json,537,fa1e73503646954689cce0acb6487784b8997f0eb235019d633fd9fb864509dc,LIVE_READ_ENDED_ASSET,E10_regime_screen
D:\py\DRL2\eval\regime_screen\w3.50_r18\pure\seed_269007.json,548,0563f018b64cd582cf1e1b24c5e9053c1e0a446d73c5528079a3faeb2eb4e564,LIVE_READ_ENDED_ASSET,E10_regime_screen
D:\py\DRL2\eval\regime_screen\w3.50_r18\pure\seed_269008.json,522,68a6ee6fbc4dbfe235fe1cf2b3588a8cff2e85b8a709c6d614f03b2e79f0b3e6,LIVE_READ_ENDED_ASSET,E10_regime_screen
D:\py\DRL2\eval\regime_screen\w3.50_r18\pure\seed_269009.json,550,d3fdfcea44184cb9087dab004ed72046c23c7244597a20f568429da7e10bcdc5,LIVE_READ_ENDED_ASSET,E10_regime_screen
D:\py\DRL2\eval\regime_screen\w3.50_r18\pure\seed_269010.json,533,67a2578d3e8d3244c27d18951ccd861efb706d0da29f20b7c74d955b3156d287,LIVE_READ_ENDED_ASSET,E10_regime_screen
D:\py\DRL2\eval\regime_screen\w3.50_r18\pure\seed_269011.json,535,2411fac75f14d4bf23e280547c9b47ce188f68270acbb8b6d2e1ef8eeda3302a,LIVE_READ_ENDED_ASSET,E10_regime_screen
D:\py\DRL2\eval\regime_screen\w3.50_r18\pure\seed_269012.json,549,af76b516bd3a31fc02765bb1a93e8ea0f9094bff485e1be2740b9af5477ef9fe,LIVE_READ_ENDED_ASSET,E10_regime_screen
D:\py\DRL2\eval\regime_screen\w3.50_r18\pure\seed_269013.json,535,1bd573ecb8e8072eea32cc2b1e53adb83c2ab8576a1c081c4ff8375203ada375,LIVE_READ_ENDED_ASSET,E10_regime_screen
D:\py\DRL2\eval\regime_screen\w3.50_r18\pure\seed_269014.json,533,a4eb8e7abe6659ac102cdc6bbe153eb9a426dc7e00b68323c76cb14f92065d41,LIVE_READ_ENDED_ASSET,E10_regime_screen
D:\py\DRL2\eval\regime_screen\w3.50_r18\pure\seed_269015.json,535,85047572e4ba0ebc10326760f16388dabe3954586e462e282245c26313cc12d2,LIVE_READ_ENDED_ASSET,E10_regime_screen
D:\py\DRL2\eval\regime_screen\w3.50_r18\pure\seed_269016.json,509,e01a001481606e2929340529cb145f6e7a6d3fde38f4e54f86637cc781a85a9a,LIVE_READ_ENDED_ASSET,E10_regime_screen
D:\py\DRL2\eval\regime_screen\w3.50_r18\pure\seed_269017.json,534,c818ffdc1f30de25101587eb172908b9a42e539364b925a8385675435dcafe5c,LIVE_READ_ENDED_ASSET,E10_regime_screen
D:\py\DRL2\eval\regime_screen\w3.50_r18\pure\seed_269018.json,534,f2d3b7eb00468c5f6394102e1fe9685fe30239605ed38c6036bdd8f44f3af8a4,LIVE_READ_ENDED_ASSET,E10_regime_screen
D:\py\DRL2\eval\regime_screen\w3.50_r18\pure\seed_269019.json,521,99b3bbfd60fdc577c642dd5b310c8a14f6d199a49030b4c45ddc439e2c5b88ac,LIVE_READ_ENDED_ASSET,E10_regime_screen
D:\py\DRL2\eval\regime_screen\w3.50_r18\pure\seed_269020.json,510,fdbd11c5fc94af7060451a3f874f67e9fededf225b652bf696537ca24ba4da2d,LIVE_READ_ENDED_ASSET,E10_regime_screen
D:\py\DRL2\eval\regime_screen\w3.50_r18\pure\seed_269021.json,523,24acb1824f1726ae0de5e4a1cf6ef025b43ac796a8e001b782e350498b7a4b10,LIVE_READ_ENDED_ASSET,E10_regime_screen
D:\py\DRL2\eval\regime_screen\w3.50_r18\pure\seed_269022.json,510,be57050962db2acedfe6919248d0890907a7d0addd3ff69e0d35a9206bec3b6f,LIVE_READ_ENDED_ASSET,E10_regime_screen
D:\py\DRL2\eval\regime_screen\w3.50_r18\pure\seed_269023.json,521,eb4e5994f43c217063dc66e52aef140799e61696d50f07b9a44b8c789711ffbb,LIVE_READ_ENDED_ASSET,E10_regime_screen
D:\py\DRL2\eval\regime_screen\w3.50_r18\pure\seed_269024.json,536,2e1ff025aa429f85cc5847083a1a39ce1127cecd718d97e986b836388358be6a,LIVE_READ_ENDED_ASSET,E10_regime_screen
D:\py\DRL2\eval\regime_screen\w3.50_r18\pure\seed_269025.json,522,f7804a5e57d417be56916ab740193fde9458bf4b9feb8ecd4e74cf3921991484,LIVE_READ_ENDED_ASSET,E10_regime_screen
D:\py\DRL2\eval\regime_screen\w3.50_r18\pure\seed_269026.json,533,ce68168c11145a109a4b96f706b237d56db52ce5a5297aa082c25132409172bb,LIVE_READ_ENDED_ASSET,E10_regime_screen
D:\py\DRL2\eval\regime_screen\w3.50_r18\pure\seed_269027.json,533,b60975b95e16e4c6ef4df8c8b569a6c109df6d2deb61c46a026034a8c5097d6d,LIVE_READ_ENDED_ASSET,E10_regime_screen
D:\py\DRL2\eval\regime_screen\w3.50_r18\pure\seed_269028.json,509,dddf364809f0b5bfe70e179bbfef6a1078832866c425bfaa389084574228bb68,LIVE_READ_ENDED_ASSET,E10_regime_screen
D:\py\DRL2\eval\regime_screen\w3.50_r18\pure\seed_269029.json,535,368b4bd1ff3f0a39660fb05e534b15c987c0bf4c205df2731552c4ccd96216d0,LIVE_READ_ENDED_ASSET,E10_regime_screen
D:\py\DRL2\eval\regime_screen\w3.50_r18\pure\seed_269030.json,550,bf1f8ad841749de076b037d82e45864688e77d738713cf64a2302b7aecb691fb,LIVE_READ_ENDED_ASSET,E10_regime_screen
D:\py\DRL2\eval\regime_screen\w3.50_r18\pure\seed_269031.json,532,f663a56f2a8b75c96b69ed55febe99953b53b5cc2947ff5f547b8945319962ee,LIVE_READ_ENDED_ASSET,E10_regime_screen
D:\py\DRL2\eval\regime_screen\w3.50_r18\pure\seed_269032.json,523,364e6108ef497921387e604110634a5e8a53a03ef3dc0eb6ed90dd6bb48506bf,LIVE_READ_ENDED_ASSET,E10_regime_screen
D:\py\DRL2\eval\regime_screen\w3.50_r18\pure\seed_269033.json,535,6186bfe08264416dab4c7d1ef539630da9248802b680060f342c082880857da6,LIVE_READ_ENDED_ASSET,E10_regime_screen
D:\py\DRL2\eval\regime_screen\w3.50_r18\pure\seed_269034.json,509,a826be703e153967f7ed32bfbf9fc76ba2e0a7d809e5ce9c43aa6876eafa1b94,LIVE_READ_ENDED_ASSET,E10_regime_screen
D:\py\DRL2\eval\regime_screen\w3.50_r18\pure\seed_269035.json,549,f39ad19cc03d940705d7e7f5d6d3cdda3ef39ec8d8ef7893a7f7a94d99dda295,LIVE_READ_ENDED_ASSET,E10_regime_screen
D:\py\DRL2\eval\regime_screen\w3.50_r18\pure\seed_269036.json,509,1a8f5880defb9aa8b7a8a260ab3ad65c1436b000f2d17179cca01b30a476bcf5,LIVE_READ_ENDED_ASSET,E10_regime_screen
D:\py\DRL2\eval\regime_screen\w3.50_r18\pure\seed_269037.json,509,1957b19d88fe55edf6ecb95e4cea63d488a982c8e3d3aabd876632e94db73444,LIVE_READ_ENDED_ASSET,E10_regime_screen
D:\py\DRL2\eval\regime_screen\w3.50_r18\pure\seed_269038.json,535,7ce48c234bddea38497a96657f6311e2e42a9a08987ccc9963d96958640d8059,LIVE_READ_ENDED_ASSET,E10_regime_screen
D:\py\DRL2\eval\regime_screen\w3.50_r18\pure\seed_269039.json,534,91f21b618296dd8eddb77873c09d28c5dc74f7d08d8012f42560eeb173939062,LIVE_READ_ENDED_ASSET,E10_regime_screen
D:\py\DRL2\eval\regime_screen\w3.50_r18\pure\seed_269040.json,549,2fbcb0f973c3dd12ae431006155df2a90b9251cd2118a76ddcd5c34507642d41,LIVE_READ_ENDED_ASSET,E10_regime_screen
D:\py\DRL2\eval\regime_screen\w3.50_r18\pure\seed_269041.json,534,d966c038562f13411769fe31ae6af45be1faa3f92385c3fc1944211cf514e8c3,LIVE_READ_ENDED_ASSET,E10_regime_screen
D:\py\DRL2\eval\regime_screen\w3.50_r18\pure\seed_269042.json,536,c2880c66d18eaa2eeaf0640f1005358d44bf288b31405b5b1c5ad8013d6a1829,LIVE_READ_ENDED_ASSET,E10_regime_screen
D:\py\DRL2\eval\regime_screen\w3.50_r18\pure\seed_269043.json,524,8063c7bacc9270e4a7476b6d7d946a9f20813a9da55a8c8e02a2210b6e82148c,LIVE_READ_ENDED_ASSET,E10_regime_screen
D:\py\DRL2\eval\regime_screen\w3.50_r18\pure\seed_269044.json,550,609a55b5b23653c1bb5dcc0eeaaf9a4c83a0f7683b9a535c61e650ae1a5ece20,LIVE_READ_ENDED_ASSET,E10_regime_screen
D:\py\DRL2\eval\regime_screen\w3.50_r18\pure\seed_269045.json,549,9728734d394c393d24743355e77028ef990e057fb171cafe03fda578fee846d3,LIVE_READ_ENDED_ASSET,E10_regime_screen
D:\py\DRL2\eval\regime_screen\w3.50_r18\pure\seed_269046.json,523,6e996c032025457eb47ebabe6d9046946a95a3096e5fafd33a63b2538aa6de39,LIVE_READ_ENDED_ASSET,E10_regime_screen
D:\py\DRL2\eval\regime_screen\w3.50_r18\pure\seed_269047.json,511,562a4a21a00ad3c49454302775b893c7e90fc590ecdbd60b9840e34c67287d79,LIVE_READ_ENDED_ASSET,E10_regime_screen
D:\py\DRL2\eval\regime_screen\w3.50_r20\pure\seed_269000.json,533,05b65b0fdcd5997fffb0af440e62aaa6e26dd479017493076bce1f53f4e39acf,LIVE_READ_ENDED_ASSET,E10_regime_screen
D:\py\DRL2\eval\regime_screen\w3.50_r20\pure\seed_269001.json,551,34d5b300d5e1706dbb14d5aa1d9578488af8150038f1375bab2b9bff3c2f2f37,LIVE_READ_ENDED_ASSET,E10_regime_screen
D:\py\DRL2\eval\regime_screen\w3.50_r20\pure\seed_269002.json,524,8ac9196f0786be8df985f3cdbbbef9d8f20a097b7c23fdde1e387078e265ccce,LIVE_READ_ENDED_ASSET,E10_regime_screen
D:\py\DRL2\eval\regime_screen\w3.50_r20\pure\seed_269003.json,537,b0e391c88e5b09f557f963597bb353bc9aae0d47c32f45fd9d4e8a3ce9d3e327,LIVE_READ_ENDED_ASSET,E10_regime_screen
D:\py\DRL2\eval\regime_screen\w3.50_r20\pure\seed_269004.json,550,4ceff161d829532f664753ba65f3cb47cbc8004d88735b766115d8d6ea205c39,LIVE_READ_ENDED_ASSET,E10_regime_screen
D:\py\DRL2\eval\regime_screen\w3.50_r20\pure\seed_269005.json,533,43c7011d69e0e6422d5fc60742b9af61bd0083019119698ed6dd3fbd03fb93b9,LIVE_READ_ENDED_ASSET,E10_regime_screen
D:\py\DRL2\eval\regime_screen\w3.50_r20\pure\seed_269006.json,537,f679a901efd20b9d1862898cfd8b96b0db1bcaf1e2b7e14568e9419e6863603d,LIVE_READ_ENDED_ASSET,E10_regime_screen
D:\py\DRL2\eval\regime_screen\w3.50_r20\pure\seed_269007.json,550,4d2ea63171d40464c7502ab6908e24e4d32cde54e0f5cce9168b4e3a12bfb0f2,LIVE_READ_ENDED_ASSET,E10_regime_screen
D:\py\DRL2\eval\regime_screen\w3.50_r20\pure\seed_269008.json,509,9604c9166628ec2e4188fc3865de2f3471764a8e1c66dcc6ff5a50a5c6997d1a,LIVE_READ_ENDED_ASSET,E10_regime_screen
D:\py\DRL2\eval\regime_screen\w3.50_r20\pure\seed_269009.json,535,5bcfd364ff8db3c9e59d6f0fa4156d3a97934e6adce83cf7fd2aee5b336f1b3c,LIVE_READ_ENDED_ASSET,E10_regime_screen
D:\py\DRL2\eval\regime_screen\w3.50_r20\pure\seed_269010.json,533,e95243b9ecec8ed655aa46abb63ae011ff65f79a9cf0a53918414b73fb6b6b39,LIVE_READ_ENDED_ASSET,E10_regime_screen
D:\py\DRL2\eval\regime_screen\w3.50_r20\pure\seed_269011.json,535,ed9d34478cdfb51dc9b6befd7475ffca7625264e6de8693413163d7690bc48f3,LIVE_READ_ENDED_ASSET,E10_regime_screen
D:\py\DRL2\eval\regime_screen\w3.50_r20\pure\seed_269012.json,536,7198d49f4d9b3a556873caa36ccd73260747747338bd87121bb70bf9debe7a7f,LIVE_READ_ENDED_ASSET,E10_regime_screen
D:\py\DRL2\eval\regime_screen\w3.50_r20\pure\seed_269013.json,550,0e6ba5c531dfb7ecfb782aa17d3b00db91b4cc0ed8fbd00680bf0c8d9a2a8fd4,LIVE_READ_ENDED_ASSET,E10_regime_screen
D:\py\DRL2\eval\regime_screen\w3.50_r20\pure\seed_269014.json,534,be2d783cc50d022cd238323a47ed98c550a8cb7f760a506b33a6f4b0ee057958,LIVE_READ_ENDED_ASSET,E10_regime_screen
D:\py\DRL2\eval\regime_screen\w3.50_r20\pure\seed_269015.json,536,a6eaea07f46241b17cbaafb1671518c66c8fb2140e985f320f09bbe94f420d83,LIVE_READ_ENDED_ASSET,E10_regime_screen
D:\py\DRL2\eval\regime_screen\w3.50_r20\pure\seed_269016.json,534,2390fabae2f762fd095e9669d9d196e49874da86c137ed407a0a887ba423f525,LIVE_READ_ENDED_ASSET,E10_regime_screen
D:\py\DRL2\eval\regime_screen\w3.50_r20\pure\seed_269017.json,534,b4c519a5b97a830f6f4ef322db4a6df0882acb39cd5cd486ff33d348a7b809fd,LIVE_READ_ENDED_ASSET,E10_regime_screen
D:\py\DRL2\eval\regime_screen\w3.50_r20\pure\seed_269018.json,534,1702010f9970ae9f84dbcd9eaf711e24af95b18c30f435431e369c9314558fd2,LIVE_READ_ENDED_ASSET,E10_regime_screen
D:\py\DRL2\eval\regime_screen\w3.50_r20\pure\seed_269019.json,510,a77ce6a84c1267fd6d766786d84f6979b417af420f59233d4d23065a33bd4229,LIVE_READ_ENDED_ASSET,E10_regime_screen
D:\py\DRL2\eval\regime_screen\w3.50_r20\pure\seed_269020.json,511,255c73048258a926336d610dfbe810136a75d6eef4e9cf351936205879a2f83a,LIVE_READ_ENDED_ASSET,E10_regime_screen
D:\py\DRL2\eval\regime_screen\w3.50_r20\pure\seed_269021.json,533,28e2531748f6ad426d531046f3854cc9a692b41b33ecda400cccc97d1c67cd84,LIVE_READ_ENDED_ASSET,E10_regime_screen
D:\py\DRL2\eval\regime_screen\w3.50_r20\pure\seed_269022.json,522,dd773391ae1c3031449486314bb20d1342465b939f6d8b88d1895185ef5443ce,LIVE_READ_ENDED_ASSET,E10_regime_screen
D:\py\DRL2\eval\regime_screen\w3.50_r20\pure\seed_269023.json,509,928baac51c89182ebb3551258ba0d9ed07f528df12539764837812db9e6d8ffc,LIVE_READ_ENDED_ASSET,E10_regime_screen
D:\py\DRL2\eval\regime_screen\w3.50_r20\pure\seed_269024.json,535,0101b77359b709f254cb9143d7b6ca4107eb6912233f46dd42698dae8e21b35c,LIVE_READ_ENDED_ASSET,E10_regime_screen
D:\py\DRL2\eval\regime_screen\w3.50_r20\pure\seed_269025.json,522,dba66ee7443315a424bfa3e25dd0d78a0c6a25164a99786ff7e1f759d4cab904,LIVE_READ_ENDED_ASSET,E10_regime_screen
D:\py\DRL2\eval\regime_screen\w3.50_r20\pure\seed_269026.json,522,593429048152aedb7faed56e066769e6d4c777246ee9f47fa4f13da03e5345fc,LIVE_READ_ENDED_ASSET,E10_regime_screen
D:\py\DRL2\eval\regime_screen\w3.50_r20\pure\seed_269027.json,534,eea1d119046e3f4d307ab8638e6b75614d75c72e5910b4a7040bbc2f0718194e,LIVE_READ_ENDED_ASSET,E10_regime_screen
D:\py\DRL2\eval\regime_screen\w3.50_r20\pure\seed_269028.json,510,0f0d4ca1b7ad677eb4d51d8aa0ec321ad364a01880b8bc541f27c0c8ea3451d1,LIVE_READ_ENDED_ASSET,E10_regime_screen
D:\py\DRL2\eval\regime_screen\w3.50_r20\pure\seed_269029.json,549,5e872648e097a14a58d97e9dff8927239b0603c11f22b751c984b3b62e4e29c0,LIVE_READ_ENDED_ASSET,E10_regime_screen
D:\py\DRL2\eval\regime_screen\w3.50_r20\pure\seed_269030.json,535,6850cd04837eb6c932613d66119bac77b1a1ec95d2faa4487b7bf561afa3e2c3,LIVE_READ_ENDED_ASSET,E10_regime_screen
D:\py\DRL2\eval\regime_screen\w3.50_r20\pure\seed_269031.json,533,ab4ea77919070d83f32d490a04ee03f42ee0911f0e5da05e0370a3e4889b8059,LIVE_READ_ENDED_ASSET,E10_regime_screen
D:\py\DRL2\eval\regime_screen\w3.50_r20\pure\seed_269032.json,510,ac9ec5294416b71a6a0bc7018dda253d37de57191ed385aeda6398c546318ba7,LIVE_READ_ENDED_ASSET,E10_regime_screen
D:\py\DRL2\eval\regime_screen\w3.50_r20\pure\seed_269033.json,535,dc3348224b8042dae97aff430152af0c979c9802a646ca57a6e0b3e53232bae4,LIVE_READ_ENDED_ASSET,E10_regime_screen
D:\py\DRL2\eval\regime_screen\w3.50_r20\pure\seed_269034.json,522,9120bc7ab58cf889d09ecaaa26f2f8baf13d038160e7aeff96deb69098c22391,LIVE_READ_ENDED_ASSET,E10_regime_screen
D:\py\DRL2\eval\regime_screen\w3.50_r20\pure\seed_269035.json,535,85b95247240a876cae9a1600ec104bd5af5389dcffa65de11a03951fbf43bda2,LIVE_READ_ENDED_ASSET,E10_regime_screen
D:\py\DRL2\eval\regime_screen\w3.50_r20\pure\seed_269036.json,522,7a57cc3f472f50fcdbf2e40704d99f7eb0baf5e8029968f8e6964178d4d90160,LIVE_READ_ENDED_ASSET,E10_regime_screen
D:\py\DRL2\eval\regime_screen\w3.50_r20\pure\seed_269037.json,534,928005bbc3bcb62aa9fef2e9586108eec26200fdd61926d622b3a2ff758e61e7,LIVE_READ_ENDED_ASSET,E10_regime_screen
D:\py\DRL2\eval\regime_screen\w3.50_r20\pure\seed_269038.json,534,190f5b5b291e2d742dc709ae564642ea1e280a612001c1464ae1dcf027b8e182,LIVE_READ_ENDED_ASSET,E10_regime_screen
D:\py\DRL2\eval\regime_screen\w3.50_r20\pure\seed_269039.json,536,40a25a0216ad282216930f79f14add17b728426563690772a884fcc64f53c54a,LIVE_READ_ENDED_ASSET,E10_regime_screen
D:\py\DRL2\eval\regime_screen\w3.50_r20\pure\seed_269040.json,550,19246e25ee7fcb8eaae230e2bb26a19a5ec4efec7a4f05b43b86a30169d9fd06,LIVE_READ_ENDED_ASSET,E10_regime_screen
D:\py\DRL2\eval\regime_screen\w3.50_r20\pure\seed_269041.json,510,875b6a3f371a0000615cd0693a461e409e4b70128bfcd46d7d0c04ef108b708e,LIVE_READ_ENDED_ASSET,E10_regime_screen
D:\py\DRL2\eval\regime_screen\w3.50_r20\pure\seed_269042.json,536,efb400a937edc1e8218c24e5d8a4f652844ba99902be042bed57a5838d5585c6,LIVE_READ_ENDED_ASSET,E10_regime_screen
D:\py\DRL2\eval\regime_screen\w3.50_r20\pure\seed_269043.json,511,c40d18cf79042a77500e2beda2ec8a741aab73e4d70bbecebb899b431d4d5c06,LIVE_READ_ENDED_ASSET,E10_regime_screen
D:\py\DRL2\eval\regime_screen\w3.50_r20\pure\seed_269044.json,535,56f047f5aa01e71b6caa011727dce99d09b9fb67099bb20ed13e277e84ad5cbf,LIVE_READ_ENDED_ASSET,E10_regime_screen
D:\py\DRL2\eval\regime_screen\w3.50_r20\pure\seed_269045.json,535,d259d15e64c57226c49d1c0cede859d08e2ccb2441f80e1cb204873438dbb146,LIVE_READ_ENDED_ASSET,E10_regime_screen
D:\py\DRL2\eval\regime_screen\w3.50_r20\pure\seed_269046.json,523,2b598c34acbd249d69beda9c46d6c36ed3ddcf077ad409f5656ca97cc925facc,LIVE_READ_ENDED_ASSET,E10_regime_screen
D:\py\DRL2\eval\regime_screen\w3.50_r20\pure\seed_269047.json,509,2b932792c3898de968617a8b6343a66950f9e40dfc295de9541bdfcd07324fa0,LIVE_READ_ENDED_ASSET,E10_regime_screen
D:\py\DRL2\eval\stopping\dev\stopping\seed_266000.json,2081,5863d16b1ec2c8a5b29c793b4bdcaf9608c370d239d02362f8b2ff0542c3105c,LIVE_READ_ENDED_ASSET,ORPHAN
D:\py\DRL2\eval\stopping\dev\stopping\seed_266001.json,727,adf9c2530ed02e0030f45c2c08c215ceb0897ee2c5f1779d568ff3238ba2b03d,LIVE_READ_ENDED_ASSET,ORPHAN
D:\py\DRL2\eval\stopping\dev\stopping\seed_266002.json,1689,3622c8e716f698d795321d1d5d1002bb63474b5feae55f6935c0a6d5ebd5f36c,LIVE_READ_ENDED_ASSET,ORPHAN
D:\py\DRL2\eval\stopping\dev\stopping\seed_266003.json,5508,4ae2c6e353de7fdda80ba96aa3a900ed320a40e8ad0bb3281376d025a32e0f75,LIVE_READ_ENDED_ASSET,ORPHAN
D:\py\DRL2\eval\stopping\dev\stopping\seed_266004.json,714,da14cb950013bce66f05cef62714c513009e02249d3fd0422c3c32c5ccb108e1,LIVE_READ_ENDED_ASSET,ORPHAN
D:\py\DRL2\eval\stopping\dev\stopping\seed_266005.json,2347,2d5142d74dc259a2f3371a6540b0c43e8965ca77b06235c3cc4577585eee37b3,LIVE_READ_ENDED_ASSET,ORPHAN
D:\py\DRL2\eval\stopping\dev\stopping\seed_266006.json,2117,35e3181699fc85e11084737a90c2ec060816ac8356566ceb9f616f8ffd45a811,LIVE_READ_ENDED_ASSET,ORPHAN
D:\py\DRL2\eval\stopping\dev\stopping\seed_266007.json,1920,eb385a1e7cfe075cab6e858b88d6ae6bcee78a6f072505b3b8a21c41d1dae0c9,LIVE_READ_ENDED_ASSET,ORPHAN
D:\py\DRL2\eval\stopping\dev\stopping\seed_266008.json,725,ba24d9376ef60a6f2d4e3ac11e3016aba092231828cfbe844a36187535145334,LIVE_READ_ENDED_ASSET,ORPHAN
D:\py\DRL2\eval\stopping\dev\stopping\seed_266009.json,1851,07d75795a6e4a7476cf4196986c3fa8b6f7cdcc8bdca15a33e6634d0409034d5,LIVE_READ_ENDED_ASSET,ORPHAN
D:\py\DRL2\eval\stopping\dev\stopping\seed_266010.json,714,652083cb773230cacd69d69df12e5f3a554342bf95db38fdf2c805f9059dc300,LIVE_READ_ENDED_ASSET,ORPHAN
D:\py\DRL2\eval\stopping\dev\stopping\seed_266011.json,729,121f38e44b68a14a6d8a18c425c01c9d08a4e667e6c7571e0fe25eaa550c072c,LIVE_READ_ENDED_ASSET,ORPHAN
D:\py\DRL2\eval\stopping\dev\stopping\seed_266012.json,11940,4cc689121605aca987d3cb03667060aeeb3f2039f637d55a134e9f09c106ec5f,LIVE_READ_ENDED_ASSET,ORPHAN
D:\py\DRL2\eval\stopping\dev\stopping\seed_266013.json,788,4b901a1a3b8667837723a62323235cd1e525174e0d1a4db338eb566c268c6f98,LIVE_READ_ENDED_ASSET,ORPHAN
D:\py\DRL2\eval\stopping\dev\stopping\seed_266014.json,740,7e8fbb4b2004883b071a3c4e6ecad24582150f9f9cb92b26b20227de27a27347,LIVE_READ_ENDED_ASSET,ORPHAN
D:\py\DRL2\eval\stopping\dev\stopping\seed_266015.json,3128,2c9de3c9fdacf9a8563e4e34aca93e10847f2faa195d9e549930f20becbde6d6,LIVE_READ_ENDED_ASSET,ORPHAN
D:\py\DRL2\eval\stopping\dev\stopping\seed_266016.json,5479,e425dada5cc124684a58224979269a31eb8ca2e23954299f0fbd24ed5448b02c,LIVE_READ_ENDED_ASSET,ORPHAN
D:\py\DRL2\eval\stopping\dev\stopping\seed_266017.json,2127,846294b85b419f8d56053a8bf14916463b7e064bb20cfb88cc835c5e8cd3479c,LIVE_READ_ENDED_ASSET,ORPHAN
D:\py\DRL2\eval\stopping\dev\stopping\seed_266018.json,727,406ac5f4fb3a993bda480d942a363045d4f0f0d59f1945e00b868cca1bf7d843,LIVE_READ_ENDED_ASSET,ORPHAN
D:\py\DRL2\eval\stopping\dev\stopping\seed_266019.json,731,3d160ab404d89a5f9488b8a7823e9e5eeb1191f2945ddad88944af9a2b6a35c2,LIVE_READ_ENDED_ASSET,ORPHAN
D:\py\DRL2\eval\stopping\dev\stopping\seed_266020.json,9442,ea577ab436222c4dad98e0b1ecb4a91d114456e76d951c3e5fe70c1e188c07f8,LIVE_READ_ENDED_ASSET,ORPHAN
D:\py\DRL2\eval\stopping\dev\stopping\seed_266021.json,2427,5dad418933c1d8467c25499b3a05b2ae331d45a9bfe337cddfc2a3540e6c6592,LIVE_READ_ENDED_ASSET,ORPHAN
D:\py\DRL2\eval\stopping\dev\stopping\seed_266022.json,1930,cdca1259cd28e3cf59546fa74ff72ab29dd4837675915ea39eeb69226195f85b,LIVE_READ_ENDED_ASSET,ORPHAN
D:\py\DRL2\eval\stopping\dev\stopping\seed_266023.json,704,2ec0d49c5f712687d02b42fd330ba64f9f29a0ca2d4bcc1127ee4b3815b8fc4f,LIVE_READ_ENDED_ASSET,ORPHAN
D:\py\DRL2\eval\stopping\dev\stopping\seed_266024.json,3740,af0af0dd81fcabfd84802d5a09ce781a015a6fcca24d22a3e989daf757acc550,LIVE_READ_ENDED_ASSET,ORPHAN
D:\py\DRL2\eval\stopping\dev\stopping\seed_266025.json,860,cf4ecf4d61de4af8e27bf313b22c330a3d0f8a5d2210f6e67a4bd65e48c3320d,LIVE_READ_ENDED_ASSET,ORPHAN
D:\py\DRL2\eval\stopping\dev\stopping\seed_266026.json,3620,cae7045cd7dda50543ec8ab64e1ab53f216def3c1780f982d240eac1d2e60318,LIVE_READ_ENDED_ASSET,ORPHAN
D:\py\DRL2\eval\stopping\dev\stopping\seed_266027.json,700,08e009f2941f5f6739ea65e2789b003b3cf970c4b9d79f7cff55563dff12e9c8,LIVE_READ_ENDED_ASSET,ORPHAN
D:\py\DRL2\eval\stopping\dev\stopping\seed_266028.json,11875,48464e4b4faa5fd715e7458bfaf81fdeaa70b1b648d5117fbfc845ed42706559,LIVE_READ_ENDED_ASSET,ORPHAN
D:\py\DRL2\eval\stopping\dev\stopping\seed_266029.json,702,2016b00cb9dbd76b5f6360eea325f21ee03b10564a3601eb7696c54b25eb485a,LIVE_READ_ENDED_ASSET,ORPHAN
D:\py\DRL2\eval\stopping\dev\stopping\seed_266030.json,2825,c1bc339f608e9e7a92adf05b77a3ee569a10ff4222d8beeb1b1cf3cd899367c6,LIVE_READ_ENDED_ASSET,ORPHAN
D:\py\DRL2\eval\stopping\dev\stopping\seed_266031.json,701,fca5193349bd32e1c4ef409741708ec645afcc23396c301228a8ed65429882f3,LIVE_READ_ENDED_ASSET,ORPHAN
D:\py\DRL2\eval\stopping\dev\stopping\seed_266032.json,798,98f825e36f2e3a71cd75a0de4a8157ec5b15e3126513dc26879f288cdfd19434,LIVE_READ_ENDED_ASSET,ORPHAN
D:\py\DRL2\eval\stopping\dev\stopping\seed_266033.json,739,d7f1b8479346f38b140ffab4dfa494a16ae34209bd0fa171c857cc80774c74a4,LIVE_READ_ENDED_ASSET,ORPHAN
D:\py\DRL2\eval\stopping\dev\stopping\seed_266034.json,2046,0a1be8fc843c43ba2af4bfab9426c787522c136a5e6d5e5efb58021e61f2c60f,LIVE_READ_ENDED_ASSET,ORPHAN
D:\py\DRL2\eval\stopping\dev\stopping\seed_266035.json,1026,34a99cc6ac57db5045b26f8bc880f87b5dbaf89a940844de90c7412ada812e80,LIVE_READ_ENDED_ASSET,ORPHAN
D:\py\DRL2\eval\stopping\dev\stopping\seed_266036.json,4551,3e376b31c2ab395d6f4e1f7591d18b5a8fd3e6fa23785e9c10ef24b1051ef6f5,LIVE_READ_ENDED_ASSET,ORPHAN
D:\py\DRL2\eval\stopping\dev\stopping\seed_266037.json,715,ff552572dd8d4e8addd0a299197f3f05924314be46d54dc8ae7a9266bbca636e,LIVE_READ_ENDED_ASSET,ORPHAN
D:\py\DRL2\eval\stopping\dev\stopping\seed_266038.json,728,f0d695254505771d88c4a5233b3f5b5ffa860a79cd428390e17ce3b06c41c4af,LIVE_READ_ENDED_ASSET,ORPHAN
D:\py\DRL2\eval\stopping\dev\stopping\seed_266039.json,11987,299acc1493b49708e81ddade977020f4b6d46f2c8d82c67b2291e2921e5042e8,LIVE_READ_ENDED_ASSET,ORPHAN
D:\py\DRL2\eval\stopping\dev\stopping\seed_266040.json,2281,0b641c1c792b7860ccf0b036387694dddc29288ce0401a0952691072794ada50,LIVE_READ_ENDED_ASSET,ORPHAN
D:\py\DRL2\eval\stopping\dev\stopping\seed_266041.json,1484,f8938215546ed0d8edb97a4a986f6a7526fd7ab4b3d8d2151028cf36cb25265e,LIVE_READ_ENDED_ASSET,ORPHAN
D:\py\DRL2\eval\stopping\dev\stopping\seed_266042.json,2457,a41b142c8814d045d0dabb213f5d96b6d034cbc0880ed244f5914793c8470955,LIVE_READ_ENDED_ASSET,ORPHAN
D:\py\DRL2\eval\stopping\dev\stopping\seed_266043.json,11861,1b4fffa659c716d34b6bbb67b45cdfca3c343f93f5f3e534d8c052132c0f6156,LIVE_READ_ENDED_ASSET,ORPHAN
D:\py\DRL2\eval\stopping\dev\stopping\seed_266044.json,1948,f28b961c913b920dcc84c25f8629f0091a8876f0d21082c3930b5cd19c5d322c,LIVE_READ_ENDED_ASSET,ORPHAN
D:\py\DRL2\eval\stopping\dev\stopping\seed_266045.json,3053,ac13a98b5c4884c82baaa4750a6ccca620be3b79148e72a70381e596d8e9eea1,LIVE_READ_ENDED_ASSET,ORPHAN
D:\py\DRL2\eval\stopping\dev\stopping\seed_266046.json,713,d0ef5112a02be0066d460c60d90f45431fbc3228fcd7daba76ea51c500e3dda0,LIVE_READ_ENDED_ASSET,ORPHAN
D:\py\DRL2\eval\stopping\dev\stopping\seed_266047.json,1327,518d0391d36b3092dc28fa5c559360db4c750ac20db3d459b2a9315ffec3e55d,LIVE_READ_ENDED_ASSET,ORPHAN
D:\py\DRL2\eval\stopping\formal\readout.json,6793,272d789f56c4f3b07e2dd8d37b2084b229aeb451b1aab3696e69349e1c8e775e,LIVE_READ_ENDED_ASSET,E06_stopping_formal
D:\py\DRL2\eval\stopping\formal\learned\262430\seed_267000.json,7798,14f4cb9966802722c78159e9f4e63d8d1dadee14192baf3fac86dfe83795c475,LIVE_READ_ENDED_ASSET,E06_stopping_formal
D:\py\DRL2\eval\stopping\formal\learned\262430\seed_267001.json,11856,21920a9908588f89a70018cf914656fbccea4cbd825bce60076524742b577c57,LIVE_READ_ENDED_ASSET,E06_stopping_formal
D:\py\DRL2\eval\stopping\formal\learned\262430\seed_267002.json,11435,9148e59a1a506f3f2c0bc61ed856d7250bf15823a70329b22e554d9b9f9ff2f3,LIVE_READ_ENDED_ASSET,E06_stopping_formal
D:\py\DRL2\eval\stopping\formal\learned\262430\seed_267003.json,3714,c85cd72a2c88627039ee1cf4126921dede0a6bceebd8fb0db3c642a1b9972db6,LIVE_READ_ENDED_ASSET,E06_stopping_formal
D:\py\DRL2\eval\stopping\formal\learned\262430\seed_267004.json,11924,fb9a718b1c143d03ba32a9a02c334f3edab67a396128b6acae6205f8b8b4730e,LIVE_READ_ENDED_ASSET,E06_stopping_formal
D:\py\DRL2\eval\stopping\formal\learned\262430\seed_267005.json,11973,caaca1e724313410a54f769892817c727917dc52c529ed2b7ba970f85a276d47,LIVE_READ_ENDED_ASSET,E06_stopping_formal
D:\py\DRL2\eval\stopping\formal\learned\262430\seed_267006.json,10242,2b24553a83497c5390578fc940597f2c59e59cf1ec9be7efb2cbf7ab3f2b3de4,LIVE_READ_ENDED_ASSET,E06_stopping_formal
D:\py\DRL2\eval\stopping\formal\learned\262430\seed_267007.json,8663,c5ff513e104138406c2fc7de9648b15d619ab4c91c60cdbc4a09da6ab987d127,LIVE_READ_ENDED_ASSET,E06_stopping_formal
D:\py\DRL2\eval\stopping\formal\learned\262430\seed_267008.json,11332,4cd717764f514a5242cf6e0b9ccbba2ea4ab751237fecfe4a5fc08796c4184c5,LIVE_READ_ENDED_ASSET,E06_stopping_formal
D:\py\DRL2\eval\stopping\formal\learned\262430\seed_267009.json,11301,b7c70c798ce0427a7757eb16206090cd8ab516c21a0a729c8d36bdc860294067,LIVE_READ_ENDED_ASSET,E06_stopping_formal
D:\py\DRL2\eval\stopping\formal\learned\262430\seed_267010.json,11129,4123204449e40625e4b7dca6afe39519d7bbdbc0d637014c325adc284353cf70,LIVE_READ_ENDED_ASSET,E06_stopping_formal
D:\py\DRL2\eval\stopping\formal\learned\262430\seed_267011.json,11726,e75eabba89ad2cad80ee2e4dd6e84529d115d6d5c8e683910e5cde60869de083,LIVE_READ_ENDED_ASSET,E06_stopping_formal
D:\py\DRL2\eval\stopping\formal\learned\262430\seed_267012.json,11436,cf10d3085e082b5d5df25324ffab3a70e17d380738e813aa2be0f33dcc42ae96,LIVE_READ_ENDED_ASSET,E06_stopping_formal
D:\py\DRL2\eval\stopping\formal\learned\262430\seed_267013.json,11434,eace942ac5a8f8feab9968e35956f29d40d9fef601b455cf7f7c66c284421ba3,LIVE_READ_ENDED_ASSET,E06_stopping_formal
D:\py\DRL2\eval\stopping\formal\learned\262430\seed_267014.json,11862,294b901a531255df2d018d1e09c0e7dc0dfeff9a5b9486cee3cd831c517106b0,LIVE_READ_ENDED_ASSET,E06_stopping_formal
D:\py\DRL2\eval\stopping\formal\learned\262430\seed_267015.json,11853,66549d79e9a21f24d7b2bdfdd19797eb32b38914e98acf5202236b07582e5352,LIVE_READ_ENDED_ASSET,E06_stopping_formal
D:\py\DRL2\eval\stopping\formal\learned\262430\seed_267016.json,7369,bf806008bcf73a0568de4ee971002b191bdcdbb32c1a66cb3399fd06c4bb4905,LIVE_READ_ENDED_ASSET,E06_stopping_formal
D:\py\DRL2\eval\stopping\formal\learned\262430\seed_267017.json,11654,8d87ee47bfc0a9057745bad57720f2525c488179345719a742ed436546338d79,LIVE_READ_ENDED_ASSET,E06_stopping_formal
D:\py\DRL2\eval\stopping\formal\learned\262430\seed_267018.json,11049,a0742b479a83e0250832d3b5566ab086d368a673dc4aa0ec3fd5b1d067fe9be4,LIVE_READ_ENDED_ASSET,E06_stopping_formal
D:\py\DRL2\eval\stopping\formal\learned\262430\seed_267019.json,7705,3ff07fc0797d2510b77ebd7029efd4827d505a1b383853850f1b3efffdb5f170,LIVE_READ_ENDED_ASSET,E06_stopping_formal
D:\py\DRL2\eval\stopping\formal\learned\262430\seed_267020.json,11260,1e3024733c1af8dc48549199ff18a69d01ec86f750056199e7fd65019c23d3a1,LIVE_READ_ENDED_ASSET,E06_stopping_formal
D:\py\DRL2\eval\stopping\formal\learned\262430\seed_267021.json,11654,bd0ad8eb986a3acf707d88a5738c31da7a03e56930aafd34959e1cc707976a28,LIVE_READ_ENDED_ASSET,E06_stopping_formal
D:\py\DRL2\eval\stopping\formal\learned\262430\seed_267022.json,10067,dbff185abdc39339ec92f570ff77bc8f946e9530d0f2a2361670e251181f6e10,LIVE_READ_ENDED_ASSET,E06_stopping_formal
D:\py\DRL2\eval\stopping\formal\learned\262430\seed_267023.json,8678,c47c74b542b9f5ee9387ad583af6dc142d2664e8772cb5d9cc168fc97bfadad7,LIVE_READ_ENDED_ASSET,E06_stopping_formal
D:\py\DRL2\eval\stopping\formal\learned\262430\seed_267024.json,5982,2c1c6dde64f02a878df8c39253778ce55761517052d1e722e0f04a527666e462,LIVE_READ_ENDED_ASSET,E06_stopping_formal
D:\py\DRL2\eval\stopping\formal\learned\262430\seed_267025.json,11564,1e58f49c5cae65841bb3bb875fab0f2a241386040da836a387ba7224ca1e56b9,LIVE_READ_ENDED_ASSET,E06_stopping_formal
D:\py\DRL2\eval\stopping\formal\learned\262430\seed_267026.json,9016,b6c147e5790a59c6d96668d093bfa83302a6a36c0d50bf8059b8311bd2516cab,LIVE_READ_ENDED_ASSET,E06_stopping_formal
D:\py\DRL2\eval\stopping\formal\learned\262430\seed_267027.json,8708,21de5f95897a5e684a6f8b3521da99ace4d20206574c1080749094975e79ffc5,LIVE_READ_ENDED_ASSET,E06_stopping_formal
D:\py\DRL2\eval\stopping\formal\learned\262430\seed_267028.json,9939,5983bc267a6d2b06c4be2b0a11279a69bbb4afd1a708999ab6733d5bed990efc,LIVE_READ_ENDED_ASSET,E06_stopping_formal
D:\py\DRL2\eval\stopping\formal\learned\262430\seed_267029.json,9282,3d2f6b370454e79005ce600751c58aa4d2404d2a1e711aae8bd8e2e83b1e4ee9,LIVE_READ_ENDED_ASSET,E06_stopping_formal
D:\py\DRL2\eval\stopping\formal\learned\262430\seed_267030.json,11489,7e43ec31878c40f0e81a794c3b17c6843a493106eed15ef8e1bdc0d19434f077,LIVE_READ_ENDED_ASSET,E06_stopping_formal
D:\py\DRL2\eval\stopping\formal\learned\262430\seed_267031.json,11800,6f55521eedcb80b401d9b7ee1972dcf525480bc2d8de18bca13d67485567ae10,LIVE_READ_ENDED_ASSET,E06_stopping_formal
D:\py\DRL2\eval\stopping\formal\learned\262430\seed_267032.json,11718,d5986e3c00c768505ca966425622c368e086b817d7d89a8cc96aa9c29dd03a9d,LIVE_READ_ENDED_ASSET,E06_stopping_formal
D:\py\DRL2\eval\stopping\formal\learned\262430\seed_267033.json,6982,983b5aab9e5fbc5014fa29c574d5971793f5656612a7f1a7b63e85c30ee416f0,LIVE_READ_ENDED_ASSET,E06_stopping_formal
D:\py\DRL2\eval\stopping\formal\learned\262430\seed_267034.json,11772,514fedc4b06a702b43834cebdf0bc805f9f01c23cc9143dfe2c059f36a503459,LIVE_READ_ENDED_ASSET,E06_stopping_formal
D:\py\DRL2\eval\stopping\formal\learned\262430\seed_267035.json,11212,f8553c9307670817f19de660c8d602894e3877223901c7a1766b2d9db7afc0df,LIVE_READ_ENDED_ASSET,E06_stopping_formal
D:\py\DRL2\eval\stopping\formal\learned\262430\seed_267036.json,11348,c8528eb030b6c353d6cd03f6c00bd7d8f35c979faa6f87403697678327f2c863,LIVE_READ_ENDED_ASSET,E06_stopping_formal
D:\py\DRL2\eval\stopping\formal\learned\262430\seed_267037.json,10760,8ae28b161c03e5be0e2eb17b588ea12a2451371a4d3c084e6da33576f92d1c42,LIVE_READ_ENDED_ASSET,E06_stopping_formal
D:\py\DRL2\eval\stopping\formal\learned\262430\seed_267038.json,11510,3d5010858908a49168c80e62bfde617c7fe69248ec28749b42646b3f2069c7f3,LIVE_READ_ENDED_ASSET,E06_stopping_formal
D:\py\DRL2\eval\stopping\formal\learned\262430\seed_267039.json,5627,1b33a06a143f911ab247d93c348950f518536171165de45be675a2631d3d91bd,LIVE_READ_ENDED_ASSET,E06_stopping_formal
D:\py\DRL2\eval\stopping\formal\learned\262430\seed_267040.json,11790,ae55bc14de2050f8616bf94040b659d521e98167a32c358551c7571491f902aa,LIVE_READ_ENDED_ASSET,E06_stopping_formal
D:\py\DRL2\eval\stopping\formal\learned\262430\seed_267041.json,11627,7be120e157ce1f1f71853aaba3b2b2ec2520ca0f4e7db9f910c83c499248b658,LIVE_READ_ENDED_ASSET,E06_stopping_formal
D:\py\DRL2\eval\stopping\formal\learned\262430\seed_267042.json,11435,789c19b95350b256203f8159cb764c8299717ab3efef89a76e5e2f4f80cb5fda,LIVE_READ_ENDED_ASSET,E06_stopping_formal
D:\py\DRL2\eval\stopping\formal\learned\262430\seed_267043.json,11152,cd5bb8eecd66b2f5f3fb1968a32be581090ce211efdae7ac5e4c2dff7c963685,LIVE_READ_ENDED_ASSET,E06_stopping_formal
D:\py\DRL2\eval\stopping\formal\learned\262430\seed_267044.json,10541,eaac5d4f928449b0c9478c1117db325161ac515146e9357bebb33ec8c46c8706,LIVE_READ_ENDED_ASSET,E06_stopping_formal
D:\py\DRL2\eval\stopping\formal\learned\262430\seed_267045.json,11752,c4f1dc1cb85638e32c5ac1b4bfaa8ca64db466bf2d280a8daba095ce49cc93d5,LIVE_READ_ENDED_ASSET,E06_stopping_formal
D:\py\DRL2\eval\stopping\formal\learned\262430\seed_267046.json,7347,25dcfefa03e2b67c8308c12e5037bb9a509c5851964ca73991975e5bee5bcdc0,LIVE_READ_ENDED_ASSET,E06_stopping_formal
D:\py\DRL2\eval\stopping\formal\learned\262430\seed_267047.json,10549,9dc3b677e697895b39861387c3d4ee767b7d61bcd8673d59165d5d4a74420d09,LIVE_READ_ENDED_ASSET,E06_stopping_formal
D:\py\DRL2\eval\stopping\formal\learned\262431\seed_267000.json,9904,2ad89b960da736ba4ab4df3e5b7f13f7a1ad55e39a04a9e304af671fd8252a9e,LIVE_READ_ENDED_ASSET,E06_stopping_formal
D:\py\DRL2\eval\stopping\formal\learned\262431\seed_267001.json,11505,74dd1e4fe3e5b3f0ae0c9ae5c78234a7d7363bdf6dded6c29db7cabad3d0d153,LIVE_READ_ENDED_ASSET,E06_stopping_formal
D:\py\DRL2\eval\stopping\formal\learned\262431\seed_267002.json,10880,42b3bb2b7b1654c9e6c34c75803405766de785f365da48c1d44416c77c6aa323,LIVE_READ_ENDED_ASSET,E06_stopping_formal
D:\py\DRL2\eval\stopping\formal\learned\262431\seed_267003.json,6609,1dbd38f07e41cada8f9db198de630d406a39c0aee258cf5fe01cfcd26cb7e3bd,LIVE_READ_ENDED_ASSET,E06_stopping_formal
D:\py\DRL2\eval\stopping\formal\learned\262431\seed_267004.json,11900,d685f8ff8b006ad3dbdb141355cfd940ba49ea3ec1b0462226d7aca809a49b8a,LIVE_READ_ENDED_ASSET,E06_stopping_formal
D:\py\DRL2\eval\stopping\formal\learned\262431\seed_267005.json,8749,d8ce121d2c69020058e83b52eb8e6145aaab0bed68996c11586db7a0c56cecf2,LIVE_READ_ENDED_ASSET,E06_stopping_formal
D:\py\DRL2\eval\stopping\formal\learned\262431\seed_267006.json,8052,65794c5f89ba881881b7f52bf6a715db48a794bfb314f9b4ec456da447c4a8e1,LIVE_READ_ENDED_ASSET,E06_stopping_formal
D:\py\DRL2\eval\stopping\formal\learned\262431\seed_267007.json,5793,ae3486f92c45f35c7c0ff49fb233a4dddb32ce39321152a2b3d9a1d8ecdcaf1f,LIVE_READ_ENDED_ASSET,E06_stopping_formal
D:\py\DRL2\eval\stopping\formal\learned\262431\seed_267008.json,8709,71384f8261d17c3d3eca8e35d8f4d027e4b455053b83eacf5df0fd8d1fb8b8f5,LIVE_READ_ENDED_ASSET,E06_stopping_formal
D:\py\DRL2\eval\stopping\formal\learned\262431\seed_267009.json,10166,46a87f95ce8216820e448dc80cec843d8d062e3da98e0b099addedb63bbbb328,LIVE_READ_ENDED_ASSET,E06_stopping_formal
D:\py\DRL2\eval\stopping\formal\learned\262431\seed_267010.json,10712,51e9511d4505accc57531744762ed0630b39f6ab14decf0bc1c29bcf8b3840fb,LIVE_READ_ENDED_ASSET,E06_stopping_formal
D:\py\DRL2\eval\stopping\formal\learned\262431\seed_267011.json,10240,0dea63b66067c32013de7923f84842ffaf5fd7a467e2d9cdc635d0fcdb051f9b,LIVE_READ_ENDED_ASSET,E06_stopping_formal
D:\py\DRL2\eval\stopping\formal\learned\262431\seed_267012.json,4215,5bc5e76b051de130cee70079d3bb758ae430f7058e84a532f92c172d2a3b6ac6,LIVE_READ_ENDED_ASSET,E06_stopping_formal
D:\py\DRL2\eval\stopping\formal\learned\262431\seed_267013.json,4237,54cac0794c3f767645ec6f4455391b67aa1d6f020385deb352fca3bf602d4c31,LIVE_READ_ENDED_ASSET,E06_stopping_formal
D:\py\DRL2\eval\stopping\formal\learned\262431\seed_267014.json,9051,c2a8f0ad4d76145a7b4ba59e647abc8ad9b52f8cbf017c672dad3cafebe485b7,LIVE_READ_ENDED_ASSET,E06_stopping_formal
D:\py\DRL2\eval\stopping\formal\learned\262431\seed_267015.json,11666,fa2c2f2def80488a8a28401c5d5df11f65ea670ceb3c0a5b7ae847ff0972a51c,LIVE_READ_ENDED_ASSET,E06_stopping_formal
D:\py\DRL2\eval\stopping\formal\learned\262431\seed_267016.json,6642,84c26c0816db6b661e4f8b768d62149c3add53060f59f9485a442e00e3134738,LIVE_READ_ENDED_ASSET,E06_stopping_formal
D:\py\DRL2\eval\stopping\formal\learned\262431\seed_267017.json,10927,0b3690ef3c91f5a1b659f4d065705ad6dd98adce7857575b93ef33fec81832c0,LIVE_READ_ENDED_ASSET,E06_stopping_formal
D:\py\DRL2\eval\stopping\formal\learned\262431\seed_267018.json,11780,542a984d7c3cd3bdc0682241d652940bee4f6af1e8e754fef6341a33d035925d,LIVE_READ_ENDED_ASSET,E06_stopping_formal
D:\py\DRL2\eval\stopping\formal\learned\262431\seed_267019.json,5889,cbb07bc4bfcf1d9b75c3fac3870e4797d94eae9a673e403c5c59d3839d00d7a9,LIVE_READ_ENDED_ASSET,E06_stopping_formal
D:\py\DRL2\eval\stopping\formal\learned\262431\seed_267020.json,5221,af79b034e4fdd755dba7a1312bba66d3960c858c591856885eccb5fa46a6fffb,LIVE_READ_ENDED_ASSET,E06_stopping_formal
D:\py\DRL2\eval\stopping\formal\learned\262431\seed_267021.json,11676,c6d9666919a5dd8744f7fff60137ce81e1499b0402c1de6ae64bba9f59d5ed3f,LIVE_READ_ENDED_ASSET,E06_stopping_formal
D:\py\DRL2\eval\stopping\formal\learned\262431\seed_267022.json,8050,503479f98f0c3dba32dc167f7d9733ff549b3e398f2884a8d1b9d2860dc41204,LIVE_READ_ENDED_ASSET,E06_stopping_formal
D:\py\DRL2\eval\stopping\formal\learned\262431\seed_267023.json,10735,dfad0636f821b045183d050c83affebd2cc841429dd268443f578c2520d033cb,LIVE_READ_ENDED_ASSET,E06_stopping_formal
D:\py\DRL2\eval\stopping\formal\learned\262431\seed_267024.json,7697,93d27bb2c102afa59480de29c79e74459c13edb091bbc65772180f54194aa285,LIVE_READ_ENDED_ASSET,E06_stopping_formal
D:\py\DRL2\eval\stopping\formal\learned\262431\seed_267025.json,8843,6f49a4c3ca18702d84f7d8e722750359dbc80cca0e56b70b546feb187cea9bfb,LIVE_READ_ENDED_ASSET,E06_stopping_formal
D:\py\DRL2\eval\stopping\formal\learned\262431\seed_267026.json,10287,39e272a5b8c0207c15fac4864c665c0ae182b0250216f71fe6435ca958660864,LIVE_READ_ENDED_ASSET,E06_stopping_formal
D:\py\DRL2\eval\stopping\formal\learned\262431\seed_267027.json,4935,c342d1cea75c1bcc7b236c2183a9419b0d683b0bcb192342fcd9561008e2da1c,LIVE_READ_ENDED_ASSET,E06_stopping_formal
D:\py\DRL2\eval\stopping\formal\learned\262431\seed_267028.json,8107,49442d2c10cacd3ea54e1e638ecde3d8edef8b9de6c71fa81ec1b7daf03e63db,LIVE_READ_ENDED_ASSET,E06_stopping_formal
D:\py\DRL2\eval\stopping\formal\learned\262431\seed_267029.json,11855,8ac6209cc8348cbac4f45fd53f96c9ed72927aa69c3e7b6f65b22f7541bc3037,LIVE_READ_ENDED_ASSET,E06_stopping_formal
D:\py\DRL2\eval\stopping\formal\learned\262431\seed_267030.json,4911,f76c33ea9399acfd76e7f9422c0dada43e05d29c58d59f3fe2842b1972151d68,LIVE_READ_ENDED_ASSET,E06_stopping_formal
D:\py\DRL2\eval\stopping\formal\learned\262431\seed_267031.json,7328,7b7623a19ea1d94a28bfe9b96d624ce7de21f4e52dd813ca1b4d586093612a46,LIVE_READ_ENDED_ASSET,E06_stopping_formal
D:\py\DRL2\eval\stopping\formal\learned\262431\seed_267032.json,10484,10b34feec0f4078d053c949e373e9304c653553499abd1b91d649ca7a9c653c1,LIVE_READ_ENDED_ASSET,E06_stopping_formal
D:\py\DRL2\eval\stopping\formal\learned\262431\seed_267033.json,7295,15c67d09e771f8a6e4a3514a0937484df490a1c1462910ce8c88daebcee3795b,LIVE_READ_ENDED_ASSET,E06_stopping_formal
D:\py\DRL2\eval\stopping\formal\learned\262431\seed_267034.json,5217,be9738af4875591ab39c578f1a93a6de25c3b1924a8bb4607c8845a0c94d55c8,LIVE_READ_ENDED_ASSET,E06_stopping_formal
D:\py\DRL2\eval\stopping\formal\learned\262431\seed_267035.json,8947,dae92c8607dcbd3d51c66a5794d24bbe19bea0b391355dcb423f44db1158e878,LIVE_READ_ENDED_ASSET,E06_stopping_formal
D:\py\DRL2\eval\stopping\formal\learned\262431\seed_267036.json,11510,9841d096bc703d9e4e334f47a8b98f403f09861a087ece2b261125ebe8f201ab,LIVE_READ_ENDED_ASSET,E06_stopping_formal
D:\py\DRL2\eval\stopping\formal\learned\262431\seed_267037.json,10988,2d8f3017fe6366cf9b6aaca5e5f1a4e236a2c723c4b52d9c3e53a4807fc69d63,LIVE_READ_ENDED_ASSET,E06_stopping_formal
D:\py\DRL2\eval\stopping\formal\learned\262431\seed_267038.json,10437,0552ffec732d87ddfc390cfe14479a3026146a426bfcca0df3fa08c8a9a25401,LIVE_READ_ENDED_ASSET,E06_stopping_formal
D:\py\DRL2\eval\stopping\formal\learned\262431\seed_267039.json,11883,e0e86ce8a527c47a336d60820a3789a3eba79a3978bc9573f50826e5a643605c,LIVE_READ_ENDED_ASSET,E06_stopping_formal
D:\py\DRL2\eval\stopping\formal\learned\262431\seed_267040.json,7465,e5e394ab1bbec14011ebb15319a556d47692fd403edf6d5787879900319a9945,LIVE_READ_ENDED_ASSET,E06_stopping_formal
D:\py\DRL2\eval\stopping\formal\learned\262431\seed_267041.json,10637,a4ecc7c245bf987ce56fad40e34a9ffd51fef03051292aef0ed4edd19edfd3eb,LIVE_READ_ENDED_ASSET,E06_stopping_formal
D:\py\DRL2\eval\stopping\formal\learned\262431\seed_267042.json,9945,6a2d6ec6fd1a1f51494c62b2772e3768c35351f06d6076d55a1caa1a2d40d109,LIVE_READ_ENDED_ASSET,E06_stopping_formal
D:\py\DRL2\eval\stopping\formal\learned\262431\seed_267043.json,7035,9ed4d0deee24149c3c966b4324fc3e4ad3d4baa6f4984ab4b0db1ab4f16423b6,LIVE_READ_ENDED_ASSET,E06_stopping_formal
D:\py\DRL2\eval\stopping\formal\learned\262431\seed_267044.json,7217,9e56aee6f3531261acdc742d636b33d9bfb709e5a9bee8381b01c5fe35a6851a,LIVE_READ_ENDED_ASSET,E06_stopping_formal
D:\py\DRL2\eval\stopping\formal\learned\262431\seed_267045.json,10401,f2a2c27235b3da2f29e97bbcb5a05bb5c7733416b78532b39eda06f917041a55,LIVE_READ_ENDED_ASSET,E06_stopping_formal
D:\py\DRL2\eval\stopping\formal\learned\262431\seed_267046.json,11365,e48e20236d2ea292451331ab202e0a43900677b2d731d29953b8af909fa7aa9d,LIVE_READ_ENDED_ASSET,E06_stopping_formal
D:\py\DRL2\eval\stopping\formal\learned\262431\seed_267047.json,8527,cb7d11b5d8dd663c6c723a032c31b0f6b8904e4a2d28daae29f0b6bb6ca48946,LIVE_READ_ENDED_ASSET,E06_stopping_formal
D:\py\DRL2\eval\stopping\formal\learned\262432\seed_267000.json,4263,d1f46b1e4dbdc7040f6a7a21d95dc6c26a3481e6e1dca6c62689f9ece5857679,LIVE_READ_ENDED_ASSET,E06_stopping_formal
D:\py\DRL2\eval\stopping\formal\learned\262432\seed_267001.json,8106,24b6bcc9307b95905dc99c21185fa5e262345b4f74c6a9f68cc4f3f2c067b152,LIVE_READ_ENDED_ASSET,E06_stopping_formal
D:\py\DRL2\eval\stopping\formal\learned\262432\seed_267002.json,11156,ccc4980c1a8a99304ad54df059fcd25185a628a3b92c2ea452267d31079dec91,LIVE_READ_ENDED_ASSET,E06_stopping_formal
D:\py\DRL2\eval\stopping\formal\learned\262432\seed_267003.json,9466,f6f8512592a5b22e93f83be0e073acfe72b68ed9f698ae6bdf24f7a0de3c83a1,LIVE_READ_ENDED_ASSET,E06_stopping_formal
D:\py\DRL2\eval\stopping\formal\learned\262432\seed_267004.json,6507,508496a18f427cc2f4c04dc44b4a1c712c3953bca1fe673975ecb1900f19a11d,LIVE_READ_ENDED_ASSET,E06_stopping_formal
D:\py\DRL2\eval\stopping\formal\learned\262432\seed_267005.json,4744,114240eefc9a5360a2230876e5f420cdeed4ce3b90e9be71c46da28b952b6a06,LIVE_READ_ENDED_ASSET,E06_stopping_formal
D:\py\DRL2\eval\stopping\formal\learned\262432\seed_267006.json,8118,753a7137b188d70e57be1ed5385a64fe5c82d1234f23a162ac253ec7cf905e24,LIVE_READ_ENDED_ASSET,E06_stopping_formal
D:\py\DRL2\eval\stopping\formal\learned\262432\seed_267007.json,7235,ff50bbd139607dd4813e9a132915fbe4c8e373172dfbb0af16f302d8beae2a17,LIVE_READ_ENDED_ASSET,E06_stopping_formal
D:\py\DRL2\eval\stopping\formal\learned\262432\seed_267008.json,11039,9104bd84a3c7bbbc10189c912b4cef1ad1749ef8dd1e23cb1ff83fae210e45ce,LIVE_READ_ENDED_ASSET,E06_stopping_formal
D:\py\DRL2\eval\stopping\formal\learned\262432\seed_267009.json,7786,5e7ce78161a8126661bbb78a5050dafa7d6f0b5f4de229ac1e0fb5b11651db1e,LIVE_READ_ENDED_ASSET,E06_stopping_formal
D:\py\DRL2\eval\stopping\formal\learned\262432\seed_267010.json,11186,a2a3569ec800a19def5a0c682e218864fa934b033ac735858c9b3df1c70853f4,LIVE_READ_ENDED_ASSET,E06_stopping_formal
D:\py\DRL2\eval\stopping\formal\learned\262432\seed_267011.json,11589,14335d4decc4899bcb9602e943d88be4af6083003667b58d5b4094014df22ffe,LIVE_READ_ENDED_ASSET,E06_stopping_formal
D:\py\DRL2\eval\stopping\formal\learned\262432\seed_267012.json,11023,90690c7a42ee98ab4d9caabc36ba19768cbd108d4923f76e8e03f7dd088fd356,LIVE_READ_ENDED_ASSET,E06_stopping_formal
D:\py\DRL2\eval\stopping\formal\learned\262432\seed_267013.json,11789,58f3cf06081e30c840b62940396295bbd05aefdc980c7896f313100746c074ae,LIVE_READ_ENDED_ASSET,E06_stopping_formal
D:\py\DRL2\eval\stopping\formal\learned\262432\seed_267014.json,10672,a973d1b0dce7eff2b2b0b93b44df6299f5c69bf1ea3b77f14abc2474cfaffcad,LIVE_READ_ENDED_ASSET,E06_stopping_formal
D:\py\DRL2\eval\stopping\formal\learned\262432\seed_267015.json,8859,a22f3db0f350dc5b6fb3f9a1067324e718cb41b2804d447b101f32e2e26cfbb7,LIVE_READ_ENDED_ASSET,E06_stopping_formal
D:\py\DRL2\eval\stopping\formal\learned\262432\seed_267016.json,7467,a3df2446984943de8d7729f645b2ce8286f01e16a4f1c160c250750d3a697df0,LIVE_READ_ENDED_ASSET,E06_stopping_formal
D:\py\DRL2\eval\stopping\formal\learned\262432\seed_267017.json,10910,5248e0550b84948c29f85b1fe800aacd9392688391a797f4c68cbcbae2981ecd,LIVE_READ_ENDED_ASSET,E06_stopping_formal
D:\py\DRL2\eval\stopping\formal\learned\262432\seed_267018.json,9846,eedcb2ffa6719b215f363d52f6e6788ded4272980c45588a2d73d8cce7afc1f6,LIVE_READ_ENDED_ASSET,E06_stopping_formal
D:\py\DRL2\eval\stopping\formal\learned\262432\seed_267019.json,11805,f163d7f9e911515e394b1ab2352fe028297d7683fab1a7e074ed85e96fd9316b,LIVE_READ_ENDED_ASSET,E06_stopping_formal
D:\py\DRL2\eval\stopping\formal\learned\262432\seed_267020.json,11509,ccd8ccbcd7dcc8636d34ca0d82be560c0e0a99a880570511a253fab84fd88d9c,LIVE_READ_ENDED_ASSET,E06_stopping_formal
D:\py\DRL2\eval\stopping\formal\learned\262432\seed_267021.json,11605,2587b40ccec2b82da5415e9d9265920be970e7277af8dd0a825659f230df9320,LIVE_READ_ENDED_ASSET,E06_stopping_formal
D:\py\DRL2\eval\stopping\formal\learned\262432\seed_267022.json,11669,b5db3de959f86d71db2270daee2d8cac896605b69ede630a9fe381556eb2d4c7,LIVE_READ_ENDED_ASSET,E06_stopping_formal
D:\py\DRL2\eval\stopping\formal\learned\262432\seed_267023.json,11835,ce17a14a6495cb67c75bf26c06733455223403ca167e51a5e3e6d993dfd8d313,LIVE_READ_ENDED_ASSET,E06_stopping_formal
D:\py\DRL2\eval\stopping\formal\learned\262432\seed_267024.json,11067,f03aaf02d9df65621ffec308548e2d3690e0cd5a1a590d9a340ad8582a04e64f,LIVE_READ_ENDED_ASSET,E06_stopping_formal
D:\py\DRL2\eval\stopping\formal\learned\262432\seed_267025.json,8765,08c60fd8661ccf028de7ba140ad66bb6c032ace530d0cb0f03356460be6cc800,LIVE_READ_ENDED_ASSET,E06_stopping_formal
D:\py\DRL2\eval\stopping\formal\learned\262432\seed_267026.json,11193,c99b8d05ab221c76559e6fa83e253dff761e576566c75c0f27c45e88333c39bf,LIVE_READ_ENDED_ASSET,E06_stopping_formal
D:\py\DRL2\eval\stopping\formal\learned\262432\seed_267027.json,5605,dff0e52bcc9b3db831925602a731bc7523eaee37da3f8d832ab17e5d3f90f142,LIVE_READ_ENDED_ASSET,E06_stopping_formal
D:\py\DRL2\eval\stopping\formal\learned\262432\seed_267028.json,6391,057582d73473ddc802f428b4ef58d82601f08cbcf98dee1a6688bf3aa59b7b36,LIVE_READ_ENDED_ASSET,E06_stopping_formal
D:\py\DRL2\eval\stopping\formal\learned\262432\seed_267029.json,11546,ca58a5e4faa8276b6dcb023441890bd6075648f2ef0918ac78cc2c3d3a82b201,LIVE_READ_ENDED_ASSET,E06_stopping_formal
D:\py\DRL2\eval\stopping\formal\learned\262432\seed_267030.json,11796,9591e37bfff74ccd5a467e995ba0db4c74a7a874d34c1dca624d4aeb8c515f2b,LIVE_READ_ENDED_ASSET,E06_stopping_formal
D:\py\DRL2\eval\stopping\formal\learned\262432\seed_267031.json,11444,f4fbe7716aee922ed4ba3e0bfb92a7e246d11c4f9ea3a5dfbdaa56d5274f6cf0,LIVE_READ_ENDED_ASSET,E06_stopping_formal
D:\py\DRL2\eval\stopping\formal\learned\262432\seed_267032.json,11132,cfc817d0d2caaba3f81f8c146726a663192b669e662547f31b057199dde8627b,LIVE_READ_ENDED_ASSET,E06_stopping_formal
D:\py\DRL2\eval\stopping\formal\learned\262432\seed_267033.json,11498,a5a357fc6643b99853691ee46f7a2d9d02bda1a85d35603e722d4f67f99b7169,LIVE_READ_ENDED_ASSET,E06_stopping_formal
D:\py\DRL2\eval\stopping\formal\learned\262432\seed_267034.json,7358,29dada27d03963d97f48aa84ae25bf18e9dfdd19694e4095774a1339d1329a70,LIVE_READ_ENDED_ASSET,E06_stopping_formal
D:\py\DRL2\eval\stopping\formal\learned\262432\seed_267035.json,11670,eab05ed1b12dc373fc7989a00f76f183a3d1ce351a3cc392e0b13b12bab622c4,LIVE_READ_ENDED_ASSET,E06_stopping_formal
D:\py\DRL2\eval\stopping\formal\learned\262432\seed_267036.json,11572,40195aa35729a6a91e3459431e1fdc4652bda841abfd222cbbc2f3032141ced8,LIVE_READ_ENDED_ASSET,E06_stopping_formal
D:\py\DRL2\eval\stopping\formal\learned\262432\seed_267037.json,10886,3fa4ecca18a95f9f048ced219822c382a3128672729a826cc029b5b628fa76cd,LIVE_READ_ENDED_ASSET,E06_stopping_formal
D:\py\DRL2\eval\stopping\formal\learned\262432\seed_267038.json,11072,7f8f185fba1e62dd45d7f10e3ef84fd149e6a289423bf2a5df20657ce61954e2,LIVE_READ_ENDED_ASSET,E06_stopping_formal
D:\py\DRL2\eval\stopping\formal\learned\262432\seed_267039.json,6399,2e6dc374479518f0787ccd6697e4095c66347808c8212278fd56414ff7895100,LIVE_READ_ENDED_ASSET,E06_stopping_formal
D:\py\DRL2\eval\stopping\formal\learned\262432\seed_267040.json,11947,f998ea053b597d9d7cf60657e11d75084ee07c0ab8862d4f451696ddbc505261,LIVE_READ_ENDED_ASSET,E06_stopping_formal
D:\py\DRL2\eval\stopping\formal\learned\262432\seed_267041.json,9803,fe66301f719abfae53dd52f205bd25ff2056dafc7a53f4714021acb1ea8b0ce8,LIVE_READ_ENDED_ASSET,E06_stopping_formal
D:\py\DRL2\eval\stopping\formal\learned\262432\seed_267042.json,11482,1d944ac9e8f92ea3952699710a46a685b9000e4a7fe427b7008e0aef46c552f7,LIVE_READ_ENDED_ASSET,E06_stopping_formal
D:\py\DRL2\eval\stopping\formal\learned\262432\seed_267043.json,7778,28a39138c3afe9447779415ad6970ca407f54fd0936c0e6da48f7b03bad93b5d,LIVE_READ_ENDED_ASSET,E06_stopping_formal
D:\py\DRL2\eval\stopping\formal\learned\262432\seed_267044.json,9711,b2e6b8b325553e108b43cd79ab7486c3f75a5937bd35cc6383cb1b91d3866f3f,LIVE_READ_ENDED_ASSET,E06_stopping_formal
D:\py\DRL2\eval\stopping\formal\learned\262432\seed_267045.json,10410,e6aa0d2c7821b7df4810f1dca4c5b3c2a6e13ad07079df277155f6b608761812,LIVE_READ_ENDED_ASSET,E06_stopping_formal
D:\py\DRL2\eval\stopping\formal\learned\262432\seed_267046.json,11642,6b50139b782f76adc713d61f4c06b8118f50f3e05e5748d468e65f2620f7af79,LIVE_READ_ENDED_ASSET,E06_stopping_formal
D:\py\DRL2\eval\stopping\formal\learned\262432\seed_267047.json,11610,7e182802cab13c7f8943d10bf673420b82e0dc0fa411f0ad72dfbc8bf4211a07,LIVE_READ_ENDED_ASSET,E06_stopping_formal
D:\py\DRL2\eval\stopping\formal\pure\seed_267000.json,579,6c00c323c7742b2ab8af2e0f42b2aeb8fefb7a205c4fe4a06b39da5a51f0732c,LIVE_READ_ENDED_ASSET,E06_stopping_formal
D:\py\DRL2\eval\stopping\formal\pure\seed_267001.json,566,dd956c7846be7fea2206bad2ebedd26668e0483a2d9c9e292cbe36e20ed3e12d,LIVE_READ_ENDED_ASSET,E06_stopping_formal
D:\py\DRL2\eval\stopping\formal\pure\seed_267002.json,566,495167b5459f77d79f4fabd3c6365b44434620648d71eceb05780bb54f9fda5c,LIVE_READ_ENDED_ASSET,E06_stopping_formal
D:\py\DRL2\eval\stopping\formal\pure\seed_267003.json,564,3b1f9dab71ff21849c0efc5b468c5643c1f9614632f946d0c8d387a513aee81d,LIVE_READ_ENDED_ASSET,E06_stopping_formal
D:\py\DRL2\eval\stopping\formal\pure\seed_267004.json,566,b5b4a581bb5977c0142a9ade39eb291a442e0def729272d842833eca1781d060,LIVE_READ_ENDED_ASSET,E06_stopping_formal
D:\py\DRL2\eval\stopping\formal\pure\seed_267005.json,590,5f94e7d18a61230beec15a0a7d43b74daa0d773c55b13a326031369e29cb17bd,LIVE_READ_ENDED_ASSET,E06_stopping_formal
D:\py\DRL2\eval\stopping\formal\pure\seed_267006.json,566,c0befc5a967339919e5818b1eed0c238c6b511c377be50971a24182299205d4d,LIVE_READ_ENDED_ASSET,E06_stopping_formal
D:\py\DRL2\eval\stopping\formal\pure\seed_267007.json,566,d213902bbc56ec208e4d0e88e971ab70bb474d6cd79b531d41a2036a2e467f7c,LIVE_READ_ENDED_ASSET,E06_stopping_formal
D:\py\DRL2\eval\stopping\formal\pure\seed_267008.json,579,ff7aa2ff651f05c8ed3b16da6bc7ed334616d72750358e2e51d2f283aa7fbaef,LIVE_READ_ENDED_ASSET,E06_stopping_formal
D:\py\DRL2\eval\stopping\formal\pure\seed_267009.json,566,6ec14a2f50910726b467aa0fc5086fb13ae63a164af14ea00e1333c6de52aacc,LIVE_READ_ENDED_ASSET,E06_stopping_formal
D:\py\DRL2\eval\stopping\formal\pure\seed_267010.json,566,9fc2566fa6505b44b7370ad696bd3dbf2dd77934ff3bde1bd3cd92169a607e4d,LIVE_READ_ENDED_ASSET,E06_stopping_formal
D:\py\DRL2\eval\stopping\formal\pure\seed_267011.json,590,c802580441c0b1df65337e1d4ae11dc59eaf2dfa25e8fbba36a2665331b0d166,LIVE_READ_ENDED_ASSET,E06_stopping_formal
D:\py\DRL2\eval\stopping\formal\pure\seed_267012.json,578,cc30526cf12c3effd21bcaca4f057a3fb441a6fdca48240205ecfc236e9a76cb,LIVE_READ_ENDED_ASSET,E06_stopping_formal
D:\py\DRL2\eval\stopping\formal\pure\seed_267013.json,579,96341e789abd1a8db9eec6f233deae2e116a037dfb6f9757731ab4af62062b32,LIVE_READ_ENDED_ASSET,E06_stopping_formal
D:\py\DRL2\eval\stopping\formal\pure\seed_267014.json,592,948174c097a2ae48addb5b7fb28c704633ee7ca15b2847c9ec8b7ff75aa19912,LIVE_READ_ENDED_ASSET,E06_stopping_formal
D:\py\DRL2\eval\stopping\formal\pure\seed_267015.json,579,3bf8bbf41191bb59a2a89c3c6053eb57afb06e522c87aa6014a7a10d68e86720,LIVE_READ_ENDED_ASSET,E06_stopping_formal
D:\py\DRL2\eval\stopping\formal\pure\seed_267016.json,591,224a42e9080e28273b34cc4fb2df01b19cf36ab1421c1f508dfb7d30a4bdc4dc,LIVE_READ_ENDED_ASSET,E06_stopping_formal
D:\py\DRL2\eval\stopping\formal\pure\seed_267017.json,565,80208b5aa44d1384a711c0431ca385c7c85c6003cb2f1c74a1c8f82d9d42e2bb,LIVE_READ_ENDED_ASSET,E06_stopping_formal
D:\py\DRL2\eval\stopping\formal\pure\seed_267018.json,580,e12732b39519ef021d1ad27d829c72c6babb16ac691263043b15d9083c7b8236,LIVE_READ_ENDED_ASSET,E06_stopping_formal
D:\py\DRL2\eval\stopping\formal\pure\seed_267019.json,580,316567e8eed497f3b45e1f3d9c5e14756f8b66d686a5b96219467fc4b72e4c24,LIVE_READ_ENDED_ASSET,E06_stopping_formal
D:\py\DRL2\eval\stopping\formal\pure\seed_267020.json,579,0b93e34551ff842ce3ea2357c206172f43a6322b12ee67a9fef51df0fa1573d1,LIVE_READ_ENDED_ASSET,E06_stopping_formal
D:\py\DRL2\eval\stopping\formal\pure\seed_267021.json,565,ae2df9e920edf379ab8ab2d05741f05d64fd54824e27dd0a05d2975e2faa27ba,LIVE_READ_ENDED_ASSET,E06_stopping_formal
D:\py\DRL2\eval\stopping\formal\pure\seed_267022.json,565,9beb7bd648af8e1ab2c44adc7e9f5a4d1856791175bfeba5db196326139c8912,LIVE_READ_ENDED_ASSET,E06_stopping_formal
D:\py\DRL2\eval\stopping\formal\pure\seed_267023.json,565,355298eee1f288573fc348a15946674d0a458f5a1a8310ec816731a2f1c419a6,LIVE_READ_ENDED_ASSET,E06_stopping_formal
D:\py\DRL2\eval\stopping\formal\pure\seed_267024.json,566,577c3ac7f0efe500ec05beb5457b0c2a51686f8dd41f08c59e54bf12423c8c16,LIVE_READ_ENDED_ASSET,E06_stopping_formal
D:\py\DRL2\eval\stopping\formal\pure\seed_267025.json,566,6ae51c79c826053b600b91d6943496e0ba7e6b96aa44ad0d36ff7197654ebc09,LIVE_READ_ENDED_ASSET,E06_stopping_formal
D:\py\DRL2\eval\stopping\formal\pure\seed_267026.json,567,93344f929facd1e0b7b72a25959c49943a9bc60378189d95050347e92a211424,LIVE_READ_ENDED_ASSET,E06_stopping_formal
D:\py\DRL2\eval\stopping\formal\pure\seed_267027.json,577,7d04bd5e22f01ab1893147a59327d12ecf24854fb9c648d94d03cb7f11270d9f,LIVE_READ_ENDED_ASSET,E06_stopping_formal
D:\py\DRL2\eval\stopping\formal\pure\seed_267028.json,566,c9511f335d84ccf1237083b7c91e89d7be3a97f67fbb35bf4da5a0c3eb1e4a93,LIVE_READ_ENDED_ASSET,E06_stopping_formal
D:\py\DRL2\eval\stopping\formal\pure\seed_267029.json,566,744c3384d105ad0b07cbee44ff3e7b1da751343ee621fc3865dafa1b93d5fed5,LIVE_READ_ENDED_ASSET,E06_stopping_formal
D:\py\DRL2\eval\stopping\formal\pure\seed_267030.json,566,72a6870186680b741fbcda9b0b80bef333ef5a0a8745a4b852596cb793e4000c,LIVE_READ_ENDED_ASSET,E06_stopping_formal
D:\py\DRL2\eval\stopping\formal\pure\seed_267031.json,567,f0b8c2375c045d307e7bab12aabbd4431e4cbd31ed388061f436a6e978aea56c,LIVE_READ_ENDED_ASSET,E06_stopping_formal
D:\py\DRL2\eval\stopping\formal\pure\seed_267032.json,564,3fc80e918eb0e4d3d4823a6f87ed1dfc9bad00627024305fb4de3b897eee7acf,LIVE_READ_ENDED_ASSET,E06_stopping_formal
D:\py\DRL2\eval\stopping\formal\pure\seed_267033.json,577,228fe1fd304a93d7714db8be0e12f55972ef10312cc5a8385668ba2d451103c2,LIVE_READ_ENDED_ASSET,E06_stopping_formal
D:\py\DRL2\eval\stopping\formal\pure\seed_267034.json,564,90d3b0187da0fd587ea6bdbb1e4721eb4342dedbb2af8cb3a5f5cfcec954bb77,LIVE_READ_ENDED_ASSET,E06_stopping_formal
D:\py\DRL2\eval\stopping\formal\pure\seed_267035.json,567,fadc2ac796539de7d0b427bbb6fc6e7e870611366d4c11c195fef0d559ebd73c,LIVE_READ_ENDED_ASSET,E06_stopping_formal
D:\py\DRL2\eval\stopping\formal\pure\seed_267036.json,580,478d182681d28b2cd342594d9607ba30cbbe312fad87ce628f5c70819e18fb83,LIVE_READ_ENDED_ASSET,E06_stopping_formal
D:\py\DRL2\eval\stopping\formal\pure\seed_267037.json,580,249ba6831b0a1e0a337d03a91ba285f4ee5b767f7084ef84fd4c0f94a7ecef61,LIVE_READ_ENDED_ASSET,E06_stopping_formal
D:\py\DRL2\eval\stopping\formal\pure\seed_267038.json,566,cdb5b3aadb9c1aab12790cb0a141f822cc509f34128163ce8706e45df1d9f4ce,LIVE_READ_ENDED_ASSET,E06_stopping_formal
D:\py\DRL2\eval\stopping\formal\pure\seed_267039.json,590,f068f8a28fd918707856fe7ede986c9c96809ec6110844b5c220cc766d854069,LIVE_READ_ENDED_ASSET,E06_stopping_formal
D:\py\DRL2\eval\stopping\formal\pure\seed_267040.json,591,29259057b26c156dc75ec1b8d2629bcd3139d28d03654964fb9227b8c61e41db,LIVE_READ_ENDED_ASSET,E06_stopping_formal
D:\py\DRL2\eval\stopping\formal\pure\seed_267041.json,565,035e9f0f716a783b8b4ceef8f39e0c2230c8d37e7419e9e1f14ac5c3223abaf6,LIVE_READ_ENDED_ASSET,E06_stopping_formal
D:\py\DRL2\eval\stopping\formal\pure\seed_267042.json,565,9380fac3f636f609996e03595f45dee212b5a434f141587221f083d0bc06f53d,LIVE_READ_ENDED_ASSET,E06_stopping_formal
D:\py\DRL2\eval\stopping\formal\pure\seed_267043.json,578,bd7736e93399f0d1bbbdefcfd959cfdff582a9c78fa4464ada81ad1067502781,LIVE_READ_ENDED_ASSET,E06_stopping_formal
D:\py\DRL2\eval\stopping\formal\pure\seed_267044.json,564,0b997cab56f87967c2e3546ff029d466e76b7db95c3d82b97971c3119e0f6d70,LIVE_READ_ENDED_ASSET,E06_stopping_formal
D:\py\DRL2\eval\stopping\formal\pure\seed_267045.json,566,81475c56527987cd591fe55fe961bec3f961764507ea6f17c0231a7c443d439f,LIVE_READ_ENDED_ASSET,E06_stopping_formal
D:\py\DRL2\eval\stopping\formal\pure\seed_267046.json,565,2af4f400764cc9b53a7493a55a98e3591caece103503146219c210f1aa37721f,LIVE_READ_ENDED_ASSET,E06_stopping_formal
D:\py\DRL2\eval\stopping\formal\pure\seed_267047.json,591,0399376dba80e043f0f2472027f047422570f61ce213595320cb6482c985fc90,LIVE_READ_ENDED_ASSET,E06_stopping_formal
D:\py\DRL2\eval\stopping\formal\stopping\262430\seed_267000.json,2150,0b385990e4df5490799c5ad508a36864f88fd3bb01d384bb632a6160096306cf,LIVE_READ_ENDED_ASSET,E06_stopping_formal
D:\py\DRL2\eval\stopping\formal\stopping\262430\seed_267001.json,712,d1a58e6d041c6e8f5161c09274a2d41fa30a1666a78212bc0ceb6207ee683d60,LIVE_READ_ENDED_ASSET,E06_stopping_formal
D:\py\DRL2\eval\stopping\formal\stopping\262430\seed_267002.json,697,ff0e84bb97f78048fb803234557adc9d60cc7be76121105448e95ee186e3c3e8,LIVE_READ_ENDED_ASSET,E06_stopping_formal
D:\py\DRL2\eval\stopping\formal\stopping\262430\seed_267003.json,1252,b9dbed6f308c64613ccba53555d6ba57e11d488b3daed0946d92f08b3ed96858,LIVE_READ_ENDED_ASSET,E06_stopping_formal
D:\py\DRL2\eval\stopping\formal\stopping\262430\seed_267004.json,11925,65b8f1c2832c73e754e5f81aa10a67b213ad94cbdd6383cfa8a6bd2454df9a08,LIVE_READ_ENDED_ASSET,E06_stopping_formal
D:\py\DRL2\eval\stopping\formal\stopping\262430\seed_267005.json,11974,aa2fac59190696ce2534922cec1b14f7c85e313ac2aac88beea9a742a5b60704,LIVE_READ_ENDED_ASSET,E06_stopping_formal
D:\py\DRL2\eval\stopping\formal\stopping\262430\seed_267006.json,4937,feacaca26b051e6ab7788e71ac4e3d813c297ea64dfdd924f4f5b1d2f6ef7e04,LIVE_READ_ENDED_ASSET,E06_stopping_formal
D:\py\DRL2\eval\stopping\formal\stopping\262430\seed_267007.json,8664,60e1cbacb04da8cfaaa153d7f978a3d4d81214820ee38bbadb886c9a3d8c8e3f,LIVE_READ_ENDED_ASSET,E06_stopping_formal
D:\py\DRL2\eval\stopping\formal\stopping\262430\seed_267008.json,786,a8f7348942a48daf2b474ac2672362380ec2a350ab70a3da1a3e127d6f5a86e4,LIVE_READ_ENDED_ASSET,E06_stopping_formal
D:\py\DRL2\eval\stopping\formal\stopping\262430\seed_267009.json,713,74d749365b62b37012f31586c5eb3ca34e5ea60258f5bf77a09a3e4d4721b2ed,LIVE_READ_ENDED_ASSET,E06_stopping_formal
D:\py\DRL2\eval\stopping\formal\stopping\262430\seed_267010.json,873,d45e9837082aed54f15bcd9e6ff30b4599314c61d56eff5353d4fc07c1d943c9,LIVE_READ_ENDED_ASSET,E06_stopping_formal
D:\py\DRL2\eval\stopping\formal\stopping\262430\seed_267011.json,11726,4078197768ebc9f5106beae2bf257652a0b8125816fe7a28d0cc0524cf15bf02,LIVE_READ_ENDED_ASSET,E06_stopping_formal
D:\py\DRL2\eval\stopping\formal\stopping\262430\seed_267012.json,2360,76fb533886b532944aa92477dbe8a36553a260dd76a3f12a8b6a04f146e5b90f,LIVE_READ_ENDED_ASSET,E06_stopping_formal
D:\py\DRL2\eval\stopping\formal\stopping\262430\seed_267013.json,2646,5c210a617cb5c9ebb02e7a6bae818f42718c53ecd04da7b2575f777a9a6348ee,LIVE_READ_ENDED_ASSET,E06_stopping_formal
D:\py\DRL2\eval\stopping\formal\stopping\262430\seed_267014.json,881,a2a27645a67a80ee586d832dd3bed768616623169870580f156bfca9e39121ce,LIVE_READ_ENDED_ASSET,E06_stopping_formal
D:\py\DRL2\eval\stopping\formal\stopping\262430\seed_267015.json,726,34506b18288753f33615757e6530bf119463d8102492c05c47b80d9a95a24801,LIVE_READ_ENDED_ASSET,E06_stopping_formal
D:\py\DRL2\eval\stopping\formal\stopping\262430\seed_267016.json,6626,e9621c647cc8c4c2e2a8b63ef74ac672fe3e77fb3c9998c3cb01ba33228f6e94,LIVE_READ_ENDED_ASSET,E06_stopping_formal
D:\py\DRL2\eval\stopping\formal\stopping\262430\seed_267017.json,3649,0febcd2c535e9135143daaad312d76b4190041189b3231420324ee5d15d22c3c,LIVE_READ_ENDED_ASSET,E06_stopping_formal
D:\py\DRL2\eval\stopping\formal\stopping\262430\seed_267018.json,710,282ef58c0cdd8dd970dec5cbfa63ee3e5b04e6f0ca3c5c01e529e4c051dd817d,LIVE_READ_ENDED_ASSET,E06_stopping_formal
D:\py\DRL2\eval\stopping\formal\stopping\262430\seed_267019.json,2271,37d67943b64c7ff742365b7fb3365bcf8aaff6a0a2fd43080b3f72f87fe6845f,LIVE_READ_ENDED_ASSET,E06_stopping_formal
D:\py\DRL2\eval\stopping\formal\stopping\262430\seed_267020.json,800,69f5daf28220e9bc33df079f875dd48e1052363dd1de53253f97821b0c386917,LIVE_READ_ENDED_ASSET,E06_stopping_formal
D:\py\DRL2\eval\stopping\formal\stopping\262430\seed_267021.json,699,dcc6650e58e4bd688b4c5cde456117678c7b627e156caf36cd05738fab69ad82,LIVE_READ_ENDED_ASSET,E06_stopping_formal
D:\py\DRL2\eval\stopping\formal\stopping\262430\seed_267022.json,10068,27f01f629d92dfa1b157099dae588e04df530aebdfdf6b2814f8e768c8cfd8b6,LIVE_READ_ENDED_ASSET,E06_stopping_formal
D:\py\DRL2\eval\stopping\formal\stopping\262430\seed_267023.json,5214,0f5cc896bfad4aa73146a4bfb6ff358128a2ca5c287600ca163fbdecc8feabd3,LIVE_READ_ENDED_ASSET,E06_stopping_formal
D:\py\DRL2\eval\stopping\formal\stopping\262430\seed_267024.json,801,9f5d7968d69e89ed15c45ea496cad447f45d5a1fae0c96a3b778d762efaae190,LIVE_READ_ENDED_ASSET,E06_stopping_formal
D:\py\DRL2\eval\stopping\formal\stopping\262430\seed_267025.json,2976,be1e66e8d0248dc59f436d1aedc6af2039b94bc9ec516a57083dfdee738f1c2f,LIVE_READ_ENDED_ASSET,E06_stopping_formal
D:\py\DRL2\eval\stopping\formal\stopping\262430\seed_267026.json,713,cb0fd76ed7d8c4213dcf897f997cb3eec923689d39ce3f24d6aee4d941864642,LIVE_READ_ENDED_ASSET,E06_stopping_formal
D:\py\DRL2\eval\stopping\formal\stopping\262430\seed_267027.json,2502,2a4f6e0dc07f4416227cbd5cacf6415616f7640e8c03ae4c32096922bd96c1b5,LIVE_READ_ENDED_ASSET,E06_stopping_formal
D:\py\DRL2\eval\stopping\formal\stopping\262430\seed_267028.json,9940,c78563a2995b893c6249db24c3d4a5a992064dc06529dba646130b0361c8f3ec,LIVE_READ_ENDED_ASSET,E06_stopping_formal
D:\py\DRL2\eval\stopping\formal\stopping\262430\seed_267029.json,9280,70f5384effc101d55e7a494c3b193e2db59742eed7313a72e44a2441204f4afb,LIVE_READ_ENDED_ASSET,E06_stopping_formal
D:\py\DRL2\eval\stopping\formal\stopping\262430\seed_267030.json,698,74ff93ac76a65665c468bc08f100b71f7e7d656728ea059ef961b3cb64a450b1,LIVE_READ_ENDED_ASSET,E06_stopping_formal
D:\py\DRL2\eval\stopping\formal\stopping\262430\seed_267031.json,1656,a19aedc409896de3b4b30cafd415293368e0af0e955a596920514280069ebcb6,LIVE_READ_ENDED_ASSET,E06_stopping_formal
D:\py\DRL2\eval\stopping\formal\stopping\262430\seed_267032.json,3105,c5b6760730b95cf0f7c2041a00cd1a44a811f984947f42680e8fc059cea54cd7,LIVE_READ_ENDED_ASSET,E06_stopping_formal
D:\py\DRL2\eval\stopping\formal\stopping\262430\seed_267033.json,2662,2c6e4f6216089d29946cdd1dee06d957b70b06461122f6e127a16302ccd6f3e6,LIVE_READ_ENDED_ASSET,E06_stopping_formal
D:\py\DRL2\eval\stopping\formal\stopping\262430\seed_267034.json,1083,2e694d45f9c8cf98238643a294de5b9400298391d690b73603a9f90a1d46949d,LIVE_READ_ENDED_ASSET,E06_stopping_formal
D:\py\DRL2\eval\stopping\formal\stopping\262430\seed_267035.json,699,3810fa3b38c0ce77ca6b567f090f599143dbc192a4311b58e03231251c4116c3,LIVE_READ_ENDED_ASSET,E06_stopping_formal
D:\py\DRL2\eval\stopping\formal\stopping\262430\seed_267036.json,800,808d22a1f5a2786eab07d2abd2a59414805a01f15fd41b6b0b4cd13fee1ac965,LIVE_READ_ENDED_ASSET,E06_stopping_formal
D:\py\DRL2\eval\stopping\formal\stopping\262430\seed_267037.json,711,063849c9974a88271c0007c0657823a94151583d831c98f78110914f716ff3f8,LIVE_READ_ENDED_ASSET,E06_stopping_formal
D:\py\DRL2\eval\stopping\formal\stopping\262430\seed_267038.json,698,348ebb2d852512fcbe3916d5122091bbbfa1e567a5f7a78418e28654e2eb37ac,LIVE_READ_ENDED_ASSET,E06_stopping_formal
D:\py\DRL2\eval\stopping\formal\stopping\262430\seed_267039.json,5629,defc8f6b7992f902cd74eb0f610abeae45cf25026f912ee6790d4dcb9fc9e9b7,LIVE_READ_ENDED_ASSET,E06_stopping_formal
D:\py\DRL2\eval\stopping\formal\stopping\262430\seed_267040.json,1174,4ac1fec51ca9993836a011e1491a52b38f77b68322eead20ceb146653d82c6fa,LIVE_READ_ENDED_ASSET,E06_stopping_formal
D:\py\DRL2\eval\stopping\formal\stopping\262430\seed_267041.json,9005,c80b3ba9874583fe55030f05d885b9e33b20fd3a26c7cb0cf49db762462d8029,LIVE_READ_ENDED_ASSET,E06_stopping_formal
D:\py\DRL2\eval\stopping\formal\stopping\262430\seed_267042.json,697,ec75b217194c018908d70c9bcc73b7e8df4191f2d49fccdffdff22004f4712a8,LIVE_READ_ENDED_ASSET,E06_stopping_formal
D:\py\DRL2\eval\stopping\formal\stopping\262430\seed_267043.json,1460,074aa00b99d3c8eeca7aa2b86ea6246f369d092d23320f10e0b228d09f225b5b,LIVE_READ_ENDED_ASSET,E06_stopping_formal
D:\py\DRL2\eval\stopping\formal\stopping\262430\seed_267044.json,713,25e427b1dd333fa6b0a45081fabbaf2f22f85741a1f30fb1b28e8484df0961b5,LIVE_READ_ENDED_ASSET,E06_stopping_formal
D:\py\DRL2\eval\stopping\formal\stopping\262430\seed_267045.json,9328,a8ab80ae367c7b04bd64b74febb730aa8892efe9251cd153682ae4a259c94f55,LIVE_READ_ENDED_ASSET,E06_stopping_formal
D:\py\DRL2\eval\stopping\formal\stopping\262430\seed_267046.json,7348,b86f6bccce28c92c5e54beda826854954cdef6f3a8b6ba953fd53d36ed444fba,LIVE_READ_ENDED_ASSET,E06_stopping_formal
D:\py\DRL2\eval\stopping\formal\stopping\262430\seed_267047.json,720,885329417474a505dd5f55a1623de8453ad511988bc619e25c355e39b8d583c8,LIVE_READ_ENDED_ASSET,E06_stopping_formal
D:\py\DRL2\eval\stopping\formal\stopping\262431\seed_267000.json,7582,8528879b32cb0cdb0e112286c802a3c1b7134e6790f53a592630b27c4039aecf,LIVE_READ_ENDED_ASSET,E06_stopping_formal
D:\py\DRL2\eval\stopping\formal\stopping\262431\seed_267001.json,698,0ef1dce298f61062edfe43d017015faa64cf792904dbf99885549e944924f872,LIVE_READ_ENDED_ASSET,E06_stopping_formal
D:\py\DRL2\eval\stopping\formal\stopping\262431\seed_267002.json,4385,008ab8c886f737ed742f4c714c75627274bf4a2377f5c68b64f4e7a472a65a04,LIVE_READ_ENDED_ASSET,E06_stopping_formal
D:\py\DRL2\eval\stopping\formal\stopping\262431\seed_267003.json,1694,7b66f76375ba17b5ca91d0cd383a2735f2a8bad66c607658617cad63f24f2911,LIVE_READ_ENDED_ASSET,E06_stopping_formal
D:\py\DRL2\eval\stopping\formal\stopping\262431\seed_267004.json,11900,38067b396b66f2eb607fdd19918cceb11a9d5def167e3b7a2e0df5217d8afee4,LIVE_READ_ENDED_ASSET,E06_stopping_formal
D:\py\DRL2\eval\stopping\formal\stopping\262431\seed_267005.json,7843,876e66c459327ad89547497c80ee96d86a5b507640be3b4a58d76d386b7a8bc1,LIVE_READ_ENDED_ASSET,E06_stopping_formal
D:\py\DRL2\eval\stopping\formal\stopping\262431\seed_267006.json,1078,668e8eb02931658b4cea1c71d878e7de1b647d5ad3ce7caad6d967c7c7a885f3,LIVE_READ_ENDED_ASSET,E06_stopping_formal
D:\py\DRL2\eval\stopping\formal\stopping\262431\seed_267007.json,2870,e2b739995bbe972fdd2740d09efd7f578c4de6d6ea675f4e44f173220bc9c571,LIVE_READ_ENDED_ASSET,E06_stopping_formal
D:\py\DRL2\eval\stopping\formal\stopping\262431\seed_267008.json,4163,dbdd5c1644fa8e2abf6dd733946f801085616a53b46a2c4bb147829c3217db15,LIVE_READ_ENDED_ASSET,E06_stopping_formal
D:\py\DRL2\eval\stopping\formal\stopping\262431\seed_267009.json,5379,85c54d5c9fc15887a25d51ec64cd1272a0bd96e04bcc517b2fc8f293d4c2cfa2,LIVE_READ_ENDED_ASSET,E06_stopping_formal
D:\py\DRL2\eval\stopping\formal\stopping\262431\seed_267010.json,2285,49c003f874bc14a48fd889b04c10525a19fde9aef4414e399dcf9028c03c5dfd,LIVE_READ_ENDED_ASSET,E06_stopping_formal
D:\py\DRL2\eval\stopping\formal\stopping\262431\seed_267011.json,9126,db7230cbc78276d9becb1282fe9e07fb70a8066fe69f130665c0ab3a98fd839e,LIVE_READ_ENDED_ASSET,E06_stopping_formal
D:\py\DRL2\eval\stopping\formal\stopping\262431\seed_267012.json,1161,523de82ef427ed76fecef56523bd711cf90fa0d104823669f50df4ce1cb7e5d9,LIVE_READ_ENDED_ASSET,E06_stopping_formal
D:\py\DRL2\eval\stopping\formal\stopping\262431\seed_267013.json,726,47662132fdf4183b42fabf1f28a374e7bc42e7010e896d36445bf5c2ddbc4b54,LIVE_READ_ENDED_ASSET,E06_stopping_formal
D:\py\DRL2\eval\stopping\formal\stopping\262431\seed_267014.json,1707,78fdc0cb6335e1e2e3dc6dc1261ba15b825f5b7f1b55a1f39bb6dd50e1cc73f9,LIVE_READ_ENDED_ASSET,E06_stopping_formal
D:\py\DRL2\eval\stopping\formal\stopping\262431\seed_267015.json,726,06f1225b12fea5e6137efbb1c52a2c7f99be893dfd3a420ff071248d65356479,LIVE_READ_ENDED_ASSET,E06_stopping_formal
D:\py\DRL2\eval\stopping\formal\stopping\262431\seed_267016.json,5338,25caaea4ea375d00b1870c33316817d9d9499afc0f1ebfbd632f605e6eb3751c,LIVE_READ_ENDED_ASSET,E06_stopping_formal
D:\py\DRL2\eval\stopping\formal\stopping\262431\seed_267017.json,1383,134918076faf8a21ba63ec32635531c433e2dc2f18a4bf23c9c5fa5a397e1e23,LIVE_READ_ENDED_ASSET,E06_stopping_formal
D:\py\DRL2\eval\stopping\formal\stopping\262431\seed_267018.json,2651,62e46f4694a1d6c4f91b36e31c27d7d0cc72cdc6ecb4a898b46e76151c719b79,LIVE_READ_ENDED_ASSET,E06_stopping_formal
D:\py\DRL2\eval\stopping\formal\stopping\262431\seed_267019.json,2944,77a5c5eff5aef421f328231fc6a291d6ada0f292578e2bd4888e35ec95d2b636,LIVE_READ_ENDED_ASSET,E06_stopping_formal
D:\py\DRL2\eval\stopping\formal\stopping\262431\seed_267020.json,1477,6cb17a33a27b6f761a0e11d288a7d947ca59d6b372654666d98d8225c63bce84,LIVE_READ_ENDED_ASSET,E06_stopping_formal
D:\py\DRL2\eval\stopping\formal\stopping\262431\seed_267021.json,10635,e42f0210c363e529d6b1a60464f8524c9b9a99a9ac11ec10a7abaf4feb8de2bb,LIVE_READ_ENDED_ASSET,E06_stopping_formal
D:\py\DRL2\eval\stopping\formal\stopping\262431\seed_267022.json,5897,53358e6421dcf9fc285adf32ab30e35ac984c924dbd643a0dcbe94e259dee0bd,LIVE_READ_ENDED_ASSET,E06_stopping_formal
D:\py\DRL2\eval\stopping\formal\stopping\262431\seed_267023.json,858,5bfc5d1a16554dc98e4c0ad07e3e6fcf4ca68a16b236b606347c0a441d1cd100,LIVE_READ_ENDED_ASSET,E06_stopping_formal
D:\py\DRL2\eval\stopping\formal\stopping\262431\seed_267024.json,1168,17d37e7dfa98abec3d42ef9d1cc2a19028414a886129c5577506e3ec7713a520,LIVE_READ_ENDED_ASSET,E06_stopping_formal
D:\py\DRL2\eval\stopping\formal\stopping\262431\seed_267025.json,712,1658945f75047702f52dba16628c7d94d10eac8e75ff90302e0893a54efea2de,LIVE_READ_ENDED_ASSET,E06_stopping_formal
D:\py\DRL2\eval\stopping\formal\stopping\262431\seed_267026.json,10288,0044f7b03a5c1b4d95e54e741ab3fec4218c850e283ffd4dd9e302b6b51a98e6,LIVE_READ_ENDED_ASSET,E06_stopping_formal
D:\py\DRL2\eval\stopping\formal\stopping\262431\seed_267027.json,3073,054131dfb41dfe9f3fdbaf7de20fdad90e939c1b75f58be2163d70a8364d6cb6,LIVE_READ_ENDED_ASSET,E06_stopping_formal
D:\py\DRL2\eval\stopping\formal\stopping\262431\seed_267028.json,711,84ec25a3b9a72d9018baaec4a690f71b3cbb72eaa4552046d85da8a8b4cde944,LIVE_READ_ENDED_ASSET,E06_stopping_formal
D:\py\DRL2\eval\stopping\formal\stopping\262431\seed_267029.json,1229,610637e2973e6f7278e872009fa197f61f23838d0dfddc60fd2313ffabf4e7d2,LIVE_READ_ENDED_ASSET,E06_stopping_formal
D:\py\DRL2\eval\stopping\formal\stopping\262431\seed_267030.json,1678,e8ceeea36053b93565fcb3db5f2b61fabd17d70a7e5b14c5e7e00dcbe58e0d5c,LIVE_READ_ENDED_ASSET,E06_stopping_formal
D:\py\DRL2\eval\stopping\formal\stopping\262431\seed_267031.json,1152,ace125af658a518fb9054099dc634f9bf49f079f023e801364f8c7bbe14fedbf,LIVE_READ_ENDED_ASSET,E06_stopping_formal
D:\py\DRL2\eval\stopping\formal\stopping\262431\seed_267032.json,694,d6b9642e7f1738c28c5c27c096dd38f23371c692a53d4149c44f19fcc1e7ff0b,LIVE_READ_ENDED_ASSET,E06_stopping_formal
D:\py\DRL2\eval\stopping\formal\stopping\262431\seed_267033.json,7297,e8600ba43d8767998342e117674da3db7fa69ac9f6168eb7e709c86843d65e80,LIVE_READ_ENDED_ASSET,E06_stopping_formal
D:\py\DRL2\eval\stopping\formal\stopping\262431\seed_267034.json,695,f5e50f467f438bf96cc72d6a20bb075e8ef928c1c12fe2c4ced1550ae0b85fff,LIVE_READ_ENDED_ASSET,E06_stopping_formal
D:\py\DRL2\eval\stopping\formal\stopping\262431\seed_267035.json,2791,c2b69acbaeb6330cc483a28c635e07731cc49e7e2b9e476dcf2b35aba6e9e644,LIVE_READ_ENDED_ASSET,E06_stopping_formal
D:\py\DRL2\eval\stopping\formal\stopping\262431\seed_267036.json,712,5dc8894da4262518a380b00aceb918af444bb93df36c5ceba0e097a2bc0a6b88,LIVE_READ_ENDED_ASSET,E06_stopping_formal
D:\py\DRL2\eval\stopping\formal\stopping\262431\seed_267037.json,1896,e87b885135123d63157808524135046f3f50cc17df697fa4edd8b5633b94555c,LIVE_READ_ENDED_ASSET,E06_stopping_formal
D:\py\DRL2\eval\stopping\formal\stopping\262431\seed_267038.json,713,6a0300007835417d7a3dca450c491d95ff051bc2f96373efcbdf545a53a2dc71,LIVE_READ_ENDED_ASSET,E06_stopping_formal
D:\py\DRL2\eval\stopping\formal\stopping\262431\seed_267039.json,11885,65d34ad521f62a3c45a85748bdbab7a0619395ec2bced1e93b8f5b2b61af2066,LIVE_READ_ENDED_ASSET,E06_stopping_formal
D:\py\DRL2\eval\stopping\formal\stopping\262431\seed_267040.json,1111,47e7c615c085043c61c422c35626ab3b43b066f75af92e7fce247458c0c22b4b,LIVE_READ_ENDED_ASSET,E06_stopping_formal
D:\py\DRL2\eval\stopping\formal\stopping\262431\seed_267041.json,710,03c0551b2241d380778c00b81b21dad0526555e67d566b5f2b294e5b2266c1ea,LIVE_READ_ENDED_ASSET,E06_stopping_formal
D:\py\DRL2\eval\stopping\formal\stopping\262431\seed_267042.json,1845,432b1d02fb0a9f2f5ac75e567f223a51fad145e0b892aac654aa91f5553c0f46,LIVE_READ_ENDED_ASSET,E06_stopping_formal
D:\py\DRL2\eval\stopping\formal\stopping\262431\seed_267043.json,3451,d2e3d2a69ceab772c4bb67d2fe9e0c98351ee8d75fcbcaa6474d0be18e1b1823,LIVE_READ_ENDED_ASSET,E06_stopping_formal
D:\py\DRL2\eval\stopping\formal\stopping\262431\seed_267044.json,6377,0ebe312491428147c87ed588b5272052c3aaee9f177231e7a90c32fc09248f1d,LIVE_READ_ENDED_ASSET,E06_stopping_formal
D:\py\DRL2\eval\stopping\formal\stopping\262431\seed_267045.json,9673,dba38851f29f654bcea0eb5a84672ffcf67bcab068908910a1b7fcac5a524f19,LIVE_READ_ENDED_ASSET,E06_stopping_formal
D:\py\DRL2\eval\stopping\formal\stopping\262431\seed_267046.json,712,dbde87e93388b40f3aab6ab8c20a3d1a86a4e5cdaf0bc4635360d8e1d755f89a,LIVE_READ_ENDED_ASSET,E06_stopping_formal
D:\py\DRL2\eval\stopping\formal\stopping\262431\seed_267047.json,1019,c6cc26016d294c17a660a9d40718e38fe42618f8e4a1af95b9190fa0c61691ff,LIVE_READ_ENDED_ASSET,E06_stopping_formal
D:\py\DRL2\eval\stopping\formal\stopping\262432\seed_267000.json,877,43deaead445a1685492b65c6b616f5980ca079feb078d540430785a7fd022ae8,LIVE_READ_ENDED_ASSET,E06_stopping_formal
D:\py\DRL2\eval\stopping\formal\stopping\262432\seed_267001.json,786,258daeeca3c8f4beaa99977ceddbe82df42d5ea4e6720a3ba45ab8177feab1e3,LIVE_READ_ENDED_ASSET,E06_stopping_formal
D:\py\DRL2\eval\stopping\formal\stopping\262432\seed_267002.json,697,cefb9044bb66f74c681222de29c3b1292962edd1600cb207232bc54ecd77546c,LIVE_READ_ENDED_ASSET,E06_stopping_formal
D:\py\DRL2\eval\stopping\formal\stopping\262432\seed_267003.json,6682,c42edb40efce0b5e101414a6cab0b7aefb74c791dc145a4a5bd0113f892184e7,LIVE_READ_ENDED_ASSET,E06_stopping_formal
D:\py\DRL2\eval\stopping\formal\stopping\262432\seed_267004.json,712,5310aa8f51c64426982201864ec6860a7486a0f01267f2e03d28e90e67dd9790,LIVE_READ_ENDED_ASSET,E06_stopping_formal
D:\py\DRL2\eval\stopping\formal\stopping\262432\seed_267005.json,736,b4fcdcc1c94a198f15025fd60bec13f5657f95f0f2647a2dd79e93b956ca65da,LIVE_READ_ENDED_ASSET,E06_stopping_formal
D:\py\DRL2\eval\stopping\formal\stopping\262432\seed_267006.json,6387,1725746e710521205c89b0ca5bdeb963c8f6fe03298888b968f0e6c5bf3f8fab,LIVE_READ_ENDED_ASSET,E06_stopping_formal
D:\py\DRL2\eval\stopping\formal\stopping\262432\seed_267007.json,7235,db50e0c8175c9f671b51e47af3196cd27608eb7cc1925412ef36ec0c49433a30,LIVE_READ_ENDED_ASSET,E06_stopping_formal
D:\py\DRL2\eval\stopping\formal\stopping\262432\seed_267008.json,711,1e2344e26fb0743928338aeaf5f95b50b621fb5d886aa412d830dbf71d06dea2,LIVE_READ_ENDED_ASSET,E06_stopping_formal
D:\py\DRL2\eval\stopping\formal\stopping\262432\seed_267009.json,1313,a4fe4707f110b691ed5bab50f0b79649256d1c27ccdff04b71144b5e2b8a7383,LIVE_READ_ENDED_ASSET,E06_stopping_formal
D:\py\DRL2\eval\stopping\formal\stopping\262432\seed_267010.json,1463,a3d0f4a7b7e8ddaba1502f2a72298bb85d788b6ce281504e00758a8f0fb7375e,LIVE_READ_ENDED_ASSET,E06_stopping_formal
D:\py\DRL2\eval\stopping\formal\stopping\262432\seed_267011.json,959,626c873fefaa6cde970571aa6d60d3b44cf2d92dc3a6210bbae024765ac4eb24,LIVE_READ_ENDED_ASSET,E06_stopping_formal
D:\py\DRL2\eval\stopping\formal\stopping\262432\seed_267012.json,1009,3b3e71936dde8a4b232ca01bce29f55e390ed2b4d2be9eb810a9a0ac2daa3466,LIVE_READ_ENDED_ASSET,E06_stopping_formal
D:\py\DRL2\eval\stopping\formal\stopping\262432\seed_267013.json,1384,49a3dd272cf1ba0c1523afcb67ac96f7ebe27d0dcecc48ce8da8a6fbc02d2586,LIVE_READ_ENDED_ASSET,E06_stopping_formal
D:\py\DRL2\eval\stopping\formal\stopping\262432\seed_267014.json,2726,18fa75d7f062f354c65d9147dbdb0249d4978d33050b0c67244cc947d322244e,LIVE_READ_ENDED_ASSET,E06_stopping_formal
D:\py\DRL2\eval\stopping\formal\stopping\262432\seed_267015.json,4601,954f0b548a4f8f5ce3bd3a8db1afe14267fdb728a61974bc2a8f8057c3f71f03,LIVE_READ_ENDED_ASSET,E06_stopping_formal
D:\py\DRL2\eval\stopping\formal\stopping\262432\seed_267016.json,722,ff3a1c5ed47726f89bf153350e4901912cab3238ea9359ded90177acba37e07d,LIVE_READ_ENDED_ASSET,E06_stopping_formal
D:\py\DRL2\eval\stopping\formal\stopping\262432\seed_267017.json,857,7226b780fc6eded84023ab5135cbca975449565f06c86ca679d7c4a25d104479,LIVE_READ_ENDED_ASSET,E06_stopping_formal
D:\py\DRL2\eval\stopping\formal\stopping\262432\seed_267018.json,712,23d656d54ad500fe6cb09e442404fa091973a9deccc784137aa48763bf3a5716,LIVE_READ_ENDED_ASSET,E06_stopping_formal
D:\py\DRL2\eval\stopping\formal\stopping\262432\seed_267019.json,11805,fa3c6b46651ecc0a85e59f49fa0f3572b493dc339131ee518a3ca7d91efa77fa,LIVE_READ_ENDED_ASSET,E06_stopping_formal
D:\py\DRL2\eval\stopping\formal\stopping\262432\seed_267020.json,796,74451efb4ec0ebf3c88c154044fcbc993148e9d9785443b65c06027779944cdb,LIVE_READ_ENDED_ASSET,E06_stopping_formal
D:\py\DRL2\eval\stopping\formal\stopping\262432\seed_267021.json,714,5234775c87c82a00440e61c21582676bee1d033507f326e26e871361918f218a,LIVE_READ_ENDED_ASSET,E06_stopping_formal
D:\py\DRL2\eval\stopping\formal\stopping\262432\seed_267022.json,5251,7b5a094df2c86d80e8a3fb95df75a5314e6138d49fa473c5c978b237cd1a96f1,LIVE_READ_ENDED_ASSET,E06_stopping_formal
D:\py\DRL2\eval\stopping\formal\stopping\262432\seed_267023.json,766,7cd00842618f4a3bc90fe8f5d5949b066741406b3dc6cedf8a28de8d3c81f9aa,LIVE_READ_ENDED_ASSET,E06_stopping_formal
D:\py\DRL2\eval\stopping\formal\stopping\262432\seed_267024.json,3718,cf47c0b0507727440eb10738998bde14f7f5f3fc508f5d4a4dfdc296c174753d,LIVE_READ_ENDED_ASSET,E06_stopping_formal
D:\py\DRL2\eval\stopping\formal\stopping\262432\seed_267025.json,2014,e548f6da0d42bb320c0d4c308036387144dd424d962f7376f944c3654a24fc23,LIVE_READ_ENDED_ASSET,E06_stopping_formal
D:\py\DRL2\eval\stopping\formal\stopping\262432\seed_267026.json,3614,14912abb54435136f6ef966bcf0398cf2410aa02ac4820eaf43607d298ad6e14,LIVE_READ_ENDED_ASSET,E06_stopping_formal
D:\py\DRL2\eval\stopping\formal\stopping\262432\seed_267027.json,707,4e65f9459428e3ef7ac0d07599191d48f913436ca357f5bf2af1dfe1b010b8e7,LIVE_READ_ENDED_ASSET,E06_stopping_formal
D:\py\DRL2\eval\stopping\formal\stopping\262432\seed_267028.json,1536,16aceeec11d58e86a1d563c4e174431037d10e7e91c90e81c181d9b57928e270,LIVE_READ_ENDED_ASSET,E06_stopping_formal
D:\py\DRL2\eval\stopping\formal\stopping\262432\seed_267029.json,713,17c5d48a2093027377b62c631348265f2892186eb6ed78102f66b5a73ff7587f,LIVE_READ_ENDED_ASSET,E06_stopping_formal
D:\py\DRL2\eval\stopping\formal\stopping\262432\seed_267030.json,1086,02c2488d3725729b4cb4313729de728b777b4c52d479065501252eb14553dd93,LIVE_READ_ENDED_ASSET,E06_stopping_formal
D:\py\DRL2\eval\stopping\formal\stopping\262432\seed_267031.json,774,a500f7ce6d498b40741417fd60eb5e9ca9205461d2be3f8fe786cb3e0abe7fb4,LIVE_READ_ENDED_ASSET,E06_stopping_formal
D:\py\DRL2\eval\stopping\formal\stopping\262432\seed_267032.json,711,c3ca80c31cbea0b3b7fbf519acf8b6669d22411b94d6aad87e1c331bc1806ecb,LIVE_READ_ENDED_ASSET,E06_stopping_formal
D:\py\DRL2\eval\stopping\formal\stopping\262432\seed_267033.json,6767,493ff09eae4ead425d5b724ae848660e09715603012faf666fca0fcfb1aa7e4c,LIVE_READ_ENDED_ASSET,E06_stopping_formal
D:\py\DRL2\eval\stopping\formal\stopping\262432\seed_267034.json,696,9a27614863be04fbd93f07a7723898191833890246f7fa7733c2c1d5e595efb0,LIVE_READ_ENDED_ASSET,E06_stopping_formal
D:\py\DRL2\eval\stopping\formal\stopping\262432\seed_267035.json,11670,54ec885ed3ba1ad8d177ef861e18523c922b3cf37e1166149d011ea473d82afe,LIVE_READ_ENDED_ASSET,E06_stopping_formal
D:\py\DRL2\eval\stopping\formal\stopping\262432\seed_267036.json,2580,bbc6de60bcfa920c389a020dc185bf2f98a44c18cd9b592231ceef094eca7311,LIVE_READ_ENDED_ASSET,E06_stopping_formal
D:\py\DRL2\eval\stopping\formal\stopping\262432\seed_267037.json,710,a1c085ccbf09481df541433d56d8b959a33f9de97b3c638003fa3b59bb629f03,LIVE_READ_ENDED_ASSET,E06_stopping_formal
D:\py\DRL2\eval\stopping\formal\stopping\262432\seed_267038.json,698,3e3eb61edea8b2a30643f83f2f22e585c121e6d1769830ad491628c6fc5991a6,LIVE_READ_ENDED_ASSET,E06_stopping_formal
D:\py\DRL2\eval\stopping\formal\stopping\262432\seed_267039.json,6400,d4a4ae067d7942688d564ae9ffddc241573e6383e3e611f33e915baa44a4513f,LIVE_READ_ENDED_ASSET,E06_stopping_formal
D:\py\DRL2\eval\stopping\formal\stopping\262432\seed_267040.json,11947,4a33510143fc018e372901cc8bfb1b16fb7c20de5e64e0f163318d18da50566a,LIVE_READ_ENDED_ASSET,E06_stopping_formal
D:\py\DRL2\eval\stopping\formal\stopping\262432\seed_267041.json,1761,6e8ecd097a075aaeb3904e896f251de571450082839a73ec759529994c236e4a,LIVE_READ_ENDED_ASSET,E06_stopping_formal
D:\py\DRL2\eval\stopping\formal\stopping\262432\seed_267042.json,1934,59e895f5fea24766404225a2cb8981764e482e1e7e249f0241a0121a2636af12,LIVE_READ_ENDED_ASSET,E06_stopping_formal
D:\py\DRL2\eval\stopping\formal\stopping\262432\seed_267043.json,5042,5fe17269aaa807c321122f6d5bf512a0f206501f27331d49b286a3cec0cd014f,LIVE_READ_ENDED_ASSET,E06_stopping_formal
D:\py\DRL2\eval\stopping\formal\stopping\262432\seed_267044.json,712,505c19bd6ca613e926b455fc4e8cdd58247c879b5648c6dee5b4dc14bb42b31e,LIVE_READ_ENDED_ASSET,E06_stopping_formal
D:\py\DRL2\eval\stopping\formal\stopping\262432\seed_267045.json,2874,a819e79573023b4c3e0e742d1497457f959876ddaa11ecabe3ebfa2d73a95c51,LIVE_READ_ENDED_ASSET,E06_stopping_formal
D:\py\DRL2\eval\stopping\formal\stopping\262432\seed_267046.json,3790,fe36aee87b37b533567b4bec53b21f82f0ee0a50651ebadba89fa910df4542fe,LIVE_READ_ENDED_ASSET,E06_stopping_formal
D:\py\DRL2\eval\stopping\formal\stopping\262432\seed_267047.json,4391,588499888a865c15e8598447e20482b52f0dd753434ceadc5eff0059ad8d50c7,LIVE_READ_ENDED_ASSET,E06_stopping_formal
D:\py\DRL2\eval\stopping\value_check\readout_value.json,5987,87495f9e14c2f75f759297fd395a47eb9681bf44d2fac9f9a6ffab86765cab7c,LIVE_READ_ENDED_ASSET,ORPHAN
D:\py\DRL2\eval\stopping\value_check\pure\seed_268000.json,579,2329ace395ea6cad01dfbe02b0299ab0e38c29341f1b7a4dccc852e7a72fd31c,LIVE_READ_ENDED_ASSET,ORPHAN
D:\py\DRL2\eval\stopping\value_check\pure\seed_268001.json,580,e8de0d59d6ac29c2201bc7bd2596494ef48bbb655849c99742fbe962fa00c5d6,LIVE_READ_ENDED_ASSET,ORPHAN
D:\py\DRL2\eval\stopping\value_check\pure\seed_268002.json,566,8a2a0d48d307c58098586f17123be48634165a8e4054b73a1e0b12e51d0da31d,LIVE_READ_ENDED_ASSET,ORPHAN
D:\py\DRL2\eval\stopping\value_check\pure\seed_268003.json,580,5e93980980ae76ffabbbc590e00da56bfdbb4a8cb0614253e548870356495fcb,LIVE_READ_ENDED_ASSET,ORPHAN
D:\py\DRL2\eval\stopping\value_check\pure\seed_268004.json,580,798d711a1641981f6c111995d586dde2d75c0836df5cbcc4d01dfddd180f241e,LIVE_READ_ENDED_ASSET,ORPHAN
D:\py\DRL2\eval\stopping\value_check\pure\seed_268005.json,581,26fdb21dc67754742732191c20a857d0a236851ccc86ec4be348335623ab1168,LIVE_READ_ENDED_ASSET,ORPHAN
D:\py\DRL2\eval\stopping\value_check\pure\seed_268006.json,579,d0a2ce1696d02410fbec83ced56710212e950cb3a8299c2fe7ec7bc2abcbd71a,LIVE_READ_ENDED_ASSET,ORPHAN
D:\py\DRL2\eval\stopping\value_check\pure\seed_268007.json,579,c7ac29751d03ed61c70a41e9ed39e41349063556ab4c35fac5821424dd5f120e,LIVE_READ_ENDED_ASSET,ORPHAN
D:\py\DRL2\eval\stopping\value_check\pure\seed_268008.json,579,2d162a0ab1527304d9c1fcb370296b60ead5675bd75c2a09650de8d3e2df69fe,LIVE_READ_ENDED_ASSET,ORPHAN
D:\py\DRL2\eval\stopping\value_check\pure\seed_268009.json,567,395f1b1bbc616c593de8c0edbca807768e1a11975aed4f29378beef38a1d0a1a,LIVE_READ_ENDED_ASSET,ORPHAN
D:\py\DRL2\eval\stopping\value_check\pure\seed_268010.json,589,5431a163c1104ee1e58cd03ccbdb1ec82e99e958888c295b082f2a662120a880,LIVE_READ_ENDED_ASSET,ORPHAN
D:\py\DRL2\eval\stopping\value_check\pure\seed_268011.json,566,e9c109e66810f06688a159efcd235573b1522d48bfe1c013410d298c67818bd4,LIVE_READ_ENDED_ASSET,ORPHAN
D:\py\DRL2\eval\stopping\value_check\pure\seed_268012.json,580,b3660c453cd6c8d4b7030a062128d4b83173a81fa9bfa15cdab2c5294c81d5ae,LIVE_READ_ENDED_ASSET,ORPHAN
D:\py\DRL2\eval\stopping\value_check\pure\seed_268013.json,568,4dcbc107ca88532c9c4f3ce35d3688df6387e940f35f64ca5d824232fa2bc822,LIVE_READ_ENDED_ASSET,ORPHAN
D:\py\DRL2\eval\stopping\value_check\pure\seed_268014.json,566,ad58d8f7f206dd540c1c7ab049f2b70ca7ff10ec9361866ed9e2f35ba61d90c3,LIVE_READ_ENDED_ASSET,ORPHAN
D:\py\DRL2\eval\stopping\value_check\pure\seed_268015.json,592,d69dc0e786ee1c52b2c932a3444b661d4208a0d73cb7f1a981d8802d08d4e92c,LIVE_READ_ENDED_ASSET,ORPHAN
D:\py\DRL2\eval\stopping\value_check\pure\seed_268016.json,567,7bfcaa3a4c42836e380ff4510478bdd522084d0f42d000784d7288c605ed24e8,LIVE_READ_ENDED_ASSET,ORPHAN
D:\py\DRL2\eval\stopping\value_check\pure\seed_268017.json,581,295ab3bc0cdcbe678906c8bc0bef10156a17b3e7c8b056ac589eb7e7013440f6,LIVE_READ_ENDED_ASSET,ORPHAN
D:\py\DRL2\eval\stopping\value_check\pure\seed_268018.json,580,c499997ce39937c1e600b662b99c3e6448e2ee6fffbc22e13d904529d16ffdb5,LIVE_READ_ENDED_ASSET,ORPHAN
D:\py\DRL2\eval\stopping\value_check\pure\seed_268019.json,579,afd25c4da200b41963311695598a246ac12d334f8ad4127213569285808564b4,LIVE_READ_ENDED_ASSET,ORPHAN
D:\py\DRL2\eval\stopping\value_check\pure\seed_268020.json,590,d7eecab772710d48869e2f11567ae188e93f52fa2f30b67db492069cde4b3308,LIVE_READ_ENDED_ASSET,ORPHAN
D:\py\DRL2\eval\stopping\value_check\pure\seed_268021.json,565,d63ed92b26c9b11eefce748126c9f607eace3fe0fbda4b8a66a4d276241d87f5,LIVE_READ_ENDED_ASSET,ORPHAN
D:\py\DRL2\eval\stopping\value_check\pure\seed_268022.json,568,b715b1203ba221c36bd29a2097f87d619ff993561bd7548a9a4eb42013375579,LIVE_READ_ENDED_ASSET,ORPHAN
D:\py\DRL2\eval\stopping\value_check\pure\seed_268023.json,590,eb7f205c68fa1ba345a8372d3cab06b1e8eb3f1e75311742e239e22cef290db1,LIVE_READ_ENDED_ASSET,ORPHAN
D:\py\DRL2\eval\stopping\value_check\pure\seed_268024.json,577,a4490e1d0ac2c7f76d9aa865afdddb8306ae39386bb83e0fb77f3a33bbd233f6,LIVE_READ_ENDED_ASSET,ORPHAN
D:\py\DRL2\eval\stopping\value_check\pure\seed_268025.json,566,5365992d2df73f0d05d78bc3a197bda348002bacbcaffa303bc7ff56b1c5e23f,LIVE_READ_ENDED_ASSET,ORPHAN
D:\py\DRL2\eval\stopping\value_check\pure\seed_268026.json,580,150995ae343929f7025d5df232e21f80085f2b79361cb34266789e927b085bca,LIVE_READ_ENDED_ASSET,ORPHAN
D:\py\DRL2\eval\stopping\value_check\pure\seed_268027.json,592,a2fdb7bdfd7c90ad3ea7340db67b93b5e0713f776924e9c20caacf8972486d5f,LIVE_READ_ENDED_ASSET,ORPHAN
D:\py\DRL2\eval\stopping\value_check\pure\seed_268028.json,567,ed7abe5d678a8aaa87b892c0c0071db5a03b163bcd95265147f71264bd5ce5f4,LIVE_READ_ENDED_ASSET,ORPHAN
D:\py\DRL2\eval\stopping\value_check\pure\seed_268029.json,567,0989563bedb923f6f42e6d1ae7e649e4b464e44fde85fab285fc0daa08b78feb,LIVE_READ_ENDED_ASSET,ORPHAN
D:\py\DRL2\eval\stopping\value_check\pure\seed_268030.json,565,8f3f4d561d1b7a85fdb50481f5e64a86816edbf1b8068bbca33b1774fe826822,LIVE_READ_ENDED_ASSET,ORPHAN
D:\py\DRL2\eval\stopping\value_check\pure\seed_268031.json,580,997a47f448970541bd57159df0c965ba7d90810f594f55ffa70fee1bcb72338f,LIVE_READ_ENDED_ASSET,ORPHAN
D:\py\DRL2\eval\stopping\value_check\pure\seed_268032.json,565,ae602249ea1ce260971c7da037b7aefa5d1bb5d7c81d42f78884dc16a641d859,LIVE_READ_ENDED_ASSET,ORPHAN
D:\py\DRL2\eval\stopping\value_check\pure\seed_268033.json,591,ea2932587b446e9fb0e1f49d47241f8011c2593c60558efd4c8f8432fa066133,LIVE_READ_ENDED_ASSET,ORPHAN
D:\py\DRL2\eval\stopping\value_check\pure\seed_268034.json,592,20ba543e2e6caadc9a6f8728ae0746417d19ee4bfad3966e5d18fa4be4e15c35,LIVE_READ_ENDED_ASSET,ORPHAN
D:\py\DRL2\eval\stopping\value_check\pure\seed_268035.json,565,c4891babf46a5312c5e85e3b83bae1711369d8f459093e4d10ee0bed4945ebd2,LIVE_READ_ENDED_ASSET,ORPHAN
D:\py\DRL2\eval\stopping\value_check\pure\seed_268036.json,579,c097cf6a8ee5ac8d067903d07acfa40c3544aeb5aeb0aec2b519f563fc11863a,LIVE_READ_ENDED_ASSET,ORPHAN
D:\py\DRL2\eval\stopping\value_check\pure\seed_268037.json,566,77ee8c4d8e7b4336176b33c761743a06bf5c46637b3e743122cdd3baaf837388,LIVE_READ_ENDED_ASSET,ORPHAN
D:\py\DRL2\eval\stopping\value_check\pure\seed_268038.json,580,1aacd2a31cd4c4782f82389b3c2af86d33e26403aae19917dd1ce04efe985964,LIVE_READ_ENDED_ASSET,ORPHAN
D:\py\DRL2\eval\stopping\value_check\pure\seed_268039.json,590,7f834b55f6701e688e9d49e7499dec30420d1e89a7e9367e9d3c0b81f4f7a758,LIVE_READ_ENDED_ASSET,ORPHAN
D:\py\DRL2\eval\stopping\value_check\pure\seed_268040.json,568,6c1df4a0e9d1da9fa0666bb3050e0c2262f4fb54a6665cd856be5d9b0c81a78e,LIVE_READ_ENDED_ASSET,ORPHAN
D:\py\DRL2\eval\stopping\value_check\pure\seed_268041.json,578,620f2c8506d8a770b5652e3ce381b601d71853e6d885fcbbb262fa326b2aad8b,LIVE_READ_ENDED_ASSET,ORPHAN
D:\py\DRL2\eval\stopping\value_check\pure\seed_268042.json,578,1c8b184ffb23260442edb49e0edf1d40e14037664c1835843cbe2d2435130d2c,LIVE_READ_ENDED_ASSET,ORPHAN
D:\py\DRL2\eval\stopping\value_check\pure\seed_268043.json,578,c7332ef7b5c84d7114b267c588c78efabdf5b5d5d5b46154c75ea30fde4f9c35,LIVE_READ_ENDED_ASSET,ORPHAN
D:\py\DRL2\eval\stopping\value_check\pure\seed_268044.json,579,cc24154493ff2d00e628cdef1eac7a443ee8c8338c7aedebb2605f1fc512d70e,LIVE_READ_ENDED_ASSET,ORPHAN
D:\py\DRL2\eval\stopping\value_check\pure\seed_268045.json,568,4c01b40fafe751f310633b0f4cffe537fddf87fb467cc667b7b90e4d5a412037,LIVE_READ_ENDED_ASSET,ORPHAN
D:\py\DRL2\eval\stopping\value_check\pure\seed_268046.json,588,6db4d94807c41d287b569da07d92280a05098517616ef85cbe3c59bee27440a2,LIVE_READ_ENDED_ASSET,ORPHAN
D:\py\DRL2\eval\stopping\value_check\pure\seed_268047.json,567,1139e4d200b53ae25356feaabebf81bfec30bc346f69d7fe83539a61ad9629dd,LIVE_READ_ENDED_ASSET,ORPHAN
D:\py\DRL2\eval\stopping\value_check\stopping\262430\seed_268000.json,710,0ae8748bd62d22b2bd6f6c96b8b88c3407b3a0166fb7f047cc7f3e096fa136b6,LIVE_READ_ENDED_ASSET,ORPHAN
D:\py\DRL2\eval\stopping\value_check\stopping\262430\seed_268001.json,1096,3bd6eadae24c6064561e2d515fcb0f3537ae0006653ae286f658059ed2763a1f,LIVE_READ_ENDED_ASSET,ORPHAN
D:\py\DRL2\eval\stopping\value_check\stopping\262430\seed_268002.json,698,72b8a6abe225e991b3559335d513dbea77c8c06d476210b1f61f1f2905122fc6,LIVE_READ_ENDED_ASSET,ORPHAN
D:\py\DRL2\eval\stopping\value_check\stopping\262430\seed_268003.json,2083,6f4c42ac272ef8978c5875d0414cb9f5947c4d656b3f0edea0fefbdb472d9222,LIVE_READ_ENDED_ASSET,ORPHAN
D:\py\DRL2\eval\stopping\value_check\stopping\262430\seed_268004.json,711,de73961e6f8e9562f28919abf7485d4bc90850afd750b5e3b00b9864008aa7da,LIVE_READ_ENDED_ASSET,ORPHAN
D:\py\DRL2\eval\stopping\value_check\stopping\262430\seed_268005.json,2286,9badafa81e110e5b8f83b3c00496fa02a69202109e237e083b8100c52d9ea155,LIVE_READ_ENDED_ASSET,ORPHAN
D:\py\DRL2\eval\stopping\value_check\stopping\262430\seed_268006.json,726,8fa2f716965295c9effaf5c13bdd9174c8d670a467e21e8e3fb02a1eaf2a38a4,LIVE_READ_ENDED_ASSET,ORPHAN
D:\py\DRL2\eval\stopping\value_check\stopping\262430\seed_268007.json,958,7da7e78977c2eef65f40b097177646a401215b07778c170c88db544f091d8836,LIVE_READ_ENDED_ASSET,ORPHAN
D:\py\DRL2\eval\stopping\value_check\stopping\262430\seed_268008.json,1401,137ada6518a2c3d9c8d49b3e612e08e6cef49b27d0e83bb176948fb6838490db,LIVE_READ_ENDED_ASSET,ORPHAN
D:\py\DRL2\eval\stopping\value_check\stopping\262430\seed_268009.json,698,1fe5bb5972b6a2a83bd1bf00e8f666b47171dcb53804f9d5f100d662097a51a7,LIVE_READ_ENDED_ASSET,ORPHAN
D:\py\DRL2\eval\stopping\value_check\stopping\262430\seed_268010.json,1064,925f36b39190bb202fc8e00d12913567d56ecd8c375035f08b523be2ed3f7996,LIVE_READ_ENDED_ASSET,ORPHAN
D:\py\DRL2\eval\stopping\value_check\stopping\262430\seed_268011.json,713,3cf8b042bda2185c70ed6758bdd08e2741514273fbdfa40453daa3bbb424d627,LIVE_READ_ENDED_ASSET,ORPHAN
D:\py\DRL2\eval\stopping\value_check\stopping\262430\seed_268012.json,711,d6a3684b4cfcc3c83ca3eef82d833ce72848a5ae0a9c7206dbffabbb05987c8b,LIVE_READ_ENDED_ASSET,ORPHAN
D:\py\DRL2\eval\stopping\value_check\stopping\262430\seed_268013.json,4769,e4f1c6c7060ee02f8d458123b6d52c51084f98379e0664bd83e87b2ecb5bb1a1,LIVE_READ_ENDED_ASSET,ORPHAN
D:\py\DRL2\eval\stopping\value_check\stopping\262430\seed_268014.json,713,213f2c8a5f7cbe53d667eb81822ea5fdfbeffe20cc08f29557beaa9dddcb463f,LIVE_READ_ENDED_ASSET,ORPHAN
D:\py\DRL2\eval\stopping\value_check\stopping\262430\seed_268015.json,11885,e0840340b203c1d614d75ffb9f3e95dc7449e6761f8a4046e62e7a13bc19477f,LIVE_READ_ENDED_ASSET,ORPHAN
D:\py\DRL2\eval\stopping\value_check\stopping\262430\seed_268016.json,699,bf2cec090a055fd3c5db2892ed681df5dc6388045bbcbfb77dbeff811f409421,LIVE_READ_ENDED_ASSET,ORPHAN
D:\py\DRL2\eval\stopping\value_check\stopping\262430\seed_268017.json,3854,12fc4e96b2b105bcf2ef574a73284980dd38bcaec6416146277ff095871f0bf4,LIVE_READ_ENDED_ASSET,ORPHAN
D:\py\DRL2\eval\stopping\value_check\stopping\262430\seed_268018.json,2198,1964bdbd137213b962764daf43293b8a2450dff81387c6fef3989bcb40161019,LIVE_READ_ENDED_ASSET,ORPHAN
D:\py\DRL2\eval\stopping\value_check\stopping\262430\seed_268019.json,859,7782dc52556280dd7a300d5ec700bbddfe3b21eac550fa16a1db15ef967b0411,LIVE_READ_ENDED_ASSET,ORPHAN
D:\py\DRL2\eval\stopping\value_check\stopping\262430\seed_268020.json,4966,33d31ab13f20fda57c7cbb3a7d0570bf7734b452f0412b9f582da7fb5d8d3813,LIVE_READ_ENDED_ASSET,ORPHAN
D:\py\DRL2\eval\stopping\value_check\stopping\262430\seed_268021.json,710,ecb927d8c698a5eb2b3d84b75a7688f731b773a2dffceb21fc7a6ad1f3913802,LIVE_READ_ENDED_ASSET,ORPHAN
D:\py\DRL2\eval\stopping\value_check\stopping\262430\seed_268022.json,2594,3b59ef31de420870cb804d4ac3cddf48cb5a06183e72c8e6d6f58c3734c59d66,LIVE_READ_ENDED_ASSET,ORPHAN
D:\py\DRL2\eval\stopping\value_check\stopping\262430\seed_268023.json,722,0b03e885271eac6e2ed997957a3ea94dcda67d4d3cbf3607d3afec6acd2056ae,LIVE_READ_ENDED_ASSET,ORPHAN
D:\py\DRL2\eval\stopping\value_check\stopping\262430\seed_268024.json,710,e3a45f4f05d66ab939f6da6f9a73955f4e0c80285acb9310ebec5db70a3c8528,LIVE_READ_ENDED_ASSET,ORPHAN
D:\py\DRL2\eval\stopping\value_check\stopping\262430\seed_268025.json,712,0b34637e83c7347b1f62c2eebf942a0b3652d5feb5727cd85c27a9711e2f42ef,LIVE_READ_ENDED_ASSET,ORPHAN
D:\py\DRL2\eval\stopping\value_check\stopping\262430\seed_268026.json,710,4d8e8f4a3b09271a5df9d0c008b9e27162d97d646a1542152600ca91463a6cef,LIVE_READ_ENDED_ASSET,ORPHAN
D:\py\DRL2\eval\stopping\value_check\stopping\262430\seed_268027.json,1534,7415c6f1c05645e11e649738d3114939468410dced5185dfb975a312d56418c1,LIVE_READ_ENDED_ASSET,ORPHAN
D:\py\DRL2\eval\stopping\value_check\stopping\262430\seed_268028.json,698,5a70160ea2037b3612a678cce2f4558c3b89e4e216a8ee800f84797e767c2f75,LIVE_READ_ENDED_ASSET,ORPHAN
D:\py\DRL2\eval\stopping\value_check\stopping\262430\seed_268029.json,770,1777f11e0e1fb1a90d197113196ec6ab5a4d6ea7b02ca930c10d865401422242,LIVE_READ_ENDED_ASSET,ORPHAN
D:\py\DRL2\eval\stopping\value_check\stopping\262430\seed_268030.json,788,fbd2ae671e367448b4f25a0b796c198ec0dc01c031c128a7cec9c88cf2e9b501,LIVE_READ_ENDED_ASSET,ORPHAN
D:\py\DRL2\eval\stopping\value_check\stopping\262430\seed_268031.json,728,65332435339eb26d82927be7d502dcfc526cbc4d662c40435c9a1fe6002109f4,LIVE_READ_ENDED_ASSET,ORPHAN
D:\py\DRL2\eval\stopping\value_check\stopping\262430\seed_268032.json,711,35dc7e69be60d58f7cbc6602a7111edd43cb3b5818a3f85bd65a7ebeb32b9b3a,LIVE_READ_ENDED_ASSET,ORPHAN
D:\py\DRL2\eval\stopping\value_check\stopping\262430\seed_268033.json,7129,b887ea4dbfc2ae4af7f96c621b999d093999a54d159a6c8c69a89b9a855e793a,LIVE_READ_ENDED_ASSET,ORPHAN
D:\py\DRL2\eval\stopping\value_check\stopping\262430\seed_268034.json,811,fa1e141602a3804d912f6717b45f2832fba60cd52106dbe7800b592e7db43731,LIVE_READ_ENDED_ASSET,ORPHAN
D:\py\DRL2\eval\stopping\value_check\stopping\262430\seed_268035.json,6849,f020172e5674cd0edb8a0bb1869ab8a7e1128d184dda4cfbb4b07c4477100d33,LIVE_READ_ENDED_ASSET,ORPHAN
D:\py\DRL2\eval\stopping\value_check\stopping\262430\seed_268036.json,725,3dc1df0a7784f45d2e7c69a68c31f26c51ddf26767ec656b2feb30bc015ccf99,LIVE_READ_ENDED_ASSET,ORPHAN
D:\py\DRL2\eval\stopping\value_check\stopping\262430\seed_268037.json,3616,cb1fcba11546f29332525ded07a8b3c8741430db13e62f2ab0a2e8f0f0e12612,LIVE_READ_ENDED_ASSET,ORPHAN
D:\py\DRL2\eval\stopping\value_check\stopping\262430\seed_268038.json,2010,e8b8a318f673272ba98021cfd69648f0aafc3988de90cf41f54d52e4746f66dc,LIVE_READ_ENDED_ASSET,ORPHAN
D:\py\DRL2\eval\stopping\value_check\stopping\262430\seed_268039.json,722,a096af8dbd3e60c3f95a495f7826e1bb5acecd848dc66eded4f705318ca029d8,LIVE_READ_ENDED_ASSET,ORPHAN
D:\py\DRL2\eval\stopping\value_check\stopping\262430\seed_268040.json,698,0dca936a1a6e77b1a914ea7ac720a6afa300aad7c0f0da1c7299922950c53027,LIVE_READ_ENDED_ASSET,ORPHAN
D:\py\DRL2\eval\stopping\value_check\stopping\262430\seed_268041.json,6039,549cf9a3bbf09215f4b75acef0cd8abd66ab57c389786463a0f91168867702b2,LIVE_READ_ENDED_ASSET,ORPHAN
D:\py\DRL2\eval\stopping\value_check\stopping\262430\seed_268042.json,787,8c558c0749e360cef597c17b463dfbd2fa0a6f80de7c0f35db5a1351dd9439fb,LIVE_READ_ENDED_ASSET,ORPHAN
D:\py\DRL2\eval\stopping\value_check\stopping\262430\seed_268043.json,2640,bb9456e4827b844942e871ab731903daaaf6b4f797fde4d08ad438c50dfb7f7d,LIVE_READ_ENDED_ASSET,ORPHAN
D:\py\DRL2\eval\stopping\value_check\stopping\262430\seed_268044.json,8191,1c9529ee5a87fcb85aff32ed54030f5f47fa45db5f79bd4272efeedd41a654cf,LIVE_READ_ENDED_ASSET,ORPHAN
D:\py\DRL2\eval\stopping\value_check\stopping\262430\seed_268045.json,2809,45138458252b78b9cc810505500f6f8760dad9915935766c7cca071cac1a4c6f,LIVE_READ_ENDED_ASSET,ORPHAN
D:\py\DRL2\eval\stopping\value_check\stopping\262430\seed_268046.json,4857,fe856ebf7eb9d1c245c86382c017ef2a305ab4dd7bf6dcbcba9953f5b5010bb9,LIVE_READ_ENDED_ASSET,ORPHAN
D:\py\DRL2\eval\stopping\value_check\stopping\262430\seed_268047.json,698,e430d078501478b61fdef71c5cdfb23539bf3c75f5130d2bbc40f36cff83fee0,LIVE_READ_ENDED_ASSET,ORPHAN
D:\py\DRL2\eval\stopping\value_check\stopping\262431\seed_268000.json,727,c963c3304e290211438c7fce31db54997fae1fa172ece57be18ac26d19dfb10c,LIVE_READ_ENDED_ASSET,ORPHAN
D:\py\DRL2\eval\stopping\value_check\stopping\262431\seed_268001.json,1848,b10d41861290cbebf2496fcb8990a25d527ab28fefd873ef9f43e020b336eebe,LIVE_READ_ENDED_ASSET,ORPHAN
D:\py\DRL2\eval\stopping\value_check\stopping\262431\seed_268002.json,713,b66501daa690bf96f01470bcc021e3b0bc1a4863f37f59af69135c8b2db434eb,LIVE_READ_ENDED_ASSET,ORPHAN
D:\py\DRL2\eval\stopping\value_check\stopping\262431\seed_268003.json,7254,a98e3048581ab96366941acfcb188ecf1740e72470c2b72ea49298ca608b81fd,LIVE_READ_ENDED_ASSET,ORPHAN
D:\py\DRL2\eval\stopping\value_check\stopping\262431\seed_268004.json,726,18ba4c9d6ca9f4b3cd0fdea91ad5d14bde332677061b3e1c71dd0b7d230abfdd,LIVE_READ_ENDED_ASSET,ORPHAN
D:\py\DRL2\eval\stopping\value_check\stopping\262431\seed_268005.json,3865,49ad5f0e1306514e3beb9980d48b9236fe5d64f4baaaa260d4f84247df6e8f36,LIVE_READ_ENDED_ASSET,ORPHAN
D:\py\DRL2\eval\stopping\value_check\stopping\262431\seed_268006.json,709,505cbc4d9fc84903a72f062ccd0380a956678f47be59ff195219ad971dde3ddf,LIVE_READ_ENDED_ASSET,ORPHAN
D:\py\DRL2\eval\stopping\value_check\stopping\262431\seed_268007.json,707,95248c0ebcf20ef9e9a768e707db88abac0eececfc7e1cb4884b2ef9c9508ab7,LIVE_READ_ENDED_ASSET,ORPHAN
D:\py\DRL2\eval\stopping\value_check\stopping\262431\seed_268008.json,1234,4b5dfed87a673edc92156e0f938354749c5ad9a8c33e7006f46bae814539153c,LIVE_READ_ENDED_ASSET,ORPHAN
D:\py\DRL2\eval\stopping\value_check\stopping\262431\seed_268009.json,700,5d65b4615c1983b82c61753b852e9194262937592034dc3c948837dfeddadba1,LIVE_READ_ENDED_ASSET,ORPHAN
D:\py\DRL2\eval\stopping\value_check\stopping\262431\seed_268010.json,722,91342836e661b2765b1fbf70da4c569cb109efad37b0226943ee69c01cac7b10,LIVE_READ_ENDED_ASSET,ORPHAN
D:\py\DRL2\eval\stopping\value_check\stopping\262431\seed_268011.json,2787,2a14997c922e416ea4f1281e14bb9278edcab79e2e51c3645dc81452b088d72d,LIVE_READ_ENDED_ASSET,ORPHAN
D:\py\DRL2\eval\stopping\value_check\stopping\262431\seed_268012.json,9486,2527de1ae6e22e2dd8a200f0df812b95ccf2b24f07f516c70a1af009dfeecaff,LIVE_READ_ENDED_ASSET,ORPHAN
D:\py\DRL2\eval\stopping\value_check\stopping\262431\seed_268013.json,1090,bf0c16b2c4432f94a5607536130b1a8f6372fbd1c5d100e58cf5283654c25e50,LIVE_READ_ENDED_ASSET,ORPHAN
D:\py\DRL2\eval\stopping\value_check\stopping\262431\seed_268014.json,3690,f18cd87ef003230f330a00ce2a48172a4f3c0de64e3c4651a02273f4314d809e,LIVE_READ_ENDED_ASSET,ORPHAN
D:\py\DRL2\eval\stopping\value_check\stopping\262431\seed_268015.json,1251,feba200e90a5f9dcb9af3783d1485d2d016a4fd88b8bab094d7898f8a10c46e4,LIVE_READ_ENDED_ASSET,ORPHAN
D:\py\DRL2\eval\stopping\value_check\stopping\262431\seed_268016.json,1381,fdd7d51fc2e66fc6842337f9b97db99f2d42d9c47796c7adb1e5bf917663af10,LIVE_READ_ENDED_ASSET,ORPHAN
D:\py\DRL2\eval\stopping\value_check\stopping\262431\seed_268017.json,7231,8da4ee71d4e83f4fe76512982900b3b9fe85e68fbc147bbd9b8c04fb08ce3599,LIVE_READ_ENDED_ASSET,ORPHAN
D:\py\DRL2\eval\stopping\value_check\stopping\262431\seed_268018.json,4008,6c6a3d5d824a115d52fb7856ae75d61232896f79ff5f6c6c914aa676003a27f3,LIVE_READ_ENDED_ASSET,ORPHAN
D:\py\DRL2\eval\stopping\value_check\stopping\262431\seed_268019.json,710,94c780791d440cf28ca2e32da7216a77eaa8024c9df694611c31ed37b7f6f2dd,LIVE_READ_ENDED_ASSET,ORPHAN
D:\py\DRL2\eval\stopping\value_check\stopping\262431\seed_268020.json,1147,8deb63dc96db1dd3beaee53162db610cbba56473d98508c12ce3df191ea023b5,LIVE_READ_ENDED_ASSET,ORPHAN
D:\py\DRL2\eval\stopping\value_check\stopping\262431\seed_268021.json,2182,cf3d9a220df0b85aae8849d3052bad28b3524f1efadd57cc6386b389f455a4a7,LIVE_READ_ENDED_ASSET,ORPHAN
D:\py\DRL2\eval\stopping\value_check\stopping\262431\seed_268022.json,9148,b346c4a4fb9609ea12bbec7ea85551083bc76323ad915a6ab5e4d8e9454319f0,LIVE_READ_ENDED_ASSET,ORPHAN
D:\py\DRL2\eval\stopping\value_check\stopping\262431\seed_268023.json,2278,895c150ca4078b67c30204625e1be96921f9b2128486c629d25db0f2d0d671d9,LIVE_READ_ENDED_ASSET,ORPHAN
D:\py\DRL2\eval\stopping\value_check\stopping\262431\seed_268024.json,1089,aec46963484187d91e8cd2895a67cbf1ba9e6a74ed6cb8395107bd5f67b72cf9,LIVE_READ_ENDED_ASSET,ORPHAN
D:\py\DRL2\eval\stopping\value_check\stopping\262431\seed_268025.json,713,18827ca26a62ad913f95146b6d48a546488f54b7ebd988fee64c792694887e0d,LIVE_READ_ENDED_ASSET,ORPHAN
D:\py\DRL2\eval\stopping\value_check\stopping\262431\seed_268026.json,1098,ba24cf52bc77ed46a1a96c116eab78864ab236955f086c18ba78f7594e85a07f,LIVE_READ_ENDED_ASSET,ORPHAN
D:\py\DRL2\eval\stopping\value_check\stopping\262431\seed_268027.json,739,b11ef0c09da3cbc4a365cc10a10811f783a29c840d5d74669ea0cade24047e66,LIVE_READ_ENDED_ASSET,ORPHAN
D:\py\DRL2\eval\stopping\value_check\stopping\262431\seed_268028.json,713,3c63741160f7c9b876f746eb64fe5ee27260d843c2e5c65dfac87d74a269deea,LIVE_READ_ENDED_ASSET,ORPHAN
D:\py\DRL2\eval\stopping\value_check\stopping\262431\seed_268029.json,787,a61666a2c4c343363835197316b37b2a894205ac52c68d6ebf6e84cbbc5fae1f,LIVE_READ_ENDED_ASSET,ORPHAN
D:\py\DRL2\eval\stopping\value_check\stopping\262431\seed_268030.json,1223,a42d939b9c1366663fc924e809530efa07c474e9b7f2626e922de077fe0d476a,LIVE_READ_ENDED_ASSET,ORPHAN
D:\py\DRL2\eval\stopping\value_check\stopping\262431\seed_268031.json,727,57d36102e362c85b552aeef9f27ffec060ac90a80ecae093ea6a471721169256,LIVE_READ_ENDED_ASSET,ORPHAN
D:\py\DRL2\eval\stopping\value_check\stopping\262431\seed_268032.json,1537,036aefbfa905ec89a6136adc1842026402fdaca23a33303a59924abdb249c9ff,LIVE_READ_ENDED_ASSET,ORPHAN
D:\py\DRL2\eval\stopping\value_check\stopping\262431\seed_268033.json,961,a3ae1f6d926d104c24ce53828c510ee3710f2a3fc091e6564ef56dd4aea38868,LIVE_READ_ENDED_ASSET,ORPHAN
D:\py\DRL2\eval\stopping\value_check\stopping\262431\seed_268034.json,2737,8d5a462a0a806a299695da6e2c3c8545d51716338345722c6a4b9245ebce38f7,LIVE_READ_ENDED_ASSET,ORPHAN
D:\py\DRL2\eval\stopping\value_check\stopping\262431\seed_268035.json,1266,8974fa64c1fce25b50d0b225c67e8ec5203ce5daf289c427c5461b07de3638d7,LIVE_READ_ENDED_ASSET,ORPHAN
D:\py\DRL2\eval\stopping\value_check\stopping\262431\seed_268036.json,710,3ec6fa27b2961214a2af3b7ea269263f20536663ef9ef3beefcba45544f00010,LIVE_READ_ENDED_ASSET,ORPHAN
D:\py\DRL2\eval\stopping\value_check\stopping\262431\seed_268037.json,1405,22279251ee01721025f9f64fabb38c86f084dd9565e109e9499552d79e409b8e,LIVE_READ_ENDED_ASSET,ORPHAN
D:\py\DRL2\eval\stopping\value_check\stopping\262431\seed_268038.json,2710,5a6cb735f9bd27cf082ce480b1421cea75e96c24db0e7abe2b0dda2232915b86,LIVE_READ_ENDED_ASSET,ORPHAN
D:\py\DRL2\eval\stopping\value_check\stopping\262431\seed_268039.json,1024,0c4e6b4ed325ba0be8d9f43ef1626cc2813a6b67f90d7712b5c2f3258a5939c4,LIVE_READ_ENDED_ASSET,ORPHAN
D:\py\DRL2\eval\stopping\value_check\stopping\262431\seed_268040.json,3620,03f6697d2010276ecbb1ccbb12075b2b009106829b8dc29d317f8afa5a2bef97,LIVE_READ_ENDED_ASSET,ORPHAN
D:\py\DRL2\eval\stopping\value_check\stopping\262431\seed_268041.json,711,4304e4e58aac78480f6f10e0d6ef8d62faaa7a5bf6ab7ee816d167722f6eab24,LIVE_READ_ENDED_ASSET,ORPHAN
D:\py\DRL2\eval\stopping\value_check\stopping\262431\seed_268042.json,6618,ebc215337441edc61e31e70eb1bfcb7bfadf1d0ccd5aa886fcfb370772326a82,LIVE_READ_ENDED_ASSET,ORPHAN
D:\py\DRL2\eval\stopping\value_check\stopping\262431\seed_268043.json,6492,a12587404f550aa9a8cea5cff41405def6a54e86fbbf6168648505b718aa946f,LIVE_READ_ENDED_ASSET,ORPHAN
D:\py\DRL2\eval\stopping\value_check\stopping\262431\seed_268044.json,721,e0a6c4e394f69d8bfacc460f99e3474303e90f4905aa187dd57bf370fa55814d,LIVE_READ_ENDED_ASSET,ORPHAN
D:\py\DRL2\eval\stopping\value_check\stopping\262431\seed_268045.json,11741,c6fbda8526cbf4b72ee616b911e8dffcb65fa890a8c2c320981656b062704b2a,LIVE_READ_ENDED_ASSET,ORPHAN
D:\py\DRL2\eval\stopping\value_check\stopping\262431\seed_268046.json,5321,dcd4b039e449e7508a62064b9c131e9d348ca53cf8dc82da8c5dbc72c8981a69,LIVE_READ_ENDED_ASSET,ORPHAN
D:\py\DRL2\eval\stopping\value_check\stopping\262431\seed_268047.json,936,0443953aa37db3799fe9b7b6e9529ba3bfe43b5f69de07d5fa90eb8e7e6d3b22,LIVE_READ_ENDED_ASSET,ORPHAN
D:\py\DRL2\eval\stopping\value_check\stopping\262432\seed_268000.json,725,f3fdae4629a5345944254c5c904c6a657b689b055ff699b8503f601c7502b229,LIVE_READ_ENDED_ASSET,ORPHAN
D:\py\DRL2\eval\stopping\value_check\stopping\262432\seed_268001.json,1383,ffbfac7f0cd3c416d2f0fa87ce798b73c4c31c50e833462f9f9c67366a8514e8,LIVE_READ_ENDED_ASSET,ORPHAN
D:\py\DRL2\eval\stopping\value_check\stopping\262432\seed_268002.json,711,dce992a412087c1e6f1a9f128a0bc61f32e355b6054b7561011fa3ff781798dc,LIVE_READ_ENDED_ASSET,ORPHAN
D:\py\DRL2\eval\stopping\value_check\stopping\262432\seed_268003.json,712,b3172165465e0820d59a708190cba00df17dc2b6d3f4a79f3afc252741ef2fa5,LIVE_READ_ENDED_ASSET,ORPHAN
D:\py\DRL2\eval\stopping\value_check\stopping\262432\seed_268004.json,4934,cdf53a40ba5c095461c99aa645ddbf4ef1a95e47a3de78eb1acf29029dd04cf1,LIVE_READ_ENDED_ASSET,ORPHAN
D:\py\DRL2\eval\stopping\value_check\stopping\262432\seed_268005.json,728,8ab4b925e7b5930abe88792168bd8cb432f4eea734696f8a2c1b317c7db0b662,LIVE_READ_ENDED_ASSET,ORPHAN
D:\py\DRL2\eval\stopping\value_check\stopping\262432\seed_268006.json,768,3247863ba99bc682283a449708bebf1713224fd9265a252941f683400e47b9b0,LIVE_READ_ENDED_ASSET,ORPHAN
D:\py\DRL2\eval\stopping\value_check\stopping\262432\seed_268007.json,5530,4f6fa8df2fc3d7054e744fee37aa1e1e50962dd23e76d14ee405dd1824ba3cae,LIVE_READ_ENDED_ASSET,ORPHAN
D:\py\DRL2\eval\stopping\value_check\stopping\262432\seed_268008.json,11818,913a5ba50882f4210b22768ed3cd4b4569179d7b410598c239d0be69255bceb6,LIVE_READ_ENDED_ASSET,ORPHAN
D:\py\DRL2\eval\stopping\value_check\stopping\262432\seed_268009.json,787,435f031beacc4e6d9e77f95fa2a92aa92393bda3d94ebd5add8a5a15d0fef556,LIVE_READ_ENDED_ASSET,ORPHAN
D:\py\DRL2\eval\stopping\value_check\stopping\262432\seed_268010.json,845,6b492e9032eabeb528984116258c1654306d3b9aecaf33be03aa9bdc51d8ab98,LIVE_READ_ENDED_ASSET,ORPHAN
D:\py\DRL2\eval\stopping\value_check\stopping\262432\seed_268011.json,799,8ce1376b5247a61a832943535d5da5ad77ccc778f3d8308ba806e894c9ad9045,LIVE_READ_ENDED_ASSET,ORPHAN
D:\py\DRL2\eval\stopping\value_check\stopping\262432\seed_268012.json,3458,76b80f4647a5da9bac2fca2615f710a274907a85ba9d082e21668bb039bc3961,LIVE_READ_ENDED_ASSET,ORPHAN
D:\py\DRL2\eval\stopping\value_check\stopping\262432\seed_268013.json,699,8f9ec4bedd0e90bb93c363d852af1cd25436960f5fb90d49fe23b126e3f381f1,LIVE_READ_ENDED_ASSET,ORPHAN
D:\py\DRL2\eval\stopping\value_check\stopping\262432\seed_268014.json,1471,4e7181e45f9abfa81c446e715f93465964e7599ec78906f0bba485beaba80d3b,LIVE_READ_ENDED_ASSET,ORPHAN
D:\py\DRL2\eval\stopping\value_check\stopping\262432\seed_268015.json,723,f8f18dabad6b098d0f2dcb10bcda89f55c5a2251721387c2fe05eac101b208b2,LIVE_READ_ENDED_ASSET,ORPHAN
D:\py\DRL2\eval\stopping\value_check\stopping\262432\seed_268016.json,2890,7e3cf051ac9dbcde34ddcff8b07c2b92eb84a374c1ec39034d12ce53c0d6e69f,LIVE_READ_ENDED_ASSET,ORPHAN
D:\py\DRL2\eval\stopping\value_check\stopping\262432\seed_268017.json,4849,0d99923938221ba0e71bd666c416796c9b70b3646b64e1aff6802bb202a786ed,LIVE_READ_ENDED_ASSET,ORPHAN
D:\py\DRL2\eval\stopping\value_check\stopping\262432\seed_268018.json,724,7c133106064a1e9f75925c0af15983d882f74aeeef2d717c6232c25f59f4951b,LIVE_READ_ENDED_ASSET,ORPHAN
D:\py\DRL2\eval\stopping\value_check\stopping\262432\seed_268019.json,710,e79ebdf01d4fcf5ebf674bf7486690e59b8164e5498732435f0d25e96689eac8,LIVE_READ_ENDED_ASSET,ORPHAN
D:\py\DRL2\eval\stopping\value_check\stopping\262432\seed_268020.json,722,5e96b79e9a845879db8e7d2d05169f3b3a2faa4f72b43d4b695fdc181e805ad2,LIVE_READ_ENDED_ASSET,ORPHAN
D:\py\DRL2\eval\stopping\value_check\stopping\262432\seed_268021.json,11852,dbcfabe4f38d9a6cecbcc329944ca1c2680696aaa51f21a3b4899ae12ccffe59,LIVE_READ_ENDED_ASSET,ORPHAN
D:\py\DRL2\eval\stopping\value_check\stopping\262432\seed_268022.json,1161,2fc8e7c089b40e5e6888b67d241438934c13a0a9ed310be969258a53abf44313,LIVE_READ_ENDED_ASSET,ORPHAN
D:\py\DRL2\eval\stopping\value_check\stopping\262432\seed_268023.json,6142,8237b0609a1295eb085fa0e72d6180442cd4e272c3669c6c214cb6cfcd33d118,LIVE_READ_ENDED_ASSET,ORPHAN
D:\py\DRL2\eval\stopping\value_check\stopping\262432\seed_268024.json,4455,d299e3de8d3b657348e45cb12a8734dac72c78993ce5d095a41cb7698a2df8c9,LIVE_READ_ENDED_ASSET,ORPHAN
D:\py\DRL2\eval\stopping\value_check\stopping\262432\seed_268025.json,698,ed13024d0a8fdf5f17a8c4c4cfdfbaabb1c0a77a74950cad5c2ccdbd8686f416,LIVE_READ_ENDED_ASSET,ORPHAN
D:\py\DRL2\eval\stopping\value_check\stopping\262432\seed_268026.json,6941,3b405244fbc2c788b03940ab8fbceb5571fef0593e05c8ffd00155d23e493303,LIVE_READ_ENDED_ASSET,ORPHAN
D:\py\DRL2\eval\stopping\value_check\stopping\262432\seed_268027.json,1182,65a90c3157d3dc229c640e451b310c7da0174dbc80858603a741bcf141a82863,LIVE_READ_ENDED_ASSET,ORPHAN
D:\py\DRL2\eval\stopping\value_check\stopping\262432\seed_268028.json,2957,810fac0f563cda94dac3a4c441b3882b752dbb1b77ece224bc9127ea18f142c5,LIVE_READ_ENDED_ASSET,ORPHAN
D:\py\DRL2\eval\stopping\value_check\stopping\262432\seed_268029.json,4365,cf3bf87c2c192a90ce782d0cc5eac0c4d996f428d13767b9d76bb24ac5b32f5e,LIVE_READ_ENDED_ASSET,ORPHAN
D:\py\DRL2\eval\stopping\value_check\stopping\262432\seed_268030.json,3838,9f00388401df4f6a56028fc2810396369e318ae8b6d09267289bde95168434ff,LIVE_READ_ENDED_ASSET,ORPHAN
D:\py\DRL2\eval\stopping\value_check\stopping\262432\seed_268031.json,1612,c4ede68d0acbb6226e606f6a322ff687caf59fe04ab8d619c413f8a2de0f50a4,LIVE_READ_ENDED_ASSET,ORPHAN
D:\py\DRL2\eval\stopping\value_check\stopping\262432\seed_268032.json,1627,b2fbca0aa170b18d6b3d3749a2409e042768b7fad92e8d74f0ddb57a94a09a20,LIVE_READ_ENDED_ASSET,ORPHAN
D:\py\DRL2\eval\stopping\value_check\stopping\262432\seed_268033.json,735,58db5dbec7183178f0387bda41f17479080c506f2a2621bc02fd496fab5d9e7b,LIVE_READ_ENDED_ASSET,ORPHAN
D:\py\DRL2\eval\stopping\value_check\stopping\262432\seed_268034.json,4458,28c6edbc53dffd74b38c28469b0f98e56ea26b40360401d88864498353423dfa,LIVE_READ_ENDED_ASSET,ORPHAN
D:\py\DRL2\eval\stopping\value_check\stopping\262432\seed_268035.json,1040,520059e79299cc52f5f9b4f485558cb91eaab8d94982c95a133975fcb399d448,LIVE_READ_ENDED_ASSET,ORPHAN
D:\py\DRL2\eval\stopping\value_check\stopping\262432\seed_268036.json,2441,95aa01a13c30b5e663952d4a620e94e72f451cb7b22a45fd38726f8dfbd198ca,LIVE_READ_ENDED_ASSET,ORPHAN
D:\py\DRL2\eval\stopping\value_check\stopping\262432\seed_268037.json,2281,c52cf2306cf2e8c8c51c8157a33c0fe8117a779818b6b245165ea2466426ef62,LIVE_READ_ENDED_ASSET,ORPHAN
D:\py\DRL2\eval\stopping\value_check\stopping\262432\seed_268038.json,9878,3be8f03abc0affeb2c38dca28d2711eb5fa23fd5cf7cab1ea31b2db130c30756,LIVE_READ_ENDED_ASSET,ORPHAN
D:\py\DRL2\eval\stopping\value_check\stopping\262432\seed_268039.json,721,025072451039bd9f8ffcc280f68dc6cf3e673514d7c50d9199b991270f8b6bfe,LIVE_READ_ENDED_ASSET,ORPHAN
D:\py\DRL2\eval\stopping\value_check\stopping\262432\seed_268040.json,1465,10489a0779e1e2eeb32c75769fdf7d92e22a2b255324a60d4201248775e69ec0,LIVE_READ_ENDED_ASSET,ORPHAN
D:\py\DRL2\eval\stopping\value_check\stopping\262432\seed_268041.json,799,0279c74ce4c3845d795d4459ad68653a718b0a187567e6874dbc82cd2a286561,LIVE_READ_ENDED_ASSET,ORPHAN
D:\py\DRL2\eval\stopping\value_check\stopping\262432\seed_268042.json,1850,1a0223f8498464723e8019313d6980c89cef46f256ca711d95b0a0cb5ee6d127,LIVE_READ_ENDED_ASSET,ORPHAN
D:\py\DRL2\eval\stopping\value_check\stopping\262432\seed_268043.json,710,88fdda2e4f9fe41d83b9ec56bf3fc76a575a3ac69bf7cb314f4a401b43a01153,LIVE_READ_ENDED_ASSET,ORPHAN
D:\py\DRL2\eval\stopping\value_check\stopping\262432\seed_268044.json,710,d9409b0af1b9f911154081f93afb954a996703d1248f370eb65286a9196f69cc,LIVE_READ_ENDED_ASSET,ORPHAN
D:\py\DRL2\eval\stopping\value_check\stopping\262432\seed_268045.json,698,421d6fc1d4a6eeb030274e54fc7f3c69ed21552cccbe5e3cf0454be24e3ac291,LIVE_READ_ENDED_ASSET,ORPHAN
D:\py\DRL2\eval\stopping\value_check\stopping\262432\seed_268046.json,4497,a4847b5716acaea44fa2e0fa26e1dd2b870bf8196bbcc58fb95f68c72b653892,LIVE_READ_ENDED_ASSET,ORPHAN
D:\py\DRL2\eval\stopping\value_check\stopping\262432\seed_268047.json,784,6a82366f2bf37e5db8b214b4de350dff64a76282a9a5dc0954d6758075d537af,LIVE_READ_ENDED_ASSET,ORPHAN
D:\py\DRL2\eval\stopping\value_check\value\262430\seed_268000.json,1434,9f4e17f4bd7712ab4c751ad79a70396e43025158b4f827fee189124041f66c57,LIVE_READ_ENDED_ASSET,ORPHAN
D:\py\DRL2\eval\stopping\value_check\value\262430\seed_268001.json,727,f8147ba8a9e6f6c0adc733febc9d15df72e26c7334cc34aed0854a7222921ed6,LIVE_READ_ENDED_ASSET,ORPHAN
D:\py\DRL2\eval\stopping\value_check\value\262430\seed_268002.json,935,0ac36e61a4311ca556693afc76f2230160ec2d4ea5ccc83c5e3ceecf5c05c853,LIVE_READ_ENDED_ASSET,ORPHAN
D:\py\DRL2\eval\stopping\value_check\value\262430\seed_268003.json,1783,4580dfcd86a0bd77eda0b24e541051599576ef2aebb8c3107b9381d8a8c7102b,LIVE_READ_ENDED_ASSET,ORPHAN
D:\py\DRL2\eval\stopping\value_check\value\262430\seed_268004.json,1962,b49c1306da4c5e4aae77e25bb62c6f9d80a0ba9f19facf2f9a00377741905154,LIVE_READ_ENDED_ASSET,ORPHAN
D:\py\DRL2\eval\stopping\value_check\value\262430\seed_268005.json,1325,577809b902fed9992ae09c874aa457525ac7d40352d59bd93e33186098c0015c,LIVE_READ_ENDED_ASSET,ORPHAN
D:\py\DRL2\eval\stopping\value_check\value\262430\seed_268006.json,852,c2cf620e5c47842ec2a8c0e7862a59cb96b1a80ae754f000a8a80cd6557fe941,LIVE_READ_ENDED_ASSET,ORPHAN
D:\py\DRL2\eval\stopping\value_check\value\262430\seed_268007.json,883,fca48cc1bc4f43e866e0ea2880f59fe543ecc9a8752622116b343fa279acbcf6,LIVE_READ_ENDED_ASSET,ORPHAN
D:\py\DRL2\eval\stopping\value_check\value\262430\seed_268008.json,1398,a06e330c8fc0430263cec8bfe10d6f5c6735933bd9c630b163ba4a24208d6edd,LIVE_READ_ENDED_ASSET,ORPHAN
D:\py\DRL2\eval\stopping\value_check\value\262430\seed_268009.json,696,d88e0a6bf7243ff62e133dcdac259f1cc37681bc83134a0ef693cf1fd106752f,LIVE_READ_ENDED_ASSET,ORPHAN
D:\py\DRL2\eval\stopping\value_check\value\262430\seed_268010.json,1003,56218ef8945c62db1ad956a8937a93c28a8135831819e2de82d54a8ac62fe0e3,LIVE_READ_ENDED_ASSET,ORPHAN
D:\py\DRL2\eval\stopping\value_check\value\262430\seed_268011.json,1508,7d29a5fe3dd3cd7a790b82d77b384570a1902163f45f2a24ebbcd5a6f5a4329a,LIVE_READ_ENDED_ASSET,ORPHAN
D:\py\DRL2\eval\stopping\value_check\value\262430\seed_268012.json,707,07533096ce1f5c83e30410cf7fe7a3a0494ebef05530ab57dad717b9e5ae929a,LIVE_READ_ENDED_ASSET,ORPHAN
D:\py\DRL2\eval\stopping\value_check\value\262430\seed_268013.json,3049,34b5322b97fa345d170782d519cb70fed7a17b746002432fde9c14f0838345a2,LIVE_READ_ENDED_ASSET,ORPHAN
D:\py\DRL2\eval\stopping\value_check\value\262430\seed_268014.json,710,a565fc5a4569c5aab31f1079c38a72a59a3eb5fbcaadcb2d3e0802cf8e46ddfc,LIVE_READ_ENDED_ASSET,ORPHAN
D:\py\DRL2\eval\stopping\value_check\value\262430\seed_268015.json,1326,1bf035288aa5df93a299e4b193dd5c58b443ae16f35783824087d104af3b78c6,LIVE_READ_ENDED_ASSET,ORPHAN
D:\py\DRL2\eval\stopping\value_check\value\262430\seed_268016.json,1221,d74f856b160730e11d711679d49684b2db816a852fa4b8c28f6ad4aaa74079f2,LIVE_READ_ENDED_ASSET,ORPHAN
D:\py\DRL2\eval\stopping\value_check\value\262430\seed_268017.json,1171,278787cca06546a1a86dd6f656abb0392c7b7a4ebdaf8849e3fe705ca221febe,LIVE_READ_ENDED_ASSET,ORPHAN
D:\py\DRL2\eval\stopping\value_check\value\262430\seed_268018.json,1904,73674282352f4b7e8ed6a4aad915443feeee65aae9f80997d24c9e1139d3d21a,LIVE_READ_ENDED_ASSET,ORPHAN
D:\py\DRL2\eval\stopping\value_check\value\262430\seed_268019.json,1023,ffb0623e156fa8aeb6fe2c638b2449a49a722eb01511dc5cf724ecfbdb47ab8b,LIVE_READ_ENDED_ASSET,ORPHAN
D:\py\DRL2\eval\stopping\value_check\value\262430\seed_268020.json,812,40c6c2f8cbea217efd01df25a12ded39dcebb5e293652c65a6d474fefa164e9b,LIVE_READ_ENDED_ASSET,ORPHAN
D:\py\DRL2\eval\stopping\value_check\value\262430\seed_268021.json,782,67c7ad8b8cdeff754d27c9a7108fecfcbd6facb051802eb1fee6583e45266094,LIVE_READ_ENDED_ASSET,ORPHAN
D:\py\DRL2\eval\stopping\value_check\value\262430\seed_268022.json,715,072eaff04ff50091f3125e5fee2f55f1cbaf06a6c2042a1e6422aedf3af0ddab,LIVE_READ_ENDED_ASSET,ORPHAN
D:\py\DRL2\eval\stopping\value_check\value\262430\seed_268023.json,933,ced7a38d7f7c25c56404028ea7cb7ddcf584cc53624ac173aecd53a653d68084,LIVE_READ_ENDED_ASSET,ORPHAN
D:\py\DRL2\eval\stopping\value_check\value\262430\seed_268024.json,707,da49a5e505d8642409e6682cd0dcb0d9643c94d87498214a6688476351976493,LIVE_READ_ENDED_ASSET,ORPHAN
D:\py\DRL2\eval\stopping\value_check\value\262430\seed_268025.json,707,1b85f5e889a8835f192e437a53b966191e31b6a6a9c1f0f8d1c6702bc1cb7062,LIVE_READ_ENDED_ASSET,ORPHAN
D:\py\DRL2\eval\stopping\value_check\value\262430\seed_268026.json,707,c12fc571b099eda5c66d0961cf19c332d81124fd20085ead649e6b2da84e12c1,LIVE_READ_ENDED_ASSET,ORPHAN
D:\py\DRL2\eval\stopping\value_check\value\262430\seed_268027.json,810,748ac752ff858b4a7d57e9639af250b06fa4bfe079f63ed5fed58964653f8bc3,LIVE_READ_ENDED_ASSET,ORPHAN
D:\py\DRL2\eval\stopping\value_check\value\262430\seed_268028.json,752,d819cdbc0f64b4eb86c1020cdcc5844f4439c8e30aa4bec864fcb6479dd81ee5,LIVE_READ_ENDED_ASSET,ORPHAN
D:\py\DRL2\eval\stopping\value_check\value\262430\seed_268029.json,1418,68e5fd71cf478b6b5d3bfd317287d0a9e8a26a920c94014174546e23053f97fa,LIVE_READ_ENDED_ASSET,ORPHAN
D:\py\DRL2\eval\stopping\value_check\value\262430\seed_268030.json,785,ebf6ed078797250620ef5d5977ceaa656e5799a013980caaacbc1016e58fea77,LIVE_READ_ENDED_ASSET,ORPHAN
D:\py\DRL2\eval\stopping\value_check\value\262430\seed_268031.json,1460,37f177e1409ceb4d3fbfd1da7bc2d276811caf7cb0204b3efebe9ee9cf8118ca,LIVE_READ_ENDED_ASSET,ORPHAN
D:\py\DRL2\eval\stopping\value_check\value\262430\seed_268032.json,706,3b5642cbd3c7b8c9de18c2ff6a2a98cd5fb0714734269f379f693085e7c08872,LIVE_READ_ENDED_ASSET,ORPHAN
D:\py\DRL2\eval\stopping\value_check\value\262430\seed_268033.json,11799,2b00869afd93f52004a2f650b5333032096f5f0e5eed3d7c9eff4dcb92761555,LIVE_READ_ENDED_ASSET,ORPHAN
D:\py\DRL2\eval\stopping\value_check\value\262430\seed_268034.json,738,fd030b49a7eb297398fa7582f12734d52ffb8381194b2438909d0af78dab51c7,LIVE_READ_ENDED_ASSET,ORPHAN
D:\py\DRL2\eval\stopping\value_check\value\262430\seed_268035.json,1261,2da6a808643225365a239d059b6a2717df9efec2f180e3a6d82f1388876ae0db,LIVE_READ_ENDED_ASSET,ORPHAN
D:\py\DRL2\eval\stopping\value_check\value\262430\seed_268036.json,722,c8c900289cc059c802e908d1887949208c519c0bbec70d39c0d2ef04a9a54878,LIVE_READ_ENDED_ASSET,ORPHAN
D:\py\DRL2\eval\stopping\value_check\value\262430\seed_268037.json,786,16037ccdca2e06e4b6947914684b33328493a60032a2b864d9682d41cfde8132,LIVE_READ_ENDED_ASSET,ORPHAN
D:\py\DRL2\eval\stopping\value_check\value\262430\seed_268038.json,785,b5a672b3b29bdea294fa9921cc6a066c0fa509606315318caf1ea6fccb5160ae,LIVE_READ_ENDED_ASSET,ORPHAN
D:\py\DRL2\eval\stopping\value_check\value\262430\seed_268039.json,719,e1bcd8aaf0ccaebd25fe54f12eb43399d0da08dca9cb35d8d32be17b21475e4b,LIVE_READ_ENDED_ASSET,ORPHAN
D:\py\DRL2\eval\stopping\value_check\value\262430\seed_268040.json,695,60aac3537ca269b67714b20687f74ff6ba493c0b376fd277595f727b6c817bff,LIVE_READ_ENDED_ASSET,ORPHAN
D:\py\DRL2\eval\stopping\value_check\value\262430\seed_268041.json,726,0483e7f6c2ab0b75ebdc16ba58b7fa75725cc4446998c110f2648a05813eb309,LIVE_READ_ENDED_ASSET,ORPHAN
D:\py\DRL2\eval\stopping\value_check\value\262430\seed_268042.json,725,03ff6b458839f1f8476a28e38cef458d651e446d9d0385b7e5d739cc96d1266a,LIVE_READ_ENDED_ASSET,ORPHAN
D:\py\DRL2\eval\stopping\value_check\value\262430\seed_268043.json,723,5d1edcce26f4904e1987a1fd0723bdda4dbd4aef668853fa608e991a4685bd57,LIVE_READ_ENDED_ASSET,ORPHAN
D:\py\DRL2\eval\stopping\value_check\value\262430\seed_268044.json,781,cf3753f659ac5aab613563db2572c65faf4a56df1451c891b916011d75afaf10,LIVE_READ_ENDED_ASSET,ORPHAN
D:\py\DRL2\eval\stopping\value_check\value\262430\seed_268045.json,716,bc2388e702e0cb2f073132941fd89968b14d00d638ea8cb9e3ee18259d8ec508,LIVE_READ_ENDED_ASSET,ORPHAN
D:\py\DRL2\eval\stopping\value_check\value\262430\seed_268046.json,959,6adab80bb63e3432f1dec1fa871b8e2546d2cae8b5a59f5597a890a2a578b877,LIVE_READ_ENDED_ASSET,ORPHAN
D:\py\DRL2\eval\stopping\value_check\value\262430\seed_268047.json,2445,19f7066f0909ae64bac95cd8cc6624f06311d7187e2a7bd76c55cfce3df0a5d4,LIVE_READ_ENDED_ASSET,ORPHAN
D:\py\DRL2\eval\stopping\value_check\value\262431\seed_268000.json,723,9e7c4fe366302841133dccc3f2b64b1f5bce9b949d0617ee0ac161699086626d,LIVE_READ_ENDED_ASSET,ORPHAN
D:\py\DRL2\eval\stopping\value_check\value\262431\seed_268001.json,727,5dc4ab1feb6f590b5a057df0fdb2b4a5742bfac0a13f164bccf5faa5790f91a7,LIVE_READ_ENDED_ASSET,ORPHAN
D:\py\DRL2\eval\stopping\value_check\value\262431\seed_268002.json,2485,2fa8040b7da898740598880dee9a4463eb6a61ae7d43a58fd90120f58b187494,LIVE_READ_ENDED_ASSET,ORPHAN
D:\py\DRL2\eval\stopping\value_check\value\262431\seed_268003.json,726,8d2f6528ff7ae2ab1274a03cef73866caa7c18cf35590cbb482b9de6630b2d90,LIVE_READ_ENDED_ASSET,ORPHAN
D:\py\DRL2\eval\stopping\value_check\value\262431\seed_268004.json,873,b85dce0871d53a7878f1b9d148bcba8c053c7f3ca7dbc8d6cdcda05e2c9f11af,LIVE_READ_ENDED_ASSET,ORPHAN
D:\py\DRL2\eval\stopping\value_check\value\262431\seed_268005.json,4693,c1c799aa7f7ccab40077eed1b5acfadb53ba2a78659751b4728fb233996d7683,LIVE_READ_ENDED_ASSET,ORPHAN
D:\py\DRL2\eval\stopping\value_check\value\262431\seed_268006.json,706,5b1341a16a6f7cc72460b77aa30820eb159c13fd44cbbe1ebaf5a9b01f78e422,LIVE_READ_ENDED_ASSET,ORPHAN
D:\py\DRL2\eval\stopping\value_check\value\262431\seed_268007.json,706,b9dbdfdb19c3da2cf45186cf2aedad14c426b93c59f132bc7f1200a5a4e472d2,LIVE_READ_ENDED_ASSET,ORPHAN
D:\py\DRL2\eval\stopping\value_check\value\262431\seed_268008.json,1417,31a379bee5d630ef55794bf95f07b79bb042aafc0c133a64350a87ccfeaea67c,LIVE_READ_ENDED_ASSET,ORPHAN
D:\py\DRL2\eval\stopping\value_check\value\262431\seed_268009.json,1963,619185c78a0d2632bd8068e84aed996025dab62a5f2ac1a503cf08634f6670c8,LIVE_READ_ENDED_ASSET,ORPHAN
D:\py\DRL2\eval\stopping\value_check\value\262431\seed_268010.json,719,efe1a9bc8e9aab8ce5e4e59d1308d6e746e8531c4d2ff06bf3edc7a7b9701e0e,LIVE_READ_ENDED_ASSET,ORPHAN
D:\py\DRL2\eval\stopping\value_check\value\262431\seed_268011.json,712,8748314d8cddf3c25e53b5a03de030b91007cfaef7d4a36c5c8c504f638a40aa,LIVE_READ_ENDED_ASSET,ORPHAN
D:\py\DRL2\eval\stopping\value_check\value\262431\seed_268012.json,1019,0f3afe0b2477dd68b576da31b0568cffef869afcafc55474bebbb80d35a74850,LIVE_READ_ENDED_ASSET,ORPHAN
D:\py\DRL2\eval\stopping\value_check\value\262431\seed_268013.json,1821,ae8fb05fbae815bc9edb372f626ec223a40d4cc00c44a2f405f66abd90ef4c49,LIVE_READ_ENDED_ASSET,ORPHAN
D:\py\DRL2\eval\stopping\value_check\value\262431\seed_268014.json,4698,ac9dcbbbbbd6729190f45f4aba3f34b8806f07e0a3eab1266880dd4499056a67,LIVE_READ_ENDED_ASSET,ORPHAN
D:\py\DRL2\eval\stopping\value_check\value\262431\seed_268015.json,736,bab97e7e0d1e5ab3a99dd304782006c4ba40908c24e0b4c62d87a8cac172387b,LIVE_READ_ENDED_ASSET,ORPHAN
D:\py\DRL2\eval\stopping\value_check\value\262431\seed_268016.json,1897,6f70c6235f8dc3e758c6931d735ca64318bd21922f4bc9d04163a7b86a0be776,LIVE_READ_ENDED_ASSET,ORPHAN
D:\py\DRL2\eval\stopping\value_check\value\262431\seed_268017.json,1832,25a8a34b9a540ee182c6e8e25b794f72c63b44609d85bfb4591d532654c2715c,LIVE_READ_ENDED_ASSET,ORPHAN
D:\py\DRL2\eval\stopping\value_check\value\262431\seed_268018.json,2915,0c4a52c4f7ca37f1d75cbe61bfd6c592caa894eac6c6d26a8d90e55063735f3e,LIVE_READ_ENDED_ASSET,ORPHAN
D:\py\DRL2\eval\stopping\value_check\value\262431\seed_268019.json,3665,b4d185d34a3555d53f2109edd50751daff4e07830336421f199ab26929263e36,LIVE_READ_ENDED_ASSET,ORPHAN
D:\py\DRL2\eval\stopping\value_check\value\262431\seed_268020.json,1144,14e84c1b024eeab12cf55cd24c43218e9674c0e6d38299bd621530d60b9dd206,LIVE_READ_ENDED_ASSET,ORPHAN
D:\py\DRL2\eval\stopping\value_check\value\262431\seed_268021.json,2586,2ef36be6a82dfc22bf45def87cfb7f1c6c395ff4eed58a842783432f009f299e,LIVE_READ_ENDED_ASSET,ORPHAN
D:\py\DRL2\eval\stopping\value_check\value\262431\seed_268022.json,710,d50e64196458c393ab43002a8aece9a560fa5e8bc5a12ce632d828df4e556da0,LIVE_READ_ENDED_ASSET,ORPHAN
D:\py\DRL2\eval\stopping\value_check\value\262431\seed_268023.json,735,3150b585dd82020506160702e29f291707d7066f3614431c23affcbb0e4afcca,LIVE_READ_ENDED_ASSET,ORPHAN
D:\py\DRL2\eval\stopping\value_check\value\262431\seed_268024.json,725,8e1d390e6a4700dbd9dacd4b0072b6328f43e41de1d312dbc6958736b4280471,LIVE_READ_ENDED_ASSET,ORPHAN
D:\py\DRL2\eval\stopping\value_check\value\262431\seed_268025.json,709,fb4ab3a6cc8aa5fa467a095e49cb363dbf3d584f9346b841064ffe19a17acf45,LIVE_READ_ENDED_ASSET,ORPHAN
D:\py\DRL2\eval\stopping\value_check\value\262431\seed_268026.json,934,d47b82884cd180d647f44c3d17cfb32e294f5f378bb86dd35412924d44b799ee,LIVE_READ_ENDED_ASSET,ORPHAN
D:\py\DRL2\eval\stopping\value_check\value\262431\seed_268027.json,735,d584fda5d0eba4286b7bd01b57203ed549b485edf2d17adf119fecf6f2e5bb80,LIVE_READ_ENDED_ASSET,ORPHAN
D:\py\DRL2\eval\stopping\value_check\value\262431\seed_268028.json,3173,4f05aef584273ec944126b924e87d3414c23609e06ec68c30d2ed15a66491a13,LIVE_READ_ENDED_ASSET,ORPHAN
D:\py\DRL2\eval\stopping\value_check\value\262431\seed_268029.json,1020,f938cb7f86ca125152c95165f1461987a688d4cca0dfa792b5ad87a7898a3f38,LIVE_READ_ENDED_ASSET,ORPHAN
D:\py\DRL2\eval\stopping\value_check\value\262431\seed_268030.json,782,8d670c22e90ec19238be41c72549ca5c97c44546f371b49ef232d545e951b94a,LIVE_READ_ENDED_ASSET,ORPHAN
D:\py\DRL2\eval\stopping\value_check\value\262431\seed_268031.json,724,f1c01abb0aef146fd730e298aea0b3b1655521e135ec336f266abb2b3e90487e,LIVE_READ_ENDED_ASSET,ORPHAN
D:\py\DRL2\eval\stopping\value_check\value\262431\seed_268032.json,1533,ee468476370373ef40d187fc6bd40492d18babd5cb847544e7eb325ee9911010,LIVE_READ_ENDED_ASSET,ORPHAN
D:\py\DRL2\eval\stopping\value_check\value\262431\seed_268033.json,813,8e8b4d8edc294dec7263a85f183c2f2cd2ac793bbc28a9d507ceead390da946d,LIVE_READ_ENDED_ASSET,ORPHAN
D:\py\DRL2\eval\stopping\value_check\value\262431\seed_268034.json,737,476b206e4d6c803f8ac4b1f579416c273a30d5ff68ea4f0ef5eb125e732562f9,LIVE_READ_ENDED_ASSET,ORPHAN
D:\py\DRL2\eval\stopping\value_check\value\262431\seed_268035.json,1264,3929af73c5a657a4442e007985a5ee3b5d407f1e3ca4ab774a17eddaadcb600e,LIVE_READ_ENDED_ASSET,ORPHAN
D:\py\DRL2\eval\stopping\value_check\value\262431\seed_268036.json,707,09538e86e6fbc2d95bea02627c3c4e7cd66cd0ed1131f78b3a3bce23647970d9,LIVE_READ_ENDED_ASSET,ORPHAN
D:\py\DRL2\eval\stopping\value_check\value\262431\seed_268037.json,712,b71213efc5088cca4c5de473ecef8bcdfb993a3c8901f9c6a0681ccc5a6fa619,LIVE_READ_ENDED_ASSET,ORPHAN
D:\py\DRL2\eval\stopping\value_check\value\262431\seed_268038.json,726,7ee26e3fde39cdc2bdefefb11c8aefc12624fd571ec29e87818c81a9ae57488a,LIVE_READ_ENDED_ASSET,ORPHAN
D:\py\DRL2\eval\stopping\value_check\value\262431\seed_268039.json,1073,8a60ac29c7fc1b10aa979322fe6ffa18f185c814bf31a76c98398ef696778b07,LIVE_READ_ENDED_ASSET,ORPHAN
D:\py\DRL2\eval\stopping\value_check\value\262431\seed_268040.json,1323,9b83650ceb4aaa7a76e4ea177e1532edea96264e865ffe8e0b2c2b7e7bbfcef6,LIVE_READ_ENDED_ASSET,ORPHAN
D:\py\DRL2\eval\stopping\value_check\value\262431\seed_268041.json,708,ac073efc9cc26a52eeb699d1c4ddca4b3b1319661b53a17456747284c8952597,LIVE_READ_ENDED_ASSET,ORPHAN
D:\py\DRL2\eval\stopping\value_check\value\262431\seed_268042.json,1092,c57955358a425b4718eb7159e04ceedac8a087d8c3aa4e53d1919734a879442e,LIVE_READ_ENDED_ASSET,ORPHAN
D:\py\DRL2\eval\stopping\value_check\value\262431\seed_268043.json,725,eb807e851e08916d29d10489af0ec231737f3aaadf0fefe5dd1096aed4a6ba0e,LIVE_READ_ENDED_ASSET,ORPHAN
D:\py\DRL2\eval\stopping\value_check\value\262431\seed_268044.json,4695,ea300d17646cf46f599d55784dacdc2c72596caaceb02982282ea81d8a43f2ed,LIVE_READ_ENDED_ASSET,ORPHAN
D:\py\DRL2\eval\stopping\value_check\value\262431\seed_268045.json,3416,ff15bf06b386dfd5fb3f2122cf0ee5616d68b2abf5b5b97582b41380027e71b4,LIVE_READ_ENDED_ASSET,ORPHAN
D:\py\DRL2\eval\stopping\value_check\value\262431\seed_268046.json,1030,bb96615a24c8c39ec7f32867240cd36777fd991183f89477b372bf61b1ae852a,LIVE_READ_ENDED_ASSET,ORPHAN
D:\py\DRL2\eval\stopping\value_check\value\262431\seed_268047.json,714,fb967f1860a788b0beee4086e8f2aae4f68ed053d75c88640b58ea57b5f89c3c,LIVE_READ_ENDED_ASSET,ORPHAN
D:\py\DRL2\eval\stopping\value_check\value\262432\seed_268000.json,723,873c326d1606b3db9501b2cce480e2d3dde0b44e9864c1532411323aed3df1af,LIVE_READ_ENDED_ASSET,ORPHAN
D:\py\DRL2\eval\stopping\value_check\value\262432\seed_268001.json,726,7e46560abbd4e841988d6e53c96d5abc9f39e8d4aee1560cd24b9a10a8f50bf5,LIVE_READ_ENDED_ASSET,ORPHAN
D:\py\DRL2\eval\stopping\value_check\value\262432\seed_268002.json,3075,57c5002c77d5ed2a608b6b4ea0132674ef9079298fddefed943ea5381d8d69b9,LIVE_READ_ENDED_ASSET,ORPHAN
D:\py\DRL2\eval\stopping\value_check\value\262432\seed_268003.json,708,dba5b3308e62aecafd1a61f753c76ed41feae26c1c7cd90bea4be813f5b3316a,LIVE_READ_ENDED_ASSET,ORPHAN
D:\py\DRL2\eval\stopping\value_check\value\262432\seed_268004.json,724,2af0d43b44450460cc48388d7cce2b77606e17e5daec4a99e6e8437d0e9d3d64,LIVE_READ_ENDED_ASSET,ORPHAN
D:\py\DRL2\eval\stopping\value_check\value\262432\seed_268005.json,725,d35f10a7a056d56fc7888d4ec88e63e4285686f266415c56f3ddbb697e75891d,LIVE_READ_ENDED_ASSET,ORPHAN
D:\py\DRL2\eval\stopping\value_check\value\262432\seed_268006.json,723,92ebfdd162db929b76bdd6849d28d93c5c93062e9b4588a9d63e2fe665721931,LIVE_READ_ENDED_ASSET,ORPHAN
D:\py\DRL2\eval\stopping\value_check\value\262432\seed_268007.json,6904,a62e6cd81b35b8f2e946577d0752fe3ae22d1eb8a480460084a3112f471aafae,LIVE_READ_ENDED_ASSET,ORPHAN
D:\py\DRL2\eval\stopping\value_check\value\262432\seed_268008.json,1546,18debe8080574b2d8e600fc92bbd82550c82e404714a55581f4f3da9858ee60b,LIVE_READ_ENDED_ASSET,ORPHAN
D:\py\DRL2\eval\stopping\value_check\value\262432\seed_268009.json,714,078ea8a594f46e8dc7ff72314cc6feff170808ad7cdff6883744dfe02987d209,LIVE_READ_ENDED_ASSET,ORPHAN
D:\py\DRL2\eval\stopping\value_check\value\262432\seed_268010.json,738,17e88cad211a7a23e568effa9610c4a7c32c6ea49b98092b2d1fab5a528a7bc4,LIVE_READ_ENDED_ASSET,ORPHAN
D:\py\DRL2\eval\stopping\value_check\value\262432\seed_268011.json,710,94afe43b699afe0169e755afef08db9cd21ce3f33b161833d13942e78f35618a,LIVE_READ_ENDED_ASSET,ORPHAN
D:\py\DRL2\eval\stopping\value_check\value\262432\seed_268012.json,3853,4be2376a0505299e39d21bde2c0c524e3e784a8445ee31c7d046671b5728a3ed,LIVE_READ_ENDED_ASSET,ORPHAN
D:\py\DRL2\eval\stopping\value_check\value\262432\seed_268013.json,697,1c00ea987c354c3ffa6c5c6b12a117c6bebbeada62f63faf86cd860908d0150a,LIVE_READ_ENDED_ASSET,ORPHAN
D:\py\DRL2\eval\stopping\value_check\value\262432\seed_268014.json,714,86f96411d82039f532c400bbdcf39f4231861e3e77399e606ae164b509daadb8,LIVE_READ_ENDED_ASSET,ORPHAN
D:\py\DRL2\eval\stopping\value_check\value\262432\seed_268015.json,775,f0af7eee52bb0d72557d3e93a90ade2d84c3e6f3315f8de0d07b889fe977eafe,LIVE_READ_ENDED_ASSET,ORPHAN
D:\py\DRL2\eval\stopping\value_check\value\262432\seed_268016.json,1767,a2226cb500bf744639f9b3bfed9de9191931d768f0bc40b3ed158c0c062feb88,LIVE_READ_ENDED_ASSET,ORPHAN
D:\py\DRL2\eval\stopping\value_check\value\262432\seed_268017.json,2071,71336cf01b6ce91e742c6c6eb05caab50a6d47b4a1735a9178b190c300127743,LIVE_READ_ENDED_ASSET,ORPHAN
D:\py\DRL2\eval\stopping\value_check\value\262432\seed_268018.json,1418,fe93e375c62c603448a3fdc700a5f6a5a3a4bf0df33f1a99457862bbd341158d,LIVE_READ_ENDED_ASSET,ORPHAN
D:\py\DRL2\eval\stopping\value_check\value\262432\seed_268019.json,707,ef85cf6629795c781b98706e95dec045273a831cb907ebe9c30074ebfef64f80,LIVE_READ_ENDED_ASSET,ORPHAN
D:\py\DRL2\eval\stopping\value_check\value\262432\seed_268020.json,718,9aa68446b6e49637da9d3ab427876cfa5635bc7ed964c04c29b7f1a9f5cc77e2,LIVE_READ_ENDED_ASSET,ORPHAN
D:\py\DRL2\eval\stopping\value_check\value\262432\seed_268021.json,709,bb5f88bebc461d045cd3d34632325a397fdd8e2fad55d09d33e1a5fcbd9c4388,LIVE_READ_ENDED_ASSET,ORPHAN
D:\py\DRL2\eval\stopping\value_check\value\262432\seed_268022.json,715,f035c3c47e23246ff51f96f865c548e142c83e5b0f9664a9f407743744ae0cc6,LIVE_READ_ENDED_ASSET,ORPHAN
D:\py\DRL2\eval\stopping\value_check\value\262432\seed_268023.json,736,c8860a2964fb55d95ca7a9309bb5a4e67a3dc285414d2d77833117136798635c,LIVE_READ_ENDED_ASSET,ORPHAN
D:\py\DRL2\eval\stopping\value_check\value\262432\seed_268024.json,4452,ea96e8e204db7591b5648a99138da86ccf2a9aa01a572a773e4eac32d812dd82,LIVE_READ_ENDED_ASSET,ORPHAN
D:\py\DRL2\eval\stopping\value_check\value\262432\seed_268025.json,694,e0fa6dc9eb96cc9bcc5e98f069ddbcced14917ca44c9ffa322e8d2f3f54edaf2,LIVE_READ_ENDED_ASSET,ORPHAN
D:\py\DRL2\eval\stopping\value_check\value\262432\seed_268026.json,786,479c8fed179089368efafc53180d60ff1a1738be7c6c2c50b50acec1561ea648,LIVE_READ_ENDED_ASSET,ORPHAN
D:\py\DRL2\eval\stopping\value_check\value\262432\seed_268027.json,1945,5a3c399bdab9bc770715764b52bb277ac35130b7d128a21bc9be11f71a7c01ab,LIVE_READ_ENDED_ASSET,ORPHAN
D:\py\DRL2\eval\stopping\value_check\value\262432\seed_268028.json,713,66c48194e4bac49589c92ae9271127133b4d2bda95f88a3f82b35e6089744776,LIVE_READ_ENDED_ASSET,ORPHAN
D:\py\DRL2\eval\stopping\value_check\value\262432\seed_268029.json,2498,293b81a7339e30d44e5843b70b1f488571d89c23357ce304e35ab49cdb1abcba,LIVE_READ_ENDED_ASSET,ORPHAN
D:\py\DRL2\eval\stopping\value_check\value\262432\seed_268030.json,3692,7a56fe4ca2bab051fb1ea1efc87be7341120a5a71d02fe541e239c822b3cde80,LIVE_READ_ENDED_ASSET,ORPHAN
D:\py\DRL2\eval\stopping\value_check\value\262432\seed_268031.json,1466,e5a8cf596cf24d6412325313b86a2297ab80a4da14f82fcf30696ff4b96cd26f,LIVE_READ_ENDED_ASSET,ORPHAN
D:\py\DRL2\eval\stopping\value_check\value\262432\seed_268032.json,712,5fd662f6f65aa83e8d56a98fbfdf4c8b67f8b0970ed49d81154853e669c68e72,LIVE_READ_ENDED_ASSET,ORPHAN
D:\py\DRL2\eval\stopping\value_check\value\262432\seed_268033.json,733,bfbcbf9e7d839d61b880ddc20cefebb90616b716cfdcc764e733cc7615bedf90,LIVE_READ_ENDED_ASSET,ORPHAN
D:\py\DRL2\eval\stopping\value_check\value\262432\seed_268034.json,4598,01e6e29b92756d9656b385989b047ca92c1b1c2e23dc3a03bf49bbe15f2aed5b,LIVE_READ_ENDED_ASSET,ORPHAN
D:\py\DRL2\eval\stopping\value_check\value\262432\seed_268035.json,1261,a4da7d640a80624a06ad9197bb89de4280048141872f3baa4dfb024b738ff1a6,LIVE_READ_ENDED_ASSET,ORPHAN
D:\py\DRL2\eval\stopping\value_check\value\262432\seed_268036.json,2198,ed09de51463a93a310b6a1dabdd736752e905c859c34af369472199430b1c620,LIVE_READ_ENDED_ASSET,ORPHAN
D:\py\DRL2\eval\stopping\value_check\value\262432\seed_268037.json,2472,c4403abfd49b2b3e6baf18cd37dcbc7b70730135677bf7c8bdd344cc441ae4d4,LIVE_READ_ENDED_ASSET,ORPHAN
D:\py\DRL2\eval\stopping\value_check\value\262432\seed_268038.json,787,7f95b2999261babd481b20bb57d299a8be4de3a00bdf891ad9da0147a6c68444,LIVE_READ_ENDED_ASSET,ORPHAN
D:\py\DRL2\eval\stopping\value_check\value\262432\seed_268039.json,718,37aa0e5d43adf5783cab596a0bd0b0a04b9497f8d4f4c0793b66387a91050431,LIVE_READ_ENDED_ASSET,ORPHAN
D:\py\DRL2\eval\stopping\value_check\value\262432\seed_268040.json,713,f91f4b9b1c2d159bab38b6cbbf637841319f3bb056d7a366740dc6a339191449,LIVE_READ_ENDED_ASSET,ORPHAN
D:\py\DRL2\eval\stopping\value_check\value\262432\seed_268041.json,726,376cfaed62a681206f5a0d3f992036bea4b1fc111abdd91d225ae9ba3a053398,LIVE_READ_ENDED_ASSET,ORPHAN
D:\py\DRL2\eval\stopping\value_check\value\262432\seed_268042.json,723,6b1a6803139f574615e31f0a69057bda1798be4e7d69427c3402304d317dc963,LIVE_READ_ENDED_ASSET,ORPHAN
D:\py\DRL2\eval\stopping\value_check\value\262432\seed_268043.json,705,e2ca7b39382bdb4e9ddb1e5787f0a4bb0f55dcbe0aa345e4338c357f703dbe28,LIVE_READ_ENDED_ASSET,ORPHAN
D:\py\DRL2\eval\stopping\value_check\value\262432\seed_268044.json,707,7bee7961ca5ab6fb3f821102b2a9a0925d56fffdd6621dbf266fd1add73a837d,LIVE_READ_ENDED_ASSET,ORPHAN
D:\py\DRL2\eval\stopping\value_check\value\262432\seed_268045.json,8454,d88373342d97b38fb65dac4951ae68081c331e0f53c1f762125a6c75a84324a0,LIVE_READ_ENDED_ASSET,ORPHAN
D:\py\DRL2\eval\stopping\value_check\value\262432\seed_268046.json,3135,ca95093c49260fd1e39928c913174882e76709e7a771142b8cf31ee2b973512c,LIVE_READ_ENDED_ASSET,ORPHAN
D:\py\DRL2\eval\stopping\value_check\value\262432\seed_268047.json,2613,27bb22bd949b9032b2343e1ca3d5db2dc2f86cc49ce464027f57826875f3d41d,LIVE_READ_ENDED_ASSET,ORPHAN
D:\py\DRL2\eval\v3e\early_50k_readout.json,4727,72d6548c2463f5f875334722c636148221648497b0f4ae380d6f64ebf41288ef,LIVE_READ_ENDED_ASSET,E01_V3e_60k_valueR2
D:\py\DRL2\eval\v3e\readout.json,4139,71329f2bf7d64d3b85a8f9b5351fcecad9b362b0d70c4a65766fa54aea5ca5df,LIVE_READ_ENDED_ASSET,E01_V3e_60k_valueR2
D:\py\DRL2\eval\v3e\readout_r2.json,4117,f0d7dbe0b970aaeb71137b61e6bc6d509e53e5dcdd971d1bfc024d532adcd7c9,LIVE_READ_ENDED_ASSET,E01_V3e_60k_valueR2
D:\py\DRL2\eval\v3e\stage_b\readout_b1.json,28233,8bd00e8a5b4e514ac7173fe7d821e920593c6b2687eb2cd5f33c6af6b7e92aa0,LIVE_READ_ENDED_ASSET,E02_B1_handoff_scan
D:\py\DRL2\eval\v3e\stage_b\readout_b1b2.json,60272,2b84e14a19aec4d319862a781fbfa1f015fe69fcd698eb4471da5154cf5cbcd0,LIVE_READ_ENDED_ASSET,E02_B1_handoff_scan
D:\py\DRL2\eval\v3e\stage_b\262420\seed_262000.json,3520,fa68f5d19e860cfe7c80a1d04a569326828c8763e8e3fba52f973a6b50ef6548,LIVE_READ_ENDED_ASSET,E02_B1_handoff_scan
D:\py\DRL2\eval\v3e\stage_b\262420\seed_262001.json,3663,b9ff0ee68977a5785ba12123401e18c4bfd97f7092c07b533097533c61880a41,LIVE_READ_ENDED_ASSET,E02_B1_handoff_scan
D:\py\DRL2\eval\v3e\stage_b\262420\seed_262002.json,2739,d09efa74e023a2e803a26793085fb7013655606a34d19397b236c13ab092b882,LIVE_READ_ENDED_ASSET,E02_B1_handoff_scan
D:\py\DRL2\eval\v3e\stage_b\262420\seed_262003.json,3315,071146d116f6de4b4da6d3e9cfaa36844f1a7bd25861c7a7870c850af4b15099,LIVE_READ_ENDED_ASSET,E02_B1_handoff_scan
D:\py\DRL2\eval\v3e\stage_b\262420\seed_262004.json,289182,92954614e55d01dc43f8278a9ba29429aca4afbd7db53711f2e637ed27b8f7fb,LIVE_READ_ENDED_ASSET,E02_B1_handoff_scan
D:\py\DRL2\eval\v3e\stage_b\262420\seed_262005.json,3654,81eea2e1882d1a9d9ed9bbf1b5cace9c5208179b18e3464bdc625960a7378298,LIVE_READ_ENDED_ASSET,E02_B1_handoff_scan
D:\py\DRL2\eval\v3e\stage_b\262420\seed_262006.json,73397,bd291e404bd059b23ca9fa920e6808ee38aefd01090d0296efa7cef039c06e76,LIVE_READ_ENDED_ASSET,E02_B1_handoff_scan
D:\py\DRL2\eval\v3e\stage_b\262420\seed_262007.json,3454,71514b8258f1849045f1ba76188b27be779eb4c633b5a890251004036275cfa1,LIVE_READ_ENDED_ASSET,E02_B1_handoff_scan
D:\py\DRL2\eval\v3e\stage_b\262420\seed_262008.json,3810,457b9b718763edd5f6713d0f697111d90394ba81d8c8d29b5b34540b81eba894,LIVE_READ_ENDED_ASSET,E02_B1_handoff_scan
D:\py\DRL2\eval\v3e\stage_b\262420\seed_262009.json,4367,5bdc8131ed97ab507906e3cc74365f5b2d4074a830dd729fc0ee4d36308e25b0,LIVE_READ_ENDED_ASSET,E02_B1_handoff_scan
D:\py\DRL2\eval\v3e\stage_b\262420\seed_262010.json,3395,3676eac173f7f9c24b0e11644ed4b6956d5b8824eb28f2602c20b151ab0544c5,LIVE_READ_ENDED_ASSET,E02_B1_handoff_scan
D:\py\DRL2\eval\v3e\stage_b\262420\seed_262011.json,3897,594cf3d4d338414bdf4e9e3cbb4ba6416bc2da97dd857a16bf39cd2885b27983,LIVE_READ_ENDED_ASSET,E02_B1_handoff_scan
D:\py\DRL2\eval\v3e\stage_b\262420\seed_262012.json,4702,cb2b62ed0a0dac077343c1320057ecf645b92edbcc9b7bf49105aa39de848fb0,LIVE_READ_ENDED_ASSET,E02_B1_handoff_scan
D:\py\DRL2\eval\v3e\stage_b\262420\seed_262013.json,3280,b4ae2f0e8feef178cbfa22dbcc0a0a30feaa408a7be9dc01c8dcf0b06765f9f7,LIVE_READ_ENDED_ASSET,E02_B1_handoff_scan
D:\py\DRL2\eval\v3e\stage_b\262420\seed_262014.json,4200,06d2eea8856a580e58ad66b73c4d6b877d5f5feaae317e8058839aa35d12383d,LIVE_READ_ENDED_ASSET,E02_B1_handoff_scan
D:\py\DRL2\eval\v3e\stage_b\262420\seed_262015.json,99782,689f131df09097ea873672db2f8ea40253e57a8214f90b35402070fa1a478eda,LIVE_READ_ENDED_ASSET,E02_B1_handoff_scan
D:\py\DRL2\eval\v3e\stage_b\262420\seed_262016.json,4206,149e03612dbdb61dcc301dc4a1d745e89cedd2ff464554b9ae4a8f0661fb3426,LIVE_READ_ENDED_ASSET,E02_B1_handoff_scan
D:\py\DRL2\eval\v3e\stage_b\262420\seed_262017.json,3796,2e12049da40dc81206402b41326c7c7928855c15daa562554a3215aaa4950a0f,LIVE_READ_ENDED_ASSET,E02_B1_handoff_scan
D:\py\DRL2\eval\v3e\stage_b\262420\seed_262018.json,2763,095e6d662d36d2f5d1d630239585c36774da2fa2830aaa7b7f7007b00d513d1f,LIVE_READ_ENDED_ASSET,E02_B1_handoff_scan
D:\py\DRL2\eval\v3e\stage_b\262420\seed_262019.json,3143,8e45c950fe4fd3855fec7db3970d4a794f76c918775153b296d35937500b7a4c,LIVE_READ_ENDED_ASSET,E02_B1_handoff_scan
D:\py\DRL2\eval\v3e\stage_b\262420\seed_262020.json,3613,82f7140f86d96acf6a27c8cce00ba77762ab454beb0f41e823e1507e58a4abab,LIVE_READ_ENDED_ASSET,E02_B1_handoff_scan
D:\py\DRL2\eval\v3e\stage_b\262420\seed_262021.json,2756,61853e1346945d8b2b3fa99cb4e5cf44530397380edce170b87ba5616be445d1,LIVE_READ_ENDED_ASSET,E02_B1_handoff_scan
D:\py\DRL2\eval\v3e\stage_b\262420\seed_262022.json,3093,adb44be1ac0d94ca3d4f393e45dad68ed60aa618bd69944e0b6631f05672c4e5,LIVE_READ_ENDED_ASSET,E02_B1_handoff_scan
D:\py\DRL2\eval\v3e\stage_b\262420\seed_262023.json,3264,dd31a57affd255e44eefc5e83766847d2514be1b817def6a53bfdc993dc5abf3,LIVE_READ_ENDED_ASSET,E02_B1_handoff_scan
D:\py\DRL2\eval\v3e\stage_b\262420\seed_262024.json,2947,530a22f086cc04b8776c61c3e5c0f1fdca88a2689451f054b9bbd85281ba4191,LIVE_READ_ENDED_ASSET,E02_B1_handoff_scan
D:\py\DRL2\eval\v3e\stage_b\262420\seed_262025.json,4809,4eb6baf71de211c5ecb7c0e3594f846cca712d8f19da26886389492e5cddcdad,LIVE_READ_ENDED_ASSET,E02_B1_handoff_scan
D:\py\DRL2\eval\v3e\stage_b\262420\seed_262026.json,3237,4ef23f8a94b5bc2581d396922d83a7844e6ec16313f9f140aae8071a077673ba,LIVE_READ_ENDED_ASSET,E02_B1_handoff_scan
D:\py\DRL2\eval\v3e\stage_b\262420\seed_262027.json,139349,7c525781d5a6dba2e0ca814c8da9fc09a0b36152243a9fd40723c5ed2992cd2e,LIVE_READ_ENDED_ASSET,E02_B1_handoff_scan
D:\py\DRL2\eval\v3e\stage_b\262420\seed_262028.json,3808,bd36065e5cc8b38697bd63d552c113e6cd093c080885227df4b0b259c2ef3c79,LIVE_READ_ENDED_ASSET,E02_B1_handoff_scan
D:\py\DRL2\eval\v3e\stage_b\262420\seed_262029.json,3336,c511f23c01f42387b5e7b896f6f1a7bb54b424b4cb4223045fbceb01e5ad5975,LIVE_READ_ENDED_ASSET,E02_B1_handoff_scan
D:\py\DRL2\eval\v3e\stage_b\262420\seed_262030.json,3776,e156a2a275841f3b21e4aa23be4b01d81f2cf88587e20120f91cf715592497da,LIVE_READ_ENDED_ASSET,E02_B1_handoff_scan
D:\py\DRL2\eval\v3e\stage_b\262420\seed_262031.json,2594,0e20dd1c58627921c18c2dcdf5ba81c9d00a7c101e61d1b8149a9617468d132c,LIVE_READ_ENDED_ASSET,E02_B1_handoff_scan
D:\py\DRL2\eval\v3e\stage_b\262420\seed_262032.json,2900,33d59a56e7f461abfc8c6d2802e075a11706adc7c356c81d0a85f5a146400c52,LIVE_READ_ENDED_ASSET,E02_B1_handoff_scan
D:\py\DRL2\eval\v3e\stage_b\262420\seed_262033.json,2839,31bb7fc665b55eff3cf1ec806ab400483d38d3af70282086cbdc481c1b19b5ed,LIVE_READ_ENDED_ASSET,E02_B1_handoff_scan
D:\py\DRL2\eval\v3e\stage_b\262420\seed_262034.json,86597,6e3e2dada832c286ed2ad6c628d67d64339279652f52ad64a4ce2efbb6bd9fa9,LIVE_READ_ENDED_ASSET,E02_B1_handoff_scan
D:\py\DRL2\eval\v3e\stage_b\262420\seed_262035.json,363798,a0cad28862f72ec192486b350ff64bb1ed8d0b5d84aca4267fb67bc4e1d1ec0c,LIVE_READ_ENDED_ASSET,E02_B1_handoff_scan
D:\py\DRL2\eval\v3e\stage_b\262420\seed_262036.json,4570,16c75384b29cd0a7a31d1c2b7c43d615c0d1c6862e2a5e020318366ade8e47b9,LIVE_READ_ENDED_ASSET,E02_B1_handoff_scan
D:\py\DRL2\eval\v3e\stage_b\262420\seed_262037.json,3520,8d1571c7de88af747e23d0daf5ce1e38cd662365d8fd7d03c9737ddc7d1b3557,LIVE_READ_ENDED_ASSET,E02_B1_handoff_scan
D:\py\DRL2\eval\v3e\stage_b\262420\seed_262038.json,3165,7c30dd3e8fc4ed669929a69287c8424550c484b66977ecbe2b02602d343c507f,LIVE_READ_ENDED_ASSET,E02_B1_handoff_scan
D:\py\DRL2\eval\v3e\stage_b\262420\seed_262039.json,2841,6dd036a7b9eab90456fcee9352ba44b590bce954c3db3e57ed8bd903f2213d2c,LIVE_READ_ENDED_ASSET,E02_B1_handoff_scan
D:\py\DRL2\eval\v3e\stage_b\262420\seed_262040.json,3028,efd87e1b3b14c5df098f5cffb5acefd74f79c1d5823762ebb76f889064bca3b3,LIVE_READ_ENDED_ASSET,E02_B1_handoff_scan
D:\py\DRL2\eval\v3e\stage_b\262420\seed_262041.json,3535,b3d3f616460d41da144d4a0f463c3f5b2b571f78763a3e66591f81f81763c103,LIVE_READ_ENDED_ASSET,E02_B1_handoff_scan
D:\py\DRL2\eval\v3e\stage_b\262420\seed_262042.json,2950,ff823f4d16151eca7688b5c25110a63bf7aa0535701efb7c9aaac4387d3f82c9,LIVE_READ_ENDED_ASSET,E02_B1_handoff_scan
D:\py\DRL2\eval\v3e\stage_b\262420\seed_262043.json,3782,67040c01d387097472d81ed90e1fcda0d19bb55dd9860695e544d9e8382856a1,LIVE_READ_ENDED_ASSET,E02_B1_handoff_scan
D:\py\DRL2\eval\v3e\stage_b\262420\seed_262044.json,3092,4a26f3a492bff0aaccaca4a250cffc4ecc9b04b739404b4f1493f49e65479ea2,LIVE_READ_ENDED_ASSET,E02_B1_handoff_scan
D:\py\DRL2\eval\v3e\stage_b\262420\seed_262045.json,3957,319b9806629e192231bc53b89a265a2901085bc90372832887a56b0adad55dd1,LIVE_READ_ENDED_ASSET,E02_B1_handoff_scan
D:\py\DRL2\eval\v3e\stage_b\262420\seed_262046.json,3379,a6c03deefa43047b4e552a0640b5a1a9e4cf8226da1b4b0630b70343fc92be4a,LIVE_READ_ENDED_ASSET,E02_B1_handoff_scan
D:\py\DRL2\eval\v3e\stage_b\262420\seed_262047.json,3254,0dcc8de0374c4e1bd5e4b66072710765427df6d46a9f5b1873ec218dc1273731,LIVE_READ_ENDED_ASSET,E02_B1_handoff_scan
D:\py\DRL2\eval\v3e\stage_b\262420\seed_270000.json,3856,fc50ae516e88e4bc89039f4463734d1323e2be6103f49c57759224ac95a9ff3b,LIVE_READ_ENDED_ASSET,E02_B1_handoff_scan
D:\py\DRL2\eval\v3e\stage_b\262420\seed_270001.json,2872,bcabf54d9746fb2b24e11c747cee5e179d7cc94363b587cd9082509835f6192f,LIVE_READ_ENDED_ASSET,E02_B1_handoff_scan
D:\py\DRL2\eval\v3e\stage_b\262420\seed_270002.json,4545,f51f828a5174216c72820ce2eb34f7491c3bea3a0b13dd34d9c41bb373bb7566,LIVE_READ_ENDED_ASSET,E02_B1_handoff_scan
D:\py\DRL2\eval\v3e\stage_b\262420\seed_270003.json,3460,fab046a50e4590f7b40b1401c2fbf737017214698e9fd2e73d9a3463fbd408a5,LIVE_READ_ENDED_ASSET,E02_B1_handoff_scan
D:\py\DRL2\eval\v3e\stage_b\262421\seed_262000.json,3390,1d2971530e0ce8618f603134a52c0cc2c8e0bb259ab8560c0d305a29e23d063d,LIVE_READ_ENDED_ASSET,E02_B1_handoff_scan
D:\py\DRL2\eval\v3e\stage_b\262421\seed_262001.json,4624,b7d8c0e5380d5d8f0ba0d62474eeea08ce3e009eb46e2a2727e3e719c40d5ab9,LIVE_READ_ENDED_ASSET,E02_B1_handoff_scan
D:\py\DRL2\eval\v3e\stage_b\262421\seed_262002.json,2852,45cb3c505869ba60b0d8c7a4988bb28868f5f1e59de0bb08017dca08aecd317f,LIVE_READ_ENDED_ASSET,E02_B1_handoff_scan
D:\py\DRL2\eval\v3e\stage_b\262421\seed_262003.json,4015,7f92d2413425a53491ffb9a4420703a2c4243eaa15b02038534f98a14e471f96,LIVE_READ_ENDED_ASSET,E02_B1_handoff_scan
D:\py\DRL2\eval\v3e\stage_b\262421\seed_262004.json,100409,62fe165fbf33c1158f0bdbdb0e98617dcc17f7cbf2a17dc0d18629a15344b7ef,LIVE_READ_ENDED_ASSET,E02_B1_handoff_scan
D:\py\DRL2\eval\v3e\stage_b\262421\seed_262005.json,291068,70bbaefdeb25ebce0fcb462bd1b00a3091bc5b1ca16eb3868b41badd82d85d59,LIVE_READ_ENDED_ASSET,E02_B1_handoff_scan
D:\py\DRL2\eval\v3e\stage_b\262421\seed_262006.json,69872,2d7956c6789d26cce6f71730bd668254cd272f12014f471fa8ab4b94e52729fe,LIVE_READ_ENDED_ASSET,E02_B1_handoff_scan
D:\py\DRL2\eval\v3e\stage_b\262421\seed_262007.json,4385,b3fedfce9e7318a7026fbd77ce5d52c4f1df9e500b659628573c7ee5ef41dfb7,LIVE_READ_ENDED_ASSET,E02_B1_handoff_scan
D:\py\DRL2\eval\v3e\stage_b\262421\seed_262008.json,3421,3a0e9c77eedc49354d9d2ecfff59dc15578587ec724c1c263ed32b433e8f9e91,LIVE_READ_ENDED_ASSET,E02_B1_handoff_scan
D:\py\DRL2\eval\v3e\stage_b\262421\seed_262009.json,3513,1334f90698c38e3240f153cf6e4ba50f8566b9757aeb8806c363d88196005b49,LIVE_READ_ENDED_ASSET,E02_B1_handoff_scan
D:\py\DRL2\eval\v3e\stage_b\262421\seed_262010.json,85412,ebda4590ec37ab0a67eddc5173093d0540e0154152713723a1e39989d5d66f8d,LIVE_READ_ENDED_ASSET,E02_B1_handoff_scan
D:\py\DRL2\eval\v3e\stage_b\262421\seed_262011.json,263470,575be05ed766973991361c4a1dc21b350dcdab40a81d7910c0b590b9f4c2f362,LIVE_READ_ENDED_ASSET,E02_B1_handoff_scan
D:\py\DRL2\eval\v3e\stage_b\262421\seed_262012.json,4387,a166fce9184da3340cedc5d8ffceb65571dfbcc0cb935e398389daecfb07cf89,LIVE_READ_ENDED_ASSET,E02_B1_handoff_scan
D:\py\DRL2\eval\v3e\stage_b\262421\seed_262013.json,3540,dcf00683bf93b98b019ff156e2e136eb9b0d50463a6a38d89cd808c2824ca0a4,LIVE_READ_ENDED_ASSET,E02_B1_handoff_scan
D:\py\DRL2\eval\v3e\stage_b\262421\seed_262014.json,280303,eb5c51be2766742aa944e2f5014472c51ef237a3f0ac2cfea385279c0be0d2f3,LIVE_READ_ENDED_ASSET,E02_B1_handoff_scan
D:\py\DRL2\eval\v3e\stage_b\262421\seed_262015.json,111740,31d233233483d493034f668412af1af950b70df2f8a65b0b113cb32461a668bf,LIVE_READ_ENDED_ASSET,E02_B1_handoff_scan
D:\py\DRL2\eval\v3e\stage_b\262421\seed_262016.json,3794,00097092bc8f813ec9de38b7a04edc9b8a25b47fd6d2f39d598270443b6e4380,LIVE_READ_ENDED_ASSET,E02_B1_handoff_scan
D:\py\DRL2\eval\v3e\stage_b\262421\seed_262017.json,3074,df049c5529db222f3cedb3035f62fc388954215db8edf615aba32789754f26de,LIVE_READ_ENDED_ASSET,E02_B1_handoff_scan
D:\py\DRL2\eval\v3e\stage_b\262421\seed_262018.json,3173,ee54c6e43c5dd09fae69b10187b258b49687fa117575556cf37f9d008a6909c8,LIVE_READ_ENDED_ASSET,E02_B1_handoff_scan
D:\py\DRL2\eval\v3e\stage_b\262421\seed_262019.json,3891,7fb3f1f90a6141966451b8fb3ba2f5eda852ed76215425ca2828ba7ca1cfefe0,LIVE_READ_ENDED_ASSET,E02_B1_handoff_scan
D:\py\DRL2\eval\v3e\stage_b\262421\seed_262020.json,3456,4a1e8e57bd5de3a508eb8bf1e86e026f7fce8c3e96a5e6abf4ea38f41b9e8eeb,LIVE_READ_ENDED_ASSET,E02_B1_handoff_scan
D:\py\DRL2\eval\v3e\stage_b\262421\seed_262021.json,2758,dbb8ca8b824a9928bfadc339bb4699bcee135b9df9ccaad4face8d6bc3d85f90,LIVE_READ_ENDED_ASSET,E02_B1_handoff_scan
D:\py\DRL2\eval\v3e\stage_b\262421\seed_262022.json,301267,9171f2cb5549bc33c095a3c15caa0b472844f2750c3614df52aeb6a18cbdfb0e,LIVE_READ_ENDED_ASSET,E02_B1_handoff_scan
D:\py\DRL2\eval\v3e\stage_b\262421\seed_262023.json,2782,bf7b6cfb6e2ff2deb9b766ec0839767ba4757a056fb117bb3a6ea5d24fb04db3,LIVE_READ_ENDED_ASSET,E02_B1_handoff_scan
D:\py\DRL2\eval\v3e\stage_b\262421\seed_262024.json,3021,496ba7ede0648032489d5850968059de87e82d05a29bf356277e75f01b19046f,LIVE_READ_ENDED_ASSET,E02_B1_handoff_scan
D:\py\DRL2\eval\v3e\stage_b\262421\seed_262025.json,254256,d3f534c0bdfaa776b15ad854bec3eb3b6d9c140e12347507e524d19c0e599d66,LIVE_READ_ENDED_ASSET,E02_B1_handoff_scan
D:\py\DRL2\eval\v3e\stage_b\262421\seed_262026.json,4200,91b6d780c0ea4ba18575fc285ff4ae3f148706a5e3ea388c01c39f00eae33305,LIVE_READ_ENDED_ASSET,E02_B1_handoff_scan
D:\py\DRL2\eval\v3e\stage_b\262421\seed_262027.json,289110,d472a7e8d1140087e19854b028b651ed6f6aeaa44bf011a2a7f8eac69f790c88,LIVE_READ_ENDED_ASSET,E02_B1_handoff_scan
D:\py\DRL2\eval\v3e\stage_b\262421\seed_262028.json,4489,aaeab78c1a4c69c657195cf7e5d82d159bf3414af03c44ff96620ccdb07f2f2f,LIVE_READ_ENDED_ASSET,E02_B1_handoff_scan
D:\py\DRL2\eval\v3e\stage_b\262421\seed_262029.json,368295,2a8a24faf7fc21fc83738cc1731db7d1a5a60694b08a57e7ff51c208fc3b4b15,LIVE_READ_ENDED_ASSET,E02_B1_handoff_scan
D:\py\DRL2\eval\v3e\stage_b\262421\seed_262030.json,3616,22f96591b8597dde9b8daf39f73a42a1a63799bc46c43b72f0a38866c4dfe04d,LIVE_READ_ENDED_ASSET,E02_B1_handoff_scan
D:\py\DRL2\eval\v3e\stage_b\262421\seed_262031.json,2768,df5b4101f0a84411a533d6f6e6d2a52bc61d2633d5f79908579fbb1d9c065e26,LIVE_READ_ENDED_ASSET,E02_B1_handoff_scan
D:\py\DRL2\eval\v3e\stage_b\262421\seed_262032.json,3101,1a0b3adb00fb00c7b71c9aa504c230dfb8069e0dcdef424edf8e7e0366be3a7f,LIVE_READ_ENDED_ASSET,E02_B1_handoff_scan
D:\py\DRL2\eval\v3e\stage_b\262421\seed_262033.json,2824,bf648559c1320bc85ce8c0714aad5783395fda40e586fa0cd3da73611bc1b72d,LIVE_READ_ENDED_ASSET,E02_B1_handoff_scan
D:\py\DRL2\eval\v3e\stage_b\262421\seed_262034.json,89186,f968847da9d9ff4f208b78bf6b680cf7dc15b0d3362fc93a60c22af011e4e53b,LIVE_READ_ENDED_ASSET,E02_B1_handoff_scan
D:\py\DRL2\eval\v3e\stage_b\262421\seed_262035.json,331870,6f549fbf5773e3102da43d515bb0cb69091b6e2b573e62c15e4b0bd18f0407cd,LIVE_READ_ENDED_ASSET,E02_B1_handoff_scan
D:\py\DRL2\eval\v3e\stage_b\262421\seed_262036.json,3780,7238fd438d4d22d8882bd6a8d8a93c0480d4a4a7ca589585eb8713744ea913cc,LIVE_READ_ENDED_ASSET,E02_B1_handoff_scan
D:\py\DRL2\eval\v3e\stage_b\262421\seed_262037.json,2957,74e9186d414290efc4320295f114925f84064d1960debcfb48cad7b861f9f893,LIVE_READ_ENDED_ASSET,E02_B1_handoff_scan
D:\py\DRL2\eval\v3e\stage_b\262421\seed_262038.json,3482,68a96fc3bbe6eec1df773c79554e92800df1192dd925c2bd73824297c16c4057,LIVE_READ_ENDED_ASSET,E02_B1_handoff_scan
D:\py\DRL2\eval\v3e\stage_b\262421\seed_262039.json,3545,ad9a776862a3721def16db71f5281b255fe325e8272923859a9781edffad324a,LIVE_READ_ENDED_ASSET,E02_B1_handoff_scan
D:\py\DRL2\eval\v3e\stage_b\262421\seed_262040.json,3528,780e89db02d8e466f6481c747b97e00198933b374fe0fb4c750b327d024001c9,LIVE_READ_ENDED_ASSET,E02_B1_handoff_scan
D:\py\DRL2\eval\v3e\stage_b\262421\seed_262041.json,250976,5a932815d6c26d3b680084d74c71b77af24c28042784d01dcd646d5e9c6118a6,LIVE_READ_ENDED_ASSET,E02_B1_handoff_scan
D:\py\DRL2\eval\v3e\stage_b\262421\seed_262042.json,3210,62348f8e3ab97b7fee255ca21746eb5ab81daf095f410793d041c037116f2e26,LIVE_READ_ENDED_ASSET,E02_B1_handoff_scan
D:\py\DRL2\eval\v3e\stage_b\262421\seed_262043.json,272527,efc6680119efed4783785ffae80d07fc2ffcf01a344ef2016f2ffe43d5c6210a,LIVE_READ_ENDED_ASSET,E02_B1_handoff_scan
D:\py\DRL2\eval\v3e\stage_b\262421\seed_262044.json,2944,da71bb1b2143b86e9f76ad309a415473c44d49adb4643beb086d0110bafbf1c0,LIVE_READ_ENDED_ASSET,E02_B1_handoff_scan
D:\py\DRL2\eval\v3e\stage_b\262421\seed_262045.json,3518,0c42daa26058cd1ee899fb69ee6d4b386ace5c4ec395cc2c11bf6b26a3281198,LIVE_READ_ENDED_ASSET,E02_B1_handoff_scan
D:\py\DRL2\eval\v3e\stage_b\262421\seed_262046.json,3585,2bdfd6f0c199ee9f49affa2556ebcc81c3c2275f13185607aa934df0edf0f6dd,LIVE_READ_ENDED_ASSET,E02_B1_handoff_scan
D:\py\DRL2\eval\v3e\stage_b\262421\seed_262047.json,3743,76902eaa327a76066eabaa807a114a0af89b6fc97b81c6beb512fd3e4b52a6e9,LIVE_READ_ENDED_ASSET,E02_B1_handoff_scan
D:\py\DRL2\eval\v3e\stage_b\262421\seed_270000.json,4416,aadcc33259ab04577d420a94069159cf92bb51aed2016491b1ada15591e3b4db,LIVE_READ_ENDED_ASSET,E02_B1_handoff_scan
D:\py\DRL2\eval\v3e\stage_b\262421\seed_270001.json,2674,cf0b88cf577c5086f0dce3b9b9142861fcaaf4fc3fff4c9ebc22d53fc0651d98,LIVE_READ_ENDED_ASSET,E02_B1_handoff_scan
D:\py\DRL2\eval\v3e\stage_b\262421\seed_270002.json,131834,b90ca710980b6901760f83bf20d863bd258dd1cdfd888cc01807b20212d478c2,LIVE_READ_ENDED_ASSET,E02_B1_handoff_scan
D:\py\DRL2\eval\v3e\stage_b\262421\seed_270003.json,3706,8ddf2959d9d84c3c3d08394128fe4dbe465280f6a3b4e7c09aff086ddc4316ad,LIVE_READ_ENDED_ASSET,E02_B1_handoff_scan
D:\py\DRL2\eval\v3e\stage_b\262421\seed_270004.json,3885,add70d94ecd5531542d512833a61d8532f92067d8607f358c7be74ff00e04411,LIVE_READ_ENDED_ASSET,E02_B1_handoff_scan
D:\py\DRL2\eval\v3e\stage_b\262421\seed_270006.json,3205,ee0d9249061e0e59b8f89ff4f75e38ebe721f3b10ed9c99c99985a48316295f4,LIVE_READ_ENDED_ASSET,E02_B1_handoff_scan
D:\py\DRL2\eval\v3e\stage_b\262421\seed_270007.json,4629,fbe90ce280021ab9a8bf03ff00cedf3879ee671f40f26921e07171ca892092c8,LIVE_READ_ENDED_ASSET,E02_B1_handoff_scan
D:\py\DRL2\eval\v3e\stage_b\262421\seed_270008.json,4069,4e0d40dbb07ee856dc7bb609a9b57ad508448e28f8410363060a9c205440f7a8,LIVE_READ_ENDED_ASSET,E02_B1_handoff_scan
D:\py\DRL2\eval\v3e\stage_b\262421\seed_270009.json,4324,60a302f8093ccd2ac23a5e92a152a48361e726bd21b56a6bafdd587011f2ab57,LIVE_READ_ENDED_ASSET,E02_B1_handoff_scan
D:\py\DRL2\eval\v3e\stage_b\262422\seed_262000.json,2794,c5a13d1486bb9aa6494e23fa51370129a5a2dcee13c75cc1e1ba26c3c08323c0,LIVE_READ_ENDED_ASSET,E02_B1_handoff_scan
D:\py\DRL2\eval\v3e\stage_b\262422\seed_262001.json,3637,54b8b84d93c3ad80c3a1879820cdc7d3bcbddbf836c0d5ca8fc7be364ab6d3b8,LIVE_READ_ENDED_ASSET,E02_B1_handoff_scan
D:\py\DRL2\eval\v3e\stage_b\262422\seed_262002.json,2355,f38206000d73456d82e93c8c93a5fefb5800418fde583f645ea2e9e95a207ddc,LIVE_READ_ENDED_ASSET,E02_B1_handoff_scan
D:\py\DRL2\eval\v3e\stage_b\262422\seed_262003.json,3737,d6ede35757c864620485f534a7e7653b3c6d83ae4e42977dc76c6f7d41ecc07f,LIVE_READ_ENDED_ASSET,E02_B1_handoff_scan
D:\py\DRL2\eval\v3e\stage_b\262422\seed_262004.json,318592,b259a0758660be13ef918d707e20263c399e0dc5bb666a32ee9abb99f5489ca9,LIVE_READ_ENDED_ASSET,E02_B1_handoff_scan
D:\py\DRL2\eval\v3e\stage_b\262422\seed_262005.json,3679,cbeba13e29e1dc21eef0a907773c5c7023a0306ebbb97e5f30451dd84af90c72,LIVE_READ_ENDED_ASSET,E02_B1_handoff_scan
D:\py\DRL2\eval\v3e\stage_b\262422\seed_262006.json,71276,d830b207884f32572e6ac93b3d7706f51577ac8276ac0212228e615ea4b88429,LIVE_READ_ENDED_ASSET,E02_B1_handoff_scan
D:\py\DRL2\eval\v3e\stage_b\262422\seed_262007.json,3911,f3bbb89c81cdda29474ae636f8264a9e74f06287f371d92cfb90bf13085a77ed,LIVE_READ_ENDED_ASSET,E02_B1_handoff_scan
D:\py\DRL2\eval\v3e\stage_b\262422\seed_262008.json,3001,01ee818216712fbf4401242a8a1cc048db1626f3de59dc3426566d866a9f3bc5,LIVE_READ_ENDED_ASSET,E02_B1_handoff_scan
D:\py\DRL2\eval\v3e\stage_b\262422\seed_262009.json,3398,c9870ebb0ba0cddc785a78840cc1bf062222ccf4c0aee83782202d994f8e3a1a,LIVE_READ_ENDED_ASSET,E02_B1_handoff_scan
D:\py\DRL2\eval\v3e\stage_b\262422\seed_262010.json,4331,6403f4aa438a09b5e12579da25ab9ef4d9d05c69d94149a195a7d730bce85564,LIVE_READ_ENDED_ASSET,E02_B1_handoff_scan
D:\py\DRL2\eval\v3e\stage_b\262422\seed_262011.json,4096,4258a8aa5274a1ec89598cf7729b0238b0e0752f87d320171bb1084018f38c22,LIVE_READ_ENDED_ASSET,E02_B1_handoff_scan
D:\py\DRL2\eval\v3e\stage_b\262422\seed_262012.json,3126,a20a70f952158b6aaedb7c5c4a186e97dcd0e7fc5aa76d10e978ec6815632942,LIVE_READ_ENDED_ASSET,E02_B1_handoff_scan
D:\py\DRL2\eval\v3e\stage_b\262422\seed_262013.json,3400,446bcda1d5003162d51906bcfb2adcd3772887729303a8c32f43100b60bb5d0d,LIVE_READ_ENDED_ASSET,E02_B1_handoff_scan
D:\py\DRL2\eval\v3e\stage_b\262422\seed_262014.json,3996,e4c263515a7be98133e8ebb7e0f6f5de04a3646c11033083d1b09daecfd04cf7,LIVE_READ_ENDED_ASSET,E02_B1_handoff_scan
D:\py\DRL2\eval\v3e\stage_b\262422\seed_262015.json,3752,025afc6e80fb1b10886f60faebbed1f6f613654a77e5ec6eb5f7a96823756fdb,LIVE_READ_ENDED_ASSET,E02_B1_handoff_scan
D:\py\DRL2\eval\v3e\stage_b\262422\seed_262016.json,4129,011373308f297e2b9dfe3fe8f94f003a8fa28a7ce41e8c86a5456414d8839a2e,LIVE_READ_ENDED_ASSET,E02_B1_handoff_scan
D:\py\DRL2\eval\v3e\stage_b\262422\seed_262017.json,97887,2d031822b28abe50f13777960f7856722ce2c164439f0aca1f33447ce389115a,LIVE_READ_ENDED_ASSET,E02_B1_handoff_scan
D:\py\DRL2\eval\v3e\stage_b\262422\seed_262018.json,2916,0c8d3a727f329b9c094eb118f77822811f2dfd051bcffbd7f88dd26036c0e2ac,LIVE_READ_ENDED_ASSET,E02_B1_handoff_scan
D:\py\DRL2\eval\v3e\stage_b\262422\seed_262019.json,3436,b72f148104619b11fba15a382136d12b6335ca280d29bd01af9191c64ae08769,LIVE_READ_ENDED_ASSET,E02_B1_handoff_scan
D:\py\DRL2\eval\v3e\stage_b\262422\seed_262020.json,93078,7e0377a793f9c59679f8e84906f39e30a487964a047c7d92602d5901646f1175,LIVE_READ_ENDED_ASSET,E02_B1_handoff_scan
D:\py\DRL2\eval\v3e\stage_b\262422\seed_262021.json,2615,a93bd910604be3cb866534a45c75ec46ff3ed84e040847614decbfb16f5dae8a,LIVE_READ_ENDED_ASSET,E02_B1_handoff_scan
D:\py\DRL2\eval\v3e\stage_b\262422\seed_262022.json,3885,8e61cd34c39af770c42ea9060ebe79990058959d96e2f21b3f8854c0a9eb5736,LIVE_READ_ENDED_ASSET,E02_B1_handoff_scan
D:\py\DRL2\eval\v3e\stage_b\262422\seed_262023.json,2949,233c5254265fb5b70f32949b474a61b8fd85cc170df7b525a80aa250612946bf,LIVE_READ_ENDED_ASSET,E02_B1_handoff_scan
D:\py\DRL2\eval\v3e\stage_b\262422\seed_262024.json,3164,e68b7a07aa2355d4bc7f481b3e706adb7daa910555319dac548274ec48b821cf,LIVE_READ_ENDED_ASSET,E02_B1_handoff_scan
D:\py\DRL2\eval\v3e\stage_b\262422\seed_262025.json,260022,bac3490b48e3c763895b605b66ddbf34599cb722826695c814ed3f4e7aef5c47,LIVE_READ_ENDED_ASSET,E02_B1_handoff_scan
D:\py\DRL2\eval\v3e\stage_b\262422\seed_262026.json,3233,82255276511d73d07141830e9ccba5a6ba1d1a12efd3d0e58dda4c4042ee3d43,LIVE_READ_ENDED_ASSET,E02_B1_handoff_scan
D:\py\DRL2\eval\v3e\stage_b\262422\seed_262027.json,165732,0ce2d47d476335232cc377fb109f368f05987260bd057459b7dd08600e026aab,LIVE_READ_ENDED_ASSET,E02_B1_handoff_scan
D:\py\DRL2\eval\v3e\stage_b\262422\seed_262028.json,3914,8b7448fb62812f5f21bb32dd5024187791980d10a8a9d3c1754bc13f8a0170f8,LIVE_READ_ENDED_ASSET,E02_B1_handoff_scan
D:\py\DRL2\eval\v3e\stage_b\262422\seed_262029.json,3743,2d02d72d86dfff1e2477f1d629eee5a884a444819f7c89f86213dce4c6455026,LIVE_READ_ENDED_ASSET,E02_B1_handoff_scan
D:\py\DRL2\eval\v3e\stage_b\262422\seed_262030.json,3549,f6404a7cea222d006b0ec2ac4cb08198cf6289529fd31c2699d7df8d3153b25a,LIVE_READ_ENDED_ASSET,E02_B1_handoff_scan
D:\py\DRL2\eval\v3e\stage_b\262422\seed_262031.json,3074,ef5977278c1d769577a5d4f97f2d7700db6cb135b35fc0f33c73c8e4b6d50f66,LIVE_READ_ENDED_ASSET,E02_B1_handoff_scan
D:\py\DRL2\eval\v3e\stage_b\262422\seed_262032.json,2867,116747004d1d8544ead600f9c6e19dab4173a15240fd051459d58a7bf16fe3dc,LIVE_READ_ENDED_ASSET,E02_B1_handoff_scan
D:\py\DRL2\eval\v3e\stage_b\262422\seed_262033.json,3611,2ec5cf3511dc62f4e04b3cc75c9bc0d6d96716c873e2ee5f8e1eb1d890bf06c7,LIVE_READ_ENDED_ASSET,E02_B1_handoff_scan
D:\py\DRL2\eval\v3e\stage_b\262422\seed_262034.json,103786,d31073d4d6ac1452e5e6ec5bca972173f412b8a129beb83f15d1d0072c1c3f06,LIVE_READ_ENDED_ASSET,E02_B1_handoff_scan
D:\py\DRL2\eval\v3e\stage_b\262422\seed_262035.json,141925,b1289c04f4a869fd2d56841b3ccb24130bd791514d556cfa3c4232d13c9b6dca,LIVE_READ_ENDED_ASSET,E02_B1_handoff_scan
D:\py\DRL2\eval\v3e\stage_b\262422\seed_262036.json,4414,b744d3c4583936f8330214e49e39e696f1a0ad29b352c4aecb6739449e97e234,LIVE_READ_ENDED_ASSET,E02_B1_handoff_scan
D:\py\DRL2\eval\v3e\stage_b\262422\seed_262037.json,3661,894fc7b0dcdbf3aec938411fda574a0c7fba5e34f6a497d77e87a65dbd0212c1,LIVE_READ_ENDED_ASSET,E02_B1_handoff_scan
D:\py\DRL2\eval\v3e\stage_b\262422\seed_262038.json,2808,a6e825a01275d244e5cd1b1b5899f6fa2b7020e95d24e2eeb9fcf7df25624908,LIVE_READ_ENDED_ASSET,E02_B1_handoff_scan
D:\py\DRL2\eval\v3e\stage_b\262422\seed_262039.json,2511,f0c7a210bab2dbe626d925e762c895489515132135f67dee02cebaf7aef58b5a,LIVE_READ_ENDED_ASSET,E02_B1_handoff_scan
D:\py\DRL2\eval\v3e\stage_b\262422\seed_262040.json,3196,0b460f83c1310b01d118f6a21225d00b1b80bff6b72f740ce2b7e9da3b23b822,LIVE_READ_ENDED_ASSET,E02_B1_handoff_scan
D:\py\DRL2\eval\v3e\stage_b\262422\seed_262041.json,4083,3c9f6d2da5aeefe908bb94e4e12bf1c31ac973dc4f33bbb263bbed336cdc2daf,LIVE_READ_ENDED_ASSET,E02_B1_handoff_scan
D:\py\DRL2\eval\v3e\stage_b\262422\seed_262042.json,3178,5514cf241f731c6c31da6d8e05c609b9a6cb0e01e6f5d1364bcd88a53dd1595d,LIVE_READ_ENDED_ASSET,E02_B1_handoff_scan
D:\py\DRL2\eval\v3e\stage_b\262422\seed_262043.json,89607,9c4c179810868d48258fbc3c6a10fd1a6ad4f46e5865e5e074ac197814c8f1f7,LIVE_READ_ENDED_ASSET,E02_B1_handoff_scan
D:\py\DRL2\eval\v3e\stage_b\262422\seed_262044.json,3085,d0928b0af692e60d75543a0bd89ae210f184823c5a84fb2b2caa687fe4733de0,LIVE_READ_ENDED_ASSET,E02_B1_handoff_scan
D:\py\DRL2\eval\v3e\stage_b\262422\seed_262045.json,258356,a84316a60e76836008fd3923f09911d18de80da6d72e7ed1a8cb58651cbb9fd9,LIVE_READ_ENDED_ASSET,E02_B1_handoff_scan
D:\py\DRL2\eval\v3e\stage_b\262422\seed_262046.json,4954,09cd5f9e238e088a8290353cfe874deb64185a86f20efa2de1d380df1af3844f,LIVE_READ_ENDED_ASSET,E02_B1_handoff_scan
D:\py\DRL2\eval\v3e\stage_b\262422\seed_262047.json,3078,2b7f9f9b8f93953afebaa13a9fca51482281e285a67c5d91f97735a5e677808b,LIVE_READ_ENDED_ASSET,E02_B1_handoff_scan
D:\py\DRL2\eval\v3e\stage_b\262422\seed_270000.json,106251,b89efd007791a82ba788040d945581043acec28260e92deb4e957544c40b9633,LIVE_READ_ENDED_ASSET,E02_B1_handoff_scan
D:\py\DRL2\eval\v3e\stage_b\262422\seed_270001.json,2796,797233834ad96e24d2ede0c06ff27ffe035df13eeae4b68a401f7c7eebbad912,LIVE_READ_ENDED_ASSET,E02_B1_handoff_scan
D:\py\DRL2\eval\v3e\stage_b\262422\seed_270002.json,195791,10c8538bb75e6a31b5f85dd6dccc361f2ead3f9d6d41cf2385a9c24bcde0f050,LIVE_READ_ENDED_ASSET,E02_B1_handoff_scan
D:\py\DRL2\eval\v3e\stage_b\262422\seed_270003.json,3568,19d839228d0de6b2e4af785c503cd0715b2894e232799466a9c474dfa20ce5b1,LIVE_READ_ENDED_ASSET,E02_B1_handoff_scan
D:\py\DRL2\eval\v3e\stage_b\262422\seed_270004.json,3799,5844e4d860e05e0396d693095de704ae3155a112364b8bd66a7f7649dc83ec36,LIVE_READ_ENDED_ASSET,E02_B1_handoff_scan
D:\py\DRL2\eval\v3e\stage_b\262422\seed_270005.json,3712,249711085070a6d55cac32244539bf109dc45a13f5bf0c940c423df4a83cd996,LIVE_READ_ENDED_ASSET,E02_B1_handoff_scan
D:\py\DRL2\eval\v3e\stage_b\262422\seed_270006.json,3012,e965f7312914479692ae0d5ad7fb4a71387d93ade3114ec2505d6340585c828f,LIVE_READ_ENDED_ASSET,E02_B1_handoff_scan
D:\py\DRL2\eval\v3e\stage_b\262422\seed_270008.json,3943,8cd8fe2182053fd37c7baee6eb4afa28363d717acc49e2a79379e53af4a98d4c,LIVE_READ_ENDED_ASSET,E02_B1_handoff_scan
D:\py\DRL2\eval\v3e\stage_b\262422\seed_270009.json,4827,208b1c30946b6b2bef49236782106244a21af58ef183dff60d53301ec8fd2e09,LIVE_READ_ENDED_ASSET,E02_B1_handoff_scan
D:\py\DRL2\eval\v3e\stage_b\262422\seed_270010.json,3809,6978fedad5e39bc7909f0ed88f510663eda39a19d1c86aa6e3a436ba5541bddd,LIVE_READ_ENDED_ASSET,E02_B1_handoff_scan
D:\py\DRL2\eval\v3e\stage_b\262422\seed_270011.json,3049,a10a92ad60880c630d3045ed66a19ec107aaa42312e8e3648057af626fa31ad9,LIVE_READ_ENDED_ASSET,E02_B1_handoff_scan
D:\py\DRL2\eval\v3e\stage_b\262422\seed_270012.json,3949,520bcee5cae79d66bf3e296bfe6060463159e71d7df9435dd6084db52dc8e6b9,LIVE_READ_ENDED_ASSET,E02_B1_handoff_scan
D:\py\DRL2\eval\v3e\stage_b\262422\seed_270013.json,3771,21bf9ea126019503ab2f7c304b0ca7ad36331c0bf692db2c741c19ed34dc055d,LIVE_READ_ENDED_ASSET,E02_B1_handoff_scan
D:\py\DRL2\eval\v3e\stage_b2\262420\seed_262000.json,14342,e03f71a4c4f754e2248578da611ce141585f5093283983c9f0e3170b403c3c4c,LIVE_READ_ENDED_ASSET,E03_B2lite
D:\py\DRL2\eval\v3e\stage_b2\262420\seed_262001.json,31241,a8140599d0e8186acf39c9f8c26ad67d50c4af29775946dc0327303619b2d656,LIVE_READ_ENDED_ASSET,E03_B2lite
D:\py\DRL2\eval\v3e\stage_b2\262420\seed_262002.json,9737,d07a8d6301f6e8411ccb3bff222bd6e5cc4bad3f9688d8396f2ef1b76d83ca2e,LIVE_READ_ENDED_ASSET,E03_B2lite
D:\py\DRL2\eval\v3e\stage_b2\262420\seed_262003.json,16016,e9d0a92233699d231b5e6e4b73015026748c6d4f9df520d561be7a5991d4ff65,LIVE_READ_ENDED_ASSET,E03_B2lite
D:\py\DRL2\eval\v3e\stage_b2\262420\seed_262004.json,5006,fb4226d718852cd4c5adb14405e112afca5d6e7e9dd8ee008cf5d7b18e539d75,LIVE_READ_ENDED_ASSET,E03_B2lite
D:\py\DRL2\eval\v3e\stage_b2\262420\seed_262005.json,25666,c3f94ec3865b0e88f7a1355643cb386386e1a3a69e089f59c8267976823ed82b,LIVE_READ_ENDED_ASSET,E03_B2lite
D:\py\DRL2\eval\v3e\stage_b2\262420\seed_262006.json,1722,bea89ded3d5ccf459f8166ce14f2b6a086294d6cf34bb21edc0456e82bd3f4c4,LIVE_READ_ENDED_ASSET,E03_B2lite
D:\py\DRL2\eval\v3e\stage_b2\262420\seed_262007.json,15744,576f7b9a8234c33a40cd36cd07781e2d5c301d8772a7eacebd205c378c7a58c7,LIVE_READ_ENDED_ASSET,E03_B2lite
D:\py\DRL2\eval\v3e\stage_b2\262420\seed_262008.json,22975,7c79682c4841216ee778da347546dc90a91f375ce8785aada2f512ab239f6cf8,LIVE_READ_ENDED_ASSET,E03_B2lite
D:\py\DRL2\eval\v3e\stage_b2\262420\seed_262009.json,22231,9407801baa2714cb7d2f900e3ebcf0da534c3a5dde514b0612bf3a05afaf1907,LIVE_READ_ENDED_ASSET,E03_B2lite
D:\py\DRL2\eval\v3e\stage_b2\262420\seed_262010.json,14687,dc0436ed4d6f8f82a33a751f5c04059e2cb725db1a4d8b2e2bb28d2d09224483,LIVE_READ_ENDED_ASSET,E03_B2lite
D:\py\DRL2\eval\v3e\stage_b2\262420\seed_262011.json,29068,d5a7b59e300e8feddec968aeb5cfd85d1186d998dbbdac65f51493619c574bc5,LIVE_READ_ENDED_ASSET,E03_B2lite
D:\py\DRL2\eval\v3e\stage_b2\262420\seed_262012.json,19910,a2c00461b97dacd6b33a8cc0410aa95e5b8892d7c34dbcd49ee3ae8a31097353,LIVE_READ_ENDED_ASSET,E03_B2lite
D:\py\DRL2\eval\v3e\stage_b2\262420\seed_262013.json,19456,815645f02dfc43f4a72f036bab90fcef1e37ffe9618af46af42c43ab9486b0cf,LIVE_READ_ENDED_ASSET,E03_B2lite
D:\py\DRL2\eval\v3e\stage_b2\262420\seed_262014.json,21655,b67f21951bcb01b71fd8a6d74f8f392011adf883db5bd1580d7150f827344e84,LIVE_READ_ENDED_ASSET,E03_B2lite
D:\py\DRL2\eval\v3e\stage_b2\262420\seed_262015.json,2575,00432f9ba10779fd81cbfc2bd8190e49b38ff4cf253e8005ec949804ec166493,LIVE_READ_ENDED_ASSET,E03_B2lite
D:\py\DRL2\eval\v3e\stage_b2\262420\seed_262016.json,34316,0d05d4cb7ef98ad2e80b139cb4028e39729c95c7954ae2fe43b35ec24732e5de,LIVE_READ_ENDED_ASSET,E03_B2lite
D:\py\DRL2\eval\v3e\stage_b2\262420\seed_262017.json,20171,f32960a18fcf8e13e876481310dc7ef02c2c544999d8b844b582eb7f181b9dbb,LIVE_READ_ENDED_ASSET,E03_B2lite
D:\py\DRL2\eval\v3e\stage_b2\262420\seed_262018.json,12859,9328b2e0c278f22617cbbe4fd6fbe7e1830966f5beeabfbd295304444b8ade4e,LIVE_READ_ENDED_ASSET,E03_B2lite
D:\py\DRL2\eval\v3e\stage_b2\262420\seed_262019.json,13916,24d9973f742a2c22c7313bfcdc4b7c3ce67d3e963066c99ee1102dff27fba7a6,LIVE_READ_ENDED_ASSET,E03_B2lite
D:\py\DRL2\eval\v3e\stage_b2\262420\seed_262020.json,18495,013c794ea09b5ae7ac07d8fe1a4db0cb88fc704d61bafb3d620edcc6e58f4356,LIVE_READ_ENDED_ASSET,E03_B2lite
D:\py\DRL2\eval\v3e\stage_b2\262420\seed_262021.json,10484,3bcf86c405da5150bf7c1e9342d2b8f0bd5e3b485cdbfe17ab828dac85cb2eee,LIVE_READ_ENDED_ASSET,E03_B2lite
D:\py\DRL2\eval\v3e\stage_b2\262420\seed_262022.json,26069,a8fcd7809d5b91a37503eeb08989531c51c13b1a598b027e2b8f94166f6df0b8,LIVE_READ_ENDED_ASSET,E03_B2lite
D:\py\DRL2\eval\v3e\stage_b2\262420\seed_262023.json,14924,9d4f799f491338d858eda8c426939a8907e63300fb8cc5263076b837e98b5e83,LIVE_READ_ENDED_ASSET,E03_B2lite
D:\py\DRL2\eval\v3e\stage_b2\262420\seed_262024.json,11800,2216179f2ec1cd4123aea51d7736440c63d14340388c58d03a27fad47d59ed50,LIVE_READ_ENDED_ASSET,E03_B2lite
D:\py\DRL2\eval\v3e\stage_b2\262420\seed_262025.json,31922,041bdbc611ad486bae1cb6d87e86c89345893f686f2aa18b45a650b5993da59f,LIVE_READ_ENDED_ASSET,E03_B2lite
D:\py\DRL2\eval\v3e\stage_b2\262420\seed_262026.json,14166,897aea9acd4659cd5ad15957e66a6317623e812f6a5292d88852d4e85442706f,LIVE_READ_ENDED_ASSET,E03_B2lite
D:\py\DRL2\eval\v3e\stage_b2\262420\seed_262027.json,2767,fbd93f36298ae28920b62c1b04b59ca275aa563a8d57bf758c3cce3e97e15d1a,LIVE_READ_ENDED_ASSET,E03_B2lite
D:\py\DRL2\eval\v3e\stage_b2\262420\seed_262028.json,22222,32732e21c89ee646b37a47508260ff03e534a5127239e9f81f17235b2c6e5fb6,LIVE_READ_ENDED_ASSET,E03_B2lite
D:\py\DRL2\eval\v3e\stage_b2\262420\seed_262029.json,25821,d35b702ae56624ac520c087dbbe028fa90029b26299a0953f2142c6f9f301656,LIVE_READ_ENDED_ASSET,E03_B2lite
D:\py\DRL2\eval\v3e\stage_b2\262420\seed_262030.json,19777,efa6a6851566c414e945ca7157d04e60d851aa0888c679e9c307e34b14f87786,LIVE_READ_ENDED_ASSET,E03_B2lite
D:\py\DRL2\eval\v3e\stage_b2\262420\seed_262031.json,8836,a8b9c4a59f14de0ef798a00b04d65c1e2660157dd8ff2271bc8baf1a605a12b6,LIVE_READ_ENDED_ASSET,E03_B2lite
D:\py\DRL2\eval\v3e\stage_b2\262420\seed_262032.json,12161,2485af56109db9bdcd109b9f37c0d3d50d4905a77236519068fb9eae94f83b19,LIVE_READ_ENDED_ASSET,E03_B2lite
D:\py\DRL2\eval\v3e\stage_b2\262420\seed_262033.json,12067,55361e4ccf7315f63b1e8ed71b6f0088e77f9fe6a7b4bd4c3318f903f049eb13,LIVE_READ_ENDED_ASSET,E03_B2lite
D:\py\DRL2\eval\v3e\stage_b2\262420\seed_262034.json,1989,c31a5e3e4d40803d143900faadc156c9abcdec4231cc4d32ff906a69dd459575,LIVE_READ_ENDED_ASSET,E03_B2lite
D:\py\DRL2\eval\v3e\stage_b2\262420\seed_262035.json,5007,6e402f24d9102cc67d720ab89dd8112845f2b996b4191445dfbf52fcc7841236,LIVE_READ_ENDED_ASSET,E03_B2lite
D:\py\DRL2\eval\v3e\stage_b2\262420\seed_262036.json,30237,3a140669a9582cd09022377316524e6abca125ec935ed7a7de5996a2c65e872d,LIVE_READ_ENDED_ASSET,E03_B2lite
D:\py\DRL2\eval\v3e\stage_b2\262420\seed_262037.json,17162,725811963d90abc98d6948b6dc4738c305cf6b4417f4e72c969a11e99a8510ef,LIVE_READ_ENDED_ASSET,E03_B2lite
D:\py\DRL2\eval\v3e\stage_b2\262420\seed_262038.json,18673,31d04c2adb5485044e023d6be7726fa5c3354486be86c1577f28b6a4d7a35cb1,LIVE_READ_ENDED_ASSET,E03_B2lite
D:\py\DRL2\eval\v3e\stage_b2\262420\seed_262039.json,16516,3f2decfc5b8b1a151c6343c46f60bc3eacb9204eb5dabc03a7b44e858120080f,LIVE_READ_ENDED_ASSET,E03_B2lite
D:\py\DRL2\eval\v3e\stage_b2\262420\seed_262040.json,14028,5c0c2583c4e005a6ca7f7c4b182f7cf8b8b69ed3137f272b8b5c29e596b7ce68,LIVE_READ_ENDED_ASSET,E03_B2lite
D:\py\DRL2\eval\v3e\stage_b2\262420\seed_262041.json,16933,a252be6d2b7e663faf294e58695be0ca2e5e946f137cee9da023c47ecc5706a7,LIVE_READ_ENDED_ASSET,E03_B2lite
D:\py\DRL2\eval\v3e\stage_b2\262420\seed_262042.json,12599,1e3bb9eb7e7baf374266318d1fd12c619ce157ba45130b92cb95d8b025438207,LIVE_READ_ENDED_ASSET,E03_B2lite
D:\py\DRL2\eval\v3e\stage_b2\262420\seed_262043.json,22167,c48afa573d9d4372eb7a201c7fc4c5ef1cf2c8d48c446cc6e9864de6b660b2ef,LIVE_READ_ENDED_ASSET,E03_B2lite
D:\py\DRL2\eval\v3e\stage_b2\262420\seed_262044.json,12247,913c1bde66e88a00c4f7bd5d7f6cea60a31179bd7878ca7347d29f49c8ca6530,LIVE_READ_ENDED_ASSET,E03_B2lite
D:\py\DRL2\eval\v3e\stage_b2\262420\seed_262045.json,22004,6b6588a0cddf16d19983768f697ea554ef1a4e5edbe6df616a24c9dd9540e6f4,LIVE_READ_ENDED_ASSET,E03_B2lite
D:\py\DRL2\eval\v3e\stage_b2\262420\seed_262046.json,16422,0554de6d2c7ebed34dfabb095547878cd5e998bf519ae7a300eb4c6a75f4e3f1,LIVE_READ_ENDED_ASSET,E03_B2lite
D:\py\DRL2\eval\v3e\stage_b2\262420\seed_262047.json,14023,b890eda10459dac7a5a8326d4da5ee41da50d52889fab8b7016e2b4bdf5aee33,LIVE_READ_ENDED_ASSET,E03_B2lite
D:\py\DRL2\eval\v3e\stage_b2\262421\seed_262000.json,12871,34615dad41ba14b2bc1453943411801f2e54505fb72e9d57b8349463ed9f5d75,LIVE_READ_ENDED_ASSET,E03_B2lite
D:\py\DRL2\eval\v3e\stage_b2\262421\seed_262001.json,30086,f70d304cc9f75e1cbb296fa444f90f467edef9bfee0b43d88b156fef891e55ab,LIVE_READ_ENDED_ASSET,E03_B2lite
D:\py\DRL2\eval\v3e\stage_b2\262421\seed_262002.json,9943,5461af82ae4ea5237234a5cba9b3c717bef2c60611a7c9027317ae4fb4654754,LIVE_READ_ENDED_ASSET,E03_B2lite
D:\py\DRL2\eval\v3e\stage_b2\262421\seed_262003.json,19753,93175c765a27c8f7736bbb4cec072de90cfbc734932fe8112c1d4f3afc2b5a9d,LIVE_READ_ENDED_ASSET,E03_B2lite
D:\py\DRL2\eval\v3e\stage_b2\262421\seed_262004.json,2207,68f9b9fe480cf3306d8970c51d4f5f0cc7d826569b23890c1562191859961f42,LIVE_READ_ENDED_ASSET,E03_B2lite
D:\py\DRL2\eval\v3e\stage_b2\262421\seed_262005.json,5009,7c1f55d03e966a9713c20a093a25a347483f18431c0848f82824cca750323436,LIVE_READ_ENDED_ASSET,E03_B2lite
D:\py\DRL2\eval\v3e\stage_b2\262421\seed_262006.json,1699,5c6f0d2b22e74f6faab26cacaa75d2112277b0feb7dce94741888f2299112049,LIVE_READ_ENDED_ASSET,E03_B2lite
D:\py\DRL2\eval\v3e\stage_b2\262421\seed_262007.json,19329,a92bc2be7aa89e9f9ce00528cec1928331739aee6a3df5aa27cedd395ab9ebad,LIVE_READ_ENDED_ASSET,E03_B2lite
D:\py\DRL2\eval\v3e\stage_b2\262421\seed_262008.json,14472,491e5a1c9bc0cba37c9275b01457d737c1326c8929f8f310bbd4fe2eb526bf5e,LIVE_READ_ENDED_ASSET,E03_B2lite
D:\py\DRL2\eval\v3e\stage_b2\262421\seed_262009.json,16859,4cd3f5bc5c9c3eb23aba3d0d2310f4af6b10163f0c9e7e675f8e255869276e88,LIVE_READ_ENDED_ASSET,E03_B2lite
D:\py\DRL2\eval\v3e\stage_b2\262421\seed_262010.json,2732,30543d299af84d44034dea4875cb5ba99705f5d24d48564bc75a45f25a72b4d6,LIVE_READ_ENDED_ASSET,E03_B2lite
D:\py\DRL2\eval\v3e\stage_b2\262421\seed_262011.json,5002,950deb0aac513eb90342bb91437521dd185dd1562aacb68316d23ecc799a6c6d,LIVE_READ_ENDED_ASSET,E03_B2lite
D:\py\DRL2\eval\v3e\stage_b2\262421\seed_262012.json,20540,5a8ed8217de1b6e4cbc76e08ad6e7f356f3649f4d575f43f1241bfed89431aa3,LIVE_READ_ENDED_ASSET,E03_B2lite
D:\py\DRL2\eval\v3e\stage_b2\262421\seed_262013.json,24574,f64ef666872289a153485a036c748e00f954e5eff0af536ca47315039ded23da,LIVE_READ_ENDED_ASSET,E03_B2lite
D:\py\DRL2\eval\v3e\stage_b2\262421\seed_262014.json,5015,121c0d04077ea50212dc10cff368e6d70b11f04885972e6d4a3aa2bdd48727a7,LIVE_READ_ENDED_ASSET,E03_B2lite
D:\py\DRL2\eval\v3e\stage_b2\262421\seed_262015.json,2605,4f8782750d3c167fc9b5d9abb9d829ece05bfd46650de6a45f7effb810b2adfc,LIVE_READ_ENDED_ASSET,E03_B2lite
D:\py\DRL2\eval\v3e\stage_b2\262421\seed_262016.json,26175,07d99a45a13a2f115158f496b65c5f2e28b3f8763044dc3e2379fb8a68a5bf7a,LIVE_READ_ENDED_ASSET,E03_B2lite
D:\py\DRL2\eval\v3e\stage_b2\262421\seed_262017.json,18077,b927f21003199e0a7da1214c40de01a630ec1777a4046433fd8b2a8b9f4de3b9,LIVE_READ_ENDED_ASSET,E03_B2lite
D:\py\DRL2\eval\v3e\stage_b2\262421\seed_262018.json,12253,b01a5b8decbc27957f6ef186250f5eff4b6852cdb13d5fb8660ae64030e6c1aa,LIVE_READ_ENDED_ASSET,E03_B2lite
D:\py\DRL2\eval\v3e\stage_b2\262421\seed_262019.json,17231,7d020aac2788a50372a9d772df4ca714823d78dba88f45fafa077f6d33f06af5,LIVE_READ_ENDED_ASSET,E03_B2lite
D:\py\DRL2\eval\v3e\stage_b2\262421\seed_262020.json,17725,93e96e86ec3b09886dababe160b05453b7a667ecd3c85a5ca3ef0ffd7778edcd,LIVE_READ_ENDED_ASSET,E03_B2lite
D:\py\DRL2\eval\v3e\stage_b2\262421\seed_262021.json,11091,bb92181ed0a0ec1c7151bcbdd9b17b7e8d2e8fbae1209f9b29111981f5ce36bf,LIVE_READ_ENDED_ASSET,E03_B2lite
D:\py\DRL2\eval\v3e\stage_b2\262421\seed_262022.json,5010,df13c047523fe0513e8b2f6e9fafb2f128d8c97669c45e3a9eaca3aaa598f6b7,LIVE_READ_ENDED_ASSET,E03_B2lite
D:\py\DRL2\eval\v3e\stage_b2\262421\seed_262023.json,11201,fe028675c1886301b09b1998606c1e896d573cf7eb63ef08d8f26967306a77a9,LIVE_READ_ENDED_ASSET,E03_B2lite
D:\py\DRL2\eval\v3e\stage_b2\262421\seed_262024.json,11656,40d4f2eaee7046697297655dbfa82994bcf4cfee57b052acc3947c43ea3c1548,LIVE_READ_ENDED_ASSET,E03_B2lite
D:\py\DRL2\eval\v3e\stage_b2\262421\seed_262025.json,4997,81cc0471f2329cb4dda08c36e25995629447901ed2cf808071e80b62b0215ec2,LIVE_READ_ENDED_ASSET,E03_B2lite
D:\py\DRL2\eval\v3e\stage_b2\262421\seed_262026.json,17556,8469f1636143eabe2e280c3fbd32db52dd23bd90e3959f240b4dc6a464c44842,LIVE_READ_ENDED_ASSET,E03_B2lite
D:\py\DRL2\eval\v3e\stage_b2\262421\seed_262027.json,5003,55ea09392a604d272a05120cf7b07566c3e2b30f1c8c73f43ff52e47415255d9,LIVE_READ_ENDED_ASSET,E03_B2lite
D:\py\DRL2\eval\v3e\stage_b2\262421\seed_262028.json,25689,02f0018bbbbba8143de9346eb87abf6346e8fa8e023cd284172ec92cfec3501c,LIVE_READ_ENDED_ASSET,E03_B2lite
D:\py\DRL2\eval\v3e\stage_b2\262421\seed_262029.json,5008,ef1033308e6e5afbdcd7c065c196f4ab48061afc525e2e55d8961633fa3be190,LIVE_READ_ENDED_ASSET,E03_B2lite
D:\py\DRL2\eval\v3e\stage_b2\262421\seed_262030.json,18910,1c1044eb11dbf2d6cca1a69dfcfe952b70c2444e272f6f5a4dacba9994ab9df7,LIVE_READ_ENDED_ASSET,E03_B2lite
D:\py\DRL2\eval\v3e\stage_b2\262421\seed_262031.json,9744,633f965883de5ecd504c381184555a5cc38acb993bf1a68286340f7c5b643338,LIVE_READ_ENDED_ASSET,E03_B2lite
D:\py\DRL2\eval\v3e\stage_b2\262421\seed_262032.json,13175,8de4bf0a1cf70c52b8091a7af99e1c8af25a647f143cfbc90d5b69562d74e35e,LIVE_READ_ENDED_ASSET,E03_B2lite
D:\py\DRL2\eval\v3e\stage_b2\262421\seed_262033.json,11960,cebf105b243c4569d34cea8af5b584a203b4c70263b1fed3d293a61105f85c27,LIVE_READ_ENDED_ASSET,E03_B2lite
D:\py\DRL2\eval\v3e\stage_b2\262421\seed_262034.json,1925,04479a62520fd9129d4d56f5c7831e51d0308e7b27957a66ddbaed05248122a9,LIVE_READ_ENDED_ASSET,E03_B2lite
D:\py\DRL2\eval\v3e\stage_b2\262421\seed_262035.json,5014,e2b16d9d6ae56f3eb09774123ca372d7e367abe3138cef020ffa36ea880468ba,LIVE_READ_ENDED_ASSET,E03_B2lite
D:\py\DRL2\eval\v3e\stage_b2\262421\seed_262036.json,24832,5dcd067764cee2daebbb75fa71aefb2063c86df841bdcf7db92f1e8f43e58181,LIVE_READ_ENDED_ASSET,E03_B2lite
D:\py\DRL2\eval\v3e\stage_b2\262421\seed_262037.json,12390,754413fa69efaf145579c4323b12762b0d19b04ed467dc5a46a7a387685a68b7,LIVE_READ_ENDED_ASSET,E03_B2lite
D:\py\DRL2\eval\v3e\stage_b2\262421\seed_262038.json,23074,64c99aaec76f2c86af5ee5881369c1cd1e4756bbe52a99b3e8701b8b5a952da2,LIVE_READ_ENDED_ASSET,E03_B2lite
D:\py\DRL2\eval\v3e\stage_b2\262421\seed_262039.json,19980,a2dc13fb7ac6fa8bb890ad4750749090982b246e7735ca3c8e2559820af892d1,LIVE_READ_ENDED_ASSET,E03_B2lite
D:\py\DRL2\eval\v3e\stage_b2\262421\seed_262040.json,16416,6f53817c1be28575f4686f874f56cfdc3f61a660dc4b75fe3d269bc5ddfb0ada,LIVE_READ_ENDED_ASSET,E03_B2lite
D:\py\DRL2\eval\v3e\stage_b2\262421\seed_262041.json,5011,5f8fda11b3a563eb0c478913461d67252f0c34ff89b0dd9dc160d07cf1c62a26,LIVE_READ_ENDED_ASSET,E03_B2lite
D:\py\DRL2\eval\v3e\stage_b2\262421\seed_262042.json,13555,057ff2cdd0114e4114f52e201ac07e64dc89e0fe607aed7944234072bbd55dc8,LIVE_READ_ENDED_ASSET,E03_B2lite
D:\py\DRL2\eval\v3e\stage_b2\262421\seed_262043.json,5023,9368e802f236bdb6687bd7e783e23446e04ed828b052f3f564a20198ccd4c840,LIVE_READ_ENDED_ASSET,E03_B2lite
D:\py\DRL2\eval\v3e\stage_b2\262421\seed_262044.json,12738,91cbb7cdb9eee1bf7f736e387f00e13d704a79b47d618b326fc90229bc3645ec,LIVE_READ_ENDED_ASSET,E03_B2lite
D:\py\DRL2\eval\v3e\stage_b2\262421\seed_262045.json,17539,8f7c4f6a4802abf939785f9e04223ea2032857f107c1964bdfa70e044c22c85c,LIVE_READ_ENDED_ASSET,E03_B2lite
D:\py\DRL2\eval\v3e\stage_b2\262421\seed_262046.json,17289,eeb7ba815d5f60c4fbd014cc6c487903224e1af8033313ab50f27db1e5dd0c81,LIVE_READ_ENDED_ASSET,E03_B2lite
D:\py\DRL2\eval\v3e\stage_b2\262421\seed_262047.json,15640,9c54dc881ca5563b9817d257c06a299a44d5608ab7ce7530375c84c1a09fe31c,LIVE_READ_ENDED_ASSET,E03_B2lite
D:\py\DRL2\eval\v3e\stage_b2\262422\seed_262000.json,10637,c6195e7eb0aa3a9f318ad51259d0e2b24b55f437ede46c10339ad005b06302fb,LIVE_READ_ENDED_ASSET,E03_B2lite
D:\py\DRL2\eval\v3e\stage_b2\262422\seed_262001.json,25414,595644a31d85be6572cfc76e90833e9c2373837ff857591b7c1ba3b88901106b,LIVE_READ_ENDED_ASSET,E03_B2lite
D:\py\DRL2\eval\v3e\stage_b2\262422\seed_262002.json,8526,97164038bf37f6de007b117b243c0bff8347f889f9e3cfca514f2580fa502d64,LIVE_READ_ENDED_ASSET,E03_B2lite
D:\py\DRL2\eval\v3e\stage_b2\262422\seed_262003.json,19197,ab7789894f3d617c914a26dffacf3b652fd0b1648aec32d3f79c60edb1033b5c,LIVE_READ_ENDED_ASSET,E03_B2lite
D:\py\DRL2\eval\v3e\stage_b2\262422\seed_262004.json,5020,3b681ab84325fc65f27d1a1ad8f1a5d80cf931ed4655599d4576acca830a4d82,LIVE_READ_ENDED_ASSET,E03_B2lite
D:\py\DRL2\eval\v3e\stage_b2\262422\seed_262005.json,27674,f335ee28b394c668a542e26702314b7c201e1288be3669b658849716e9de92fd,LIVE_READ_ENDED_ASSET,E03_B2lite
D:\py\DRL2\eval\v3e\stage_b2\262422\seed_262006.json,1709,489c6212e1d4a0a77e3ed58d18dd0c0e8c2136c64b710524af5377f663056d7c,LIVE_READ_ENDED_ASSET,E03_B2lite
D:\py\DRL2\eval\v3e\stage_b2\262422\seed_262007.json,18667,aefd25dcc88fa75d0e1e357227bfd0bbe760ce7fd5453e1f7003ee5f9be5a9a7,LIVE_READ_ENDED_ASSET,E03_B2lite
D:\py\DRL2\eval\v3e\stage_b2\262422\seed_262008.json,14766,234ce09f72c9e7bfe58a4f6ebd7f74cc866f65e250e0d91ecac2856e2e6fe6d5,LIVE_READ_ENDED_ASSET,E03_B2lite
D:\py\DRL2\eval\v3e\stage_b2\262422\seed_262009.json,15626,fe1b3e724bd8f8ceca0851e54bbcc757ef575970f8f0577e2bba54d4323a7d25,LIVE_READ_ENDED_ASSET,E03_B2lite
D:\py\DRL2\eval\v3e\stage_b2\262422\seed_262010.json,24970,5443593844f3556c9d4c64f9deaf4b77e668646da7bf95decdd4e053039bbdae,LIVE_READ_ENDED_ASSET,E03_B2lite
D:\py\DRL2\eval\v3e\stage_b2\262422\seed_262011.json,24891,b6c491665a71c574c00dcf0dce24f8a12b40214d9d2011a89aa57c252b456674,LIVE_READ_ENDED_ASSET,E03_B2lite
D:\py\DRL2\eval\v3e\stage_b2\262422\seed_262012.json,14267,11b901c55dd6a19285593814db349a9767a471465750ba87c06154f3c4043981,LIVE_READ_ENDED_ASSET,E03_B2lite
D:\py\DRL2\eval\v3e\stage_b2\262422\seed_262013.json,21078,369d63de0c5e2e7d36befc0ff6b2efc9e60c91fec78f701bf987b5dd8036dc2d,LIVE_READ_ENDED_ASSET,E03_B2lite
D:\py\DRL2\eval\v3e\stage_b2\262422\seed_262014.json,21062,e1edf17d99f1924f0a37a41b00c0a1214fbc7001a6b7ca921d0b8b7074fcfc60,LIVE_READ_ENDED_ASSET,E03_B2lite
D:\py\DRL2\eval\v3e\stage_b2\262422\seed_262015.json,22589,bef4462db4f30133b797ae68a27e1c3027828c94311c78da505d73a366c429a6,LIVE_READ_ENDED_ASSET,E03_B2lite
D:\py\DRL2\eval\v3e\stage_b2\262422\seed_262016.json,34941,17c7596296181aa5b3a949c1da4ab5092e3a92d0fff9a7657931af436ef99a3b,LIVE_READ_ENDED_ASSET,E03_B2lite
D:\py\DRL2\eval\v3e\stage_b2\262422\seed_262017.json,2741,18bbf94aba5ad8386d022e3291698050860ec2f021a0055847c067d8d1a65410,LIVE_READ_ENDED_ASSET,E03_B2lite
D:\py\DRL2\eval\v3e\stage_b2\262422\seed_262018.json,13974,9b823169a46e1e7ec632a1443d9bc86f9a0e886659c678eb62eeb40cef6b11ce,LIVE_READ_ENDED_ASSET,E03_B2lite
D:\py\DRL2\eval\v3e\stage_b2\262422\seed_262019.json,15591,c85ab4c0a83d97315432d05c10d8667674f41df0f8c8dbb7fd60c885ed398ea9,LIVE_READ_ENDED_ASSET,E03_B2lite
D:\py\DRL2\eval\v3e\stage_b2\262422\seed_262020.json,2217,5b9a963b375bb54b99e49323c164f179542c3abc704f34e68fac49be097b7d80,LIVE_READ_ENDED_ASSET,E03_B2lite
D:\py\DRL2\eval\v3e\stage_b2\262422\seed_262021.json,10280,0ecb1a949c470e2bd6f10636cf795bbac21c4f23023d4005f64ba5c8877e817e,LIVE_READ_ENDED_ASSET,E03_B2lite
D:\py\DRL2\eval\v3e\stage_b2\262422\seed_262022.json,32514,9c70fd7412a31255d1050d40f6eefd334c02d81a44fb75f5e70ca5ad690dfefa,LIVE_READ_ENDED_ASSET,E03_B2lite
D:\py\DRL2\eval\v3e\stage_b2\262422\seed_262023.json,16932,e6a23887ef6994588fcdf5fdd420906900fe211cd12c16d360a4d7cd6174c0dd,LIVE_READ_ENDED_ASSET,E03_B2lite
D:\py\DRL2\eval\v3e\stage_b2\262422\seed_262024.json,15637,85cd2d15a0a3cd52e293ded8997ff49a960b62d995e41fe9cae266a7b1140afb,LIVE_READ_ENDED_ASSET,E03_B2lite
D:\py\DRL2\eval\v3e\stage_b2\262422\seed_262025.json,5018,e77a09ac20211842889fc007cfc855d152d3ac3f2faa6c4e4840994cd3d6e0f3,LIVE_READ_ENDED_ASSET,E03_B2lite
D:\py\DRL2\eval\v3e\stage_b2\262422\seed_262026.json,15031,580f397150645374bf804f4ce119b49f29bb6dba54652683f923d889fb90e544,LIVE_READ_ENDED_ASSET,E03_B2lite
D:\py\DRL2\eval\v3e\stage_b2\262422\seed_262027.json,3377,ad84a724a09bef6cd6911760282c17451c9d53e60f45b6c5457a0f885d228fc1,LIVE_READ_ENDED_ASSET,E03_B2lite
D:\py\DRL2\eval\v3e\stage_b2\262422\seed_262028.json,25886,a522af4646dc4e982523336e316fa4db50b860c59a4982be8ba61790b0766ade,LIVE_READ_ENDED_ASSET,E03_B2lite
D:\py\DRL2\eval\v3e\stage_b2\262422\seed_262029.json,33018,0942c8f50a99ef0cfa330c80b6cc8bf579876dfaccfa443de507b57558fb4f4b,LIVE_READ_ENDED_ASSET,E03_B2lite
D:\py\DRL2\eval\v3e\stage_b2\262422\seed_262030.json,19024,a1ec09d846f809decdeb75a41dbf89760ab3d6f92702e7099c1eeee0f00036ed,LIVE_READ_ENDED_ASSET,E03_B2lite
D:\py\DRL2\eval\v3e\stage_b2\262422\seed_262031.json,13915,dc53936805ccc07bdde2fcb14a5571c984545df92e684f0d56e17a5b2b6d64c9,LIVE_READ_ENDED_ASSET,E03_B2lite
D:\py\DRL2\eval\v3e\stage_b2\262422\seed_262032.json,12138,574934ba9996fecb10ff3250a3bbb9a2fe4271fdc7ea8760fff82256e20818d9,LIVE_READ_ENDED_ASSET,E03_B2lite
D:\py\DRL2\eval\v3e\stage_b2\262422\seed_262033.json,15812,3e0cef1890b4c20fda3afeed5ef4b0bba324009fa1a8d9a8eac50843591eaa9d,LIVE_READ_ENDED_ASSET,E03_B2lite
D:\py\DRL2\eval\v3e\stage_b2\262422\seed_262034.json,2303,ffbe63464358f828d14233202d3dd2123cf52e41057a0efb5d0f3c1e41fc2f70,LIVE_READ_ENDED_ASSET,E03_B2lite
D:\py\DRL2\eval\v3e\stage_b2\262422\seed_262035.json,2351,4cbdbe46a609dc1d22a8d47acdaebaff09c1313a102ccdcb1cf07685fb6ff93d,LIVE_READ_ENDED_ASSET,E03_B2lite
D:\py\DRL2\eval\v3e\stage_b2\262422\seed_262036.json,29934,66600e942bdcfb96c051d23a4f54bdf0d0cbd5362d74e3af73f1123cd38bb216,LIVE_READ_ENDED_ASSET,E03_B2lite
D:\py\DRL2\eval\v3e\stage_b2\262422\seed_262037.json,15595,62a1993a0aea3083302996eab39232db8e5301d7153d64e7e4b105dd2a66a30d,LIVE_READ_ENDED_ASSET,E03_B2lite
D:\py\DRL2\eval\v3e\stage_b2\262422\seed_262038.json,17006,72c85e957697b6d4a7b9aae7d1a68659e6dd73e51337b71fef7acc26496260ff,LIVE_READ_ENDED_ASSET,E03_B2lite
D:\py\DRL2\eval\v3e\stage_b2\262422\seed_262039.json,15222,2816f50dd4925e27ff74d32fa388fee04649722846179633e8100692a90eaf05,LIVE_READ_ENDED_ASSET,E03_B2lite
D:\py\DRL2\eval\v3e\stage_b2\262422\seed_262040.json,15417,3921d9a3c1ad66592689e12db92a81572ea231e6d1e2821123ed8a3ecee79db6,LIVE_READ_ENDED_ASSET,E03_B2lite
D:\py\DRL2\eval\v3e\stage_b2\262422\seed_262041.json,20588,a6d692d82907ed7b9c441b9a6b60c177c2804f6e54939a28a2e9651fbb902910,LIVE_READ_ENDED_ASSET,E03_B2lite
D:\py\DRL2\eval\v3e\stage_b2\262422\seed_262042.json,13687,d94a9bdc403bdbb65a1a028eb87bb36907ec8c56bfa4ff246c5b7443d8a4bdbf,LIVE_READ_ENDED_ASSET,E03_B2lite
D:\py\DRL2\eval\v3e\stage_b2\262422\seed_262043.json,2365,5a32db33ef970dfef22f54911754dd51fbcffedeb5a793562ed6ab81f7b1c756,LIVE_READ_ENDED_ASSET,E03_B2lite
D:\py\DRL2\eval\v3e\stage_b2\262422\seed_262044.json,12600,b2455276f6545cb2e41c184f464036ab868636b605161cd26c7217c9f9f2a76e,LIVE_READ_ENDED_ASSET,E03_B2lite
D:\py\DRL2\eval\v3e\stage_b2\262422\seed_262045.json,5006,9011a361659946379bb7fc673de60de550e28b686633817a72deebe490bfeb24,LIVE_READ_ENDED_ASSET,E03_B2lite
D:\py\DRL2\eval\v3e\stage_b2\262422\seed_262046.json,24789,bd5ae099b7da663cef0ed9a0c76199f3eecbcaf227c19a954556d1061ca106f8,LIVE_READ_ENDED_ASSET,E03_B2lite
D:\py\DRL2\eval\v3e\stage_b2\262422\seed_262047.json,13062,6327c328f6967633bdefbdba7d83c6a9bee861204e9c40664254d8ca6dd967b1,LIVE_READ_ENDED_ASSET,E03_B2lite
D:\py\DRL2_v3e\logs\adp_rf_262410\final_model.zip,9228368,21d2d6e1867b52c54773c6b5bc5e23f14eea1af58312072b2013bc10b7875a84,LIVE_READ_ENDED_ASSET,I01_round1_adaptive
D:\py\DRL2_v3e\logs\adp_rf_262410\manifest.json,13055,abe53da653fe52eff635ac90167c5426fba22060b8a89b624fa493d5b52a6296,LIVE_READ_ENDED_ASSET,I01_round1_adaptive
D:\py\DRL2_v3e\logs\adp_rf_262410\train.monitor.csv,35273,c14aff5166c2c4be0182ea7c631c9c5d77a071cca9a060cf7d571f7f2975b7bb,LIVE_READ_ENDED_ASSET,I01_round1_adaptive
D:\py\DRL2_v3e\logs\adp_rf_262411\final_model.zip,9228368,b44ec80ea348816a4a2a0c9a2e9e90a193c0fc5beaf1be7f34eb344420d5f92e,LIVE_READ_ENDED_ASSET,I01_round1_adaptive
D:\py\DRL2_v3e\logs\adp_rf_262411\manifest.json,13055,99f229bc2b560e4f591d5bd484a5ca5a37520e3ccb36ea5542309b7f6c5ae3db,LIVE_READ_ENDED_ASSET,I01_round1_adaptive
D:\py\DRL2_v3e\logs\adp_rf_262411\train.monitor.csv,37260,1945e20cb80329408346b60c79bd1f644be9d080b046103a0f636ba6d9d54f1e,LIVE_READ_ENDED_ASSET,I01_round1_adaptive
D:\py\DRL2_v3e\logs\adp_rf_262412\final_model.zip,9228368,077add480719053fa46688cc75c6e05ee17e525c42bac53b63c975fd3ba6b618,LIVE_READ_ENDED_ASSET,I01_round1_adaptive
D:\py\DRL2_v3e\logs\adp_rf_262412\manifest.json,13055,98c7d7c998c76650655916d9301cb30a5b95c369d3c4bfee52407e9445994304,LIVE_READ_ENDED_ASSET,I01_round1_adaptive
D:\py\DRL2_v3e\logs\adp_rf_262412\train.monitor.csv,35621,ed83cab0304892304328563910fa1804d47f10bd658596ae64331b47f7e76b15,LIVE_READ_ENDED_ASSET,I01_round1_adaptive
D:\py\DRL2_v3e\logs\final2_262460\final_model.zip,15086148,86703e4620a1b0ed7087f9466599a5e00a10e89b3226260e5a6899d65c531fcb,LIVE_READ_ENDED_ASSET,F01_final2_training
D:\py\DRL2_v3e\logs\final2_262460\manifest.json,12271,9ad5fd2b53594708151464cd806012738f416293b3f58ec38348c35dd27bb0b1,LIVE_READ_ENDED_ASSET,F01_final2_training
D:\py\DRL2_v3e\logs\final2_262460\train.monitor.csv,60889,28e7f17a3c94553dec862e985c46e1d7abe0502581a9f1425e6618097407f1ce,LIVE_READ_ENDED_ASSET,F01_final2_training
D:\py\DRL2_v3e\logs\final2_262462\final_model.zip,15086123,bb0e52c022fa74ce7e1b273c9dc0081bc4a969a30e584d5976901194bbea768f,LIVE_READ_ENDED_ASSET,F01_final2_training
D:\py\DRL2_v3e\logs\final2_262462\manifest.json,12273,922aa7398b45aed67c35c04b5eeb12ae755aca971a3623b9dc48cdc5bf19e0d7,LIVE_READ_ENDED_ASSET,F01_final2_training
D:\py\DRL2_v3e\logs\final2_262462\train.monitor.csv,66763,7855f48dae9396a517ab0bf4c8c58b556c8d67fd7d0d46fe7f6f1a7368dd5e51,LIVE_READ_ENDED_ASSET,F01_final2_training
D:\py\DRL2_v3e\logs\fullmission_sac_200k_seed260830\manifest.json,15596,0f4965e7208c671a6d897b96f22ef481a9aec0fe4c545226a1be3038c337f967,LIVE_READ_ENDED_ASSET,E01_V3e_60k_valueR2
D:\py\DRL2_v3e\logs\fullmission_sac_200k_seed260830\train.monitor.csv,19507,992aba43baec9f9fcfeef6395f1b7080d60999fda69fd936385f45b0107cf0c5,LIVE_READ_ENDED_ASSET,E01_V3e_60k_valueR2
D:\py\DRL2_v3e\logs\fullmission_sac_200k_seed260831\manifest.json,15596,bfad587871a6228fad172b792ce326896df7871cd48a4a4ab7c5adee7d0c8c21,LIVE_READ_ENDED_ASSET,E01_V3e_60k_valueR2
D:\py\DRL2_v3e\logs\fullmission_sac_200k_seed260831\train.monitor.csv,21809,fcbda2f51911b1952785645a8c029f61675c9522ed1984e05c2df9746c39e8f8,LIVE_READ_ENDED_ASSET,E01_V3e_60k_valueR2
D:\py\DRL2_v3e\logs\fullmission_sac_200k_seed260832\manifest.json,15596,2f3ba07c0ccb348eb0f5a49bb04cb5e8f8931af99f929a0b5545584af9aa649f,LIVE_READ_ENDED_ASSET,E01_V3e_60k_valueR2
D:\py\DRL2_v3e\logs\fullmission_sac_200k_seed260832\train.monitor.csv,30528,d7ec1298f5a1ba6cb065bf044563975e16ccad1e90177794694a062c3c08f08f,LIVE_READ_ENDED_ASSET,E01_V3e_60k_valueR2
D:\py\DRL2_v3e\logs\gatefree_sac_150k_seed260840\manifest.json,15607,a6e49484c7981e269c49262b37bb774ac496e98490588b7246e8aa33a72632f9,LIVE_READ_ENDED_ASSET,E01_V3e_60k_valueR2
D:\py\DRL2_v3e\logs\gatefree_sac_150k_seed260840\train.monitor.csv,30593,b9c0872d6623d27a8687f46eeab58ec07a30ac0b104cfdd3b7a2547044ccd3e7,LIVE_READ_ENDED_ASSET,E01_V3e_60k_valueR2
D:\py\DRL2_v3e\logs\gatefree_sac_150k_seed260841\manifest.json,15607,7291055dcd733f84506d42238b550691977e112930400008f20eade33ec819e4,LIVE_READ_ENDED_ASSET,E01_V3e_60k_valueR2
D:\py\DRL2_v3e\logs\gatefree_sac_150k_seed260841\train.monitor.csv,58427,9e1c33c75006548d88648e554a0c7a548f9596507018187d2337357c68bc8978,LIVE_READ_ENDED_ASSET,E01_V3e_60k_valueR2
D:\py\DRL2_v3e\logs\gatefree_sac_150k_seed260842\manifest.json,15607,ea7146058d0a2fb1ddca2f8ba412995d1a79af54ffcabc863d6ded355e4bcdab,LIVE_READ_ENDED_ASSET,E01_V3e_60k_valueR2
D:\py\DRL2_v3e\logs\gatefree_sac_150k_seed260842\train.monitor.csv,41359,6c4973562923bbdc386634c17764e749559a92045620f803d68a4a1a7bbc48ac,LIVE_READ_ENDED_ASSET,E01_V3e_60k_valueR2
D:\py\DRL2_v3e\logs\gatefree_sac_400k_fix_seed260860\manifest.json,15593,3eaa57e9e413273e977f2a9e1a21e800c0c972182c5a4c97bc4ea8723325fd0d,LIVE_READ_ENDED_ASSET,E01_V3e_60k_valueR2
D:\py\DRL2_v3e\logs\gatefree_sac_400k_fix_seed260860\train.monitor.csv,45108,6db09094ca286eaa3afcb523848a5c36826438519643906b595cfe0229a63089,LIVE_READ_ENDED_ASSET,E01_V3e_60k_valueR2
D:\py\DRL2_v3e\logs\gatefree_sac_400k_fix_seed260861\manifest.json,15593,7267eec631ded54af18608969fb83b15066872c65b179d91883a90504697e765,LIVE_READ_ENDED_ASSET,E01_V3e_60k_valueR2
D:\py\DRL2_v3e\logs\gatefree_sac_400k_fix_seed260861\train.monitor.csv,62024,2f76b86af94038488f2915f9aafe50233b46e8d3e9fd93a8da4b21fdcaf9c8f9,LIVE_READ_ENDED_ASSET,E01_V3e_60k_valueR2
D:\py\DRL2_v3e\logs\gatefree_sac_400k_fix_seed260862\manifest.json,15593,6c71186483e471298bfbb702d9f325118f35e74f9e5e51f53f712af4e9965fd9,LIVE_READ_ENDED_ASSET,E01_V3e_60k_valueR2
D:\py\DRL2_v3e\logs\gatefree_sac_400k_fix_seed260862\train.monitor.csv,66914,9a9f7b2b2da0da3062f4d11768a00616fb9cbb8770131b31cb2c22a387c942f0,LIVE_READ_ENDED_ASSET,E01_V3e_60k_valueR2
D:\py\DRL2_v3e\logs\gatefree_sac_400k_seed260850\manifest.json,15641,7e16bca615935d04c4a566f643b93a34e8f83af2042d310068e205c6d23f90af,LIVE_READ_ENDED_ASSET,E01_V3e_60k_valueR2
D:\py\DRL2_v3e\logs\gatefree_sac_400k_seed260850\train.monitor.csv,59973,86f796a159f77271e0291ef5334032462b5e291be04b72a75f35612be03e72ed,LIVE_READ_ENDED_ASSET,E01_V3e_60k_valueR2
D:\py\DRL2_v3e\logs\gatefree_sac_400k_seed260851\manifest.json,15641,2d4e08cfc39cd353eb3eaf33828f8b42568e7bc366daee2f25b942f4772d9ad9,LIVE_READ_ENDED_ASSET,E01_V3e_60k_valueR2
D:\py\DRL2_v3e\logs\gatefree_sac_400k_seed260851\train.monitor.csv,67884,6eed479136cef69845f86095b171e0eb83510ae7bc9e1aa9463a87cdb1fe75b7,LIVE_READ_ENDED_ASSET,E01_V3e_60k_valueR2
D:\py\DRL2_v3e\logs\gatefree_sac_400k_seed260852\manifest.json,15641,f710ca2e9deaf16446421d412d23228f5a71261b3bbfaacffac19820500deb71,LIVE_READ_ENDED_ASSET,E01_V3e_60k_valueR2
D:\py\DRL2_v3e\logs\gatefree_sac_400k_seed260852\train.monitor.csv,65381,688545b1842ac3a19313cb7faec5c10a115d0fe52c6119a913d3a9b65e6fc9c1,LIVE_READ_ENDED_ASSET,E01_V3e_60k_valueR2
D:\py\DRL2_v3e\logs\hybrid\sac_mpc_hybrid_262100\manifest.json,10251,6d133d346534993a38cf584a9a0873b248927b9ddcc05f890456c87bdac5e849,LIVE_READ_ENDED_ASSET,E01_V3e_60k_valueR2
D:\py\DRL2_v3e\logs\hybrid\sac_mpc_hybrid_262100\train.monitor.csv,24282,4a1caccadf5dab6b84efac8c4de0c5d6f424e1d7f2431d23b2b849404f970b1a,LIVE_READ_ENDED_ASSET,E01_V3e_60k_valueR2
D:\py\DRL2_v3e\logs\hybrid\sac_mpc_hybrid_262101\manifest.json,10251,9b8c14165e8d69901db36c7c76360bae1764389c653df5210f3277a7edaef9f5,LIVE_READ_ENDED_ASSET,E01_V3e_60k_valueR2
D:\py\DRL2_v3e\logs\hybrid\sac_mpc_hybrid_262101\train.monitor.csv,22704,51e05ab3bfe564d83d5966ca598dcc187d34c8d27df89a8b293f00edaf6b40f8,LIVE_READ_ENDED_ASSET,E01_V3e_60k_valueR2
D:\py\DRL2_v3e\logs\hybrid\sac_mpc_hybrid_262102\manifest.json,10251,4cda0738ab232d64ffaf4b0fa62ec7a4435ba8e3cf44cf2065929291f5baa37f,LIVE_READ_ENDED_ASSET,E01_V3e_60k_valueR2
D:\py\DRL2_v3e\logs\hybrid\sac_mpc_hybrid_262102\train.monitor.csv,24051,e95995cc386eb9516e1ec751bc9141a6bd7951655bb42f86c73ec6d5adbc0148,LIVE_READ_ENDED_ASSET,E01_V3e_60k_valueR2
D:\py\DRL2_v3e\logs\hybrid\sac_mpc_hybrid_v2_262100\manifest.json,10501,d635d5d0b8cb494d7a8d6cc3b4417e8b96719eff66e5526864ce177ffa8a04bd,LIVE_READ_ENDED_ASSET,E01_V3e_60k_valueR2
D:\py\DRL2_v3e\logs\hybrid\sac_mpc_hybrid_v2_262100\train.monitor.csv,11537,93097e2be704824119974685289c49c743db9574e45b975dd1058405ecaa2873,LIVE_READ_ENDED_ASSET,E01_V3e_60k_valueR2
D:\py\DRL2_v3e\logs\hybrid\sac_mpc_hybrid_v2_262101\manifest.json,10501,a2a7365b54887f8a4256805e78c6bd84456b00262a4c56ffa88dbe046200b08a,LIVE_READ_ENDED_ASSET,E01_V3e_60k_valueR2
D:\py\DRL2_v3e\logs\hybrid\sac_mpc_hybrid_v2_262101\train.monitor.csv,12275,274a563f9477e9f67a111482786ae39c7e48277cf84d26a6dbf8daf7bfb9c90a,LIVE_READ_ENDED_ASSET,E01_V3e_60k_valueR2
D:\py\DRL2_v3e\logs\hybrid\sac_mpc_hybrid_v2_262102\manifest.json,10501,29414f6bbd8fd67801faecd16b6a9870ccf9674b54e4c43dbd9753c13958cc95,LIVE_READ_ENDED_ASSET,E01_V3e_60k_valueR2
D:\py\DRL2_v3e\logs\hybrid\sac_mpc_hybrid_v2_262102\train.monitor.csv,12632,4f1f6b4086ca855df51f206d55057a79bae479db7d085762d3d87673f04fc469,LIVE_READ_ENDED_ASSET,E01_V3e_60k_valueR2
D:\py\DRL2_v3e\logs\hybrid\sac_mpc_hybrid_v4_phase_time_262100\manifest.json,11858,7ce2b2498be985645d27edc637f58660859d1830388f5a1539bb6886fe7b1d88,LIVE_READ_ENDED_ASSET,E01_V3e_60k_valueR2
D:\py\DRL2_v3e\logs\hybrid\sac_mpc_hybrid_v4_phase_time_262100\train.monitor.csv,26679,3452799c16f0f672196e6166bc094a0991a652d283c387c796f36b163f0655c7,LIVE_READ_ENDED_ASSET,E01_V3e_60k_valueR2
D:\py\DRL2_v3e\logs\hybrid\sac_mpc_hybrid_v4_phase_time_262101\manifest.json,11858,ba396764f5456e314df63263c02ecadb839ccdc9547b04c7bc3375ffb7bf92d6,LIVE_READ_ENDED_ASSET,E01_V3e_60k_valueR2
D:\py\DRL2_v3e\logs\hybrid\sac_mpc_hybrid_v4_phase_time_262101\train.monitor.csv,25696,33d6408aa2e7a2288279c992cca08d629855b73b1d0a31516b27404a04e06061,LIVE_READ_ENDED_ASSET,E01_V3e_60k_valueR2
D:\py\DRL2_v3e\logs\hybrid\sac_mpc_hybrid_v4_phase_time_262102\manifest.json,11858,9fd2c6349ee177d713914253f934a2f77cf11dce880869603148c0c9497ea5fe,LIVE_READ_ENDED_ASSET,E01_V3e_60k_valueR2
D:\py\DRL2_v3e\logs\hybrid\sac_mpc_hybrid_v4_phase_time_262102\train.monitor.csv,26079,37b7c27c23a585784dbe02c54cab4e8bcb9c8a757d70c3464ec2688402e60fbf,LIVE_READ_ENDED_ASSET,E01_V3e_60k_valueR2
D:\py\DRL2_v3e\logs\p0_horizons_20260910\manifest.json,10519,28cee9e2bb13add4f31800070ca076f323431eefc96ceac12f6d0838bcddafbe,LIVE_READ_ENDED_ASSET,E01_V3e_60k_valueR2
D:\py\DRL2_v3e\logs\p1_a_20260910\manifest.json,84616,0c70351ecfcbeea02ee33ab87e354a82a8b5fd1bd0446873cfc90bc3c165e376,LIVE_READ_ENDED_ASSET,E01_V3e_60k_valueR2
D:\py\DRL2_v3e\logs\p1_b_20260910\manifest.json,7927,b3ba06fc6e97ca6db1921ef2ae2a59b093c551786e40a4f660ff0603406fbc5d,LIVE_READ_ENDED_ASSET,E01_V3e_60k_valueR2
D:\py\DRL2_v3e\logs\p1_c_20260910\manifest.json,10187,8709edcb46783f15a5b563a925d8fe53d763c6cb0f753c7a136c66b71712d9ea,LIVE_READ_ENDED_ASSET,E01_V3e_60k_valueR2
D:\py\DRL2_v3e\logs\p2_feedback_20260910\manifest.json,5074,635e882ff52e7262466992297bc14281fc326a4b02de9a9ac3013acc0bc1bbf0,LIVE_READ_ENDED_ASSET,E01_V3e_60k_valueR2
D:\py\DRL2_v3e\logs\phase2_mission_s1v2_acquisition_bodyobs_autoent_tau001_seed260815\manifest.json,15693,94c87bf0b38774ff7d2b6002ba6879f8ff011a638b9fc9bd03dfc4f37b1d2383,LIVE_READ_ENDED_ASSET,E01_V3e_60k_valueR2
D:\py\DRL2_v3e\logs\phase2_mission_s1v2_acquisition_bodyobs_autoent_tau001_seed260815\train.monitor.csv,89711,791f0b2df82d9d48effd24bc7e590d01d7ae327f8ee1d246970626e6faf532e3,LIVE_READ_ENDED_ASSET,E01_V3e_60k_valueR2
D:\py\DRL2_v3e\logs\phase2_mission_s1v2_fixedalpha_200k_seed260816\manifest.json,15719,fe391c3058814a4684583883a8bdc83e34eb37e9339e6bf5b06fe06c9483983f,LIVE_READ_ENDED_ASSET,E01_V3e_60k_valueR2
D:\py\DRL2_v3e\logs\phase2_mission_s1v2_fixedalpha_200k_seed260816\train.monitor.csv,24721,8a106d81a8224bee0683abdd000e163cf0959b103a45654b0614fa3fb599a4c1,LIVE_READ_ENDED_ASSET,E01_V3e_60k_valueR2
D:\py\DRL2_v3e\logs\phase2_mission_s1v2_fixedalpha_200k_seed260817\manifest.json,15719,597d32bd86f3db8ef76e50fc0000a66351035ae9f9d992af074c7cdb41cc99d7,LIVE_READ_ENDED_ASSET,E01_V3e_60k_valueR2
D:\py\DRL2_v3e\logs\phase2_mission_s1v2_fixedalpha_200k_seed260817\train.monitor.csv,33043,234539836b71acc4bf13d3aab076b1f9a8c1152b4b51543dc526f0580c5960cd,LIVE_READ_ENDED_ASSET,E01_V3e_60k_valueR2
D:\py\DRL2_v3e\logs\phase2_mission_s1v2_velerror_bodyobs_autoent_tau001_seed260815\manifest.json,15872,b51eecbfa448ac7282ef6682c390e8f155a221bad7118de432326c60cdea7bca,LIVE_READ_ENDED_ASSET,E01_V3e_60k_valueR2
D:\py\DRL2_v3e\logs\phase2_mission_s1v2_velerror_bodyobs_autoent_tau001_seed260815\train.monitor.csv,72842,87aeb58d2d552744e52bcc1fc3130e36d5138c5596de147609bde637de895ad5,LIVE_READ_ENDED_ASSET,E01_V3e_60k_valueR2
D:\py\DRL2_v3e\logs\phase2_mission_s1v2_velerror_buffer600k_seed260815\manifest.json,15783,aed7cabc21cf70089408a62b2d2cd91ca3659cd79a85e30da098d26d874d1c07,LIVE_READ_ENDED_ASSET,E01_V3e_60k_valueR2
D:\py\DRL2_v3e\logs\phase2_mission_s1v2_velerror_buffer600k_seed260815\train.monitor.csv,81216,f43337659f7f3bca2117c0f627f7e471d6c47fafa66ce83ef92b2c992aa51e75,LIVE_READ_ENDED_ASSET,E01_V3e_60k_valueR2
D:\py\DRL2_v3e\logs\phase2_mission_s1v2_velerror_fixedalpha_seed260815\manifest.json,15783,b8c2a3bb5093f383a0e7054cc5e3221998b0ad0531a40c04c1767be01583f247,LIVE_READ_ENDED_ASSET,E01_V3e_60k_valueR2
D:\py\DRL2_v3e\logs\phase2_mission_s1v2_velerror_fixedalpha_seed260815\train.monitor.csv,84514,651b1755ec6aecfa969706279e0a9c85c8ab84d9797acf64a44490f3fab23a3b,LIVE_READ_ENDED_ASSET,E01_V3e_60k_valueR2
D:\py\DRL2_v3e\logs\phase2_mission_s1v2_velerror_utd4_seed260815\manifest.json,15782,38a551d1163f97fce7582f7eab362ccd3fabd1340042df07b70d5c422073c5fa,LIVE_READ_ENDED_ASSET,E01_V3e_60k_valueR2
D:\py\DRL2_v3e\logs\phase2_mission_s1v2_velerror_utd4_seed260815\train.monitor.csv,30418,5d12696a78c19002dd5f482cfd53aedeab017d99f9ef4e69d2f2751cbe1f998c,LIVE_READ_ENDED_ASSET,E01_V3e_60k_valueR2
D:\py\DRL2_v3e\logs\phase2_mission_s1_adaptive_actioncontrast_seed260814\manifest.json,14822,59abb13389e23d4fe2dd6cabd54fb07c7ecf422c5535a5d44d925e55aa7c9a64,LIVE_READ_ENDED_ASSET,E01_V3e_60k_valueR2
D:\py\DRL2_v3e\logs\phase2_mission_s1_adaptive_actioncontrast_seed260814\train.monitor.csv,76800,01b680fe82d94839d56df19be6428e5c867b608d13218cfdc2cd0e6657d50f8e,LIVE_READ_ENDED_ASSET,E01_V3e_60k_valueR2
D:\py\DRL2_v3e\logs\phase2_mission_s1_cone20_autoent_seed260814\manifest.json,14930,46698aebc8a9b9cf40a1b10512367ca244fa87ff003f3b5da299c73af94e45fa,LIVE_READ_ENDED_ASSET,E01_V3e_60k_valueR2
D:\py\DRL2_v3e\logs\phase2_mission_s1_cone20_autoent_seed260814\train.monitor.csv,60487,9a9a6e16e492f9bcd0dbb8fe8c588a21481092b981048baefa0e118c16ef47c7,LIVE_READ_ENDED_ASSET,E01_V3e_60k_valueR2
D:\py\DRL2_v3e\logs\phase2_mission_s1_cone20_bodyobs_autoent_seed260814\manifest.json,15103,9a6c07e6f645c36e2d691963db7d3c0290bf6b6df6594943f7a2fc058820963d,LIVE_READ_ENDED_ASSET,E01_V3e_60k_valueR2
D:\py\DRL2_v3e\logs\phase2_mission_s1_cone20_bodyobs_autoent_seed260814\train.monitor.csv,54745,1c6aab1c8a2454e0c2f912c30435fe0ef6e249983296aaee3adfd9ec8371c33c,LIVE_READ_ENDED_ASSET,E01_V3e_60k_valueR2
D:\py\DRL2_v3e\logs\phase2_mission_s1_cone20_bodyobs_autoent_tau001_seed260814\manifest.json,15175,c07bb05f820545337ba8e66169b1e8dfa06f5251a2d927a4fb093b24cfa93720,LIVE_READ_ENDED_ASSET,E01_V3e_60k_valueR2
D:\py\DRL2_v3e\logs\phase2_mission_s1_cone20_bodyobs_autoent_tau001_seed260814\train.monitor.csv,44268,9826014333b57e4b0492d9cf13660a83e20f8e30ab9074905684cd52fcc3c8d1,LIVE_READ_ENDED_ASSET,E01_V3e_60k_valueR2
D:\py\DRL2_v3e\logs\phase2_mission_s1_fullcanonical_autoent_seed260814\manifest.json,14944,16581d27705001cd3c928ee2ceae9caccb39bbd6f27fb02e1a2a62dfb71a2e9d,LIVE_READ_ENDED_ASSET,E01_V3e_60k_valueR2
D:\py\DRL2_v3e\logs\phase2_mission_s1_fullcanonical_autoent_seed260814\train.monitor.csv,56656,4bcb9d0cc0220d709933e96f875245879365ea54e4b3b8c507aba5d03f446aa8,LIVE_READ_ENDED_ASSET,E01_V3e_60k_valueR2
D:\py\DRL2_v3e\logs\phase2_mission_s1_fullcanonical_localprogress_autoent_seed260814\manifest.json,14972,24e11351f1a84091591276c5ab545fac163aaa581dcbed89a2b4aceba7b47461,LIVE_READ_ENDED_ASSET,E01_V3e_60k_valueR2
D:\py\DRL2_v3e\logs\phase2_mission_s1_fullcanonical_localprogress_autoent_seed260814\train.monitor.csv,63200,a10b8ff591163e4a62058f2fbd23486d77b3e275ce3b852d3d1ef8865d09a1fd,LIVE_READ_ENDED_ASSET,E01_V3e_60k_valueR2
D:\py\DRL2_v3e\logs\phase2_mission_s1_fullcanonical_seed260814\manifest.json,14950,0c626d653f6fc16d212bbfb010fb618803528f85e9870f166984a9c993d4b6eb,LIVE_READ_ENDED_ASSET,E01_V3e_60k_valueR2
D:\py\DRL2_v3e\logs\phase2_mission_s1_fullcanonical_seed260814\train.monitor.csv,61692,2db12d924d3308daf8dbd8f57d146b94e7a02a9b4d524ee83679e47f1e7371bd,LIVE_READ_ENDED_ASSET,E01_V3e_60k_valueR2
D:\py\DRL2_v3e\logs\phase2_mission_s1_rewardfix_seed260813\manifest.json,12964,a133f2021b1d938367afa731566820e44feca0f7c8a3ffbc9ebc192ccdeab98c,LIVE_READ_ENDED_ASSET,E01_V3e_60k_valueR2
D:\py\DRL2_v3e\logs\phase2_mission_s1_rewardfix_seed260813\train.monitor.csv,34578,64f69c9e863bcd0e546d9c0590cdc3413349acd7b581e5a8d33b4ec7520f4793,LIVE_READ_ENDED_ASSET,E01_V3e_60k_valueR2
D:\py\DRL2_v3e\logs\phase2_mission_s1_seed260813\manifest.json,12944,836ffe2bd0eafb7ef9578a74c6ddf1b9325a83fafc9acdc45f646d922e66aecf,LIVE_READ_ENDED_ASSET,E01_V3e_60k_valueR2
D:\py\DRL2_v3e\logs\phase2_mission_s1_seed260813\train.monitor.csv,79297,6cbd6b0ff3ca10ff321d5733317abb42e30bf8f4b093c56ebfd988de52289a12,LIVE_READ_ENDED_ASSET,E01_V3e_60k_valueR2
D:\py\DRL2_v3e\logs\phase2_mission_s1_semanticfix_seed260813\manifest.json,13146,db271539f136e927abf139ac5e37c3588524a2abc404505381745dfde5dec81d,LIVE_READ_ENDED_ASSET,E01_V3e_60k_valueR2
D:\py\DRL2_v3e\logs\phase2_mission_s1_semanticfix_seed260813\train.monitor.csv,33186,087fa0135dfb997ce47a3f0c3191345ceac70adbdcbfd6451b3bcbe33d9ddb6b,LIVE_READ_ENDED_ASSET,E01_V3e_60k_valueR2
D:\py\DRL2_v3e\logs\phase2_mission_s1_stable_seed260813\manifest.json,12958,f8516098bffa2a0596181131b5e78a2078a8ee0c8be63a5c4efe435904e0842a,LIVE_READ_ENDED_ASSET,E01_V3e_60k_valueR2
D:\py\DRL2_v3e\logs\phase2_mission_s1_stable_seed260813\train.monitor.csv,44402,aa6f4fe94290f611cf096c5ab887b770387f1601903392b33331f1d43ebca7ef,LIVE_READ_ENDED_ASSET,E01_V3e_60k_valueR2
D:\py\DRL2_v3e\logs\phase2_sac_v2_1b_boundedobs_stagea_150k_seed260812\manifest.json,13232,cb86502d90c93f46d55b69cbf58357d80651829ee69955e54f43a8c015b3705e,LIVE_READ_ENDED_ASSET,E01_V3e_60k_valueR2
D:\py\DRL2_v3e\logs\phase2_sac_v2_1b_boundedobs_stagea_150k_seed260812\train.monitor.csv,19716,69173880a6fca72cd6e9d187086e652d81f6c64e8b6aa92aff5846052767510e,LIVE_READ_ENDED_ASSET,E01_V3e_60k_valueR2
D:\py\DRL2_v3e\logs\phase2_sac_v2_1_stagea_200k_seed260812\manifest.json,13128,f35da4b53ee8270cc096736ad295032f5461c43babdd7d6917e654ca403139af,LIVE_READ_ENDED_ASSET,E01_V3e_60k_valueR2
D:\py\DRL2_v3e\logs\phase2_sac_v2_1_stagea_200k_seed260812\train.monitor.csv,14275,16566efe4021984ee0e1ef34aaa2ca5b6698d79b389d30fc87ca9651503f5be8,LIVE_READ_ENDED_ASSET,E01_V3e_60k_valueR2
D:\py\DRL2_v3e\logs\phase2_sac_v2_2_mpc_actor_init_stagea_100k_seed260812\manifest.json,14585,4be6cd921268c271191d66118b9f886be5207f565f0af87dd65685d86dff5be2,LIVE_READ_ENDED_ASSET,E01_V3e_60k_valueR2
D:\py\DRL2_v3e\logs\phase2_sac_v2_2_mpc_actor_init_stagea_100k_seed260812\train.monitor.csv,12693,69e7d76b66ae890b2011e61be13e445fc8989024ade3a7c26877bfb86276e679,LIVE_READ_ENDED_ASSET,E01_V3e_60k_valueR2
D:\py\DRL2_v3e\logs\phase2_sac_v2_300k_seed260812\manifest.json,11267,818a2387f91ea4127adf93c98f0b12c05e6fe304e6a3dac560cc45d975ee383a,LIVE_READ_ENDED_ASSET,E01_V3e_60k_valueR2
D:\py\DRL2_v3e\logs\phase2_sac_v2_300k_seed260812\train.monitor.csv,11987,da9f37903c1d9cc54b492f87e32b3701262b7b0ac7af4b34b76a15c6e11e68ed,LIVE_READ_ENDED_ASSET,E01_V3e_60k_valueR2
D:\py\DRL2_v3e\logs\phase2_sac_v2_densecost_seed260812\manifest.json,10930,d0dc5496055a85dcd03b9c7be4d2531a18592f20d5fd99208904cb3333c0d971,LIVE_READ_ENDED_ASSET,E01_V3e_60k_valueR2
D:\py\DRL2_v3e\logs\phase2_sac_v2_densecost_seed260812\train.monitor.csv,7086,d590f138112d6de91f5e14bdf49e123995f55971b210a24556e32d13e707b4d4,LIVE_READ_ENDED_ASSET,E01_V3e_60k_valueR2
D:\py\DRL2_v3e\logs\phase2_sac_v2_dt_reward_seed260812\manifest.json,10930,305e3fd167b6df9fc6d0c39e017c2aeab5c002d56247ccb6dc1da273808a051d,LIVE_READ_ENDED_ASSET,E01_V3e_60k_valueR2
D:\py\DRL2_v3e\logs\phase2_sac_v2_dt_reward_seed260812\train.monitor.csv,8153,8ed1d16c313e16d28785e3f97e109581b5c40709e3e41fb9769eae5684ec3cc3,LIVE_READ_ENDED_ASSET,E01_V3e_60k_valueR2
D:\py\DRL2_v3e\logs\phase2_sac_v2_gamma999_seed260812\manifest.json,10923,fe0e5b6cbdc20cb85fe12dba0857704007e1f50459f6f9f05806262135c76117,LIVE_READ_ENDED_ASSET,E01_V3e_60k_valueR2
D:\py\DRL2_v3e\logs\phase2_sac_v2_gamma999_seed260812\train.monitor.csv,6479,3b78d505ff87598f06ba27d347a9feb9000349af566eb0be930b9b4f489a0609,LIVE_READ_ENDED_ASSET,E01_V3e_60k_valueR2
D:\py\DRL2_v3e\logs\phase2_sac_v2_smoke_30k_seed260812\manifest.json,9979,7cac7ff8a6ee89693243bb20ce5c529172011cf2dc9ab5bb17d54a3ff1888707,LIVE_READ_ENDED_ASSET,E01_V3e_60k_valueR2
D:\py\DRL2_v3e\logs\phase2_sac_v2_smoke_30k_seed260812\train.monitor.csv,3141,8fb953a874c1aafb30efff2be6d94797c32724ad2dd5f6dfd575ba2ac6cb9729,LIVE_READ_ENDED_ASSET,E01_V3e_60k_valueR2
D:\py\DRL2_v3e\logs\phase2_sac_v2_teachingA_seed260812\manifest.json,10929,4c47cba25ebedb8f0d2ff0ff9cc2b93c2875e26bf2f35466010f0c5a22421671,LIVE_READ_ENDED_ASSET,E01_V3e_60k_valueR2
D:\py\DRL2_v3e\logs\phase2_sac_v2_teachingA_seed260812\train.monitor.csv,7084,3743602088e183f97e16a5a3ea9331f43a8c457cb8d404b39d94e73cc3cd9029,LIVE_READ_ENDED_ASSET,E01_V3e_60k_valueR2
D:\py\DRL2_v3e\logs\phase2_sac_v2_terminalcost_seed260812\manifest.json,10953,338063d92f6101b9a9638c8e5fc5ac506476879edbc198e20848801c90621086,LIVE_READ_ENDED_ASSET,E01_V3e_60k_valueR2
D:\py\DRL2_v3e\logs\phase2_sac_v2_terminalcost_seed260812\train.monitor.csv,7542,e7add53951a96f827cc01fb5da621ff3125865cb9f5dc6ed90527a0038cd2267,LIVE_READ_ENDED_ASSET,E01_V3e_60k_valueR2
D:\py\DRL2_v3e\logs\phase2_sac_v2_warmup75k_seed260812\manifest.json,10931,4c8c24c1e28c1c7b6b8b624c86217cb698c1431a39d9ee9cd193a508250e2ab6,LIVE_READ_ENDED_ASSET,E01_V3e_60k_valueR2
D:\py\DRL2_v3e\logs\phase2_sac_v2_warmup75k_seed260812\train.monitor.csv,8987,1701debbf843f2b9861769a57cc7520ac64c5f70db761e6fc0a17b60c71fff26,LIVE_READ_ENDED_ASSET,E01_V3e_60k_valueR2
D:\py\DRL2_v3e\logs\stop_262430\final_model.zip,16762213,a3f36bde8589853efefc7abb24f13f3b068974badd3e9ad2b104742d272b0b3b,LIVE_READ_ENDED_ASSET,E06_stopping_formal
D:\py\DRL2_v3e\logs\stop_262430\manifest.json,12027,2da9aa2eab4c3e88328fff86260de4a3e31b679b2874778161d225b7d58ab911,LIVE_READ_ENDED_ASSET,E06_stopping_formal
D:\py\DRL2_v3e\logs\stop_262430\train.monitor.csv,75554,dcd448a3ed1247f758fa89312e2bccb21b0c5c98a0fc49cd6176a0e0e7379418,LIVE_READ_ENDED_ASSET,E06_stopping_formal
D:\py\DRL2_v3e\logs\stop_262431\final_model.zip,16762241,4b5b53ee4903e1af0d7534898360a3c0db003eb88b9582d55dbfefed33721b82,LIVE_READ_ENDED_ASSET,E06_stopping_formal
D:\py\DRL2_v3e\logs\stop_262431\manifest.json,12027,8323d6d2cd61eed735bcf3059f9b88baef0a8092b62652c2bf750f8859b48917,LIVE_READ_ENDED_ASSET,E06_stopping_formal
D:\py\DRL2_v3e\logs\stop_262431\train.monitor.csv,80549,61b63b5e459dcb984c074514a8ffcea77989c707b3edaef4839663aa163b02d2,LIVE_READ_ENDED_ASSET,E06_stopping_formal
D:\py\DRL2_v3e\logs\stop_262432\final_model.zip,16762237,8b56adbf09d4a9753a040955324f3f75cda487bfcc77695644f16f6fdcccd74b,LIVE_READ_ENDED_ASSET,E06_stopping_formal
D:\py\DRL2_v3e\logs\stop_262432\manifest.json,12027,fc2074163f2e06dcb351a5098836dd9725dc050bdade7c92fcac26f11144b440,LIVE_READ_ENDED_ASSET,E06_stopping_formal
D:\py\DRL2_v3e\logs\stop_262432\train.monitor.csv,73800,25114be1fca1e3779db0dc248ddd0726ceb1bce7af60f9d6de15bb5758532d8e,LIVE_READ_ENDED_ASSET,E06_stopping_formal
D:\py\DRL2_v3e\logs\stop_dev_262440\final_model.zip,16762206,8e589006b00b93f5976180d412570cd4689ada44a1e19d95f9f828880bdea5a3,LIVE_READ_ENDED_ASSET,E05_stopping_dev_262440
D:\py\DRL2_v3e\logs\stop_dev_262440\manifest.json,12033,9e84f32e33f6d7da61623add8252fa213994bd74e80d3f5208cfc855d1936b84,LIVE_READ_ENDED_ASSET,E05_stopping_dev_262440
D:\py\DRL2_v3e\logs\stop_dev_262440\train.monitor.csv,40393,35191e8fac46015a3d62ed0c1df9e3486a478a3e7fc589a5df25e59d7facd64d,LIVE_READ_ENDED_ASSET,E05_stopping_dev_262440
D:\py\DRL2_v3e\logs\t0_amendment_20260910\manifest.json,791,bd339da07c75c2fb226abfd941d9991cee75f334a3e15ce9f794caac9bd7dbae,LIVE_READ_ENDED_ASSET,E01_V3e_60k_valueR2
D:\py\DRL2_v3e\logs\t12_train\sac_mpc_arrival_262400\final_model.zip,9162014,793cff6b13b788a111c0b429441e0b1135285c0e2d2820318992f911010cc60e,LIVE_READ_ENDED_ASSET,E01_V3e_60k_valueR2
D:\py\DRL2_v3e\logs\t12_train\sac_mpc_arrival_262400\manifest.json,12061,2bdae7c2d3d3e14a1ac4ede875b0761ff7d682c589c3d729b1519cd2f31d9f7f,LIVE_READ_ENDED_ASSET,E01_V3e_60k_valueR2
D:\py\DRL2_v3e\logs\t12_train\sac_mpc_arrival_262400\train.monitor.csv,36914,9c7fe619710854c97418bf3e0d65704156b4a310cafb93436fce5d9e3a8a7446,LIVE_READ_ENDED_ASSET,E01_V3e_60k_valueR2
D:\py\DRL2_v3e\logs\t12_train\sac_mpc_arrival_262401\final_model.zip,9162014,912d1314b1f0da0b12d5d09749a672bfa3aee89f3b1a71b1188b2539e6406996,LIVE_READ_ENDED_ASSET,E01_V3e_60k_valueR2
D:\py\DRL2_v3e\logs\t12_train\sac_mpc_arrival_262401\manifest.json,12061,e4e9c6ae9b8feb2821e45f3fc20a66e98d5a46ce22467eb7963dcf4fa6564a1f,LIVE_READ_ENDED_ASSET,E01_V3e_60k_valueR2
D:\py\DRL2_v3e\logs\t12_train\sac_mpc_arrival_262401\train.monitor.csv,33716,ddb02434838286ad6e55c26cacb4abc418831f4c3a1a492135eeaa453657cba1,LIVE_READ_ENDED_ASSET,E01_V3e_60k_valueR2
D:\py\DRL2_v3e\logs\t12_train\sac_mpc_arrival_262402\final_model.zip,9162014,f83c2d80caa0f7ef1509cd439cdf6469da0a388a35f3735acf51d25e3bb54cf4,LIVE_READ_ENDED_ASSET,E01_V3e_60k_valueR2
D:\py\DRL2_v3e\logs\t12_train\sac_mpc_arrival_262402\manifest.json,12061,a59c06075403a086b485717ee8d2a005e609c315dc1761505aa412a3ec35b912,LIVE_READ_ENDED_ASSET,E01_V3e_60k_valueR2
D:\py\DRL2_v3e\logs\t12_train\sac_mpc_arrival_262402\train.monitor.csv,32816,a6ff544f4d1df07fc8bae163884a4f96218d8a28ea2435c1196a4125eb45c9d7,LIVE_READ_ENDED_ASSET,E01_V3e_60k_valueR2
D:\py\DRL2_v3e\logs\t12_train\sac_mpc_radial_262500\final_model.zip,9179421,68d885a49d3d56e9d1b16c504dfa76de83869d1d4b620f2c8301c0904469a719,LIVE_READ_ENDED_ASSET,E01_V3e_60k_valueR2
D:\py\DRL2_v3e\logs\t12_train\sac_mpc_radial_262500\manifest.json,11913,5303d770cc41ba46d13d54c367cdbe822536b3578ac33ce05bddaaa82d5e26c5,LIVE_READ_ENDED_ASSET,E01_V3e_60k_valueR2
D:\py\DRL2_v3e\logs\t12_train\sac_mpc_radial_262500\train.monitor.csv,34897,54e293fd4f89288c7043f21b60bd8299d8e6877bd00c9f273b4838edfb7f2769,LIVE_READ_ENDED_ASSET,E01_V3e_60k_valueR2
D:\py\DRL2_v3e\logs\t12_train\sac_mpc_radial_262501\final_model.zip,9179421,efb2b830aa0d979438d9bdda5974d68ffe33fcdfc3e14932534fffbcac0c5775,LIVE_READ_ENDED_ASSET,E01_V3e_60k_valueR2
D:\py\DRL2_v3e\logs\t12_train\sac_mpc_radial_262501\manifest.json,11913,74d0ecc37cf5f58f6319537522c64f07cc54608d4ce5ab415c393e80bc0617f0,LIVE_READ_ENDED_ASSET,E01_V3e_60k_valueR2
D:\py\DRL2_v3e\logs\t12_train\sac_mpc_radial_262501\train.monitor.csv,31820,2ffdf439c61f28ef14d33195cebfca8a39cacece36a30286a8e5583b5625822b,LIVE_READ_ENDED_ASSET,E01_V3e_60k_valueR2
D:\py\DRL2_v3e\logs\t12_train\sac_mpc_radial_262502\final_model.zip,9179421,e653cce73c3baf1cab4ef463f004c898c3453292c5825808895c7da03d4da134,LIVE_READ_ENDED_ASSET,E01_V3e_60k_valueR2
D:\py\DRL2_v3e\logs\t12_train\sac_mpc_radial_262502\manifest.json,11913,abc2b24d52c9b075b6cad08d2a77e2fad8e732f190cd70af14efed0f96ed6dba,LIVE_READ_ENDED_ASSET,E01_V3e_60k_valueR2
D:\py\DRL2_v3e\logs\t12_train\sac_mpc_radial_262502\train.monitor.csv,35410,7073f681d493baf092e8433ce9a569227d5d9a1caaa28a12a794e0cf453cb5cd,LIVE_READ_ENDED_ASSET,E01_V3e_60k_valueR2
D:\py\DRL2_v3e\logs\t7_retry1_20260911\sac_mpc_v2_arrival_262200\final_model.zip,9150700,8a22c64cd432bacba534e77cbfd6318d0e1307cebf7b3c2f4bcda6cdc3a405f8,LIVE_READ_ENDED_ASSET,E01_V3e_60k_valueR2
D:\py\DRL2_v3e\logs\t7_retry1_20260911\sac_mpc_v2_arrival_262200\manifest.json,11865,3f2429fe901ed4eda90625122a7edd514001387adbef3dd21138c74f50407dc2,LIVE_READ_ENDED_ASSET,E01_V3e_60k_valueR2
D:\py\DRL2_v3e\logs\t7_retry1_20260911\sac_mpc_v2_arrival_262200\train.monitor.csv,43455,46f0200acd74b6b18bb88bb6e62a425735fecb294a02b295e37f58dd023d8fe5,LIVE_READ_ENDED_ASSET,E01_V3e_60k_valueR2
D:\py\DRL2_v3e\logs\t7_retry1_20260911\sac_mpc_v2_arrival_262201\final_model.zip,9150696,cfef8e1281e5ecac44b8c01fa12bc255e8b7404086e0ebc66c867a2cee620284,LIVE_READ_ENDED_ASSET,E01_V3e_60k_valueR2
D:\py\DRL2_v3e\logs\t7_retry1_20260911\sac_mpc_v2_arrival_262201\manifest.json,11865,bd22b10ef12322be1ca67133276acc35f886288259c3d00e064e115bea7c85b9,LIVE_READ_ENDED_ASSET,E01_V3e_60k_valueR2
D:\py\DRL2_v3e\logs\t7_retry1_20260911\sac_mpc_v2_arrival_262201\train.monitor.csv,34588,b8f20ac896af09240c9bf26b6a27c53ff3eaf911c34bb5ec68a34c4735c73dac,LIVE_READ_ENDED_ASSET,E01_V3e_60k_valueR2
D:\py\DRL2_v3e\logs\t7_retry1_20260911\sac_mpc_v3_bidirectional_262300\final_model.zip,9184696,5f96072ad623aa76af2cb281ed61ed63c2feb8be183c6285b5b96abc367fb6a3,LIVE_READ_ENDED_ASSET,E01_V3e_60k_valueR2
D:\py\DRL2_v3e\logs\t7_retry1_20260911\sac_mpc_v3_bidirectional_262300\manifest.json,12028,fd33f10789085ebea219800b2a70b388d5c1d599bd81837b8b61bf20544d31c0,LIVE_READ_ENDED_ASSET,E01_V3e_60k_valueR2
D:\py\DRL2_v3e\logs\t7_retry1_20260911\sac_mpc_v3_bidirectional_262300\train.monitor.csv,42339,01f97267be04fbac30d373c50d6229c6c8838135048c2d42cecee45b857c4537,LIVE_READ_ENDED_ASSET,E01_V3e_60k_valueR2
D:\py\DRL2_v3e\logs\t7_retry1_20260911\sac_mpc_v3_bidirectional_262301\final_model.zip,9184696,d60a3f892095376ee6260ba83a104c452bf5548f9b1400ebd03665f99f37d7c4,LIVE_READ_ENDED_ASSET,E01_V3e_60k_valueR2
D:\py\DRL2_v3e\logs\t7_retry1_20260911\sac_mpc_v3_bidirectional_262301\manifest.json,12028,a800402814dbdd443cd94bbc42c97207b95b844ba0ab36950b8fb3f4c89abf73,LIVE_READ_ENDED_ASSET,E01_V3e_60k_valueR2
D:\py\DRL2_v3e\logs\t7_retry1_20260911\sac_mpc_v3_bidirectional_262301\train.monitor.csv,34603,ddf4432f8b0dfedcbb42a51620407a5f1f8697a2afef096a873dbdcfab742770,LIVE_READ_ENDED_ASSET,E01_V3e_60k_valueR2
D:\py\DRL2_v3e\logs\v3e_262420\final_model.zip,9289886,fb7652cdb7c8a7a4cdec4e7d733793b1d48a1b1be0dfe62c030606543db98107,LIVE_READ_ENDED_ASSET,E01_V3e_60k_valueR2
D:\py\DRL2_v3e\logs\v3e_262420\manifest.json,13350,87ab95cc0ec59ad7089520b862f9435e7dbeb45080660a69fb18af527ae42078,LIVE_READ_ENDED_ASSET,E01_V3e_60k_valueR2
D:\py\DRL2_v3e\logs\v3e_262420\train.monitor.csv,109310,41c3aa05c005687045a174142a7e38a2c89d8d8b15a59f58f2d84384d77bfe29,LIVE_READ_ENDED_ASSET,E01_V3e_60k_valueR2
D:\py\DRL2_v3e\logs\v3e_262421\final_model.zip,9289886,27cb0c4291d8c8f927c925aa30145db7abd5e02a5253631ab0d39089885c43a2,LIVE_READ_ENDED_ASSET,E01_V3e_60k_valueR2
D:\py\DRL2_v3e\logs\v3e_262421\manifest.json,13350,b5f3241306de3a8cec248915efed6007a295a6b74bf9cad2e96d793adc8f96cc,LIVE_READ_ENDED_ASSET,E01_V3e_60k_valueR2
D:\py\DRL2_v3e\logs\v3e_262421\train.monitor.csv,108168,920e721d63aa742ba8fd7103bd830b0e14fbe9283ec071a02a559bf078068325,LIVE_READ_ENDED_ASSET,E01_V3e_60k_valueR2
D:\py\DRL2_v3e\logs\v3e_262422\final_model.zip,9289886,044e9d6ee7b8e602a1ad1db5e2c624a88e4e1b0c590d672a706a09793bb8b41e,LIVE_READ_ENDED_ASSET,E01_V3e_60k_valueR2
D:\py\DRL2_v3e\logs\v3e_262422\manifest.json,13350,93761019db7c93535e66d869e2f7f4e9ca0698450784ec89e2cad42bf5ab0785,LIVE_READ_ENDED_ASSET,E01_V3e_60k_valueR2
D:\py\DRL2_v3e\logs\v3e_262422\train.monitor.csv,108676,9f1df32eaf46c42723ca67e01a32f6049a3fe450c0aafe48fed6cc119baaf2f6,LIVE_READ_ENDED_ASSET,E01_V3e_60k_valueR2
D:\py\DRL2\eval\v3e\stage_c\c2_report.json,3384,7843be06702a0af8f07a3280fb40697225c45ed56f0990c08332a3a6cd610874,LIVE_READ_ENDED_PRIMARY_REFERENCE,E04_stageC_classifier
D:\py\DRL2\eval\stopping\formal_review_20261006.json,19091,27d5b0fa11ec251f9cfee9f8e1f17a45c71397aa764602402f662671426ea885,LIVE_READ_ENDED_PRIMARY_REFERENCE,E07_upper_formal_review
C:\Users\35884\Documents\Spacecraft\过程文件\价值规则检验\审查材料_20261006\results\readout_value.json,5987,87495f9e14c2f75f759297fd395a47eb9681bf44d2fac9f9a6ffab86765cab7c,LIVE_READ_ENDED_PRIMARY_REFERENCE,E09_value_rule_check
