path,bytes,files,experiment_id,status,manifest_summary,earliest_mtime,latest_mtime,hash_file,recommendation,contains_active_asset
D:\py\DRL2\logs,3810032752,1803,ORPHAN,UNKNOWN,{},1786464849.925372,1791534621.0701225,hash_inventory.csv,KEEP_ACTIVE,True
D:\py\DRL2\logs\adp_rf_262410,120088777,16,I01_round1_adaptive,INVALID,"{""seed"": 262410, ""status"": ""completed"", ""actual_decision_steps"": 60000}",1789844489.489697,1789967472.0918741,hash_inventory.csv,INVALID_KEEP,False
D:\py\DRL2\logs\adp_rf_262411,120094189,16,I01_round1_adaptive,INVALID,"{""seed"": 262411, ""status"": ""completed"", ""actual_decision_steps"": 60000}",1789844560.8255754,1789967457.4082215,hash_inventory.csv,INVALID_KEEP,False
D:\py\DRL2\logs\adp_rf_262412,120089441,16,I01_round1_adaptive,INVALID,"{""seed"": 262412, ""status"": ""completed"", ""actual_decision_steps"": 60000}",1789844554.2301526,1789967535.6561792,hash_inventory.csv,INVALID_KEEP,False
D:\py\DRL2\logs\attitude_probe_20260912,19234,1,ORPHAN,UNKNOWN,{},1789196279.1332223,1789196279.1332223,hash_inventory.csv,ASK_USER,False
D:\py\DRL2\logs\compute_h35,887,1,H02_pure_mpc_horizons,EXPLORATORY,{},1789263979.2546391,1789263979.2546391,hash_inventory.csv,KEEP_ARCHIVE,False
D:\py\DRL2\logs\final2_262460,196297488,16,F01_final2_training,EXPLORATORY,"{""code_commit"": ""f2f8169acd580ea96a578d45022dd8952447eca5"", ""code_dirty"": false, ""seed"": 262460, ""method"": ""learned_stopping_option"", ""regime"": {""name"": ""w2.36_r15"", ""tumble_deg_s"": 2.362365508345389, ""range_min_m"": 15.0, ""range_max_m"": 28.0, ""speed_max_m_s"": 0.1}, ""status"": ""completed"", ""actual_outer_decisions"": 60000}",1791385961.549851,1791528112.3438232,hash_inventory.csv,KEEP_ARCHIVE,False
D:\py\DRL2\logs\final2_262461,166128125,14,F01_final2_training,ACTIVE,{},1791369834.4680278,1791534621.0701225,hash_inventory.csv,KEEP_ACTIVE,True
D:\py\DRL2\logs\final2_262462,196315072,16,F01_final2_training,EXPLORATORY,"{""code_commit"": ""f2f8169acd580ea96a578d45022dd8952447eca5"", ""code_dirty"": false, ""seed"": 262462, ""method"": ""learned_stopping_option"", ""regime"": {""name"": ""w2.36_r15"", ""tumble_deg_s"": 2.362365508345389, ""range_min_m"": 15.0, ""range_max_m"": 28.0, ""speed_max_m_s"": 0.1}, ""status"": ""completed"", ""actual_outer_decisions"": 60000}",1791387343.2958238,1791530609.589329,hash_inventory.csv,KEEP_ARCHIVE,False
D:\py\DRL2\logs\final_262450,45306794,6,F00_final_training_interrupted,INVALID,"{""code_commit"": ""867a3a13e4ad1125a3420bd7ca2bc65d67bb2ba9"", ""code_dirty"": false, ""seed"": 262450, ""method"": ""learned_stopping_option"", ""regime"": {""name"": ""w2.36_r15"", ""tumble_deg_s"": 2.362365508345389, ""range_min_m"": 15.0, ""range_max_m"": 28.0, ""speed_max_m_s"": 0.1}, ""status"": ""running""}",1791320082.3861918,1791358402.622678,hash_inventory.csv,INVALID_KEEP,False
D:\py\DRL2\logs\final_262451,45308140,6,F00_final_training_interrupted,INVALID,"{""code_commit"": ""867a3a13e4ad1125a3420bd7ca2bc65d67bb2ba9"", ""code_dirty"": false, ""seed"": 262451, ""method"": ""learned_stopping_option"", ""regime"": {""name"": ""w2.36_r15"", ""tumble_deg_s"": 2.362365508345389, ""range_min_m"": 15.0, ""range_max_m"": 28.0, ""speed_max_m_s"": 0.1}, ""status"": ""running""}",1791320082.6559262,1791358649.2077823,hash_inventory.csv,INVALID_KEEP,False
D:\py\DRL2\logs\final_262452,30219753,5,F00_final_training_interrupted,INVALID,"{""code_commit"": ""867a3a13e4ad1125a3420bd7ca2bc65d67bb2ba9"", ""code_dirty"": false, ""seed"": 262452, ""method"": ""learned_stopping_option"", ""regime"": {""name"": ""w2.36_r15"", ""tumble_deg_s"": 2.362365508345389, ""range_min_m"": 15.0, ""range_max_m"": 28.0, ""speed_max_m_s"": 0.1}, ""status"": ""running""}",1791320082.9088514,1791358566.1635544,hash_inventory.csv,INVALID_KEEP,False
D:\py\DRL2\logs\fullmission_sac_200k_seed260830,552338,11,H01_single_phase,EXPLORATORY,"{""seed"": 260830, ""status"": ""completed"", ""actual_model_timesteps"": 200000}",1787289692.9621117,1787367135.002136,hash_inventory.csv,KEEP_ARCHIVE,False
D:\py\DRL2\logs\fullmission_sac_200k_seed260831,580782,11,H01_single_phase,EXPLORATORY,"{""seed"": 260831, ""status"": ""completed"", ""actual_model_timesteps"": 200000}",1787289969.8037927,1787367465.3008244,hash_inventory.csv,KEEP_ARCHIVE,False
D:\py\DRL2\logs\fullmission_sac_200k_seed260832,672503,9,H01_single_phase,EXPLORATORY,"{""seed"": 260832, ""status"": ""completed"", ""actual_model_timesteps"": 200000}",1787289776.7337165,1787292850.7064462,hash_inventory.csv,KEEP_ARCHIVE,False
D:\py\DRL2\logs\gatefree_sac_150k_seed260840,718472,11,H01_single_phase,EXPLORATORY,"{""seed"": 260840, ""status"": ""completed"", ""actual_model_timesteps"": 150000}",1787377132.3186495,1787396331.3165386,hash_inventory.csv,KEEP_ARCHIVE,False
D:\py\DRL2\logs\gatefree_sac_150k_seed260841,1089486,11,H01_single_phase,EXPLORATORY,"{""seed"": 260841, ""status"": ""completed"", ""actual_model_timesteps"": 150000}",1787377128.9386888,1787396388.1860352,hash_inventory.csv,KEEP_ARCHIVE,False
D:\py\DRL2\logs\gatefree_sac_150k_seed260842,861697,11,H01_single_phase,EXPLORATORY,"{""seed"": 260842, ""status"": ""completed"", ""actual_model_timesteps"": 150000}",1787377136.3975375,1787396549.406305,hash_inventory.csv,KEEP_ARCHIVE,False
D:\py\DRL2\logs\gatefree_sac_400k_fix_seed260860,909963,9,H01_single_phase,EXPLORATORY,"{""seed"": 260860, ""status"": ""completed"", ""actual_model_timesteps"": 400000}",1787454246.9628966,1787458507.6668415,hash_inventory.csv,KEEP_ARCHIVE,False
D:\py\DRL2\logs\gatefree_sac_400k_fix_seed260861,1138586,9,H01_single_phase,EXPLORATORY,"{""seed"": 260861, ""status"": ""completed"", ""actual_model_timesteps"": 400000}",1787454134.8389897,1787458192.897275,hash_inventory.csv,KEEP_ARCHIVE,False
D:\py\DRL2\logs\gatefree_sac_400k_fix_seed260862,1207448,9,H01_single_phase,EXPLORATORY,"{""seed"": 260862, ""status"": ""completed"", ""actual_model_timesteps"": 400000}",1787454063.8885088,1787457721.3925076,hash_inventory.csv,KEEP_ARCHIVE,False
D:\py\DRL2\logs\gatefree_sac_400k_seed260850,1184348,12,H01_single_phase,EXPLORATORY,"{""seed"": 260850, ""status"": ""completed"", ""actual_model_timesteps"": 400000}",1787405551.0505126,1787448821.4451497,hash_inventory.csv,KEEP_ARCHIVE,False
D:\py\DRL2\logs\gatefree_sac_400k_seed260851,1291082,12,H01_single_phase,EXPLORATORY,"{""seed"": 260851, ""status"": ""completed"", ""actual_model_timesteps"": 400000}",1787405625.3750408,1787449040.5662324,hash_inventory.csv,KEEP_ARCHIVE,False
D:\py\DRL2\logs\gatefree_sac_400k_seed260852,1259260,12,H01_single_phase,EXPLORATORY,"{""seed"": 260852, ""status"": ""completed"", ""actual_model_timesteps"": 400000}",1787405553.3661058,1787449231.0153348,hash_inventory.csv,KEEP_ARCHIVE,False
D:\py\DRL2\logs\gatefree_validation,29588,1,H01_single_phase,EXPLORATORY,{},1787373091.9440377,1787373091.9440377,hash_inventory.csv,KEEP_ARCHIVE,False
D:\py\DRL2\logs\hybrid,303695899,99,ORPHAN,UNKNOWN,{},1788792029.7843332,1789004905.719286,hash_inventory.csv,ASK_USER,False
D:\py\DRL2\logs\invalidated,7933960,37,ORPHAN,INVALID,{},1788171771.8998652,1788262753.1699376,hash_inventory.csv,INVALID_KEEP,False
D:\py\DRL2\logs\p0_horizons_20260910,19313434,65,H02_pure_mpc_horizons,EXPLORATORY,"{""status"": ""completed""}",1789032487.3051753,1789033751.7754996,hash_inventory.csv,KEEP_ARCHIVE,False
D:\py\DRL2\logs\p1_a_20260910,170115,200,ORPHAN,UNKNOWN,"{""status"": ""completed""}",1789033885.406364,1789051314.9904854,hash_inventory.csv,ASK_USER,False
D:\py\DRL2\logs\p1_b_20260910,38167,63,ORPHAN,UNKNOWN,"{""status"": ""completed""}",1789051456.1187594,1789051895.0404403,hash_inventory.csv,ASK_USER,False
D:\py\DRL2\logs\p1_c_20260910,37325,53,ORPHAN,UNKNOWN,"{""status"": ""completed""}",1789051940.2456677,1789052480.7615156,hash_inventory.csv,ASK_USER,False
D:\py\DRL2\logs\p2_feedback_20260910,124635,15,ORPHAN,UNKNOWN,"{""status"": ""completed""}",1789052517.1191733,1789052924.1268442,hash_inventory.csv,ASK_USER,False
D:\py\DRL2\logs\phase2_mission_full_validation,27514,1,H01_single_phase,EXPLORATORY,{},1787204817.062665,1787204817.062665,hash_inventory.csv,KEEP_ARCHIVE,False
D:\py\DRL2\logs\phase2_mission_s1v2_acquisition_bodyobs_autoent_tau001_seed260815,1555285,14,H01_single_phase,EXPLORATORY,"{""seed"": 260815, ""status"": ""completed"", ""actual_model_timesteps"": 500000}",1786762118.2769344,1787204817.0483363,hash_inventory.csv,KEEP_ARCHIVE,False
D:\py\DRL2\logs\phase2_mission_s1v2_fixedalpha_200k_seed260816,503310,10,H01_single_phase,EXPLORATORY,"{""seed"": 260816, ""status"": ""completed"", ""actual_model_timesteps"": 200000}",1787232342.098835,1787234943.45354,hash_inventory.csv,KEEP_ARCHIVE,False
D:\py\DRL2\logs\phase2_mission_s1v2_fixedalpha_200k_seed260817,621481,10,H01_single_phase,EXPLORATORY,"{""seed"": 260817, ""status"": ""completed"", ""actual_model_timesteps"": 200000}",1787232562.5670006,1787235168.0110135,hash_inventory.csv,KEEP_ARCHIVE,False
D:\py\DRL2\logs\phase2_mission_s1v2_validation,40383,2,H01_single_phase,EXPLORATORY,{},1787204816.9389057,1787204816.9520676,hash_inventory.csv,KEEP_ARCHIVE,False
D:\py\DRL2\logs\phase2_mission_s1v2_velerror_bodyobs_autoent_tau001_seed260815,1326613,14,H01_single_phase,EXPLORATORY,"{""seed"": 260815, ""status"": ""completed"", ""actual_model_timesteps"": 500000}",1786777209.9278088,1787204816.9865177,hash_inventory.csv,KEEP_ARCHIVE,False
D:\py\DRL2\logs\phase2_mission_s1v2_velerror_buffer600k_seed260815,1370730,14,H01_single_phase,EXPLORATORY,"{""seed"": 260815, ""status"": ""completed"", ""actual_model_timesteps"": 500000}",1787221623.4690137,1787230893.7995758,hash_inventory.csv,KEEP_ARCHIVE,False
D:\py\DRL2\logs\phase2_mission_s1v2_velerror_fixedalpha_seed260815,1404571,13,H01_single_phase,EXPLORATORY,"{""seed"": 260815, ""status"": ""completed"", ""actual_model_timesteps"": 500000}",1787209858.5411892,1787220269.1465912,hash_inventory.csv,KEEP_ARCHIVE,False
D:\py\DRL2\logs\phase2_mission_s1v2_velerror_utd4_seed260815,452918,7,H01_single_phase,EXPLORATORY,"{""seed"": 260815, ""status"": ""interrupted"", ""actual_model_timesteps"": 145467}",1787206557.0104425,1787208894.963016,hash_inventory.csv,KEEP_ARCHIVE,False
D:\py\DRL2\logs\phase2_mission_s1_adaptive_actioncontrast_seed260814,879585,9,H01_single_phase,EXPLORATORY,"{""seed"": 260814, ""status"": ""completed"", ""actual_model_timesteps"": 250000}",1786682049.1557307,1786684800.1401913,hash_inventory.csv,KEEP_ARCHIVE,False
D:\py\DRL2\logs\phase2_mission_s1_cone20_autoent_seed260814,980789,9,H01_single_phase,EXPLORATORY,"{""seed"": 260814, ""status"": ""completed"", ""actual_model_timesteps"": 250000}",1786712716.236176,1786715195.7929711,hash_inventory.csv,KEEP_ARCHIVE,False
D:\py\DRL2\logs\phase2_mission_s1_cone20_bodyobs_autoent_seed260814,902670,9,H01_single_phase,EXPLORATORY,"{""seed"": 260814, ""status"": ""completed"", ""actual_model_timesteps"": 250000}",1786718396.6157374,1786721034.1229773,hash_inventory.csv,KEEP_ARCHIVE,False
D:\py\DRL2\logs\phase2_mission_s1_cone20_bodyobs_autoent_tau001_seed260814,760210,9,H01_single_phase,EXPLORATORY,"{""seed"": 260814, ""status"": ""completed"", ""actual_model_timesteps"": 250000}",1786723469.8454368,1786726228.7900174,hash_inventory.csv,KEEP_ARCHIVE,False
D:\py\DRL2\logs\phase2_mission_s1_fullcanonical_autoent_seed260814,928854,9,H01_single_phase,EXPLORATORY,"{""seed"": 260814, ""status"": ""completed"", ""actual_model_timesteps"": 250000}",1786695400.5196376,1786697743.6479602,hash_inventory.csv,KEEP_ARCHIVE,False
D:\py\DRL2\logs\phase2_mission_s1_fullcanonical_localprogress_autoent_seed260814,1017666,9,H01_single_phase,EXPLORATORY,"{""seed"": 260814, ""status"": ""completed"", ""actual_model_timesteps"": 250000}",1786706298.963104,1786708776.0483346,hash_inventory.csv,KEEP_ARCHIVE,False
D:\py\DRL2\logs\phase2_mission_s1_fullcanonical_seed260814,986214,9,H01_single_phase,EXPLORATORY,"{""seed"": 260814, ""status"": ""completed"", ""actual_model_timesteps"": 250000}",1786689572.3275828,1786692070.6897748,hash_inventory.csv,KEEP_ARCHIVE,False
D:\py\DRL2\logs\phase2_mission_s1_rewardfix_seed260813,475582,10,H01_single_phase,EXPLORATORY,"{""seed"": 260813, ""status"": ""completed"", ""actual_model_timesteps"": 250000}",1786622371.1770258,1786624943.1470163,hash_inventory.csv,KEEP_ARCHIVE,False
D:\py\DRL2\logs\phase2_mission_s1_seed260813,842572,10,H01_single_phase,EXPLORATORY,"{""seed"": 260813, ""status"": ""completed"", ""actual_model_timesteps"": 250000}",1786604081.289569,1786609117.4465024,hash_inventory.csv,KEEP_ARCHIVE,False
D:\py\DRL2\logs\phase2_mission_s1_semanticfix_seed260813,483770,10,H01_single_phase,EXPLORATORY,"{""seed"": 260813, ""status"": ""completed"", ""actual_model_timesteps"": 250000}",1786633711.059152,1786673216.5786738,hash_inventory.csv,KEEP_ARCHIVE,False
D:\py\DRL2\logs\phase2_mission_s1_semanticfix_validation,33223,1,H01_single_phase,EXPLORATORY,{},1786628787.753197,1786628787.753197,hash_inventory.csv,KEEP_ARCHIVE,False
D:\py\DRL2\logs\phase2_mission_s1_stable_seed260813,559957,10,H01_single_phase,EXPLORATORY,"{""seed"": 260813, ""status"": ""completed"", ""actual_model_timesteps"": 250000}",1786615161.7197866,1786621197.3299813,hash_inventory.csv,KEEP_ARCHIVE,False
D:\py\DRL2\logs\phase2_sac_v2_1b_boundedobs_stagea_150k_seed260812,134686,8,H01_single_phase,EXPLORATORY,"{""seed"": 260812, ""status"": ""phase2_stopped_early"", ""actual_model_timesteps"": 150000}",1786519116.2777495,1786521501.7253697,hash_inventory.csv,KEEP_ARCHIVE,False
D:\py\DRL2\logs\phase2_sac_v2_1_stagea_200k_seed260812,121172,8,H01_single_phase,EXPLORATORY,"{""seed"": 260812, ""status"": ""phase2_stopped_early"", ""actual_model_timesteps"": 150000}",1786515447.7356865,1786517878.3429296,hash_inventory.csv,KEEP_ARCHIVE,False
D:\py\DRL2\logs\phase2_sac_v2_2_mpc_actor_init_stagea_100k_seed260812,96425,9,H01_single_phase,EXPLORATORY,"{""seed"": 260812, ""status"": ""completed"", ""actual_model_timesteps"": 100000}",1786527603.7298965,1786530079.8190577,hash_inventory.csv,KEEP_ARCHIVE,False
D:\py\DRL2\logs\phase2_sac_v2_300k_seed260812,59339,6,H01_single_phase,EXPLORATORY,"{""seed"": 260812, ""status"": ""phase2_stopped_early"", ""actual_model_timesteps"": 100000}",1786496996.9326186,1786498188.9257972,hash_inventory.csv,KEEP_ARCHIVE,False
D:\py\DRL2\logs\phase2_sac_v2_densecost_seed260812,38336,5,H01_single_phase,EXPLORATORY,"{""seed"": 260812, ""status"": ""phase2_stopped_early"", ""actual_model_timesteps"": 75000}",1786507819.979457,1786507920.0259564,hash_inventory.csv,KEEP_ARCHIVE,False
D:\py\DRL2\logs\phase2_sac_v2_dt_reward_seed260812,40751,5,H01_single_phase,EXPLORATORY,"{""seed"": 260812, ""status"": ""phase2_stopped_early"", ""actual_model_timesteps"": 75000}",1786504411.3557148,1786504493.8489783,hash_inventory.csv,KEEP_ARCHIVE,False
D:\py\DRL2\logs\phase2_sac_v2_gamma999_seed260812,36821,5,H01_single_phase,EXPLORATORY,"{""seed"": 260812, ""status"": ""phase2_stopped_early"", ""actual_model_timesteps"": 75000}",1786506113.559128,1786506258.554474,hash_inventory.csv,KEEP_ARCHIVE,False
D:\py\DRL2\logs\phase2_sac_v2_smoke_30k_seed260812,39778,4,H01_single_phase,EXPLORATORY,"{""seed"": 260812, ""status"": ""completed"", ""actual_model_timesteps"": 30000}",1786467818.0627248,1786467929.3419507,hash_inventory.csv,KEEP_ARCHIVE,False
D:\py\DRL2\logs\phase2_sac_v2_teachingA_seed260812,38330,5,H01_single_phase,EXPLORATORY,"{""seed"": 260812, ""status"": ""phase2_stopped_early"", ""actual_model_timesteps"": 75000}",1786502802.6551063,1786502915.8769715,hash_inventory.csv,KEEP_ARCHIVE,False
D:\py\DRL2\logs\phase2_sac_v2_terminalcost_seed260812,39130,5,H01_single_phase,EXPLORATORY,"{""seed"": 260812, ""status"": ""phase2_stopped_early"", ""actual_model_timesteps"": 75000}",1786501353.3751936,1786501409.6100962,hash_inventory.csv,KEEP_ARCHIVE,False
D:\py\DRL2\logs\phase2_sac_v2_warmup75k_seed260812,42799,5,H01_single_phase,EXPLORATORY,"{""seed"": 260812, ""status"": ""phase2_stopped_early"", ""actual_model_timesteps"": 75000}",1786499851.675532,1786499901.4201522,hash_inventory.csv,KEEP_ARCHIVE,False
D:\py\DRL2\logs\phase2_v2_1_mpc_observation_diagnostic,1897399,4,H01_single_phase,EXPLORATORY,{},1786514215.6134994,1786514253.4692929,hash_inventory.csv,KEEP_ARCHIVE,False
D:\py\DRL2\logs\precapture_planning_baseline,7732196,5,ORPHAN,UNKNOWN,{},1788517608.548775,1788521046.5366712,hash_inventory.csv,ASK_USER,False
D:\py\DRL2\logs\precapture_planning_oracle,5481819,9,ORPHAN,UNKNOWN,{},1788572339.696313,1788572341.6647522,hash_inventory.csv,ASK_USER,False
D:\py\DRL2\logs\precapture_planning_v2,22493131,174,ORPHAN,UNKNOWN,{},1788583876.253763,1788833913.4647522,hash_inventory.csv,ASK_USER,False
D:\py\DRL2\logs\precap_noncoop,610353,5,H05_probe2_noncoop,EXPLORATORY,{},1789487213.4889638,1789494484.94821,hash_inventory.csv,KEEP_ARCHIVE,False
D:\py\DRL2\logs\sac_mpc_v2_arrival_262200,19592,3,H03_T6_T7_interface,EXPLORATORY,"{""seed"": 262200, ""status"": ""running""}",1789092558.7211633,1789099411.398976,hash_inventory.csv,KEEP_ARCHIVE,False
D:\py\DRL2\logs\sac_mpc_v2_arrival_262201,19308,3,H03_T6_T7_interface,EXPLORATORY,"{""seed"": 262201, ""status"": ""running""}",1789092558.7211633,1789099420.529638,hash_inventory.csv,KEEP_ARCHIVE,False
D:\py\DRL2\logs\sac_mpc_v2_arrival_262202,19401,3,H03_T6_T7_interface,EXPLORATORY,"{""seed"": 262202, ""status"": ""running""}",1789092558.7211633,1789099383.144643,hash_inventory.csv,KEEP_ARCHIVE,False
D:\py\DRL2\logs\sac_mpc_v3_bidirectional_262300,21081,3,H03_T6_T7_interface,EXPLORATORY,"{""seed"": 262300, ""status"": ""running""}",1789092558.7199287,1789099349.3709035,hash_inventory.csv,KEEP_ARCHIVE,False
D:\py\DRL2\logs\sac_mpc_v3_bidirectional_262301,20336,3,H03_T6_T7_interface,EXPLORATORY,"{""seed"": 262301, ""status"": ""running""}",1789092558.7199287,1789099213.8482432,hash_inventory.csv,KEEP_ARCHIVE,False
D:\py\DRL2\logs\sac_mpc_v3_bidirectional_262302,20341,3,H03_T6_T7_interface,EXPLORATORY,"{""seed"": 262302, ""status"": ""running""}",1789092558.7211633,1789099377.465171,hash_inventory.csv,KEEP_ARCHIVE,False
D:\py\DRL2\logs\stop_262430,218111203,16,E06_stopping_formal,OFFICIAL,"{""code_commit"": ""2e5c236f7412caea3b203519619ef7a48bb16df9"", ""code_dirty"": false, ""seed"": 262430, ""method"": ""learned_stopping_option"", ""status"": ""completed"", ""actual_outer_decisions"": 60000}",1791058120.427015,1791220900.3408408,hash_inventory.csv,KEEP_ARCHIVE,False
D:\py\DRL2\logs\stop_262431,218132292,16,E06_stopping_formal,OFFICIAL,"{""code_commit"": ""2e5c236f7412caea3b203519619ef7a48bb16df9"", ""code_dirty"": false, ""seed"": 262431, ""method"": ""learned_stopping_option"", ""status"": ""completed"", ""actual_outer_decisions"": 60000}",1791058099.2281802,1791221072.2364876,hash_inventory.csv,KEEP_ARCHIVE,False
D:\py\DRL2\logs\stop_262432,218108808,16,E06_stopping_formal,OFFICIAL,"{""code_commit"": ""2e5c236f7412caea3b203519619ef7a48bb16df9"", ""code_dirty"": false, ""seed"": 262432, ""method"": ""learned_stopping_option"", ""status"": ""completed"", ""actual_outer_decisions"": 60000}",1791058861.7778263,1791221110.4731104,hash_inventory.csv,KEEP_ARCHIVE,False
D:\py\DRL2\logs\stop_dev_262440,117443810,10,E05_stopping_dev_262440,EXPLORATORY,"{""code_commit"": ""2e5c236f7412caea3b203519619ef7a48bb16df9"", ""code_dirty"": false, ""seed"": 262440, ""method"": ""learned_stopping_option"", ""status"": ""completed"", ""actual_outer_decisions"": 30000}",1790952972.0225737,1790999645.3855968,hash_inventory.csv,KEEP_ARCHIVE,False
D:\py\DRL2\logs\t0_amendment_20260910,100235,4,ORPHAN,UNKNOWN,"{""status"": ""completed""}",1789032253.728453,1789032410.085414,hash_inventory.csv,ASK_USER,False
D:\py\DRL2\logs\t10,200622,29,ORPHAN,UNKNOWN,{},1789210605.9895434,1789235222.723816,hash_inventory.csv,ASK_USER,False
D:\py\DRL2\logs\t10_gate_a,119157,2,ORPHAN,UNKNOWN,{},1789248660.4124167,1789248660.41626,hash_inventory.csv,ASK_USER,False
D:\py\DRL2\logs\t10_headroom,36803,11,ORPHAN,UNKNOWN,{},1789215956.8827584,1789215957.0644772,hash_inventory.csv,ASK_USER,False
D:\py\DRL2\logs\t11,257169,23,ORPHAN,UNKNOWN,{},1789248834.1672115,1789256257.831422,hash_inventory.csv,ASK_USER,False
D:\py\DRL2\logs\t11_gate_b,136800,8,ORPHAN,UNKNOWN,{},1789256316.1408908,1789261202.9796686,hash_inventory.csv,ASK_USER,False
D:\py\DRL2\logs\t11_interface,23264,3,ORPHAN,UNKNOWN,{},1789261202.7912133,1789261202.7961557,hash_inventory.csv,ASK_USER,False
D:\py\DRL2\logs\t12_eval,3815798,23,H04_T12,OFFICIAL,{},1789433989.842702,1789449011.2562363,hash_inventory.csv,KEEP_ARCHIVE,False
D:\py\DRL2\logs\t12_eval_v2,7655188,28,H04_T12,OFFICIAL,{},1789449345.8010683,1789462317.4949765,hash_inventory.csv,KEEP_ARCHIVE,False
D:\py\DRL2\logs\t12_train,716368854,110,H04_T12,OFFICIAL,{},1789261437.931957,1789406751.9310255,hash_inventory.csv,KEEP_ARCHIVE,False
D:\py\DRL2\logs\t7_launch_20260911,50484,14,H03_T6_T7_interface,EXPLORATORY,{},1789092532.6740365,1789100187.9605987,hash_inventory.csv,KEEP_ARCHIVE,False
D:\py\DRL2\logs\t7_retry1_20260911,477522243,82,H03_T6_T7_interface,EXPLORATORY,{},1789100115.0313513,1789180198.6007357,hash_inventory.csv,KEEP_ARCHIVE,False
D:\py\DRL2\logs\t8_eval,1762165,33,ORPHAN,UNKNOWN,{},1789184570.50966,1789196428.130513,hash_inventory.csv,ASK_USER,False
D:\py\DRL2\logs\terminal_gate,20654,3,ORPHAN,UNKNOWN,{},1789210440.2787127,1789210440.2842786,hash_inventory.csv,ASK_USER,False
D:\py\DRL2\logs\upper_d2_fallback,8465802,16,ORPHAN,UNKNOWN,{},1788858889.804286,1788858890.0022092,hash_inventory.csv,ASK_USER,False
D:\py\DRL2\logs\upper_d3_slack,1114807,5,ORPHAN,UNKNOWN,{},1788858890.0207276,1788858890.0642486,hash_inventory.csv,ASK_USER,False
D:\py\DRL2\logs\upper_na_f1,12726464,34,ORPHAN,UNKNOWN,{},1788858890.08055,1788858890.5018592,hash_inventory.csv,ASK_USER,False
D:\py\DRL2\logs\v3e_262420,120925764,16,E01_V3e_60k_valueR2,OFFICIAL,"{""code_commit"": ""a03632a304bf8af50c4be42cc9d3e450fb23d5ad"", ""code_dirty"": false, ""seed"": 262420, ""status"": ""completed"", ""actual_decision_steps"": 60000}",1790517189.116572,1790627961.603513,hash_inventory.csv,KEEP_ARCHIVE,False
D:\py\DRL2\logs\v3e_262421,120923781,16,E01_V3e_60k_valueR2,OFFICIAL,"{""code_commit"": ""a03632a304bf8af50c4be42cc9d3e450fb23d5ad"", ""code_dirty"": false, ""seed"": 262421, ""status"": ""completed"", ""actual_decision_steps"": 60000}",1790517145.701851,1790627355.7405236,hash_inventory.csv,KEEP_ARCHIVE,False
D:\py\DRL2\logs\v3e_262422,120928214,16,E01_V3e_60k_valueR2,OFFICIAL,"{""code_commit"": ""a03632a304bf8af50c4be42cc9d3e450fb23d5ad"", ""code_dirty"": false, ""seed"": 262422, ""status"": ""completed"", ""actual_decision_steps"": 60000}",1790517163.1488757,1790627594.1549752,hash_inventory.csv,KEEP_ARCHIVE,False
D:\py\DRL2\logs\adp_rf_262410\checkpoints,110738668,12,I01_round1_adaptive,INVALID,{},1789844489.489697,1789967472.0363846,hash_inventory.csv,INVALID_KEEP,False
D:\py\DRL2\logs\adp_rf_262410\tensorboard,73413,1,I01_round1_adaptive,INVALID,{},1789966696.3421466,1789966696.3421466,hash_inventory.csv,INVALID_KEEP,False
D:\py\DRL2\logs\adp_rf_262411\checkpoints,110737788,12,I01_round1_adaptive,INVALID,{},1789844560.8255754,1789967457.347731,hash_inventory.csv,INVALID_KEEP,False
D:\py\DRL2\logs\adp_rf_262411\tensorboard,77718,1,I01_round1_adaptive,INVALID,{},1789966622.485569,1789966622.485569,hash_inventory.csv,INVALID_KEEP,False
D:\py\DRL2\logs\adp_rf_262412\checkpoints,110737936,12,I01_round1_adaptive,INVALID,{},1789844554.2301526,1789967535.6038394,hash_inventory.csv,INVALID_KEEP,False
D:\py\DRL2\logs\adp_rf_262412\tensorboard,74461,1,I01_round1_adaptive,INVALID,{},1789967112.2191157,1789967112.2191157,hash_inventory.csv,INVALID_KEEP,False
D:\py\DRL2\logs\final2_262460\checkpoints,181025786,12,F01_final2_training,EXPLORATORY,{},1791385961.549851,1791528112.235404,hash_inventory.csv,KEEP_ARCHIVE,False
D:\py\DRL2\logs\final2_262460\tensorboard,112394,1,F01_final2_training,CACHE,{},1791527949.3877141,1791527949.3877141,hash_inventory.csv,CACHE_DELETABLE,False
D:\py\DRL2\logs\final2_262461\checkpoints,165941746,11,F01_final2_training,ACTIVE,{},1791389065.9849372,1791524943.7116203,hash_inventory.csv,KEEP_ACTIVE,False
D:\py\DRL2\logs\final2_262461\tensorboard,112120,1,F01_final2_training,ACTIVE,{},1791534621.0701225,1791534621.0701225,hash_inventory.csv,KEEP_ACTIVE,False
D:\py\DRL2\logs\final2_262462\checkpoints,181027463,12,F01_final2_training,EXPLORATORY,{},1791387343.2958238,1791530609.4670286,hash_inventory.csv,KEEP_ARCHIVE,False
D:\py\DRL2\logs\final2_262462\tensorboard,122450,1,F01_final2_training,CACHE,{},1791530333.9139416,1791530333.9139416,hash_inventory.csv,CACHE_DELETABLE,False
D:\py\DRL2\logs\final_262450\checkpoints,45250561,3,F00_final_training_interrupted,INVALID,{},1791331877.877673,1791357852.5349092,hash_inventory.csv,INVALID_KEEP,False
D:\py\DRL2\logs\final_262450\tensorboard,27740,1,F00_final_training_interrupted,INVALID,{},1791358402.622678,1791358402.622678,hash_inventory.csv,INVALID_KEEP,False
D:\py\DRL2\logs\final_262451\checkpoints,45250197,3,F00_final_training_interrupted,INVALID,{},1791332237.3582563,1791357933.6669035,hash_inventory.csv,INVALID_KEEP,False
D:\py\DRL2\logs\final_262451\tensorboard,28490,1,F00_final_training_interrupted,INVALID,{},1791358237.151909,1791358237.151909,hash_inventory.csv,INVALID_KEEP,False
D:\py\DRL2\logs\final_262452\checkpoints,30167041,2,F00_final_training_interrupted,INVALID,{},1791336461.4331908,1791349929.6078012,hash_inventory.csv,INVALID_KEEP,False
D:\py\DRL2\logs\final_262452\tensorboard,24479,1,F00_final_training_interrupted,INVALID,{},1791358242.0063133,1791358242.0063133,hash_inventory.csv,INVALID_KEEP,False
D:\py\DRL2\logs\fullmission_sac_200k_seed260830\evaluations,230698,5,H01_single_phase,EXPLORATORY,{},1787289692.9621117,1787293130.7072377,hash_inventory.csv,KEEP_ARCHIVE,False
D:\py\DRL2\logs\fullmission_sac_200k_seed260830\tensorboard,23137,1,H01_single_phase,CACHE,{},1787292977.0076208,1787292977.0076208,hash_inventory.csv,CACHE_DELETABLE,False
D:\py\DRL2\logs\fullmission_sac_200k_seed260831\evaluations,228155,5,H01_single_phase,EXPLORATORY,{},1787289969.8037927,1787293286.729225,hash_inventory.csv,KEEP_ARCHIVE,False
D:\py\DRL2\logs\fullmission_sac_200k_seed260831\tensorboard,25881,1,H01_single_phase,CACHE,{},1787293163.705223,1787293163.705223,hash_inventory.csv,CACHE_DELETABLE,False
D:\py\DRL2\logs\fullmission_sac_200k_seed260832\evaluations,223228,5,H01_single_phase,EXPLORATORY,{},1787289776.7337165,1787292850.606338,hash_inventory.csv,KEEP_ARCHIVE,False
D:\py\DRL2\logs\fullmission_sac_200k_seed260832\tensorboard,36052,1,H01_single_phase,CACHE,{},1787292708.2732947,1787292708.2732947,hash_inventory.csv,CACHE_DELETABLE,False
D:\py\DRL2\logs\gatefree_sac_150k_seed260840\evaluations,266743,6,H01_single_phase,EXPLORATORY,{},1787377132.3186495,1787379466.7329443,hash_inventory.csv,KEEP_ARCHIVE,False
D:\py\DRL2\logs\gatefree_sac_150k_seed260840\tensorboard,34703,1,H01_single_phase,CACHE,{},1787379289.2015138,1787379289.2015138,hash_inventory.csv,CACHE_DELETABLE,False
D:\py\DRL2\logs\gatefree_sac_150k_seed260841\evaluations,266275,6,H01_single_phase,EXPLORATORY,{},1787377128.9386888,1787379136.8507192,hash_inventory.csv,KEEP_ARCHIVE,False
D:\py\DRL2\logs\gatefree_sac_150k_seed260841\tensorboard,66635,1,H01_single_phase,CACHE,{},1787379077.2427583,1787379077.2427583,hash_inventory.csv,CACHE_DELETABLE,False
D:\py\DRL2\logs\gatefree_sac_150k_seed260842\evaluations,266266,6,H01_single_phase,EXPLORATORY,{},1787377136.3975375,1787379262.5689106,hash_inventory.csv,KEEP_ARCHIVE,False
D:\py\DRL2\logs\gatefree_sac_150k_seed260842\tensorboard,47070,1,H01_single_phase,CACHE,{},1787379191.1363182,1787379191.1363182,hash_inventory.csv,CACHE_DELETABLE,False
D:\py\DRL2\logs\gatefree_sac_400k_fix_seed260860\evaluations,240471,5,H01_single_phase,EXPLORATORY,{},1787454246.9628966,1787458507.5513873,hash_inventory.csv,KEEP_ARCHIVE,False
D:\py\DRL2\logs\gatefree_sac_400k_fix_seed260860\tensorboard,52825,1,H01_single_phase,CACHE,{},1787458142.477519,1787458142.477519,hash_inventory.csv,CACHE_DELETABLE,False
D:\py\DRL2\logs\gatefree_sac_400k_fix_seed260861\evaluations,246197,5,H01_single_phase,EXPLORATORY,{},1787454134.8389897,1787458192.7549944,hash_inventory.csv,KEEP_ARCHIVE,False
D:\py\DRL2\logs\gatefree_sac_400k_fix_seed260861\tensorboard,72068,1,H01_single_phase,CACHE,{},1787457791.3965783,1787457791.3965783,hash_inventory.csv,CACHE_DELETABLE,False
D:\py\DRL2\logs\gatefree_sac_400k_fix_seed260862\evaluations,250260,5,H01_single_phase,EXPLORATORY,{},1787454063.8885088,1787457721.2786384,hash_inventory.csv,KEEP_ARCHIVE,False
D:\py\DRL2\logs\gatefree_sac_400k_fix_seed260862\tensorboard,77521,1,H01_single_phase,CACHE,{},1787457506.6662476,1787457506.6662476,hash_inventory.csv,CACHE_DELETABLE,False
D:\py\DRL2\logs\gatefree_sac_400k_seed260850\evaluations,307453,7,H01_single_phase,EXPLORATORY,{},1787405551.0505126,1787413523.715392,hash_inventory.csv,KEEP_ARCHIVE,False
D:\py\DRL2\logs\gatefree_sac_400k_seed260850\tensorboard,69972,1,H01_single_phase,CACHE,{},1787413287.9891238,1787413287.9891238,hash_inventory.csv,CACHE_DELETABLE,False
D:\py\DRL2\logs\gatefree_sac_400k_seed260851\evaluations,309888,7,H01_single_phase,EXPLORATORY,{},1787405625.3750408,1787412691.830496,hash_inventory.csv,KEEP_ARCHIVE,False
D:\py\DRL2\logs\gatefree_sac_400k_seed260851\tensorboard,79044,1,H01_single_phase,CACHE,{},1787412600.4712605,1787412600.4712605,hash_inventory.csv,CACHE_DELETABLE,False
D:\py\DRL2\logs\gatefree_sac_400k_seed260852\evaluations,309423,7,H01_single_phase,EXPLORATORY,{},1787405553.3661058,1787412633.1948512,hash_inventory.csv,KEEP_ARCHIVE,False
D:\py\DRL2\logs\gatefree_sac_400k_seed260852\tensorboard,76279,1,H01_single_phase,CACHE,{},1787412356.5375416,1787412356.5375416,hash_inventory.csv,CACHE_DELETABLE,False
D:\py\DRL2\logs\hybrid\d0_20260908,546718,4,ORPHAN,UNKNOWN,{},1788860963.1840417,1788883323.6373703,hash_inventory.csv,ASK_USER,False
D:\py\DRL2\logs\hybrid\entry_channel_diagnosis_20260910,706421,3,ORPHAN,UNKNOWN,{},1788970535.0751567,1788974499.6416085,hash_inventory.csv,ASK_USER,False
D:\py\DRL2\logs\hybrid\interrupted_codex_20260907_2353,32143,15,ORPHAN,UNKNOWN,{},1788792794.009602,1788792975.0636356,hash_inventory.csv,ASK_USER,False
D:\py\DRL2\logs\hybrid\sac_mpc_hybrid_262100,34533,2,ORPHAN,UNKNOWN,"{""seed"": 262100, ""status"": ""interrupted"", ""actual_decision_steps"": 19160}",1788832423.3340468,1788832476.588845,hash_inventory.csv,ASK_USER,False
D:\py\DRL2\logs\hybrid\sac_mpc_hybrid_262101,32955,2,ORPHAN,UNKNOWN,"{""seed"": 262101, ""status"": ""interrupted"", ""actual_decision_steps"": 19405}",1788832354.5411403,1788832478.3542643,hash_inventory.csv,ASK_USER,False
D:\py\DRL2\logs\hybrid\sac_mpc_hybrid_262102,34302,2,ORPHAN,UNKNOWN,"{""seed"": 262102, ""status"": ""interrupted"", ""actual_decision_steps"": 19259}",1788832445.0419736,1788832479.6296067,hash_inventory.csv,ASK_USER,False
D:\py\DRL2\logs\hybrid\sac_mpc_hybrid_v2_262100,9137380,4,ORPHAN,UNKNOWN,"{""seed"": 262100, ""status"": ""interrupted"", ""actual_decision_steps"": 9995}",1788852963.5793052,1788853434.652223,hash_inventory.csv,ASK_USER,False
D:\py\DRL2\logs\hybrid\sac_mpc_hybrid_v2_262101,9139206,4,ORPHAN,UNKNOWN,"{""seed"": 262101, ""status"": ""interrupted"", ""actual_decision_steps"": 9792}",1788853351.5293293,1788853436.6775994,hash_inventory.csv,ASK_USER,False
D:\py\DRL2\logs\hybrid\sac_mpc_hybrid_v2_262102,9140015,4,ORPHAN,UNKNOWN,"{""seed"": 262102, ""status"": ""interrupted"", ""actual_decision_steps"": 9859}",1788853026.9104083,1788853439.2286525,hash_inventory.csv,ASK_USER,False
D:\py\DRL2\logs\hybrid\sac_mpc_hybrid_v3_macro_262100,45564544,8,ORPHAN,UNKNOWN,"{""seed"": 262100, ""status"": ""running""}",1788885114.7199874,1788929063.4424698,hash_inventory.csv,ASK_USER,False
D:\py\DRL2\logs\hybrid\sac_mpc_hybrid_v3_macro_262101,45567699,8,ORPHAN,UNKNOWN,"{""seed"": 262101, ""status"": ""running""}",1788885168.3754895,1788929232.414527,hash_inventory.csv,ASK_USER,False
D:\py\DRL2\logs\hybrid\sac_mpc_hybrid_v3_macro_262102,45572508,8,ORPHAN,UNKNOWN,"{""seed"": 262102, ""status"": ""running""}",1788885177.4553802,1788929215.0983012,hash_inventory.csv,ASK_USER,False
D:\py\DRL2\logs\hybrid\sac_mpc_hybrid_v4_phase_time_262100,45967925,8,ORPHAN,UNKNOWN,"{""seed"": 262100, ""status"": ""interrupted_at_zero_completion_gate""}",1788980739.7498698,1789004896.871944,hash_inventory.csv,ASK_USER,False
D:\py\DRL2\logs\hybrid\sac_mpc_hybrid_v4_phase_time_262101,45965713,8,ORPHAN,UNKNOWN,"{""seed"": 262101, ""status"": ""interrupted_at_zero_completion_gate""}",1788980779.8999443,1789004901.329926,hash_inventory.csv,ASK_USER,False
D:\py\DRL2\logs\hybrid\sac_mpc_hybrid_v4_phase_time_262102,45966520,8,ORPHAN,UNKNOWN,"{""seed"": 262102, ""status"": ""interrupted_at_zero_completion_gate""}",1788980782.4313025,1789004905.719286,hash_inventory.csv,ASK_USER,False
D:\py\DRL2\logs\hybrid\v4_performance_20260910,5396,3,ORPHAN,UNKNOWN,{},1788974883.041326,1788975015.745389,hash_inventory.csv,ASK_USER,False
D:\py\DRL2\logs\invalidated\observation_velocity_rotation_bug,7933960,37,ORPHAN,INVALID,{},1788171771.8998652,1788262753.1699376,hash_inventory.csv,INVALID_KEEP,False
D:\py\DRL2\logs\phase2_mission_s1v2_acquisition_bodyobs_autoent_tau001_seed260815\evaluations,154294,6,H01_single_phase,EXPLORATORY,{},1786762118.2769344,1786767611.181221,hash_inventory.csv,KEEP_ARCHIVE,False
D:\py\DRL2\logs\phase2_mission_s1v2_acquisition_bodyobs_autoent_tau001_seed260815\tensorboard,122001,1,H01_single_phase,CACHE,{},1786767569.6069267,1786767569.6069267,hash_inventory.csv,CACHE_DELETABLE,False
D:\py\DRL2\logs\phase2_mission_s1v2_fixedalpha_200k_seed260816\evaluations,106557,4,H01_single_phase,EXPLORATORY,{},1787232342.098835,1787234326.979596,hash_inventory.csv,KEEP_ARCHIVE,False
D:\py\DRL2\logs\phase2_mission_s1v2_fixedalpha_200k_seed260816\tensorboard,29652,1,H01_single_phase,CACHE,{},1787234266.4710164,1787234266.4710164,hash_inventory.csv,CACHE_DELETABLE,False
D:\py\DRL2\logs\phase2_mission_s1v2_fixedalpha_200k_seed260817\evaluations,104560,4,H01_single_phase,EXPLORATORY,{},1787232562.5670006,1787234460.8160784,hash_inventory.csv,KEEP_ARCHIVE,False
D:\py\DRL2\logs\phase2_mission_s1v2_fixedalpha_200k_seed260817\tensorboard,39865,1,H01_single_phase,CACHE,{},1787234426.7231328,1787234426.7231328,hash_inventory.csv,CACHE_DELETABLE,False
D:\py\DRL2\logs\phase2_mission_s1v2_velerror_bodyobs_autoent_tau001_seed260815\evaluations,154683,6,H01_single_phase,EXPLORATORY,{},1786777209.9278088,1786782691.5202825,hash_inventory.csv,KEEP_ARCHIVE,False
D:\py\DRL2\logs\phase2_mission_s1v2_velerror_bodyobs_autoent_tau001_seed260815\tensorboard,99451,1,H01_single_phase,CACHE,{},1786782664.6007135,1786782664.6007135,hash_inventory.csv,CACHE_DELETABLE,False
D:\py\DRL2\logs\phase2_mission_s1v2_velerror_buffer600k_seed260815\evaluations,154995,6,H01_single_phase,EXPLORATORY,{},1787221623.4690137,1787226875.2706535,hash_inventory.csv,KEEP_ARCHIVE,False
D:\py\DRL2\logs\phase2_mission_s1v2_velerror_buffer600k_seed260815\tensorboard,96762,1,H01_single_phase,CACHE,{},1787226818.7560616,1787226818.7560616,hash_inventory.csv,CACHE_DELETABLE,False
D:\py\DRL2\logs\phase2_mission_s1v2_velerror_fixedalpha_seed260815\evaluations,154982,6,H01_single_phase,EXPLORATORY,{},1787209858.5411892,1787215081.1834712,hash_inventory.csv,KEEP_ARCHIVE,False
D:\py\DRL2\logs\phase2_mission_s1v2_velerror_fixedalpha_seed260815\tensorboard,100682,1,H01_single_phase,CACHE,{},1787215044.53922,1787215044.53922,hash_inventory.csv,CACHE_DELETABLE,False
D:\py\DRL2\logs\phase2_mission_s1v2_velerror_utd4_seed260815\evaluations,51423,2,H01_single_phase,EXPLORATORY,{},1787206557.0104425,1787207780.3448215,hash_inventory.csv,KEEP_ARCHIVE,False
D:\py\DRL2\logs\phase2_mission_s1v2_velerror_utd4_seed260815\tensorboard,40612,1,H01_single_phase,CACHE,{},1787208887.015521,1787208887.015521,hash_inventory.csv,CACHE_DELETABLE,False
D:\py\DRL2\logs\phase2_mission_s1_adaptive_actioncontrast_seed260814\evaluations,111847,5,H01_single_phase,EXPLORATORY,{},1786682049.1557307,1786684800.0251064,hash_inventory.csv,KEEP_ARCHIVE,False
D:\py\DRL2\logs\phase2_mission_s1_adaptive_actioncontrast_seed260814\tensorboard,109571,1,H01_single_phase,CACHE,{},1786684742.2648592,1786684742.2648592,hash_inventory.csv,CACHE_DELETABLE,False
D:\py\DRL2\logs\phase2_mission_s1_cone20_autoent_seed260814\evaluations,112107,5,H01_single_phase,EXPLORATORY,{},1786712716.236176,1786715195.6916735,hash_inventory.csv,KEEP_ARCHIVE,False
D:\py\DRL2\logs\phase2_mission_s1_cone20_autoent_seed260814\tensorboard,81327,1,H01_single_phase,CACHE,{},1786715158.4588134,1786715158.4588134,hash_inventory.csv,CACHE_DELETABLE,False
D:\py\DRL2\logs\phase2_mission_s1_cone20_bodyobs_autoent_seed260814\evaluations,112135,5,H01_single_phase,EXPLORATORY,{},1786718396.6157374,1786721034.0219727,hash_inventory.csv,KEEP_ARCHIVE,False
D:\py\DRL2\logs\phase2_mission_s1_cone20_bodyobs_autoent_seed260814\tensorboard,73668,1,H01_single_phase,CACHE,{},1786720992.2916727,1786720992.2916727,hash_inventory.csv,CACHE_DELETABLE,False
D:\py\DRL2\logs\phase2_mission_s1_cone20_bodyobs_autoent_tau001_seed260814\evaluations,112043,5,H01_single_phase,EXPLORATORY,{},1786723469.8454368,1786726228.6917708,hash_inventory.csv,KEEP_ARCHIVE,False
D:\py\DRL2\logs\phase2_mission_s1_cone20_bodyobs_autoent_tau001_seed260814\tensorboard,59695,1,H01_single_phase,CACHE,{},1786726188.2702005,1786726188.2702005,hash_inventory.csv,CACHE_DELETABLE,False
D:\py\DRL2\logs\phase2_mission_s1_fullcanonical_autoent_seed260814\evaluations,111881,5,H01_single_phase,EXPLORATORY,{},1786695400.5196376,1786697743.5572314,hash_inventory.csv,KEEP_ARCHIVE,False
D:\py\DRL2\logs\phase2_mission_s1_fullcanonical_autoent_seed260814\tensorboard,76366,1,H01_single_phase,CACHE,{},1786697719.4899273,1786697719.4899273,hash_inventory.csv,CACHE_DELETABLE,False
D:\py\DRL2\logs\phase2_mission_s1_fullcanonical_localprogress_autoent_seed260814\evaluations,111846,5,H01_single_phase,EXPLORATORY,{},1786706298.963104,1786708775.9501057,hash_inventory.csv,KEEP_ARCHIVE,False
D:\py\DRL2\logs\phase2_mission_s1_fullcanonical_localprogress_autoent_seed260814\tensorboard,84935,1,H01_single_phase,CACHE,{},1786708749.1868315,1786708749.1868315,hash_inventory.csv,CACHE_DELETABLE,False
D:\py\DRL2\logs\phase2_mission_s1_fullcanonical_seed260814\evaluations,111902,5,H01_single_phase,EXPLORATORY,{},1786689572.3275828,1786692070.5958464,hash_inventory.csv,KEEP_ARCHIVE,False
D:\py\DRL2\logs\phase2_mission_s1_fullcanonical_seed260814\tensorboard,72184,1,H01_single_phase,CACHE,{},1786692031.291588,1786692031.291588,hash_inventory.csv,CACHE_DELETABLE,False
D:\py\DRL2\logs\phase2_mission_s1_rewardfix_seed260813\evaluations,107476,5,H01_single_phase,EXPLORATORY,{},1786622371.1770258,1786624609.3872035,hash_inventory.csv,KEEP_ARCHIVE,False
D:\py\DRL2\logs\phase2_mission_s1_rewardfix_seed260813\tensorboard,58377,1,H01_single_phase,CACHE,{},1786624575.3830898,1786624575.3830898,hash_inventory.csv,CACHE_DELETABLE,False
D:\py\DRL2\logs\phase2_mission_s1_seed260813\evaluations,93855,5,H01_single_phase,EXPLORATORY,{},1786604081.289569,1786608707.737177,hash_inventory.csv,KEEP_ARCHIVE,False
D:\py\DRL2\logs\phase2_mission_s1_seed260813\tensorboard,132878,1,H01_single_phase,CACHE,{},1786608683.4226532,1786608683.4226532,hash_inventory.csv,CACHE_DELETABLE,False
D:\py\DRL2\logs\phase2_mission_s1_semanticfix_seed260813\evaluations,107743,5,H01_single_phase,EXPLORATORY,{},1786633711.059152,1786636168.1591163,hash_inventory.csv,KEEP_ARCHIVE,False
D:\py\DRL2\logs\phase2_mission_s1_semanticfix_seed260813\tensorboard,55942,1,H01_single_phase,CACHE,{},1786636118.1163628,1786636118.1163628,hash_inventory.csv,CACHE_DELETABLE,False
D:\py\DRL2\logs\phase2_mission_s1_stable_seed260813\evaluations,107535,5,H01_single_phase,EXPLORATORY,{},1786615161.7197866,1786617581.4454246,hash_inventory.csv,KEEP_ARCHIVE,False
D:\py\DRL2\logs\phase2_mission_s1_stable_seed260813\tensorboard,74855,1,H01_single_phase,CACHE,{},1786617560.9062753,1786617560.9062753,hash_inventory.csv,CACHE_DELETABLE,False
D:\py\DRL2\logs\phase2_sac_v2_1b_boundedobs_stagea_150k_seed260812\tensorboard,36269,1,H01_single_phase,CACHE,{},1786521406.3422618,1786521406.3422618,hash_inventory.csv,CACHE_DELETABLE,False
D:\py\DRL2\logs\phase2_sac_v2_1_stagea_200k_seed260812\tensorboard,28594,1,H01_single_phase,CACHE,{},1786517764.7608726,1786517764.7608726,hash_inventory.csv,CACHE_DELETABLE,False
D:\py\DRL2\logs\phase2_sac_v2_2_mpc_actor_init_stagea_100k_seed260812\tensorboard,23369,1,H01_single_phase,CACHE,{},1786529999.2822254,1786529999.2822254,hash_inventory.csv,CACHE_DELETABLE,False
D:\py\DRL2\logs\phase2_sac_v2_300k_seed260812\tensorboard,20376,1,H01_single_phase,CACHE,{},1786498112.4860053,1786498112.4860053,hash_inventory.csv,CACHE_DELETABLE,False
D:\py\DRL2\logs\phase2_sac_v2_densecost_seed260812\tensorboard,12218,1,H01_single_phase,CACHE,{},1786507819.979457,1786507819.979457,hash_inventory.csv,CACHE_DELETABLE,False
D:\py\DRL2\logs\phase2_sac_v2_dt_reward_seed260812\tensorboard,13571,1,H01_single_phase,CACHE,{},1786504411.3557148,1786504411.3557148,hash_inventory.csv,CACHE_DELETABLE,False
D:\py\DRL2\logs\phase2_sac_v2_gamma999_seed260812\tensorboard,11316,1,H01_single_phase,CACHE,{},1786506113.559128,1786506113.559128,hash_inventory.csv,CACHE_DELETABLE,False
D:\py\DRL2\logs\phase2_sac_v2_smoke_30k_seed260812\tensorboard,3958,1,H01_single_phase,CACHE,{},1786467818.0627248,1786467818.0627248,hash_inventory.csv,CACHE_DELETABLE,False
D:\py\DRL2\logs\phase2_sac_v2_teachingA_seed260812\tensorboard,12218,1,H01_single_phase,CACHE,{},1786502802.6551063,1786502802.6551063,hash_inventory.csv,CACHE_DELETABLE,False
D:\py\DRL2\logs\phase2_sac_v2_terminalcost_seed260812\tensorboard,12540,1,H01_single_phase,CACHE,{},1786501353.3823981,1786501353.3823981,hash_inventory.csv,CACHE_DELETABLE,False
D:\py\DRL2\logs\phase2_sac_v2_warmup75k_seed260812\tensorboard,14795,1,H01_single_phase,CACHE,{},1786499851.682842,1786499851.682842,hash_inventory.csv,CACHE_DELETABLE,False
D:\py\DRL2\logs\precapture_planning_v2\upper_diagnosis,4363429,154,ORPHAN,UNKNOWN,{},1788777829.954906,1788833913.4647522,hash_inventory.csv,ASK_USER,False
D:\py\DRL2\logs\sac_mpc_v2_arrival_262200\checkpoints,0,0,H03_T6_T7_interface,EXPLORATORY,{},,,hash_inventory.csv,KEEP_ARCHIVE,False
D:\py\DRL2\logs\sac_mpc_v2_arrival_262200\tensorboard,3865,1,H03_T6_T7_interface,CACHE,{},1789098620.5576737,1789098620.5576737,hash_inventory.csv,CACHE_DELETABLE,False
D:\py\DRL2\logs\sac_mpc_v2_arrival_262201\checkpoints,0,0,H03_T6_T7_interface,EXPLORATORY,{},,,hash_inventory.csv,KEEP_ARCHIVE,False
D:\py\DRL2\logs\sac_mpc_v2_arrival_262201\tensorboard,3643,1,H03_T6_T7_interface,CACHE,{},1789099039.0278146,1789099039.0278146,hash_inventory.csv,CACHE_DELETABLE,False
D:\py\DRL2\logs\sac_mpc_v2_arrival_262202\checkpoints,0,0,H03_T6_T7_interface,EXPLORATORY,{},,,hash_inventory.csv,KEEP_ARCHIVE,False
D:\py\DRL2\logs\sac_mpc_v2_arrival_262202\tensorboard,3865,1,H03_T6_T7_interface,CACHE,{},1789099383.144643,1789099383.144643,hash_inventory.csv,CACHE_DELETABLE,False
D:\py\DRL2\logs\sac_mpc_v3_bidirectional_262300\checkpoints,0,0,H03_T6_T7_interface,EXPLORATORY,{},,,hash_inventory.csv,KEEP_ARCHIVE,False
D:\py\DRL2\logs\sac_mpc_v3_bidirectional_262300\tensorboard,4576,1,H03_T6_T7_interface,CACHE,{},1789099312.1487691,1789099312.1487691,hash_inventory.csv,CACHE_DELETABLE,False
D:\py\DRL2\logs\sac_mpc_v3_bidirectional_262301\checkpoints,0,0,H03_T6_T7_interface,EXPLORATORY,{},,,hash_inventory.csv,KEEP_ARCHIVE,False
D:\py\DRL2\logs\sac_mpc_v3_bidirectional_262301\tensorboard,3969,1,H03_T6_T7_interface,CACHE,{},1789098412.9599924,1789098412.9599924,hash_inventory.csv,CACHE_DELETABLE,False
D:\py\DRL2\logs\sac_mpc_v3_bidirectional_262302\checkpoints,0,0,H03_T6_T7_interface,EXPLORATORY,{},,,hash_inventory.csv,KEEP_ARCHIVE,False
D:\py\DRL2\logs\sac_mpc_v3_bidirectional_262302\tensorboard,3969,1,H03_T6_T7_interface,CACHE,{},1789099150.49763,1789099150.49763,hash_inventory.csv,CACHE_DELETABLE,False
D:\py\DRL2\logs\stop_262430\checkpoints,201140953,12,E06_stopping_formal,OFFICIAL,{},1791058120.427015,1791220900.2244587,hash_inventory.csv,KEEP_ARCHIVE,False
D:\py\DRL2\logs\stop_262430\tensorboard,120456,1,E06_stopping_formal,CACHE,{},1791220351.6095104,1791220351.6095104,hash_inventory.csv,CACHE_DELETABLE,False
D:\py\DRL2\logs\stop_262431\checkpoints,201141580,12,E06_stopping_formal,OFFICIAL,{},1791058099.2281802,1791221072.124661,hash_inventory.csv,KEEP_ARCHIVE,False
D:\py\DRL2\logs\stop_262431\tensorboard,135895,1,E06_stopping_formal,CACHE,{},1791220598.797471,1791220598.797471,hash_inventory.csv,CACHE_DELETABLE,False
D:\py\DRL2\logs\stop_262432\checkpoints,201141310,12,E06_stopping_formal,OFFICIAL,{},1791058861.7778263,1791221110.382451,hash_inventory.csv,KEEP_ARCHIVE,False
D:\py\DRL2\logs\stop_262432\tensorboard,119434,1,E06_stopping_formal,CACHE,{},1791220421.2001715,1791220421.2001715,hash_inventory.csv,CACHE_DELETABLE,False
D:\py\DRL2\logs\stop_dev_262440\checkpoints,100567532,6,E05_stopping_dev_262440,EXPLORATORY,{},1790952972.0225737,1790999645.2896736,hash_inventory.csv,KEEP_ARCHIVE,False
D:\py\DRL2\logs\stop_dev_262440\tensorboard,61646,1,E05_stopping_dev_262440,CACHE,{},1790999171.6861846,1790999171.6861846,hash_inventory.csv,CACHE_DELETABLE,False
D:\py\DRL2\logs\t12_eval_v2\result_only,3800623,6,H04_T12,OFFICIAL,{},1789462316.1196022,1789462316.2912855,hash_inventory.csv,KEEP_ARCHIVE,False
D:\py\DRL2\logs\t12_train\sac_mpc_arrival_262400,119209609,16,H04_T12,OFFICIAL,"{""seed"": 262400, ""status"": ""completed"", ""actual_decision_steps"": 60000}",1789275232.3301442,1789406751.9310255,hash_inventory.csv,KEEP_ARCHIVE,False
D:\py\DRL2\logs\t12_train\sac_mpc_arrival_262401,119199875,16,H04_T12,OFFICIAL,"{""seed"": 262401, ""status"": ""completed"", ""actual_decision_steps"": 60000}",1789275166.2193756,1789405808.2475915,hash_inventory.csv,KEEP_ARCHIVE,False
D:\py\DRL2\logs\t12_train\sac_mpc_arrival_262402,119198362,16,H04_T12,OFFICIAL,"{""seed"": 262402, ""status"": ""completed"", ""actual_decision_steps"": 60000}",1789275292.8363783,1789406463.087637,hash_inventory.csv,KEEP_ARCHIVE,False
D:\py\DRL2\logs\t12_train\sac_mpc_radial_262500,119432362,16,H04_T12,OFFICIAL,"{""seed"": 262500, ""status"": ""completed"", ""actual_decision_steps"": 60000}",1789274684.1297007,1789403928.2503333,hash_inventory.csv,KEEP_ARCHIVE,False
D:\py\DRL2\logs\t12_train\sac_mpc_radial_262501,119425176,16,H04_T12,OFFICIAL,"{""seed"": 262501, ""status"": ""completed"", ""actual_decision_steps"": 60000}",1789274793.3506334,1789405035.5260463,hash_inventory.csv,KEEP_ARCHIVE,False
D:\py\DRL2\logs\t12_train\sac_mpc_radial_262502,119434840,16,H04_T12,OFFICIAL,"{""seed"": 262502, ""status"": ""completed"", ""actual_decision_steps"": 60000}",1789274783.8027854,1789405252.341344,hash_inventory.csv,KEEP_ARCHIVE,False
D:\py\DRL2\logs\t7_retry1_20260911\sac_mpc_v2_arrival_262200,119079982,16,H03_T6_T7_interface,EXPLORATORY,"{""seed"": 262200, ""status"": ""completed"", ""actual_decision_steps"": 60000}",1789105911.2325952,1789180198.6007357,hash_inventory.csv,KEEP_ARCHIVE,False
D:\py\DRL2\logs\t7_retry1_20260911\sac_mpc_v2_arrival_262201,119055509,16,H03_T6_T7_interface,EXPLORATORY,"{""seed"": 262201, ""status"": ""completed"", ""actual_decision_steps"": 60000}",1789105876.8092604,1789179786.7499871,hash_inventory.csv,KEEP_ARCHIVE,False
D:\py\DRL2\logs\t7_retry1_20260911\sac_mpc_v2_arrival_262202,12029,3,H03_T6_T7_interface,EXPLORATORY,"{""seed"": 262202, ""status"": ""running""}",1789100126.4429753,1789100131.2303224,hash_inventory.csv,KEEP_ARCHIVE,False
D:\py\DRL2\logs\t7_retry1_20260911\sac_mpc_v3_bidirectional_262300,119519309,16,H03_T6_T7_interface,EXPLORATORY,"{""seed"": 262300, ""status"": ""completed"", ""actual_decision_steps"": 60000}",1789105865.6491237,1789179014.727187,hash_inventory.csv,KEEP_ARCHIVE,False
D:\py\DRL2\logs\t7_retry1_20260911\sac_mpc_v3_bidirectional_262301,119498288,16,H03_T6_T7_interface,EXPLORATORY,"{""seed"": 262301, ""status"": ""completed"", ""actual_decision_steps"": 60000}",1789105899.2013266,1789179516.777868,hash_inventory.csv,KEEP_ARCHIVE,False
D:\py\DRL2\logs\t7_retry1_20260911\sac_mpc_v3_bidirectional_262302,12252,3,H03_T6_T7_interface,EXPLORATORY,"{""seed"": 262302, ""status"": ""running""}",1789100126.4429753,1789100171.928928,hash_inventory.csv,KEEP_ARCHIVE,False
D:\py\DRL2\logs\v3e_262420\checkpoints,111460323,12,E01_V3e_60k_valueR2,OFFICIAL,{},1790517189.116572,1790627961.5440173,hash_inventory.csv,KEEP_ARCHIVE,False
D:\py\DRL2\logs\v3e_262420\tensorboard,52895,1,E01_V3e_60k_valueR2,CACHE,{},1790627941.9139223,1790627941.9139223,hash_inventory.csv,CACHE_DELETABLE,False
D:\py\DRL2\logs\v3e_262421\checkpoints,111459867,12,E01_V3e_60k_valueR2,OFFICIAL,{},1790517145.701851,1790627355.6515515,hash_inventory.csv,KEEP_ARCHIVE,False
D:\py\DRL2\logs\v3e_262421\tensorboard,52510,1,E01_V3e_60k_valueR2,CACHE,{},1790627041.112123,1790627041.112123,hash_inventory.csv,CACHE_DELETABLE,False
D:\py\DRL2\logs\v3e_262422\checkpoints,111464427,12,E01_V3e_60k_valueR2,OFFICIAL,{},1790517163.1488757,1790627594.078756,hash_inventory.csv,KEEP_ARCHIVE,False
D:\py\DRL2\logs\v3e_262422\tensorboard,51875,1,E01_V3e_60k_valueR2,CACHE,{},1790626734.3141816,1790626734.3141816,hash_inventory.csv,CACHE_DELETABLE,False
D:\py\DRL2\eval,156038425,2178,ORPHAN,UNKNOWN,{},1789553811.1871774,1791534612.089466,hash_inventory.csv,KEEP_ACTIVE,True
D:\py\DRL2\eval\adp,22578369,72,I01_round1_adaptive,INVALID,{},1789974267.5415306,1790720325.3105347,hash_inventory.csv,INVALID_KEEP,False
D:\py\DRL2\eval\cal2,1265818,12,ORPHAN,UNKNOWN,{},1789719707.6888416,1790051160.1024785,hash_inventory.csv,ASK_USER,False
D:\py\DRL2\eval\final2,595164,222,ORPHAN,ACTIVE,{},1791453760.4219868,1791534612.089466,hash_inventory.csv,KEEP_ACTIVE,True
D:\py\DRL2\eval\regime_screen,312900,578,E10_regime_screen,OFFICIAL,{},1791299261.1792295,1791320065.8000786,hash_inventory.csv,KEEP_ARCHIVE,False
D:\py\DRL2\eval\results,4620230,20,ORPHAN,UNKNOWN,{},1789553811.1871774,1790072467.4714386,hash_inventory.csv,ASK_USER,False
D:\py\DRL2\eval\stopping,2659097,728,ORPHAN,UNKNOWN,{},1790918872.2003875,1791261372.8957703,hash_inventory.csv,ASK_USER,False
D:\py\DRL2\eval\stopping_logs,0,0,ORPHAN,UNKNOWN,{},,,hash_inventory.csv,ASK_USER,False
D:\py\DRL2\eval\v3e,123855043,530,E01_V3e_60k_valueR2,OFFICIAL,{},1790604839.8224277,1790918872.242833,hash_inventory.csv,KEEP_ARCHIVE,False
D:\py\DRL2\eval\adp\v3_t0b_hold,50568,12,I01_round1_adaptive,INVALID,{},1790316011.4194393,1790316011.4944053,hash_inventory.csv,INVALID_KEEP,False
D:\py\DRL2\eval\final2\devcheck,386010,147,F02_structural_check_30k,ACTIVE,{},1791453760.4219868,1791466554.9100568,hash_inventory.csv,KEEP_ACTIVE,False
D:\py\DRL2\eval\final2\formal,209154,75,F03_formal_271000,ACTIVE,{},1791531760.3595347,1791534612.089466,hash_inventory.csv,KEEP_ACTIVE,False
D:\py\DRL2\eval\regime_screen\w2.36_r15,51257,96,E10_regime_screen,OFFICIAL,{},1791299520.328482,1791319377.2931347,hash_inventory.csv,KEEP_ARCHIVE,False
D:\py\DRL2\eval\regime_screen\w2.36_r18,51224,96,E10_regime_screen,OFFICIAL,{},1791299519.6070788,1791319640.5554261,hash_inventory.csv,KEEP_ARCHIVE,False
D:\py\DRL2\eval\regime_screen\w2.36_r20,51279,96,E10_regime_screen,OFFICIAL,{},1791299518.869486,1791319960.456828,hash_inventory.csv,KEEP_ARCHIVE,False
D:\py\DRL2\eval\regime_screen\w3.00_r15,25201,48,E10_regime_screen,OFFICIAL,{},1791299522.427662,1791309590.0340137,hash_inventory.csv,KEEP_ARCHIVE,False
D:\py\DRL2\eval\regime_screen\w3.00_r18,25247,48,E10_regime_screen,OFFICIAL,{},1791299518.4269035,1791309147.0237055,hash_inventory.csv,KEEP_ARCHIVE,False
D:\py\DRL2\eval\regime_screen\w3.00_r20,25279,48,E10_regime_screen,OFFICIAL,{},1791299518.1652298,1791309177.7024918,hash_inventory.csv,KEEP_ARCHIVE,False
D:\py\DRL2\eval\regime_screen\w3.50_r15,25407,48,E10_regime_screen,OFFICIAL,{},1791299261.1792295,1791307500.098375,hash_inventory.csv,KEEP_ARCHIVE,False
D:\py\DRL2\eval\regime_screen\w3.50_r18,25464,48,E10_regime_screen,OFFICIAL,{},1791299522.1438894,1791307234.2427208,hash_inventory.csv,KEEP_ARCHIVE,False
D:\py\DRL2\eval\regime_screen\w3.50_r20,25447,48,E10_regime_screen,OFFICIAL,{},1791299520.7624986,1791307446.5704749,hash_inventory.csv,KEEP_ARCHIVE,False
D:\py\DRL2\eval\results\t12_s10_20260915,3709291,16,H04_T12,OFFICIAL,{},1789794719.7789218,1789794719.9853113,hash_inventory.csv,KEEP_ARCHIVE,False
D:\py\DRL2\eval\results\timing_ab_20260916,910939,4,ORPHAN,UNKNOWN,{},1789553811.1871774,1790072467.4714386,hash_inventory.csv,ASK_USER,False
D:\py\DRL2\eval\stopping\dev,135019,49,ORPHAN,UNKNOWN,{},1790999795.263687,1791002549.5468154,hash_inventory.csv,ASK_USER,False
D:\py\DRL2\eval\stopping\formal,1899191,337,E06_stopping_formal,OFFICIAL,{},1791221267.03511,1791233122.8929522,hash_inventory.csv,KEEP_ARCHIVE,False
D:\py\DRL2\eval\stopping\label_check,9124,4,E08_label_check,OFFICIAL,{},1790918872.2003875,1790918872.2295518,hash_inventory.csv,KEEP_ARCHIVE,False
D:\py\DRL2\eval\stopping\value_check,596672,337,ORPHAN,UNKNOWN,{},1791253439.7259219,1791261372.8957703,hash_inventory.csv,ASK_USER,False
D:\py\DRL2\eval\v3e\262420,33619532,28,E01_V3e_60k_valueR2,OFFICIAL,{},1790617377.4745886,1790719332.4405444,hash_inventory.csv,KEEP_ARCHIVE,False
D:\py\DRL2\eval\v3e\262421,27868421,26,E01_V3e_60k_valueR2,OFFICIAL,{},1790617360.0845878,1790713610.2268517,hash_inventory.csv,KEEP_ARCHIVE,False
D:\py\DRL2\eval\v3e\262422,27460077,26,E01_V3e_60k_valueR2,OFFICIAL,{},1790617075.5900404,1790715250.4600258,hash_inventory.csv,KEEP_ARCHIVE,False
D:\py\DRL2\eval\v3e\check_50k_logs,27864,20,E01_V3e_60k_valueR2,OFFICIAL,{},1790604839.8224277,1790617381.4345753,hash_inventory.csv,KEEP_ARCHIVE,False
D:\py\DRL2\eval\v3e\dryrun_50k,8687808,7,E01_V3e_60k_valueR2,OFFICIAL,{},1790609226.761686,1790611655.0047843,hash_inventory.csv,KEEP_ARCHIVE,False
D:\py\DRL2\eval\v3e\formal_60k_logs,69433,48,E01_V3e_60k_valueR2,OFFICIAL,{},1790647407.2688825,1790687928.4289181,hash_inventory.csv,KEEP_ARCHIVE,False
D:\py\DRL2\eval\v3e\manifests,40050,3,E01_V3e_60k_valueR2,OFFICIAL,{},1790740157.5478165,1790740157.5490844,hash_inventory.csv,KEEP_ARCHIVE,False
D:\py\DRL2\eval\v3e\stage_b,7012965,172,E02_B1_handoff_scan,OFFICIAL,{},1790744209.4877088,1790875352.4083967,hash_inventory.csv,KEEP_ARCHIVE,False
D:\py\DRL2\eval\v3e\stage_b2,2184458,144,E03_B2lite,OFFICIAL,{},1790837658.3371923,1790871760.2791128,hash_inventory.csv,KEEP_ARCHIVE,False
D:\py\DRL2\eval\v3e\stage_c,1979183,8,E04_stageC_classifier,OFFICIAL,{},1790884945.18749,1790918872.242833,hash_inventory.csv,KEEP_ARCHIVE,False
D:\py\DRL2\eval\v3e\value_r2_logs,88728,40,E01_V3e_60k_valueR2,OFFICIAL,{},1790684351.5529966,1790719452.7687316,hash_inventory.csv,KEEP_ARCHIVE,False
D:\py\DRL2_v3e\logs,3810032752,1803,E01_V3e_60k_valueR2,OFFICIAL,{},1786464849.925372,1791534621.0701225,hash_inventory.csv,KEEP_ACTIVE,True
D:\py\DRL2_v3e\logs\adp_rf_262410,120088777,16,I01_round1_adaptive,INVALID,"{""seed"": 262410, ""status"": ""completed"", ""actual_decision_steps"": 60000}",1789844489.489697,1789967472.0918741,hash_inventory.csv,INVALID_KEEP,False
D:\py\DRL2_v3e\logs\adp_rf_262411,120094189,16,I01_round1_adaptive,INVALID,"{""seed"": 262411, ""status"": ""completed"", ""actual_decision_steps"": 60000}",1789844560.8255754,1789967457.4082215,hash_inventory.csv,INVALID_KEEP,False
D:\py\DRL2_v3e\logs\adp_rf_262412,120089441,16,I01_round1_adaptive,INVALID,"{""seed"": 262412, ""status"": ""completed"", ""actual_decision_steps"": 60000}",1789844554.2301526,1789967535.6561792,hash_inventory.csv,INVALID_KEEP,False
D:\py\DRL2_v3e\logs\attitude_probe_20260912,19234,1,E01_V3e_60k_valueR2,OFFICIAL,{},1789196279.1332223,1789196279.1332223,hash_inventory.csv,KEEP_ARCHIVE,False
D:\py\DRL2_v3e\logs\compute_h35,887,1,E01_V3e_60k_valueR2,OFFICIAL,{},1789263979.2546391,1789263979.2546391,hash_inventory.csv,KEEP_ARCHIVE,False
D:\py\DRL2_v3e\logs\final2_262460,196297488,16,F01_final2_training,EXPLORATORY,"{""code_commit"": ""f2f8169acd580ea96a578d45022dd8952447eca5"", ""code_dirty"": false, ""seed"": 262460, ""method"": ""learned_stopping_option"", ""regime"": {""name"": ""w2.36_r15"", ""tumble_deg_s"": 2.362365508345389, ""range_min_m"": 15.0, ""range_max_m"": 28.0, ""speed_max_m_s"": 0.1}, ""status"": ""completed"", ""actual_outer_decisions"": 60000}",1791385961.549851,1791528112.3438232,hash_inventory.csv,KEEP_ARCHIVE,False
D:\py\DRL2_v3e\logs\final2_262461,166128125,14,F01_final2_training,ACTIVE,{},1791369834.4680278,1791534621.0701225,hash_inventory.csv,KEEP_ACTIVE,True
D:\py\DRL2_v3e\logs\final2_262462,196315072,16,F01_final2_training,EXPLORATORY,"{""code_commit"": ""f2f8169acd580ea96a578d45022dd8952447eca5"", ""code_dirty"": false, ""seed"": 262462, ""method"": ""learned_stopping_option"", ""regime"": {""name"": ""w2.36_r15"", ""tumble_deg_s"": 2.362365508345389, ""range_min_m"": 15.0, ""range_max_m"": 28.0, ""speed_max_m_s"": 0.1}, ""status"": ""completed"", ""actual_outer_decisions"": 60000}",1791387343.2958238,1791530609.589329,hash_inventory.csv,KEEP_ARCHIVE,False
D:\py\DRL2_v3e\logs\final_262450,45306794,6,F00_final_training_interrupted,INVALID,"{""code_commit"": ""867a3a13e4ad1125a3420bd7ca2bc65d67bb2ba9"", ""code_dirty"": false, ""seed"": 262450, ""method"": ""learned_stopping_option"", ""regime"": {""name"": ""w2.36_r15"", ""tumble_deg_s"": 2.362365508345389, ""range_min_m"": 15.0, ""range_max_m"": 28.0, ""speed_max_m_s"": 0.1}, ""status"": ""running""}",1791320082.3861918,1791358402.622678,hash_inventory.csv,INVALID_KEEP,False
D:\py\DRL2_v3e\logs\final_262451,45308140,6,F00_final_training_interrupted,INVALID,"{""code_commit"": ""867a3a13e4ad1125a3420bd7ca2bc65d67bb2ba9"", ""code_dirty"": false, ""seed"": 262451, ""method"": ""learned_stopping_option"", ""regime"": {""name"": ""w2.36_r15"", ""tumble_deg_s"": 2.362365508345389, ""range_min_m"": 15.0, ""range_max_m"": 28.0, ""speed_max_m_s"": 0.1}, ""status"": ""running""}",1791320082.6559262,1791358649.2077823,hash_inventory.csv,INVALID_KEEP,False
D:\py\DRL2_v3e\logs\final_262452,30219753,5,F00_final_training_interrupted,INVALID,"{""code_commit"": ""867a3a13e4ad1125a3420bd7ca2bc65d67bb2ba9"", ""code_dirty"": false, ""seed"": 262452, ""method"": ""learned_stopping_option"", ""regime"": {""name"": ""w2.36_r15"", ""tumble_deg_s"": 2.362365508345389, ""range_min_m"": 15.0, ""range_max_m"": 28.0, ""speed_max_m_s"": 0.1}, ""status"": ""running""}",1791320082.9088514,1791358566.1635544,hash_inventory.csv,INVALID_KEEP,False
D:\py\DRL2_v3e\logs\fullmission_sac_200k_seed260830,552338,11,E01_V3e_60k_valueR2,OFFICIAL,"{""seed"": 260830, ""status"": ""completed"", ""actual_model_timesteps"": 200000}",1787289692.9621117,1787367135.002136,hash_inventory.csv,KEEP_ARCHIVE,False
D:\py\DRL2_v3e\logs\fullmission_sac_200k_seed260831,580782,11,E01_V3e_60k_valueR2,OFFICIAL,"{""seed"": 260831, ""status"": ""completed"", ""actual_model_timesteps"": 200000}",1787289969.8037927,1787367465.3008244,hash_inventory.csv,KEEP_ARCHIVE,False
D:\py\DRL2_v3e\logs\fullmission_sac_200k_seed260832,672503,9,E01_V3e_60k_valueR2,OFFICIAL,"{""seed"": 260832, ""status"": ""completed"", ""actual_model_timesteps"": 200000}",1787289776.7337165,1787292850.7064462,hash_inventory.csv,KEEP_ARCHIVE,False
D:\py\DRL2_v3e\logs\gatefree_sac_150k_seed260840,718472,11,E01_V3e_60k_valueR2,OFFICIAL,"{""seed"": 260840, ""status"": ""completed"", ""actual_model_timesteps"": 150000}",1787377132.3186495,1787396331.3165386,hash_inventory.csv,KEEP_ARCHIVE,False
D:\py\DRL2_v3e\logs\gatefree_sac_150k_seed260841,1089486,11,E01_V3e_60k_valueR2,OFFICIAL,"{""seed"": 260841, ""status"": ""completed"", ""actual_model_timesteps"": 150000}",1787377128.9386888,1787396388.1860352,hash_inventory.csv,KEEP_ARCHIVE,False
D:\py\DRL2_v3e\logs\gatefree_sac_150k_seed260842,861697,11,E01_V3e_60k_valueR2,OFFICIAL,"{""seed"": 260842, ""status"": ""completed"", ""actual_model_timesteps"": 150000}",1787377136.3975375,1787396549.406305,hash_inventory.csv,KEEP_ARCHIVE,False
D:\py\DRL2_v3e\logs\gatefree_sac_400k_fix_seed260860,909963,9,E01_V3e_60k_valueR2,OFFICIAL,"{""seed"": 260860, ""status"": ""completed"", ""actual_model_timesteps"": 400000}",1787454246.9628966,1787458507.6668415,hash_inventory.csv,KEEP_ARCHIVE,False
D:\py\DRL2_v3e\logs\gatefree_sac_400k_fix_seed260861,1138586,9,E01_V3e_60k_valueR2,OFFICIAL,"{""seed"": 260861, ""status"": ""completed"", ""actual_model_timesteps"": 400000}",1787454134.8389897,1787458192.897275,hash_inventory.csv,KEEP_ARCHIVE,False
D:\py\DRL2_v3e\logs\gatefree_sac_400k_fix_seed260862,1207448,9,E01_V3e_60k_valueR2,OFFICIAL,"{""seed"": 260862, ""status"": ""completed"", ""actual_model_timesteps"": 400000}",1787454063.8885088,1787457721.3925076,hash_inventory.csv,KEEP_ARCHIVE,False
D:\py\DRL2_v3e\logs\gatefree_sac_400k_seed260850,1184348,12,E01_V3e_60k_valueR2,OFFICIAL,"{""seed"": 260850, ""status"": ""completed"", ""actual_model_timesteps"": 400000}",1787405551.0505126,1787448821.4451497,hash_inventory.csv,KEEP_ARCHIVE,False
D:\py\DRL2_v3e\logs\gatefree_sac_400k_seed260851,1291082,12,E01_V3e_60k_valueR2,OFFICIAL,"{""seed"": 260851, ""status"": ""completed"", ""actual_model_timesteps"": 400000}",1787405625.3750408,1787449040.5662324,hash_inventory.csv,KEEP_ARCHIVE,False
D:\py\DRL2_v3e\logs\gatefree_sac_400k_seed260852,1259260,12,E01_V3e_60k_valueR2,OFFICIAL,"{""seed"": 260852, ""status"": ""completed"", ""actual_model_timesteps"": 400000}",1787405553.3661058,1787449231.0153348,hash_inventory.csv,KEEP_ARCHIVE,False
D:\py\DRL2_v3e\logs\gatefree_validation,29588,1,E01_V3e_60k_valueR2,OFFICIAL,{},1787373091.9440377,1787373091.9440377,hash_inventory.csv,KEEP_ARCHIVE,False
D:\py\DRL2_v3e\logs\hybrid,303695899,99,E01_V3e_60k_valueR2,OFFICIAL,{},1788792029.7843332,1789004905.719286,hash_inventory.csv,KEEP_ARCHIVE,False
D:\py\DRL2_v3e\logs\invalidated,7933960,37,E01_V3e_60k_valueR2,INVALID,{},1788171771.8998652,1788262753.1699376,hash_inventory.csv,INVALID_KEEP,False
D:\py\DRL2_v3e\logs\p0_horizons_20260910,19313434,65,E01_V3e_60k_valueR2,OFFICIAL,"{""status"": ""completed""}",1789032487.3051753,1789033751.7754996,hash_inventory.csv,KEEP_ARCHIVE,False
D:\py\DRL2_v3e\logs\p1_a_20260910,170115,200,E01_V3e_60k_valueR2,OFFICIAL,"{""status"": ""completed""}",1789033885.406364,1789051314.9904854,hash_inventory.csv,KEEP_ARCHIVE,False
D:\py\DRL2_v3e\logs\p1_b_20260910,38167,63,E01_V3e_60k_valueR2,OFFICIAL,"{""status"": ""completed""}",1789051456.1187594,1789051895.0404403,hash_inventory.csv,KEEP_ARCHIVE,False
D:\py\DRL2_v3e\logs\p1_c_20260910,37325,53,E01_V3e_60k_valueR2,OFFICIAL,"{""status"": ""completed""}",1789051940.2456677,1789052480.7615156,hash_inventory.csv,KEEP_ARCHIVE,False
D:\py\DRL2_v3e\logs\p2_feedback_20260910,124635,15,E01_V3e_60k_valueR2,OFFICIAL,"{""status"": ""completed""}",1789052517.1191733,1789052924.1268442,hash_inventory.csv,KEEP_ARCHIVE,False
D:\py\DRL2_v3e\logs\phase2_mission_full_validation,27514,1,E01_V3e_60k_valueR2,OFFICIAL,{},1787204817.062665,1787204817.062665,hash_inventory.csv,KEEP_ARCHIVE,False
D:\py\DRL2_v3e\logs\phase2_mission_s1v2_acquisition_bodyobs_autoent_tau001_seed260815,1555285,14,E01_V3e_60k_valueR2,OFFICIAL,"{""seed"": 260815, ""status"": ""completed"", ""actual_model_timesteps"": 500000}",1786762118.2769344,1787204817.0483363,hash_inventory.csv,KEEP_ARCHIVE,False
D:\py\DRL2_v3e\logs\phase2_mission_s1v2_fixedalpha_200k_seed260816,503310,10,E01_V3e_60k_valueR2,OFFICIAL,"{""seed"": 260816, ""status"": ""completed"", ""actual_model_timesteps"": 200000}",1787232342.098835,1787234943.45354,hash_inventory.csv,KEEP_ARCHIVE,False
D:\py\DRL2_v3e\logs\phase2_mission_s1v2_fixedalpha_200k_seed260817,621481,10,E01_V3e_60k_valueR2,OFFICIAL,"{""seed"": 260817, ""status"": ""completed"", ""actual_model_timesteps"": 200000}",1787232562.5670006,1787235168.0110135,hash_inventory.csv,KEEP_ARCHIVE,False
D:\py\DRL2_v3e\logs\phase2_mission_s1v2_validation,40383,2,E01_V3e_60k_valueR2,OFFICIAL,{},1787204816.9389057,1787204816.9520676,hash_inventory.csv,KEEP_ARCHIVE,False
D:\py\DRL2_v3e\logs\phase2_mission_s1v2_velerror_bodyobs_autoent_tau001_seed260815,1326613,14,E01_V3e_60k_valueR2,OFFICIAL,"{""seed"": 260815, ""status"": ""completed"", ""actual_model_timesteps"": 500000}",1786777209.9278088,1787204816.9865177,hash_inventory.csv,KEEP_ARCHIVE,False
D:\py\DRL2_v3e\logs\phase2_mission_s1v2_velerror_buffer600k_seed260815,1370730,14,E01_V3e_60k_valueR2,OFFICIAL,"{""seed"": 260815, ""status"": ""completed"", ""actual_model_timesteps"": 500000}",1787221623.4690137,1787230893.7995758,hash_inventory.csv,KEEP_ARCHIVE,False
D:\py\DRL2_v3e\logs\phase2_mission_s1v2_velerror_fixedalpha_seed260815,1404571,13,E01_V3e_60k_valueR2,OFFICIAL,"{""seed"": 260815, ""status"": ""completed"", ""actual_model_timesteps"": 500000}",1787209858.5411892,1787220269.1465912,hash_inventory.csv,KEEP_ARCHIVE,False
D:\py\DRL2_v3e\logs\phase2_mission_s1v2_velerror_utd4_seed260815,452918,7,E01_V3e_60k_valueR2,OFFICIAL,"{""seed"": 260815, ""status"": ""interrupted"", ""actual_model_timesteps"": 145467}",1787206557.0104425,1787208894.963016,hash_inventory.csv,KEEP_ARCHIVE,False
D:\py\DRL2_v3e\logs\phase2_mission_s1_adaptive_actioncontrast_seed260814,879585,9,E01_V3e_60k_valueR2,OFFICIAL,"{""seed"": 260814, ""status"": ""completed"", ""actual_model_timesteps"": 250000}",1786682049.1557307,1786684800.1401913,hash_inventory.csv,KEEP_ARCHIVE,False
D:\py\DRL2_v3e\logs\phase2_mission_s1_cone20_autoent_seed260814,980789,9,E01_V3e_60k_valueR2,OFFICIAL,"{""seed"": 260814, ""status"": ""completed"", ""actual_model_timesteps"": 250000}",1786712716.236176,1786715195.7929711,hash_inventory.csv,KEEP_ARCHIVE,False
D:\py\DRL2_v3e\logs\phase2_mission_s1_cone20_bodyobs_autoent_seed260814,902670,9,E01_V3e_60k_valueR2,OFFICIAL,"{""seed"": 260814, ""status"": ""completed"", ""actual_model_timesteps"": 250000}",1786718396.6157374,1786721034.1229773,hash_inventory.csv,KEEP_ARCHIVE,False
D:\py\DRL2_v3e\logs\phase2_mission_s1_cone20_bodyobs_autoent_tau001_seed260814,760210,9,E01_V3e_60k_valueR2,OFFICIAL,"{""seed"": 260814, ""status"": ""completed"", ""actual_model_timesteps"": 250000}",1786723469.8454368,1786726228.7900174,hash_inventory.csv,KEEP_ARCHIVE,False
D:\py\DRL2_v3e\logs\phase2_mission_s1_fullcanonical_autoent_seed260814,928854,9,E01_V3e_60k_valueR2,OFFICIAL,"{""seed"": 260814, ""status"": ""completed"", ""actual_model_timesteps"": 250000}",1786695400.5196376,1786697743.6479602,hash_inventory.csv,KEEP_ARCHIVE,False
D:\py\DRL2_v3e\logs\phase2_mission_s1_fullcanonical_localprogress_autoent_seed260814,1017666,9,E01_V3e_60k_valueR2,OFFICIAL,"{""seed"": 260814, ""status"": ""completed"", ""actual_model_timesteps"": 250000}",1786706298.963104,1786708776.0483346,hash_inventory.csv,KEEP_ARCHIVE,False
D:\py\DRL2_v3e\logs\phase2_mission_s1_fullcanonical_seed260814,986214,9,E01_V3e_60k_valueR2,OFFICIAL,"{""seed"": 260814, ""status"": ""completed"", ""actual_model_timesteps"": 250000}",1786689572.3275828,1786692070.6897748,hash_inventory.csv,KEEP_ARCHIVE,False
D:\py\DRL2_v3e\logs\phase2_mission_s1_rewardfix_seed260813,475582,10,E01_V3e_60k_valueR2,OFFICIAL,"{""seed"": 260813, ""status"": ""completed"", ""actual_model_timesteps"": 250000}",1786622371.1770258,1786624943.1470163,hash_inventory.csv,KEEP_ARCHIVE,False
D:\py\DRL2_v3e\logs\phase2_mission_s1_seed260813,842572,10,E01_V3e_60k_valueR2,OFFICIAL,"{""seed"": 260813, ""status"": ""completed"", ""actual_model_timesteps"": 250000}",1786604081.289569,1786609117.4465024,hash_inventory.csv,KEEP_ARCHIVE,False
D:\py\DRL2_v3e\logs\phase2_mission_s1_semanticfix_seed260813,483770,10,E01_V3e_60k_valueR2,OFFICIAL,"{""seed"": 260813, ""status"": ""completed"", ""actual_model_timesteps"": 250000}",1786633711.059152,1786673216.5786738,hash_inventory.csv,KEEP_ARCHIVE,False
D:\py\DRL2_v3e\logs\phase2_mission_s1_semanticfix_validation,33223,1,E01_V3e_60k_valueR2,OFFICIAL,{},1786628787.753197,1786628787.753197,hash_inventory.csv,KEEP_ARCHIVE,False
D:\py\DRL2_v3e\logs\phase2_mission_s1_stable_seed260813,559957,10,E01_V3e_60k_valueR2,OFFICIAL,"{""seed"": 260813, ""status"": ""completed"", ""actual_model_timesteps"": 250000}",1786615161.7197866,1786621197.3299813,hash_inventory.csv,KEEP_ARCHIVE,False
D:\py\DRL2_v3e\logs\phase2_sac_v2_1b_boundedobs_stagea_150k_seed260812,134686,8,E01_V3e_60k_valueR2,OFFICIAL,"{""seed"": 260812, ""status"": ""phase2_stopped_early"", ""actual_model_timesteps"": 150000}",1786519116.2777495,1786521501.7253697,hash_inventory.csv,KEEP_ARCHIVE,False
D:\py\DRL2_v3e\logs\phase2_sac_v2_1_stagea_200k_seed260812,121172,8,E01_V3e_60k_valueR2,OFFICIAL,"{""seed"": 260812, ""status"": ""phase2_stopped_early"", ""actual_model_timesteps"": 150000}",1786515447.7356865,1786517878.3429296,hash_inventory.csv,KEEP_ARCHIVE,False
D:\py\DRL2_v3e\logs\phase2_sac_v2_2_mpc_actor_init_stagea_100k_seed260812,96425,9,E01_V3e_60k_valueR2,OFFICIAL,"{""seed"": 260812, ""status"": ""completed"", ""actual_model_timesteps"": 100000}",1786527603.7298965,1786530079.8190577,hash_inventory.csv,KEEP_ARCHIVE,False
D:\py\DRL2_v3e\logs\phase2_sac_v2_300k_seed260812,59339,6,E01_V3e_60k_valueR2,OFFICIAL,"{""seed"": 260812, ""status"": ""phase2_stopped_early"", ""actual_model_timesteps"": 100000}",1786496996.9326186,1786498188.9257972,hash_inventory.csv,KEEP_ARCHIVE,False
D:\py\DRL2_v3e\logs\phase2_sac_v2_densecost_seed260812,38336,5,E01_V3e_60k_valueR2,OFFICIAL,"{""seed"": 260812, ""status"": ""phase2_stopped_early"", ""actual_model_timesteps"": 75000}",1786507819.979457,1786507920.0259564,hash_inventory.csv,KEEP_ARCHIVE,False
D:\py\DRL2_v3e\logs\phase2_sac_v2_dt_reward_seed260812,40751,5,E01_V3e_60k_valueR2,OFFICIAL,"{""seed"": 260812, ""status"": ""phase2_stopped_early"", ""actual_model_timesteps"": 75000}",1786504411.3557148,1786504493.8489783,hash_inventory.csv,KEEP_ARCHIVE,False
D:\py\DRL2_v3e\logs\phase2_sac_v2_gamma999_seed260812,36821,5,E01_V3e_60k_valueR2,OFFICIAL,"{""seed"": 260812, ""status"": ""phase2_stopped_early"", ""actual_model_timesteps"": 75000}",1786506113.559128,1786506258.554474,hash_inventory.csv,KEEP_ARCHIVE,False
D:\py\DRL2_v3e\logs\phase2_sac_v2_smoke_30k_seed260812,39778,4,E01_V3e_60k_valueR2,OFFICIAL,"{""seed"": 260812, ""status"": ""completed"", ""actual_model_timesteps"": 30000}",1786467818.0627248,1786467929.3419507,hash_inventory.csv,KEEP_ARCHIVE,False
D:\py\DRL2_v3e\logs\phase2_sac_v2_teachingA_seed260812,38330,5,E01_V3e_60k_valueR2,OFFICIAL,"{""seed"": 260812, ""status"": ""phase2_stopped_early"", ""actual_model_timesteps"": 75000}",1786502802.6551063,1786502915.8769715,hash_inventory.csv,KEEP_ARCHIVE,False
D:\py\DRL2_v3e\logs\phase2_sac_v2_terminalcost_seed260812,39130,5,E01_V3e_60k_valueR2,OFFICIAL,"{""seed"": 260812, ""status"": ""phase2_stopped_early"", ""actual_model_timesteps"": 75000}",1786501353.3751936,1786501409.6100962,hash_inventory.csv,KEEP_ARCHIVE,False
D:\py\DRL2_v3e\logs\phase2_sac_v2_warmup75k_seed260812,42799,5,E01_V3e_60k_valueR2,OFFICIAL,"{""seed"": 260812, ""status"": ""phase2_stopped_early"", ""actual_model_timesteps"": 75000}",1786499851.675532,1786499901.4201522,hash_inventory.csv,KEEP_ARCHIVE,False
D:\py\DRL2_v3e\logs\phase2_v2_1_mpc_observation_diagnostic,1897399,4,E01_V3e_60k_valueR2,OFFICIAL,{},1786514215.6134994,1786514253.4692929,hash_inventory.csv,KEEP_ARCHIVE,False
D:\py\DRL2_v3e\logs\precapture_planning_baseline,7732196,5,E01_V3e_60k_valueR2,OFFICIAL,{},1788517608.548775,1788521046.5366712,hash_inventory.csv,KEEP_ARCHIVE,False
D:\py\DRL2_v3e\logs\precapture_planning_oracle,5481819,9,E01_V3e_60k_valueR2,OFFICIAL,{},1788572339.696313,1788572341.6647522,hash_inventory.csv,KEEP_ARCHIVE,False
D:\py\DRL2_v3e\logs\precapture_planning_v2,22493131,174,E01_V3e_60k_valueR2,OFFICIAL,{},1788583876.253763,1788833913.4647522,hash_inventory.csv,KEEP_ARCHIVE,False
D:\py\DRL2_v3e\logs\precap_noncoop,610353,5,E01_V3e_60k_valueR2,OFFICIAL,{},1789487213.4889638,1789494484.94821,hash_inventory.csv,KEEP_ARCHIVE,False
D:\py\DRL2_v3e\logs\sac_mpc_v2_arrival_262200,19592,3,E01_V3e_60k_valueR2,OFFICIAL,"{""seed"": 262200, ""status"": ""running""}",1789092558.7211633,1789099411.398976,hash_inventory.csv,KEEP_ARCHIVE,False
D:\py\DRL2_v3e\logs\sac_mpc_v2_arrival_262201,19308,3,E01_V3e_60k_valueR2,OFFICIAL,"{""seed"": 262201, ""status"": ""running""}",1789092558.7211633,1789099420.529638,hash_inventory.csv,KEEP_ARCHIVE,False
D:\py\DRL2_v3e\logs\sac_mpc_v2_arrival_262202,19401,3,E01_V3e_60k_valueR2,OFFICIAL,"{""seed"": 262202, ""status"": ""running""}",1789092558.7211633,1789099383.144643,hash_inventory.csv,KEEP_ARCHIVE,False
D:\py\DRL2_v3e\logs\sac_mpc_v3_bidirectional_262300,21081,3,E01_V3e_60k_valueR2,OFFICIAL,"{""seed"": 262300, ""status"": ""running""}",1789092558.7199287,1789099349.3709035,hash_inventory.csv,KEEP_ARCHIVE,False
D:\py\DRL2_v3e\logs\sac_mpc_v3_bidirectional_262301,20336,3,E01_V3e_60k_valueR2,OFFICIAL,"{""seed"": 262301, ""status"": ""running""}",1789092558.7199287,1789099213.8482432,hash_inventory.csv,KEEP_ARCHIVE,False
D:\py\DRL2_v3e\logs\sac_mpc_v3_bidirectional_262302,20341,3,E01_V3e_60k_valueR2,OFFICIAL,"{""seed"": 262302, ""status"": ""running""}",1789092558.7211633,1789099377.465171,hash_inventory.csv,KEEP_ARCHIVE,False
D:\py\DRL2_v3e\logs\stop_262430,218111203,16,E06_stopping_formal,OFFICIAL,"{""code_commit"": ""2e5c236f7412caea3b203519619ef7a48bb16df9"", ""code_dirty"": false, ""seed"": 262430, ""method"": ""learned_stopping_option"", ""status"": ""completed"", ""actual_outer_decisions"": 60000}",1791058120.427015,1791220900.3408408,hash_inventory.csv,KEEP_ARCHIVE,False
D:\py\DRL2_v3e\logs\stop_262431,218132292,16,E06_stopping_formal,OFFICIAL,"{""code_commit"": ""2e5c236f7412caea3b203519619ef7a48bb16df9"", ""code_dirty"": false, ""seed"": 262431, ""method"": ""learned_stopping_option"", ""status"": ""completed"", ""actual_outer_decisions"": 60000}",1791058099.2281802,1791221072.2364876,hash_inventory.csv,KEEP_ARCHIVE,False
D:\py\DRL2_v3e\logs\stop_262432,218108808,16,E06_stopping_formal,OFFICIAL,"{""code_commit"": ""2e5c236f7412caea3b203519619ef7a48bb16df9"", ""code_dirty"": false, ""seed"": 262432, ""method"": ""learned_stopping_option"", ""status"": ""completed"", ""actual_outer_decisions"": 60000}",1791058861.7778263,1791221110.4731104,hash_inventory.csv,KEEP_ARCHIVE,False
D:\py\DRL2_v3e\logs\stop_dev_262440,117443810,10,E05_stopping_dev_262440,EXPLORATORY,"{""code_commit"": ""2e5c236f7412caea3b203519619ef7a48bb16df9"", ""code_dirty"": false, ""seed"": 262440, ""method"": ""learned_stopping_option"", ""status"": ""completed"", ""actual_outer_decisions"": 30000}",1790952972.0225737,1790999645.3855968,hash_inventory.csv,KEEP_ARCHIVE,False
D:\py\DRL2_v3e\logs\t0_amendment_20260910,100235,4,E01_V3e_60k_valueR2,OFFICIAL,"{""status"": ""completed""}",1789032253.728453,1789032410.085414,hash_inventory.csv,KEEP_ARCHIVE,False
D:\py\DRL2_v3e\logs\t10,200622,29,E01_V3e_60k_valueR2,OFFICIAL,{},1789210605.9895434,1789235222.723816,hash_inventory.csv,KEEP_ARCHIVE,False
D:\py\DRL2_v3e\logs\t10_gate_a,119157,2,E01_V3e_60k_valueR2,OFFICIAL,{},1789248660.4124167,1789248660.41626,hash_inventory.csv,KEEP_ARCHIVE,False
D:\py\DRL2_v3e\logs\t10_headroom,36803,11,E01_V3e_60k_valueR2,OFFICIAL,{},1789215956.8827584,1789215957.0644772,hash_inventory.csv,KEEP_ARCHIVE,False
D:\py\DRL2_v3e\logs\t11,257169,23,E01_V3e_60k_valueR2,OFFICIAL,{},1789248834.1672115,1789256257.831422,hash_inventory.csv,KEEP_ARCHIVE,False
D:\py\DRL2_v3e\logs\t11_gate_b,136800,8,E01_V3e_60k_valueR2,OFFICIAL,{},1789256316.1408908,1789261202.9796686,hash_inventory.csv,KEEP_ARCHIVE,False
D:\py\DRL2_v3e\logs\t11_interface,23264,3,E01_V3e_60k_valueR2,OFFICIAL,{},1789261202.7912133,1789261202.7961557,hash_inventory.csv,KEEP_ARCHIVE,False
D:\py\DRL2_v3e\logs\t12_eval,3815798,23,E01_V3e_60k_valueR2,OFFICIAL,{},1789433989.842702,1789449011.2562363,hash_inventory.csv,KEEP_ARCHIVE,False
D:\py\DRL2_v3e\logs\t12_eval_v2,7655188,28,E01_V3e_60k_valueR2,OFFICIAL,{},1789449345.8010683,1789462317.4949765,hash_inventory.csv,KEEP_ARCHIVE,False
D:\py\DRL2_v3e\logs\t12_train,716368854,110,E01_V3e_60k_valueR2,OFFICIAL,{},1789261437.931957,1789406751.9310255,hash_inventory.csv,KEEP_ARCHIVE,False
D:\py\DRL2_v3e\logs\t7_launch_20260911,50484,14,E01_V3e_60k_valueR2,OFFICIAL,{},1789092532.6740365,1789100187.9605987,hash_inventory.csv,KEEP_ARCHIVE,False
D:\py\DRL2_v3e\logs\t7_retry1_20260911,477522243,82,E01_V3e_60k_valueR2,OFFICIAL,{},1789100115.0313513,1789180198.6007357,hash_inventory.csv,KEEP_ARCHIVE,False
D:\py\DRL2_v3e\logs\t8_eval,1762165,33,E01_V3e_60k_valueR2,OFFICIAL,{},1789184570.50966,1789196428.130513,hash_inventory.csv,KEEP_ARCHIVE,False
D:\py\DRL2_v3e\logs\terminal_gate,20654,3,E01_V3e_60k_valueR2,OFFICIAL,{},1789210440.2787127,1789210440.2842786,hash_inventory.csv,KEEP_ARCHIVE,False
D:\py\DRL2_v3e\logs\upper_d2_fallback,8465802,16,E01_V3e_60k_valueR2,OFFICIAL,{},1788858889.804286,1788858890.0022092,hash_inventory.csv,KEEP_ARCHIVE,False
D:\py\DRL2_v3e\logs\upper_d3_slack,1114807,5,E01_V3e_60k_valueR2,OFFICIAL,{},1788858890.0207276,1788858890.0642486,hash_inventory.csv,KEEP_ARCHIVE,False
D:\py\DRL2_v3e\logs\upper_na_f1,12726464,34,E01_V3e_60k_valueR2,OFFICIAL,{},1788858890.08055,1788858890.5018592,hash_inventory.csv,KEEP_ARCHIVE,False
D:\py\DRL2_v3e\logs\v3e_262420,120925764,16,E01_V3e_60k_valueR2,OFFICIAL,"{""code_commit"": ""a03632a304bf8af50c4be42cc9d3e450fb23d5ad"", ""code_dirty"": false, ""seed"": 262420, ""status"": ""completed"", ""actual_decision_steps"": 60000}",1790517189.116572,1790627961.603513,hash_inventory.csv,KEEP_ARCHIVE,False
D:\py\DRL2_v3e\logs\v3e_262421,120923781,16,E01_V3e_60k_valueR2,OFFICIAL,"{""code_commit"": ""a03632a304bf8af50c4be42cc9d3e450fb23d5ad"", ""code_dirty"": false, ""seed"": 262421, ""status"": ""completed"", ""actual_decision_steps"": 60000}",1790517145.701851,1790627355.7405236,hash_inventory.csv,KEEP_ARCHIVE,False
D:\py\DRL2_v3e\logs\v3e_262422,120928214,16,E01_V3e_60k_valueR2,OFFICIAL,"{""code_commit"": ""a03632a304bf8af50c4be42cc9d3e450fb23d5ad"", ""code_dirty"": false, ""seed"": 262422, ""status"": ""completed"", ""actual_decision_steps"": 60000}",1790517163.1488757,1790627594.1549752,hash_inventory.csv,KEEP_ARCHIVE,False
D:\py\DRL2_v3e\logs\adp_rf_262410\checkpoints,110738668,12,I01_round1_adaptive,INVALID,{},1789844489.489697,1789967472.0363846,hash_inventory.csv,INVALID_KEEP,False
D:\py\DRL2_v3e\logs\adp_rf_262410\tensorboard,73413,1,I01_round1_adaptive,INVALID,{},1789966696.3421466,1789966696.3421466,hash_inventory.csv,INVALID_KEEP,False
D:\py\DRL2_v3e\logs\adp_rf_262411\checkpoints,110737788,12,I01_round1_adaptive,INVALID,{},1789844560.8255754,1789967457.347731,hash_inventory.csv,INVALID_KEEP,False
D:\py\DRL2_v3e\logs\adp_rf_262411\tensorboard,77718,1,I01_round1_adaptive,INVALID,{},1789966622.485569,1789966622.485569,hash_inventory.csv,INVALID_KEEP,False
D:\py\DRL2_v3e\logs\adp_rf_262412\checkpoints,110737936,12,I01_round1_adaptive,INVALID,{},1789844554.2301526,1789967535.6038394,hash_inventory.csv,INVALID_KEEP,False
D:\py\DRL2_v3e\logs\adp_rf_262412\tensorboard,74461,1,I01_round1_adaptive,INVALID,{},1789967112.2191157,1789967112.2191157,hash_inventory.csv,INVALID_KEEP,False
D:\py\DRL2_v3e\logs\final2_262460\checkpoints,181025786,12,F01_final2_training,EXPLORATORY,{},1791385961.549851,1791528112.235404,hash_inventory.csv,KEEP_ARCHIVE,False
D:\py\DRL2_v3e\logs\final2_262460\tensorboard,112394,1,F01_final2_training,CACHE,{},1791527949.3877141,1791527949.3877141,hash_inventory.csv,CACHE_DELETABLE,False
D:\py\DRL2_v3e\logs\final2_262461\checkpoints,165941746,11,F01_final2_training,ACTIVE,{},1791389065.9849372,1791524943.7116203,hash_inventory.csv,KEEP_ACTIVE,False
D:\py\DRL2_v3e\logs\final2_262461\tensorboard,112120,1,F01_final2_training,ACTIVE,{},1791534621.0701225,1791534621.0701225,hash_inventory.csv,KEEP_ACTIVE,False
D:\py\DRL2_v3e\logs\final2_262462\checkpoints,181027463,12,F01_final2_training,EXPLORATORY,{},1791387343.2958238,1791530609.4670286,hash_inventory.csv,KEEP_ARCHIVE,False
D:\py\DRL2_v3e\logs\final2_262462\tensorboard,122450,1,F01_final2_training,CACHE,{},1791530333.9139416,1791530333.9139416,hash_inventory.csv,CACHE_DELETABLE,False
D:\py\DRL2_v3e\logs\final_262450\checkpoints,45250561,3,F00_final_training_interrupted,INVALID,{},1791331877.877673,1791357852.5349092,hash_inventory.csv,INVALID_KEEP,False
D:\py\DRL2_v3e\logs\final_262450\tensorboard,27740,1,F00_final_training_interrupted,INVALID,{},1791358402.622678,1791358402.622678,hash_inventory.csv,INVALID_KEEP,False
D:\py\DRL2_v3e\logs\final_262451\checkpoints,45250197,3,F00_final_training_interrupted,INVALID,{},1791332237.3582563,1791357933.6669035,hash_inventory.csv,INVALID_KEEP,False
D:\py\DRL2_v3e\logs\final_262451\tensorboard,28490,1,F00_final_training_interrupted,INVALID,{},1791358237.151909,1791358237.151909,hash_inventory.csv,INVALID_KEEP,False
D:\py\DRL2_v3e\logs\final_262452\checkpoints,30167041,2,F00_final_training_interrupted,INVALID,{},1791336461.4331908,1791349929.6078012,hash_inventory.csv,INVALID_KEEP,False
D:\py\DRL2_v3e\logs\final_262452\tensorboard,24479,1,F00_final_training_interrupted,INVALID,{},1791358242.0063133,1791358242.0063133,hash_inventory.csv,INVALID_KEEP,False
D:\py\DRL2_v3e\logs\fullmission_sac_200k_seed260830\evaluations,230698,5,E01_V3e_60k_valueR2,OFFICIAL,{},1787289692.9621117,1787293130.7072377,hash_inventory.csv,KEEP_ARCHIVE,False
D:\py\DRL2_v3e\logs\fullmission_sac_200k_seed260830\tensorboard,23137,1,E01_V3e_60k_valueR2,CACHE,{},1787292977.0076208,1787292977.0076208,hash_inventory.csv,CACHE_DELETABLE,False
D:\py\DRL2_v3e\logs\fullmission_sac_200k_seed260831\evaluations,228155,5,E01_V3e_60k_valueR2,OFFICIAL,{},1787289969.8037927,1787293286.729225,hash_inventory.csv,KEEP_ARCHIVE,False
D:\py\DRL2_v3e\logs\fullmission_sac_200k_seed260831\tensorboard,25881,1,E01_V3e_60k_valueR2,CACHE,{},1787293163.705223,1787293163.705223,hash_inventory.csv,CACHE_DELETABLE,False
D:\py\DRL2_v3e\logs\fullmission_sac_200k_seed260832\evaluations,223228,5,E01_V3e_60k_valueR2,OFFICIAL,{},1787289776.7337165,1787292850.606338,hash_inventory.csv,KEEP_ARCHIVE,False
D:\py\DRL2_v3e\logs\fullmission_sac_200k_seed260832\tensorboard,36052,1,E01_V3e_60k_valueR2,CACHE,{},1787292708.2732947,1787292708.2732947,hash_inventory.csv,CACHE_DELETABLE,False
D:\py\DRL2_v3e\logs\gatefree_sac_150k_seed260840\evaluations,266743,6,E01_V3e_60k_valueR2,OFFICIAL,{},1787377132.3186495,1787379466.7329443,hash_inventory.csv,KEEP_ARCHIVE,False
D:\py\DRL2_v3e\logs\gatefree_sac_150k_seed260840\tensorboard,34703,1,E01_V3e_60k_valueR2,CACHE,{},1787379289.2015138,1787379289.2015138,hash_inventory.csv,CACHE_DELETABLE,False
D:\py\DRL2_v3e\logs\gatefree_sac_150k_seed260841\evaluations,266275,6,E01_V3e_60k_valueR2,OFFICIAL,{},1787377128.9386888,1787379136.8507192,hash_inventory.csv,KEEP_ARCHIVE,False
D:\py\DRL2_v3e\logs\gatefree_sac_150k_seed260841\tensorboard,66635,1,E01_V3e_60k_valueR2,CACHE,{},1787379077.2427583,1787379077.2427583,hash_inventory.csv,CACHE_DELETABLE,False
D:\py\DRL2_v3e\logs\gatefree_sac_150k_seed260842\evaluations,266266,6,E01_V3e_60k_valueR2,OFFICIAL,{},1787377136.3975375,1787379262.5689106,hash_inventory.csv,KEEP_ARCHIVE,False
D:\py\DRL2_v3e\logs\gatefree_sac_150k_seed260842\tensorboard,47070,1,E01_V3e_60k_valueR2,CACHE,{},1787379191.1363182,1787379191.1363182,hash_inventory.csv,CACHE_DELETABLE,False
D:\py\DRL2_v3e\logs\gatefree_sac_400k_fix_seed260860\evaluations,240471,5,E01_V3e_60k_valueR2,OFFICIAL,{},1787454246.9628966,1787458507.5513873,hash_inventory.csv,KEEP_ARCHIVE,False
D:\py\DRL2_v3e\logs\gatefree_sac_400k_fix_seed260860\tensorboard,52825,1,E01_V3e_60k_valueR2,CACHE,{},1787458142.477519,1787458142.477519,hash_inventory.csv,CACHE_DELETABLE,False
D:\py\DRL2_v3e\logs\gatefree_sac_400k_fix_seed260861\evaluations,246197,5,E01_V3e_60k_valueR2,OFFICIAL,{},1787454134.8389897,1787458192.7549944,hash_inventory.csv,KEEP_ARCHIVE,False
D:\py\DRL2_v3e\logs\gatefree_sac_400k_fix_seed260861\tensorboard,72068,1,E01_V3e_60k_valueR2,CACHE,{},1787457791.3965783,1787457791.3965783,hash_inventory.csv,CACHE_DELETABLE,False
D:\py\DRL2_v3e\logs\gatefree_sac_400k_fix_seed260862\evaluations,250260,5,E01_V3e_60k_valueR2,OFFICIAL,{},1787454063.8885088,1787457721.2786384,hash_inventory.csv,KEEP_ARCHIVE,False
D:\py\DRL2_v3e\logs\gatefree_sac_400k_fix_seed260862\tensorboard,77521,1,E01_V3e_60k_valueR2,CACHE,{},1787457506.6662476,1787457506.6662476,hash_inventory.csv,CACHE_DELETABLE,False
D:\py\DRL2_v3e\logs\gatefree_sac_400k_seed260850\evaluations,307453,7,E01_V3e_60k_valueR2,OFFICIAL,{},1787405551.0505126,1787413523.715392,hash_inventory.csv,KEEP_ARCHIVE,False
D:\py\DRL2_v3e\logs\gatefree_sac_400k_seed260850\tensorboard,69972,1,E01_V3e_60k_valueR2,CACHE,{},1787413287.9891238,1787413287.9891238,hash_inventory.csv,CACHE_DELETABLE,False
D:\py\DRL2_v3e\logs\gatefree_sac_400k_seed260851\evaluations,309888,7,E01_V3e_60k_valueR2,OFFICIAL,{},1787405625.3750408,1787412691.830496,hash_inventory.csv,KEEP_ARCHIVE,False
D:\py\DRL2_v3e\logs\gatefree_sac_400k_seed260851\tensorboard,79044,1,E01_V3e_60k_valueR2,CACHE,{},1787412600.4712605,1787412600.4712605,hash_inventory.csv,CACHE_DELETABLE,False
D:\py\DRL2_v3e\logs\gatefree_sac_400k_seed260852\evaluations,309423,7,E01_V3e_60k_valueR2,OFFICIAL,{},1787405553.3661058,1787412633.1948512,hash_inventory.csv,KEEP_ARCHIVE,False
D:\py\DRL2_v3e\logs\gatefree_sac_400k_seed260852\tensorboard,76279,1,E01_V3e_60k_valueR2,CACHE,{},1787412356.5375416,1787412356.5375416,hash_inventory.csv,CACHE_DELETABLE,False
D:\py\DRL2_v3e\logs\hybrid\d0_20260908,546718,4,E01_V3e_60k_valueR2,OFFICIAL,{},1788860963.1840417,1788883323.6373703,hash_inventory.csv,KEEP_ARCHIVE,False
D:\py\DRL2_v3e\logs\hybrid\entry_channel_diagnosis_20260910,706421,3,E01_V3e_60k_valueR2,OFFICIAL,{},1788970535.0751567,1788974499.6416085,hash_inventory.csv,KEEP_ARCHIVE,False
D:\py\DRL2_v3e\logs\hybrid\interrupted_codex_20260907_2353,32143,15,E01_V3e_60k_valueR2,OFFICIAL,{},1788792794.009602,1788792975.0636356,hash_inventory.csv,KEEP_ARCHIVE,False
D:\py\DRL2_v3e\logs\hybrid\sac_mpc_hybrid_262100,34533,2,E01_V3e_60k_valueR2,OFFICIAL,"{""seed"": 262100, ""status"": ""interrupted"", ""actual_decision_steps"": 19160}",1788832423.3340468,1788832476.588845,hash_inventory.csv,KEEP_ARCHIVE,False
D:\py\DRL2_v3e\logs\hybrid\sac_mpc_hybrid_262101,32955,2,E01_V3e_60k_valueR2,OFFICIAL,"{""seed"": 262101, ""status"": ""interrupted"", ""actual_decision_steps"": 19405}",1788832354.5411403,1788832478.3542643,hash_inventory.csv,KEEP_ARCHIVE,False
D:\py\DRL2_v3e\logs\hybrid\sac_mpc_hybrid_262102,34302,2,E01_V3e_60k_valueR2,OFFICIAL,"{""seed"": 262102, ""status"": ""interrupted"", ""actual_decision_steps"": 19259}",1788832445.0419736,1788832479.6296067,hash_inventory.csv,KEEP_ARCHIVE,False
D:\py\DRL2_v3e\logs\hybrid\sac_mpc_hybrid_v2_262100,9137380,4,E01_V3e_60k_valueR2,OFFICIAL,"{""seed"": 262100, ""status"": ""interrupted"", ""actual_decision_steps"": 9995}",1788852963.5793052,1788853434.652223,hash_inventory.csv,KEEP_ARCHIVE,False
D:\py\DRL2_v3e\logs\hybrid\sac_mpc_hybrid_v2_262101,9139206,4,E01_V3e_60k_valueR2,OFFICIAL,"{""seed"": 262101, ""status"": ""interrupted"", ""actual_decision_steps"": 9792}",1788853351.5293293,1788853436.6775994,hash_inventory.csv,KEEP_ARCHIVE,False
D:\py\DRL2_v3e\logs\hybrid\sac_mpc_hybrid_v2_262102,9140015,4,E01_V3e_60k_valueR2,OFFICIAL,"{""seed"": 262102, ""status"": ""interrupted"", ""actual_decision_steps"": 9859}",1788853026.9104083,1788853439.2286525,hash_inventory.csv,KEEP_ARCHIVE,False
D:\py\DRL2_v3e\logs\hybrid\sac_mpc_hybrid_v3_macro_262100,45564544,8,E01_V3e_60k_valueR2,OFFICIAL,"{""seed"": 262100, ""status"": ""running""}",1788885114.7199874,1788929063.4424698,hash_inventory.csv,KEEP_ARCHIVE,False
D:\py\DRL2_v3e\logs\hybrid\sac_mpc_hybrid_v3_macro_262101,45567699,8,E01_V3e_60k_valueR2,OFFICIAL,"{""seed"": 262101, ""status"": ""running""}",1788885168.3754895,1788929232.414527,hash_inventory.csv,KEEP_ARCHIVE,False
D:\py\DRL2_v3e\logs\hybrid\sac_mpc_hybrid_v3_macro_262102,45572508,8,E01_V3e_60k_valueR2,OFFICIAL,"{""seed"": 262102, ""status"": ""running""}",1788885177.4553802,1788929215.0983012,hash_inventory.csv,KEEP_ARCHIVE,False
D:\py\DRL2_v3e\logs\hybrid\sac_mpc_hybrid_v4_phase_time_262100,45967925,8,E01_V3e_60k_valueR2,OFFICIAL,"{""seed"": 262100, ""status"": ""interrupted_at_zero_completion_gate""}",1788980739.7498698,1789004896.871944,hash_inventory.csv,KEEP_ARCHIVE,False
D:\py\DRL2_v3e\logs\hybrid\sac_mpc_hybrid_v4_phase_time_262101,45965713,8,E01_V3e_60k_valueR2,OFFICIAL,"{""seed"": 262101, ""status"": ""interrupted_at_zero_completion_gate""}",1788980779.8999443,1789004901.329926,hash_inventory.csv,KEEP_ARCHIVE,False
D:\py\DRL2_v3e\logs\hybrid\sac_mpc_hybrid_v4_phase_time_262102,45966520,8,E01_V3e_60k_valueR2,OFFICIAL,"{""seed"": 262102, ""status"": ""interrupted_at_zero_completion_gate""}",1788980782.4313025,1789004905.719286,hash_inventory.csv,KEEP_ARCHIVE,False
D:\py\DRL2_v3e\logs\hybrid\v4_performance_20260910,5396,3,E01_V3e_60k_valueR2,OFFICIAL,{},1788974883.041326,1788975015.745389,hash_inventory.csv,KEEP_ARCHIVE,False
D:\py\DRL2_v3e\logs\invalidated\observation_velocity_rotation_bug,7933960,37,E01_V3e_60k_valueR2,INVALID,{},1788171771.8998652,1788262753.1699376,hash_inventory.csv,INVALID_KEEP,False
D:\py\DRL2_v3e\logs\phase2_mission_s1v2_acquisition_bodyobs_autoent_tau001_seed260815\evaluations,154294,6,E01_V3e_60k_valueR2,OFFICIAL,{},1786762118.2769344,1786767611.181221,hash_inventory.csv,KEEP_ARCHIVE,False
D:\py\DRL2_v3e\logs\phase2_mission_s1v2_acquisition_bodyobs_autoent_tau001_seed260815\tensorboard,122001,1,E01_V3e_60k_valueR2,CACHE,{},1786767569.6069267,1786767569.6069267,hash_inventory.csv,CACHE_DELETABLE,False
D:\py\DRL2_v3e\logs\phase2_mission_s1v2_fixedalpha_200k_seed260816\evaluations,106557,4,E01_V3e_60k_valueR2,OFFICIAL,{},1787232342.098835,1787234326.979596,hash_inventory.csv,KEEP_ARCHIVE,False
D:\py\DRL2_v3e\logs\phase2_mission_s1v2_fixedalpha_200k_seed260816\tensorboard,29652,1,E01_V3e_60k_valueR2,CACHE,{},1787234266.4710164,1787234266.4710164,hash_inventory.csv,CACHE_DELETABLE,False
D:\py\DRL2_v3e\logs\phase2_mission_s1v2_fixedalpha_200k_seed260817\evaluations,104560,4,E01_V3e_60k_valueR2,OFFICIAL,{},1787232562.5670006,1787234460.8160784,hash_inventory.csv,KEEP_ARCHIVE,False
D:\py\DRL2_v3e\logs\phase2_mission_s1v2_fixedalpha_200k_seed260817\tensorboard,39865,1,E01_V3e_60k_valueR2,CACHE,{},1787234426.7231328,1787234426.7231328,hash_inventory.csv,CACHE_DELETABLE,False
D:\py\DRL2_v3e\logs\phase2_mission_s1v2_velerror_bodyobs_autoent_tau001_seed260815\evaluations,154683,6,E01_V3e_60k_valueR2,OFFICIAL,{},1786777209.9278088,1786782691.5202825,hash_inventory.csv,KEEP_ARCHIVE,False
D:\py\DRL2_v3e\logs\phase2_mission_s1v2_velerror_bodyobs_autoent_tau001_seed260815\tensorboard,99451,1,E01_V3e_60k_valueR2,CACHE,{},1786782664.6007135,1786782664.6007135,hash_inventory.csv,CACHE_DELETABLE,False
D:\py\DRL2_v3e\logs\phase2_mission_s1v2_velerror_buffer600k_seed260815\evaluations,154995,6,E01_V3e_60k_valueR2,OFFICIAL,{},1787221623.4690137,1787226875.2706535,hash_inventory.csv,KEEP_ARCHIVE,False
D:\py\DRL2_v3e\logs\phase2_mission_s1v2_velerror_buffer600k_seed260815\tensorboard,96762,1,E01_V3e_60k_valueR2,CACHE,{},1787226818.7560616,1787226818.7560616,hash_inventory.csv,CACHE_DELETABLE,False
D:\py\DRL2_v3e\logs\phase2_mission_s1v2_velerror_fixedalpha_seed260815\evaluations,154982,6,E01_V3e_60k_valueR2,OFFICIAL,{},1787209858.5411892,1787215081.1834712,hash_inventory.csv,KEEP_ARCHIVE,False
D:\py\DRL2_v3e\logs\phase2_mission_s1v2_velerror_fixedalpha_seed260815\tensorboard,100682,1,E01_V3e_60k_valueR2,CACHE,{},1787215044.53922,1787215044.53922,hash_inventory.csv,CACHE_DELETABLE,False
D:\py\DRL2_v3e\logs\phase2_mission_s1v2_velerror_utd4_seed260815\evaluations,51423,2,E01_V3e_60k_valueR2,OFFICIAL,{},1787206557.0104425,1787207780.3448215,hash_inventory.csv,KEEP_ARCHIVE,False
D:\py\DRL2_v3e\logs\phase2_mission_s1v2_velerror_utd4_seed260815\tensorboard,40612,1,E01_V3e_60k_valueR2,CACHE,{},1787208887.015521,1787208887.015521,hash_inventory.csv,CACHE_DELETABLE,False
D:\py\DRL2_v3e\logs\phase2_mission_s1_adaptive_actioncontrast_seed260814\evaluations,111847,5,E01_V3e_60k_valueR2,OFFICIAL,{},1786682049.1557307,1786684800.0251064,hash_inventory.csv,KEEP_ARCHIVE,False
D:\py\DRL2_v3e\logs\phase2_mission_s1_adaptive_actioncontrast_seed260814\tensorboard,109571,1,E01_V3e_60k_valueR2,CACHE,{},1786684742.2648592,1786684742.2648592,hash_inventory.csv,CACHE_DELETABLE,False
D:\py\DRL2_v3e\logs\phase2_mission_s1_cone20_autoent_seed260814\evaluations,112107,5,E01_V3e_60k_valueR2,OFFICIAL,{},1786712716.236176,1786715195.6916735,hash_inventory.csv,KEEP_ARCHIVE,False
D:\py\DRL2_v3e\logs\phase2_mission_s1_cone20_autoent_seed260814\tensorboard,81327,1,E01_V3e_60k_valueR2,CACHE,{},1786715158.4588134,1786715158.4588134,hash_inventory.csv,CACHE_DELETABLE,False
D:\py\DRL2_v3e\logs\phase2_mission_s1_cone20_bodyobs_autoent_seed260814\evaluations,112135,5,E01_V3e_60k_valueR2,OFFICIAL,{},1786718396.6157374,1786721034.0219727,hash_inventory.csv,KEEP_ARCHIVE,False
D:\py\DRL2_v3e\logs\phase2_mission_s1_cone20_bodyobs_autoent_seed260814\tensorboard,73668,1,E01_V3e_60k_valueR2,CACHE,{},1786720992.2916727,1786720992.2916727,hash_inventory.csv,CACHE_DELETABLE,False
D:\py\DRL2_v3e\logs\phase2_mission_s1_cone20_bodyobs_autoent_tau001_seed260814\evaluations,112043,5,E01_V3e_60k_valueR2,OFFICIAL,{},1786723469.8454368,1786726228.6917708,hash_inventory.csv,KEEP_ARCHIVE,False
D:\py\DRL2_v3e\logs\phase2_mission_s1_cone20_bodyobs_autoent_tau001_seed260814\tensorboard,59695,1,E01_V3e_60k_valueR2,CACHE,{},1786726188.2702005,1786726188.2702005,hash_inventory.csv,CACHE_DELETABLE,False
D:\py\DRL2_v3e\logs\phase2_mission_s1_fullcanonical_autoent_seed260814\evaluations,111881,5,E01_V3e_60k_valueR2,OFFICIAL,{},1786695400.5196376,1786697743.5572314,hash_inventory.csv,KEEP_ARCHIVE,False
D:\py\DRL2_v3e\logs\phase2_mission_s1_fullcanonical_autoent_seed260814\tensorboard,76366,1,E01_V3e_60k_valueR2,CACHE,{},1786697719.4899273,1786697719.4899273,hash_inventory.csv,CACHE_DELETABLE,False
D:\py\DRL2_v3e\logs\phase2_mission_s1_fullcanonical_localprogress_autoent_seed260814\evaluations,111846,5,E01_V3e_60k_valueR2,OFFICIAL,{},1786706298.963104,1786708775.9501057,hash_inventory.csv,KEEP_ARCHIVE,False
D:\py\DRL2_v3e\logs\phase2_mission_s1_fullcanonical_localprogress_autoent_seed260814\tensorboard,84935,1,E01_V3e_60k_valueR2,CACHE,{},1786708749.1868315,1786708749.1868315,hash_inventory.csv,CACHE_DELETABLE,False
D:\py\DRL2_v3e\logs\phase2_mission_s1_fullcanonical_seed260814\evaluations,111902,5,E01_V3e_60k_valueR2,OFFICIAL,{},1786689572.3275828,1786692070.5958464,hash_inventory.csv,KEEP_ARCHIVE,False
D:\py\DRL2_v3e\logs\phase2_mission_s1_fullcanonical_seed260814\tensorboard,72184,1,E01_V3e_60k_valueR2,CACHE,{},1786692031.291588,1786692031.291588,hash_inventory.csv,CACHE_DELETABLE,False
D:\py\DRL2_v3e\logs\phase2_mission_s1_rewardfix_seed260813\evaluations,107476,5,E01_V3e_60k_valueR2,OFFICIAL,{},1786622371.1770258,1786624609.3872035,hash_inventory.csv,KEEP_ARCHIVE,False
D:\py\DRL2_v3e\logs\phase2_mission_s1_rewardfix_seed260813\tensorboard,58377,1,E01_V3e_60k_valueR2,CACHE,{},1786624575.3830898,1786624575.3830898,hash_inventory.csv,CACHE_DELETABLE,False
D:\py\DRL2_v3e\logs\phase2_mission_s1_seed260813\evaluations,93855,5,E01_V3e_60k_valueR2,OFFICIAL,{},1786604081.289569,1786608707.737177,hash_inventory.csv,KEEP_ARCHIVE,False
D:\py\DRL2_v3e\logs\phase2_mission_s1_seed260813\tensorboard,132878,1,E01_V3e_60k_valueR2,CACHE,{},1786608683.4226532,1786608683.4226532,hash_inventory.csv,CACHE_DELETABLE,False
D:\py\DRL2_v3e\logs\phase2_mission_s1_semanticfix_seed260813\evaluations,107743,5,E01_V3e_60k_valueR2,OFFICIAL,{},1786633711.059152,1786636168.1591163,hash_inventory.csv,KEEP_ARCHIVE,False
D:\py\DRL2_v3e\logs\phase2_mission_s1_semanticfix_seed260813\tensorboard,55942,1,E01_V3e_60k_valueR2,CACHE,{},1786636118.1163628,1786636118.1163628,hash_inventory.csv,CACHE_DELETABLE,False
D:\py\DRL2_v3e\logs\phase2_mission_s1_stable_seed260813\evaluations,107535,5,E01_V3e_60k_valueR2,OFFICIAL,{},1786615161.7197866,1786617581.4454246,hash_inventory.csv,KEEP_ARCHIVE,False
D:\py\DRL2_v3e\logs\phase2_mission_s1_stable_seed260813\tensorboard,74855,1,E01_V3e_60k_valueR2,CACHE,{},1786617560.9062753,1786617560.9062753,hash_inventory.csv,CACHE_DELETABLE,False
D:\py\DRL2_v3e\logs\phase2_sac_v2_1b_boundedobs_stagea_150k_seed260812\tensorboard,36269,1,E01_V3e_60k_valueR2,CACHE,{},1786521406.3422618,1786521406.3422618,hash_inventory.csv,CACHE_DELETABLE,False
D:\py\DRL2_v3e\logs\phase2_sac_v2_1_stagea_200k_seed260812\tensorboard,28594,1,E01_V3e_60k_valueR2,CACHE,{},1786517764.7608726,1786517764.7608726,hash_inventory.csv,CACHE_DELETABLE,False
D:\py\DRL2_v3e\logs\phase2_sac_v2_2_mpc_actor_init_stagea_100k_seed260812\tensorboard,23369,1,E01_V3e_60k_valueR2,CACHE,{},1786529999.2822254,1786529999.2822254,hash_inventory.csv,CACHE_DELETABLE,False
D:\py\DRL2_v3e\logs\phase2_sac_v2_300k_seed260812\tensorboard,20376,1,E01_V3e_60k_valueR2,CACHE,{},1786498112.4860053,1786498112.4860053,hash_inventory.csv,CACHE_DELETABLE,False
D:\py\DRL2_v3e\logs\phase2_sac_v2_densecost_seed260812\tensorboard,12218,1,E01_V3e_60k_valueR2,CACHE,{},1786507819.979457,1786507819.979457,hash_inventory.csv,CACHE_DELETABLE,False
D:\py\DRL2_v3e\logs\phase2_sac_v2_dt_reward_seed260812\tensorboard,13571,1,E01_V3e_60k_valueR2,CACHE,{},1786504411.3557148,1786504411.3557148,hash_inventory.csv,CACHE_DELETABLE,False
D:\py\DRL2_v3e\logs\phase2_sac_v2_gamma999_seed260812\tensorboard,11316,1,E01_V3e_60k_valueR2,CACHE,{},1786506113.559128,1786506113.559128,hash_inventory.csv,CACHE_DELETABLE,False
D:\py\DRL2_v3e\logs\phase2_sac_v2_smoke_30k_seed260812\tensorboard,3958,1,E01_V3e_60k_valueR2,CACHE,{},1786467818.0627248,1786467818.0627248,hash_inventory.csv,CACHE_DELETABLE,False
D:\py\DRL2_v3e\logs\phase2_sac_v2_teachingA_seed260812\tensorboard,12218,1,E01_V3e_60k_valueR2,CACHE,{},1786502802.6551063,1786502802.6551063,hash_inventory.csv,CACHE_DELETABLE,False
D:\py\DRL2_v3e\logs\phase2_sac_v2_terminalcost_seed260812\tensorboard,12540,1,E01_V3e_60k_valueR2,CACHE,{},1786501353.3823981,1786501353.3823981,hash_inventory.csv,CACHE_DELETABLE,False
D:\py\DRL2_v3e\logs\phase2_sac_v2_warmup75k_seed260812\tensorboard,14795,1,E01_V3e_60k_valueR2,CACHE,{},1786499851.682842,1786499851.682842,hash_inventory.csv,CACHE_DELETABLE,False
D:\py\DRL2_v3e\logs\precapture_planning_v2\upper_diagnosis,4363429,154,E01_V3e_60k_valueR2,OFFICIAL,{},1788777829.954906,1788833913.4647522,hash_inventory.csv,KEEP_ARCHIVE,False
D:\py\DRL2_v3e\logs\sac_mpc_v2_arrival_262200\checkpoints,0,0,E01_V3e_60k_valueR2,OFFICIAL,{},,,hash_inventory.csv,KEEP_ARCHIVE,False
D:\py\DRL2_v3e\logs\sac_mpc_v2_arrival_262200\tensorboard,3865,1,E01_V3e_60k_valueR2,CACHE,{},1789098620.5576737,1789098620.5576737,hash_inventory.csv,CACHE_DELETABLE,False
D:\py\DRL2_v3e\logs\sac_mpc_v2_arrival_262201\checkpoints,0,0,E01_V3e_60k_valueR2,OFFICIAL,{},,,hash_inventory.csv,KEEP_ARCHIVE,False
D:\py\DRL2_v3e\logs\sac_mpc_v2_arrival_262201\tensorboard,3643,1,E01_V3e_60k_valueR2,CACHE,{},1789099039.0278146,1789099039.0278146,hash_inventory.csv,CACHE_DELETABLE,False
D:\py\DRL2_v3e\logs\sac_mpc_v2_arrival_262202\checkpoints,0,0,E01_V3e_60k_valueR2,OFFICIAL,{},,,hash_inventory.csv,KEEP_ARCHIVE,False
D:\py\DRL2_v3e\logs\sac_mpc_v2_arrival_262202\tensorboard,3865,1,E01_V3e_60k_valueR2,CACHE,{},1789099383.144643,1789099383.144643,hash_inventory.csv,CACHE_DELETABLE,False
D:\py\DRL2_v3e\logs\sac_mpc_v3_bidirectional_262300\checkpoints,0,0,E01_V3e_60k_valueR2,OFFICIAL,{},,,hash_inventory.csv,KEEP_ARCHIVE,False
D:\py\DRL2_v3e\logs\sac_mpc_v3_bidirectional_262300\tensorboard,4576,1,E01_V3e_60k_valueR2,CACHE,{},1789099312.1487691,1789099312.1487691,hash_inventory.csv,CACHE_DELETABLE,False
D:\py\DRL2_v3e\logs\sac_mpc_v3_bidirectional_262301\checkpoints,0,0,E01_V3e_60k_valueR2,OFFICIAL,{},,,hash_inventory.csv,KEEP_ARCHIVE,False
D:\py\DRL2_v3e\logs\sac_mpc_v3_bidirectional_262301\tensorboard,3969,1,E01_V3e_60k_valueR2,CACHE,{},1789098412.9599924,1789098412.9599924,hash_inventory.csv,CACHE_DELETABLE,False
D:\py\DRL2_v3e\logs\sac_mpc_v3_bidirectional_262302\checkpoints,0,0,E01_V3e_60k_valueR2,OFFICIAL,{},,,hash_inventory.csv,KEEP_ARCHIVE,False
D:\py\DRL2_v3e\logs\sac_mpc_v3_bidirectional_262302\tensorboard,3969,1,E01_V3e_60k_valueR2,CACHE,{},1789099150.49763,1789099150.49763,hash_inventory.csv,CACHE_DELETABLE,False
D:\py\DRL2_v3e\logs\stop_262430\checkpoints,201140953,12,E06_stopping_formal,OFFICIAL,{},1791058120.427015,1791220900.2244587,hash_inventory.csv,KEEP_ARCHIVE,False
D:\py\DRL2_v3e\logs\stop_262430\tensorboard,120456,1,E06_stopping_formal,CACHE,{},1791220351.6095104,1791220351.6095104,hash_inventory.csv,CACHE_DELETABLE,False
D:\py\DRL2_v3e\logs\stop_262431\checkpoints,201141580,12,E06_stopping_formal,OFFICIAL,{},1791058099.2281802,1791221072.124661,hash_inventory.csv,KEEP_ARCHIVE,False
D:\py\DRL2_v3e\logs\stop_262431\tensorboard,135895,1,E06_stopping_formal,CACHE,{},1791220598.797471,1791220598.797471,hash_inventory.csv,CACHE_DELETABLE,False
D:\py\DRL2_v3e\logs\stop_262432\checkpoints,201141310,12,E06_stopping_formal,OFFICIAL,{},1791058861.7778263,1791221110.382451,hash_inventory.csv,KEEP_ARCHIVE,False
D:\py\DRL2_v3e\logs\stop_262432\tensorboard,119434,1,E06_stopping_formal,CACHE,{},1791220421.2001715,1791220421.2001715,hash_inventory.csv,CACHE_DELETABLE,False
D:\py\DRL2_v3e\logs\stop_dev_262440\checkpoints,100567532,6,E05_stopping_dev_262440,EXPLORATORY,{},1790952972.0225737,1790999645.2896736,hash_inventory.csv,KEEP_ARCHIVE,False
D:\py\DRL2_v3e\logs\stop_dev_262440\tensorboard,61646,1,E05_stopping_dev_262440,CACHE,{},1790999171.6861846,1790999171.6861846,hash_inventory.csv,CACHE_DELETABLE,False
D:\py\DRL2_v3e\logs\t12_eval_v2\result_only,3800623,6,E01_V3e_60k_valueR2,OFFICIAL,{},1789462316.1196022,1789462316.2912855,hash_inventory.csv,KEEP_ARCHIVE,False
D:\py\DRL2_v3e\logs\t12_train\sac_mpc_arrival_262400,119209609,16,E01_V3e_60k_valueR2,OFFICIAL,"{""seed"": 262400, ""status"": ""completed"", ""actual_decision_steps"": 60000}",1789275232.3301442,1789406751.9310255,hash_inventory.csv,KEEP_ARCHIVE,False
D:\py\DRL2_v3e\logs\t12_train\sac_mpc_arrival_262401,119199875,16,E01_V3e_60k_valueR2,OFFICIAL,"{""seed"": 262401, ""status"": ""completed"", ""actual_decision_steps"": 60000}",1789275166.2193756,1789405808.2475915,hash_inventory.csv,KEEP_ARCHIVE,False
D:\py\DRL2_v3e\logs\t12_train\sac_mpc_arrival_262402,119198362,16,E01_V3e_60k_valueR2,OFFICIAL,"{""seed"": 262402, ""status"": ""completed"", ""actual_decision_steps"": 60000}",1789275292.8363783,1789406463.087637,hash_inventory.csv,KEEP_ARCHIVE,False
D:\py\DRL2_v3e\logs\t12_train\sac_mpc_radial_262500,119432362,16,E01_V3e_60k_valueR2,OFFICIAL,"{""seed"": 262500, ""status"": ""completed"", ""actual_decision_steps"": 60000}",1789274684.1297007,1789403928.2503333,hash_inventory.csv,KEEP_ARCHIVE,False
D:\py\DRL2_v3e\logs\t12_train\sac_mpc_radial_262501,119425176,16,E01_V3e_60k_valueR2,OFFICIAL,"{""seed"": 262501, ""status"": ""completed"", ""actual_decision_steps"": 60000}",1789274793.3506334,1789405035.5260463,hash_inventory.csv,KEEP_ARCHIVE,False
D:\py\DRL2_v3e\logs\t12_train\sac_mpc_radial_262502,119434840,16,E01_V3e_60k_valueR2,OFFICIAL,"{""seed"": 262502, ""status"": ""completed"", ""actual_decision_steps"": 60000}",1789274783.8027854,1789405252.341344,hash_inventory.csv,KEEP_ARCHIVE,False
D:\py\DRL2_v3e\logs\t7_retry1_20260911\sac_mpc_v2_arrival_262200,119079982,16,E01_V3e_60k_valueR2,OFFICIAL,"{""seed"": 262200, ""status"": ""completed"", ""actual_decision_steps"": 60000}",1789105911.2325952,1789180198.6007357,hash_inventory.csv,KEEP_ARCHIVE,False
D:\py\DRL2_v3e\logs\t7_retry1_20260911\sac_mpc_v2_arrival_262201,119055509,16,E01_V3e_60k_valueR2,OFFICIAL,"{""seed"": 262201, ""status"": ""completed"", ""actual_decision_steps"": 60000}",1789105876.8092604,1789179786.7499871,hash_inventory.csv,KEEP_ARCHIVE,False
D:\py\DRL2_v3e\logs\t7_retry1_20260911\sac_mpc_v2_arrival_262202,12029,3,E01_V3e_60k_valueR2,OFFICIAL,"{""seed"": 262202, ""status"": ""running""}",1789100126.4429753,1789100131.2303224,hash_inventory.csv,KEEP_ARCHIVE,False
D:\py\DRL2_v3e\logs\t7_retry1_20260911\sac_mpc_v3_bidirectional_262300,119519309,16,E01_V3e_60k_valueR2,OFFICIAL,"{""seed"": 262300, ""status"": ""completed"", ""actual_decision_steps"": 60000}",1789105865.6491237,1789179014.727187,hash_inventory.csv,KEEP_ARCHIVE,False
D:\py\DRL2_v3e\logs\t7_retry1_20260911\sac_mpc_v3_bidirectional_262301,119498288,16,E01_V3e_60k_valueR2,OFFICIAL,"{""seed"": 262301, ""status"": ""completed"", ""actual_decision_steps"": 60000}",1789105899.2013266,1789179516.777868,hash_inventory.csv,KEEP_ARCHIVE,False
D:\py\DRL2_v3e\logs\t7_retry1_20260911\sac_mpc_v3_bidirectional_262302,12252,3,E01_V3e_60k_valueR2,OFFICIAL,"{""seed"": 262302, ""status"": ""running""}",1789100126.4429753,1789100171.928928,hash_inventory.csv,KEEP_ARCHIVE,False
D:\py\DRL2_v3e\logs\v3e_262420\checkpoints,111460323,12,E01_V3e_60k_valueR2,OFFICIAL,{},1790517189.116572,1790627961.5440173,hash_inventory.csv,KEEP_ARCHIVE,False
D:\py\DRL2_v3e\logs\v3e_262420\tensorboard,52895,1,E01_V3e_60k_valueR2,CACHE,{},1790627941.9139223,1790627941.9139223,hash_inventory.csv,CACHE_DELETABLE,False
D:\py\DRL2_v3e\logs\v3e_262421\checkpoints,111459867,12,E01_V3e_60k_valueR2,OFFICIAL,{},1790517145.701851,1790627355.6515515,hash_inventory.csv,KEEP_ARCHIVE,False
D:\py\DRL2_v3e\logs\v3e_262421\tensorboard,52510,1,E01_V3e_60k_valueR2,CACHE,{},1790627041.112123,1790627041.112123,hash_inventory.csv,CACHE_DELETABLE,False
D:\py\DRL2_v3e\logs\v3e_262422\checkpoints,111464427,12,E01_V3e_60k_valueR2,OFFICIAL,{},1790517163.1488757,1790627594.078756,hash_inventory.csv,KEEP_ARCHIVE,False
D:\py\DRL2_v3e\logs\v3e_262422\tensorboard,51875,1,E01_V3e_60k_valueR2,CACHE,{},1790626734.3141816,1790626734.3141816,hash_inventory.csv,CACHE_DELETABLE,False
C:\Users\35884\Documents\Spacecraft\过程文件,8195030188,12145,ORPHAN,UNKNOWN,{},1790236814.1884153,1791534612.0884566,hash_inventory.csv,ASK_USER,False
C:\Users\35884\Documents\Spacecraft\过程文件\V3e60k,176044,22,E01_V3e_60k_valueR2,OFFICIAL,{},1790630146.8474436,1790688924.7442298,hash_inventory.csv,KEEP_ARCHIVE,False
C:\Users\35884\Documents\Spacecraft\过程文件\V3e价值第二轮,106939906,336,E01_V3e_60k_valueR2,OFFICIAL,{},1790503485.7740576,1790720382.8281515,hash_inventory.csv,KEEP_ARCHIVE,False
C:\Users\35884\Documents\Spacecraft\过程文件\价值规则检验,1815446837,2857,E09_value_rule_check,EXPLORATORY,{},1791253095.2104645,1791261461.0817263,hash_inventory.csv,KEEP_ARCHIVE,False
C:\Users\35884\Documents\Spacecraft\过程文件\停止头,712783619,967,E06_stopping_formal,OFFICIAL,{},1790918872.1668313,1791251644.1357682,hash_inventory.csv,KEEP_ARCHIVE,False
C:\Users\35884\Documents\Spacecraft\过程文件\协作,1840145396,2218,ORPHAN,UNKNOWN,{},1790614543.1958144,1791534195.1414878,hash_inventory.csv,ASK_USER,False
C:\Users\35884\Documents\Spacecraft\过程文件\历史过程,242358,39,ORPHAN,UNKNOWN,{},1790302181.2624023,1790780326.089981,hash_inventory.csv,ASK_USER,False
C:\Users\35884\Documents\Spacecraft\过程文件\工程整理,131416,25,ORPHAN,UNKNOWN,{},1790695873.7464383,1790720346.3576753,hash_inventory.csv,ASK_USER,False
C:\Users\35884\Documents\Spacecraft\过程文件\整理_20261010,11524877,3,ORPHAN,UNKNOWN,{},1791534421.3879552,1791534603.7256076,hash_inventory.csv,ASK_USER,False
C:\Users\35884\Documents\Spacecraft\过程文件\最终主线,687183,65,E10_regime_screen,OFFICIAL,{},1791298697.371886,1791366785.4387367,hash_inventory.csv,KEEP_ARCHIVE,False
C:\Users\35884\Documents\Spacecraft\过程文件\最终主线重训,1091120,70,F01_final2_training,EXPLORATORY,{},1791320076.8209667,1791534612.0884566,hash_inventory.csv,KEEP_ARCHIVE,False
C:\Users\35884\Documents\Spacecraft\过程文件\汇报图表_20261009,13902902,86,ORPHAN,UNKNOWN,{},1791471646.5921204,1791516866.0693562,hash_inventory.csv,ASK_USER,False
C:\Users\35884\Documents\Spacecraft\过程文件\空间问题分层控制框架,342048,6,ORPHAN,UNKNOWN,{},1790851184.8551226,1790851249.995362,hash_inventory.csv,ASK_USER,False
C:\Users\35884\Documents\Spacecraft\过程文件\编排,38929,8,ORPHAN,UNKNOWN,{},1790236814.1884153,1790689355.6165204,hash_inventory.csv,ASK_USER,False
C:\Users\35884\Documents\Spacecraft\过程文件\远端交付,1813381176,2079,ORPHAN,UNKNOWN,{},1790660532.6382349,1790728035.3988092,hash_inventory.csv,ASK_USER,False
C:\Users\35884\Documents\Spacecraft\过程文件\阶段B1,142101,61,E02_B1_handoff_scan,OFFICIAL,{},1790740398.4619174,1790834476.6066687,hash_inventory.csv,KEEP_ARCHIVE,False
C:\Users\35884\Documents\Spacecraft\过程文件\阶段B2,1844250973,2455,E03_B2lite,OFFICIAL,{},1790614543.1958144,1790872598.9241571,hash_inventory.csv,KEEP_ARCHIVE,False
C:\Users\35884\Documents\Spacecraft\过程文件\阶段C,11200121,355,E04_stageC_classifier,OFFICIAL,{},1790627355.7405236,1790887190.9471264,hash_inventory.csv,KEEP_ARCHIVE,False
C:\Users\35884\Documents\Spacecraft\过程文件\阶段基准图_20261009,22603182,493,ORPHAN,UNKNOWN,{},1790614543.1958144,1791517134.8250408,hash_inventory.csv,ASK_USER,False
C:\Users\35884\Documents\Spacecraft\过程文件\V3e60k\接续,6247,1,E01_V3e_60k_valueR2,OFFICIAL,{},1790684706.6421552,1790684706.6421552,hash_inventory.csv,KEEP_ARCHIVE,False
C:\Users\35884\Documents\Spacecraft\过程文件\V3e60k\脚本,65025,7,E01_V3e_60k_valueR2,OFFICIAL,{},1790647393.5860066,1790684836.2893517,hash_inventory.csv,KEEP_ARCHIVE,False
C:\Users\35884\Documents\Spacecraft\过程文件\V3e60k\记录,49812,6,E01_V3e_60k_valueR2,OFFICIAL,{},1790630146.8474436,1790688924.7442298,hash_inventory.csv,KEEP_ARCHIVE,False
C:\Users\35884\Documents\Spacecraft\过程文件\V3e60k\运行归档,54164,7,E01_V3e_60k_valueR2,OFFICIAL,{},1790647405.610832,1790687937.3200178,hash_inventory.csv,KEEP_ARCHIVE,False
C:\Users\35884\Documents\Spacecraft\过程文件\V3e价值第二轮\交付展开,104402524,318,E01_V3e_60k_valueR2,OFFICIAL,{},1790503485.7740576,1790719456.6390955,hash_inventory.csv,KEEP_ARCHIVE,False
C:\Users\35884\Documents\Spacecraft\过程文件\V3e价值第二轮\接续,15996,2,E01_V3e_60k_valueR2,OFFICIAL,{},1790683718.2370968,1790696692.8329587,hash_inventory.csv,KEEP_ARCHIVE,False
C:\Users\35884\Documents\Spacecraft\过程文件\V3e价值第二轮\脚本,51294,5,E01_V3e_60k_valueR2,OFFICIAL,{},1790684213.757656,1790720217.5277066,hash_inventory.csv,KEEP_ARCHIVE,False
C:\Users\35884\Documents\Spacecraft\过程文件\V3e价值第二轮\记录,2470092,11,E01_V3e_60k_valueR2,OFFICIAL,{},1790683995.676545,1790720382.8281515,hash_inventory.csv,KEEP_ARCHIVE,False
C:\Users\35884\Documents\Spacecraft\过程文件\价值规则检验\Git审查工作树,1814411226,2461,E09_value_rule_check,EXPLORATORY,{},1791253095.2104645,1791261442.3084903,hash_inventory.csv,KEEP_ARCHIVE,False
C:\Users\35884\Documents\Spacecraft\过程文件\价值规则检验\审查材料_20261006,728129,363,E09_value_rule_check,EXPLORATORY,{},1791253095.2104645,1791261426.3491912,hash_inventory.csv,KEEP_ARCHIVE,False
C:\Users\35884\Documents\Spacecraft\过程文件\价值规则检验\接续,1945,1,E09_value_rule_check,EXPLORATORY,{},1791253397.7973835,1791253397.7973835,hash_inventory.csv,KEEP_ARCHIVE,False
C:\Users\35884\Documents\Spacecraft\过程文件\价值规则检验\脚本,16228,1,E09_value_rule_check,EXPLORATORY,{},1791253270.0400474,1791253270.0400474,hash_inventory.csv,KEEP_ARCHIVE,False
C:\Users\35884\Documents\Spacecraft\过程文件\价值规则检验\记录,289309,31,E09_value_rule_check,EXPLORATORY,{},1791253109.8625023,1791261461.0817263,hash_inventory.csv,KEEP_ARCHIVE,False
C:\Users\35884\Documents\Spacecraft\过程文件\停止头\交付展开,708669043,505,E06_stopping_formal,OFFICIAL,{},1790918872.1668313,1791233175.7785823,hash_inventory.csv,KEEP_ARCHIVE,False
C:\Users\35884\Documents\Spacecraft\过程文件\停止头\审查材料_20261006,2390224,402,E06_stopping_formal,OFFICIAL,{},1790999795.263687,1791251644.1357682,hash_inventory.csv,KEEP_ARCHIVE,False
C:\Users\35884\Documents\Spacecraft\过程文件\停止头\接续,3448,1,E06_stopping_formal,OFFICIAL,{},1790997456.9051273,1790997456.9051273,hash_inventory.csv,KEEP_ARCHIVE,False
C:\Users\35884\Documents\Spacecraft\过程文件\停止头\脚本,45099,4,E06_stopping_formal,OFFICIAL,{},1790943039.4957473,1791251580.3594031,hash_inventory.csv,KEEP_ARCHIVE,False
C:\Users\35884\Documents\Spacecraft\过程文件\停止头\记录,1675805,55,E06_stopping_formal,OFFICIAL,{},1790918947.5422716,1791251325.9135113,hash_inventory.csv,KEEP_ARCHIVE,False
C:\Users\35884\Documents\Spacecraft\过程文件\协作\Git工作树,1840127235,2213,ORPHAN,UNKNOWN,{},1790614543.1958144,1791534195.1414878,hash_inventory.csv,ASK_USER,False
C:\Users\35884\Documents\Spacecraft\过程文件\协作\接续,13561,2,ORPHAN,UNKNOWN,{},1791251375.3227155,1791252710.2371874,hash_inventory.csv,ASK_USER,False
C:\Users\35884\Documents\Spacecraft\过程文件\协作\脚本,3148,1,ORPHAN,UNKNOWN,{},1791252708.3938966,1791252708.3938966,hash_inventory.csv,ASK_USER,False
C:\Users\35884\Documents\Spacecraft\过程文件\协作\记录,1452,2,ORPHAN,UNKNOWN,{},1791252630.614105,1791252820.249196,hash_inventory.csv,ASK_USER,False
C:\Users\35884\Documents\Spacecraft\过程文件\历史过程\V3b至V3e50k,189377,33,E01_V3e_60k_valueR2,OFFICIAL,{},1790340281.2085533,1790630328.92144,hash_inventory.csv,KEEP_ARCHIVE,False
C:\Users\35884\Documents\Spacecraft\过程文件\历史过程\V3E_60K_PREPULL_BACKUP_20260929,4727,1,E01_V3e_60k_valueR2,OFFICIAL,{},1790617381.431803,1790617381.431803,hash_inventory.csv,KEEP_ARCHIVE,False
C:\Users\35884\Documents\Spacecraft\过程文件\历史过程\旧窗口交接,23190,3,ORPHAN,UNKNOWN,{},1790302181.2624023,1790386558.7345264,hash_inventory.csv,ASK_USER,False
C:\Users\35884\Documents\Spacecraft\过程文件\历史过程\窗口交接_20260930,25064,2,ORPHAN,UNKNOWN,{},1790780323.1700547,1790780326.089981,hash_inventory.csv,ASK_USER,False
C:\Users\35884\Documents\Spacecraft\过程文件\工程整理\接续,4956,1,ORPHAN,UNKNOWN,{},1790696696.8784127,1790696696.8784127,hash_inventory.csv,ASK_USER,False
C:\Users\35884\Documents\Spacecraft\过程文件\工程整理\脚本,22588,3,ORPHAN,UNKNOWN,{},1790695873.7464383,1790696688.5687418,hash_inventory.csv,ASK_USER,False
C:\Users\35884\Documents\Spacecraft\过程文件\工程整理\记录,103338,7,ORPHAN,UNKNOWN,{},1790695882.071834,1790720346.3576753,hash_inventory.csv,ASK_USER,False
C:\Users\35884\Documents\Spacecraft\过程文件\工程整理\验证,534,14,ORPHAN,UNKNOWN,{},1790696482.8220508,1790696483.949592,hash_inventory.csv,ASK_USER,False
C:\Users\35884\Documents\Spacecraft\过程文件\整理_20261010\交付,11507542,2,ORPHAN,UNKNOWN,{},1791534421.3879552,1791534570.5475643,hash_inventory.csv,ASK_USER,False
C:\Users\35884\Documents\Spacecraft\过程文件\整理_20261010\脚本,17335,1,ORPHAN,UNKNOWN,{},1791534603.7256076,1791534603.7256076,hash_inventory.csv,ASK_USER,False
C:\Users\35884\Documents\Spacecraft\过程文件\最终主线\接续,2144,1,E10_regime_screen,OFFICIAL,{},1791299139.2315016,1791299139.2315016,hash_inventory.csv,KEEP_ARCHIVE,False
C:\Users\35884\Documents\Spacecraft\过程文件\最终主线\脚本,26502,1,E10_regime_screen,OFFICIAL,{},1791299028.0670946,1791299028.0670946,hash_inventory.csv,KEEP_ARCHIVE,False
C:\Users\35884\Documents\Spacecraft\过程文件\最终主线\记录,658537,63,E10_regime_screen,OFFICIAL,{},1791298697.371886,1791366785.4387367,hash_inventory.csv,KEEP_ARCHIVE,False
C:\Users\35884\Documents\Spacecraft\过程文件\最终主线重训\接续,2889,1,F01_final2_training,EXPLORATORY,{},1791368715.2698638,1791368715.2698638,hash_inventory.csv,KEEP_ARCHIVE,False
C:\Users\35884\Documents\Spacecraft\过程文件\最终主线重训\脚本,35648,7,F01_final2_training,EXPLORATORY,{},1791368532.7801054,1791532182.3713632,hash_inventory.csv,KEEP_ARCHIVE,False
C:\Users\35884\Documents\Spacecraft\过程文件\最终主线重训\记录,1052583,62,F01_final2_training,EXPLORATORY,{},1791320076.8209667,1791534612.0884566,hash_inventory.csv,KEEP_ARCHIVE,False
C:\Users\35884\Documents\Spacecraft\过程文件\汇报图表_20261009\reports,13738583,70,ORPHAN,UNKNOWN,{},1791471914.6226058,1791516866.0693562,hash_inventory.csv,ASK_USER,False
C:\Users\35884\Documents\Spacecraft\过程文件\汇报图表_20261009\接续,4935,1,ORPHAN,UNKNOWN,{},1791471646.5921204,1791471646.5921204,hash_inventory.csv,ASK_USER,False
C:\Users\35884\Documents\Spacecraft\过程文件\汇报图表_20261009\脚本,70893,13,ORPHAN,UNKNOWN,{},1791473038.7140057,1791514491.1875093,hash_inventory.csv,ASK_USER,False
C:\Users\35884\Documents\Spacecraft\过程文件\汇报图表_20261009\记录,88491,2,ORPHAN,UNKNOWN,{},1791471913.846606,1791514457.677113,hash_inventory.csv,ASK_USER,False
C:\Users\35884\Documents\Spacecraft\过程文件\空间问题分层控制框架\构建,334712,5,ORPHAN,UNKNOWN,{},1790851198.3466227,1790851249.995362,hash_inventory.csv,ASK_USER,False
C:\Users\35884\Documents\Spacecraft\过程文件\空间问题分层控制框架\脚本,7336,1,ORPHAN,UNKNOWN,{},1790851184.8551226,1790851184.8551226,hash_inventory.csv,ASK_USER,False
C:\Users\35884\Documents\Spacecraft\过程文件\空间问题分层控制框架\输出,0,0,ORPHAN,UNKNOWN,{},,,hash_inventory.csv,ASK_USER,False
C:\Users\35884\Documents\Spacecraft\过程文件\远端交付\审查工作树,1813371032,2075,ORPHAN,UNKNOWN,{},1790660532.6382349,1790727493.9570074,hash_inventory.csv,ASK_USER,False
C:\Users\35884\Documents\Spacecraft\过程文件\远端交付\脚本,8453,2,ORPHAN,UNKNOWN,{},1790727530.3786302,1790727856.5211916,hash_inventory.csv,ASK_USER,False
C:\Users\35884\Documents\Spacecraft\过程文件\远端交付\记录,1691,2,ORPHAN,UNKNOWN,{},1790728025.1209607,1790728035.3988092,hash_inventory.csv,ASK_USER,False
C:\Users\35884\Documents\Spacecraft\过程文件\阶段B1\接续,12363,2,E02_B1_handoff_scan,OFFICIAL,{},1790834474.804438,1790834476.6066687,hash_inventory.csv,KEEP_ARCHIVE,False
C:\Users\35884\Documents\Spacecraft\过程文件\阶段B1\脚本,29696,5,E02_B1_handoff_scan,OFFICIAL,{},1790740471.57459,1790834341.9627552,hash_inventory.csv,KEEP_ARCHIVE,False
C:\Users\35884\Documents\Spacecraft\过程文件\阶段B1\记录,100042,54,E02_B1_handoff_scan,OFFICIAL,{},1790740398.4619174,1790834323.2527263,hash_inventory.csv,KEEP_ARCHIVE,False
C:\Users\35884\Documents\Spacecraft\过程文件\阶段B2\交付展开,30677957,347,E03_B2lite,OFFICIAL,{},1790614543.1958144,1790872431.5610166,hash_inventory.csv,KEEP_ARCHIVE,False
C:\Users\35884\Documents\Spacecraft\过程文件\阶段B2\扫描工作树_a714c61,1813343606,2073,E03_B2lite,OFFICIAL,{},1790836058.7733362,1790836075.085148,hash_inventory.csv,KEEP_ARCHIVE,False
C:\Users\35884\Documents\Spacecraft\过程文件\阶段B2\接续,12166,3,E03_B2lite,OFFICIAL,{},1790836234.41993,1790872555.1291065,hash_inventory.csv,KEEP_ARCHIVE,False
C:\Users\35884\Documents\Spacecraft\过程文件\阶段B2\脚本,42714,6,E03_B2lite,OFFICIAL,{},1790825039.515742,1790838799.7174473,hash_inventory.csv,KEEP_ARCHIVE,False
C:\Users\35884\Documents\Spacecraft\过程文件\阶段B2\记录,174530,26,E03_B2lite,OFFICIAL,{},1790834124.6600502,1790872598.9241571,hash_inventory.csv,KEEP_ARCHIVE,False
C:\Users\35884\Documents\Spacecraft\过程文件\阶段C\交付展开,10850536,321,E04_stageC_classifier,OFFICIAL,{},1790627355.7405236,1790885913.1628265,hash_inventory.csv,KEEP_ARCHIVE,False
C:\Users\35884\Documents\Spacecraft\过程文件\阶段C\接续,4627,3,E04_stageC_classifier,OFFICIAL,{},1790875939.5995824,1790887154.2040694,hash_inventory.csv,KEEP_ARCHIVE,False
C:\Users\35884\Documents\Spacecraft\过程文件\阶段C\脚本,26130,4,E04_stageC_classifier,OFFICIAL,{},1790875705.5280733,1790887087.1417394,hash_inventory.csv,KEEP_ARCHIVE,False
C:\Users\35884\Documents\Spacecraft\过程文件\阶段C\记录,318828,27,E04_stageC_classifier,OFFICIAL,{},1790875423.7407124,1790887190.9471264,hash_inventory.csv,KEEP_ARCHIVE,False
C:\Users\35884\Documents\Spacecraft\过程文件\阶段基准图_20261009\reports,22428118,479,ORPHAN,UNKNOWN,{},1790614543.1958144,1791517134.447898,hash_inventory.csv,ASK_USER,False
C:\Users\35884\Documents\Spacecraft\过程文件\阶段基准图_20261009\脚本,59218,8,ORPHAN,UNKNOWN,{},1791515576.548653,1791517127.3333447,hash_inventory.csv,ASK_USER,False
C:\Users\35884\Documents\Spacecraft\过程文件\阶段基准图_20261009\记录,115846,6,ORPHAN,UNKNOWN,{},1791515582.8077796,1791517134.8250408,hash_inventory.csv,ASK_USER,False
C:\Users\35884\Documents\Spacecraft\上层交付,1403715719,734,ORPHAN,UNKNOWN,{},1789033751.7088275,1791261428.1284714,hash_inventory.csv,ASK_USER,False
C:\Users\35884\Documents\Spacecraft\上层交付\历史,1403267603,724,ORPHAN,UNKNOWN,{},1789033751.7088275,1791252732.6442873,hash_inventory.csv,ASK_USER,False
C:\Users\35884\Documents\Spacecraft\上层交付\待发布,42178,4,ORPHAN,UNKNOWN,{},1790834357.814725,1791252822.2109632,hash_inventory.csv,ASK_USER,False
C:\Users\35884\Documents\Spacecraft\上层交付\最新,405119,5,ORPHAN,UNKNOWN,{},1791261372.8957703,1791261428.1284714,hash_inventory.csv,ASK_USER,False
C:\Users\35884\Documents\Spacecraft\上层交付\历史\STAGE_B1_262000_BLOCK_20261001,8140873,5,E02_B1_handoff_scan,OFFICIAL,{},1790834124.6600502,1790838905.1515498,hash_inventory.csv,KEEP_ARCHIVE,False
C:\Users\35884\Documents\Spacecraft\上层交付\历史\STAGE_B2_LITE_20261002,8827527,5,E03_B2lite,OFFICIAL,{},1790872426.9134133,1790872553.3459108,hash_inventory.csv,KEEP_ARCHIVE,False
C:\Users\35884\Documents\Spacecraft\上层交付\历史\STAGE_C_20261002,4650918,5,E04_stageC_classifier,OFFICIAL,{},1790885899.9367063,1790887152.4034603,hash_inventory.csv,KEEP_ARCHIVE,False
C:\Users\35884\Documents\Spacecraft\上层交付\历史\STOPPING_FORMAL_20261006,621515991,7,ORPHAN,UNKNOWN,{},1791002549.5468154,1791252732.6442873,hash_inventory.csv,ASK_USER,False
C:\Users\35884\Documents\Spacecraft\上层交付\历史\V3C_262422_QP_DIAGNOSTIC_HANDOFF_20260926,28002442,10,H06_V3b_V3c_V3d,EXPLORATORY,{},1790340281.2085533,1790385502.4545822,hash_inventory.csv,KEEP_ARCHIVE,False
C:\Users\35884\Documents\Spacecraft\上层交付\历史\V3E_50K_DELIVERY_20260928,33156270,40,E01_V3e_60k_valueR2,OFFICIAL,{},1790515006.948627,1790617390.3093293,hash_inventory.csv,KEEP_ARCHIVE,False
C:\Users\35884\Documents\Spacecraft\上层交付\历史\V3E_60K_CALIBRATION_UPPER_FEEDBACK_20260929,42225512,80,E01_V3e_60k_valueR2,OFFICIAL,{},1790614543.1958144,1790684717.3666782,hash_inventory.csv,KEEP_ARCHIVE,False
C:\Users\35884\Documents\Spacecraft\上层交付\历史\V3E_60K_R2_CALIBRATION_AND_50K_BRIDGE_20260930,174579,14,E01_V3e_60k_valueR2,OFFICIAL,{},1790660532.6382349,1790716833.8739145,hash_inventory.csv,KEEP_ARCHIVE,False
C:\Users\35884\Documents\Spacecraft\上层交付\历史\V3E_60K_R2_CALIBRATION_STAGE_20260930,144772,13,E01_V3e_60k_valueR2,OFFICIAL,{},1790706816.6190014,1790716715.337746,hash_inventory.csv,KEEP_ARCHIVE,False
C:\Users\35884\Documents\Spacecraft\上层交付\历史\V3E_60K_VALUE_R1_SUPPLEMENT_20260929,100736310,236,E01_V3e_60k_valueR2,OFFICIAL,{},1790503485.7740576,1790687937.2383316,hash_inventory.csv,KEEP_ARCHIVE,False
C:\Users\35884\Documents\Spacecraft\上层交付\历史\V3E_60K_VALUE_R2_MAIN_DELIVERY_20260929,42685907,6,E01_V3e_60k_valueR2,OFFICIAL,{},1790719454.3999202,1790729100.6898482,hash_inventory.csv,KEEP_ARCHIVE,False
C:\Users\35884\Documents\Spacecraft\上层交付\历史\V3E_OVERNIGHT_DELIVERY_20260929,33620242,60,E01_V3e_60k_valueR2,OFFICIAL,{},1790503485.7740576,1790630329.2922082,hash_inventory.csv,KEEP_ARCHIVE,False
C:\Users\35884\Documents\Spacecraft\上层交付\历史\既有交付资料,436712422,239,ORPHAN,UNKNOWN,{},1789033751.7088275,1790236817.037917,hash_inventory.csv,ASK_USER,False
C:\Users\35884\Documents\Spacecraft\上层交付\待发布\阶段B1_20261001,41624,3,E02_B1_handoff_scan,OFFICIAL,{},1790834357.814725,1790834357.9879506,hash_inventory.csv,KEEP_ARCHIVE,False
C:\Users\35884\Documents\Spacecraft\历史记录,2321225,109,ORPHAN,UNKNOWN,{},1788335358.9615033,1790232387.4690037,hash_inventory.csv,ASK_USER,False
C:\Users\35884\Documents\Spacecraft\历史记录\process,339277,29,ORPHAN,UNKNOWN,{},1788336668.6625674,1789031554.2484014,hash_inventory.csv,ASK_USER,False
C:\Users\35884\Documents\Spacecraft\历史记录\upper_v4_order_20260909,15386,2,ORPHAN,UNKNOWN,{},1788897698.0,1788898072.0,hash_inventory.csv,ASK_USER,False
C:\Users\35884\Documents\Spacecraft\历史记录\临时产物_截至20260913,1413496,6,ORPHAN,UNKNOWN,{},1788335358.9615033,1788489681.8764658,hash_inventory.csv,ASK_USER,False
C:\Users\35884\Documents\Spacecraft\历史记录\交付文档,65606,12,ORPHAN,UNKNOWN,{},1789269551.012971,1790007080.430972,hash_inventory.csv,ASK_USER,False
C:\Users\35884\Documents\Spacecraft\历史记录\执行脚本_T7_T11_20260913,40786,8,H03_T6_T7_interface,EXPLORATORY,{},1789182959.5185049,1789256315.9158766,hash_inventory.csv,KEEP_ARCHIVE,False
C:\Users\35884\Documents\Spacecraft\历史记录\测试临时目录,446674,52,ORPHAN,UNKNOWN,{},1789261329.2264774,1790232387.4690037,hash_inventory.csv,ASK_USER,False
C:\Users\35884\Documents\Spacecraft\历史记录\临时产物_截至20260913\pytest_tmp_5b_semantics,0,0,ORPHAN,UNKNOWN,{},,,hash_inventory.csv,ASK_USER,False
C:\Users\35884\Documents\Spacecraft\历史记录\临时产物_截至20260913\scratchpad,241510,3,ORPHAN,UNKNOWN,{},1788335358.9615033,1788335370.0811477,hash_inventory.csv,ASK_USER,False
C:\Users\35884\Documents\Spacecraft\历史记录\临时产物_截至20260913\tmp,1171986,3,ORPHAN,UNKNOWN,{},1788489628.8513374,1788489681.8764658,hash_inventory.csv,ASK_USER,False
C:\Users\35884\Documents\Spacecraft\历史记录\交付文档\2026-09,65606,12,ORPHAN,UNKNOWN,{},1789269551.012971,1790007080.430972,hash_inventory.csv,ASK_USER,False
C:\Users\35884\Documents\Spacecraft\历史记录\测试临时目录\2026-09,24156,17,ORPHAN,UNKNOWN,{},1789468733.8691065,1789815330.9385386,hash_inventory.csv,ASK_USER,False
C:\Users\35884\Documents\Spacecraft\历史记录\测试临时目录\20260923_V2训练与性能审计,349631,27,ORPHAN,UNKNOWN,{},1789794717.7676609,1790232387.4690037,hash_inventory.csv,ASK_USER,False
C:\Users\35884\Documents\Spacecraft\历史记录\测试临时目录\20260924_收尾归档,72887,8,ORPHAN,UNKNOWN,{},1789261329.2264774,1789481380.5314512,hash_inventory.csv,ASK_USER,False
