name,date,run_dir,experiment_id,order,method,configuration,result,evidence,stop_reason,execution_evidence
adp_rf_262410,2026-09-19T16:05:22.815883+00:00,D:\py\DRL2\logs\adp_rf_262410,I01_round1_adaptive,UNRESOLVED: see evidence references; no authority inferred,UNKNOWN,"{""seed"": 262410}",manifest.status=completed; recorded budget=60000,D:\py\DRL2\logs\adp_rf_262410\manifest.json | duplicate location: D:\py\DRL2_v3e\logs\adp_rf_262410\manifest.json,EVALUATOR_BUG_INVALID: registry,manifest or existing logged run; not a new experiment
adp_rf_262411,2026-09-19T16:05:31.732733+00:00,D:\py\DRL2\logs\adp_rf_262411,I01_round1_adaptive,UNRESOLVED: see evidence references; no authority inferred,UNKNOWN,"{""seed"": 262411}",manifest.status=completed; recorded budget=60000,D:\py\DRL2\logs\adp_rf_262411\manifest.json | duplicate location: D:\py\DRL2_v3e\logs\adp_rf_262411\manifest.json,EVALUATOR_BUG_INVALID: registry,manifest or existing logged run; not a new experiment
adp_rf_262412,2026-09-19T16:05:38.950267+00:00,D:\py\DRL2\logs\adp_rf_262412,I01_round1_adaptive,UNRESOLVED: see evidence references; no authority inferred,UNKNOWN,"{""seed"": 262412}",manifest.status=completed; recorded budget=60000,D:\py\DRL2\logs\adp_rf_262412\manifest.json | duplicate location: D:\py\DRL2_v3e\logs\adp_rf_262412\manifest.json,EVALUATOR_BUG_INVALID: registry,manifest or existing logged run; not a new experiment
attitude_probe_20260912,,D:\py\DRL2\logs\attitude_probe_20260912,ORPHAN,UNRESOLVED: see evidence references; no authority inferred,UNKNOWN,{},manifest.status=NO_MANIFEST; recorded budget=UNKNOWN,D:\py\DRL2\logs\attitude_probe_20260912 (existing run files) 引用:  | duplicate location: D:\py\DRL2_v3e\logs\attitude_probe_20260912 (existing run files) 引用: ,NOT_DOCUMENTED; do not infer from filename,manifest or existing logged run; not a new experiment
compute_h35,,D:\py\DRL2\logs\compute_h35,H02_pure_mpc_horizons,UNRESOLVED: see evidence references; no authority inferred,UNKNOWN,{},manifest.status=NO_MANIFEST; recorded budget=UNKNOWN,D:\py\DRL2\logs\compute_h35 (existing run files) 引用:  | duplicate location: D:\py\DRL2_v3e\logs\compute_h35 (existing run files) 引用: ,NOT_DOCUMENTED; do not infer from filename,manifest or existing logged run; not a new experiment
final2_262460,2026-10-07T10:43:54.514555+00:00,D:\py\DRL2\logs\final2_262460,F01_final2_training,upper/run_orders/FINAL_RERUN_20261007.md + user 2026-10-09 priority amendment,learned_stopping_option,"{""seed"": 262460, ""regime"": {""name"": ""w2.36_r15"", ""tumble_deg_s"": 2.362365508345389, ""range_min_m"": 15.0, ""range_max_m"": 28.0, ""speed_max_m_s"": 0.1}, ""stopping"": {""gamma"": 0.999, ""initial_handoff_logit"": -5.0, ""behaviour_handoff_min"": 0.002, ""behaviour_handoff_max"": 0.01, ""stop_ent_coef"": 0.005, ""deployment_threshold"": 0.5, ""stop_rule"": ""value"", ""bellman_stop_value"": ""soft""}, ""requested_outer_decisions"": 60000, ""mainline"": {""horizon_steps"": 35, ""waypoint_parametrization"": ""task_state_v3"", ""execution_feedback"": true, ""monotone_commit"": true, ""baseline_anchored_residual"": false, ""opportunity_task"": false, ""adaptive_task"": true}}",manifest.status=completed; recorded budget=60000,D:\py\DRL2\logs\final2_262460\manifest.json | duplicate location: D:\py\DRL2_v3e\logs\final2_262460\manifest.json,NOT_DOCUMENTED; do not infer from filename,manifest or existing logged run; not a new experiment
final2_262461,,D:\py\DRL2\logs\final2_262461,F01_final2_training,upper/run_orders/FINAL_RERUN_20261007.md + user 2026-10-09 priority amendment,UNKNOWN,{},manifest.status=NO_MANIFEST; recorded budget=UNKNOWN,D:\py\DRL2\logs\final2_262461 (existing run files) 引用: C:\Users\35884\Documents\Spacecraft\过程文件\协作\Git工作树\docs\collaboration\lower\handoffs\ppt_temporary_20261009\FIGURE_REPORT.md | C:\Users\35884\Documents\Spacecraft\过程文件\协作\Git工作树\docs\collaboration\upper\run_orders\PROJECT_CLEANUP_20261010.md | C:\Users\35884\Documents\Spacecraft\过程文件\协作\Git工作树\docs\collaboration\lower\handoffs\ppt_temporary_20261009\FIGURE_REPORT.md | C:\Users\35884\Documents\Spacecraft\过程文件\协作\Git工作树\docs\collaboration\upper\run_orders\PROJECT_CLEANUP_20261010.md | C:\Users\35884\Documents\Spacecraft\过程文件\汇报图表_20261009\reports\历史\ppt_superseded_by_interim_122424\FIGURE_REPORT.md | C:\Users\35884\Documents\Spacecraft\过程文件\汇报图表_20261009\接续\绘图准备与固定范围.md | C:\Users\35884\Documents\Spacecraft\过程文件\协作\Git工作树\docs\collaboration\lower\handoffs\ppt_temporary_20261009\FIGURE_REPORT.md | C:\Users\35884\Documents\Spacecraft\过程文件\协作\Git工作树\docs\collaboration\upper\run_orders\PROJECT_CLEANUP_20261010.md | C:\Users\35884\Documents\Spacecraft\过程文件\协作\Git工作树\docs\collaboration\lower\handoffs\ppt_temporary_20261009\FIGURE_REPORT.md | C:\Users\35884\Documents\Spacecraft\过程文件\协作\Git工作树\docs\collaboration\upper\run_orders\PROJECT_CLEANUP_20261010.md | C:\Users\35884\Documents\Spacecraft\过程文件\汇报图表_20261009\reports\历史\ppt_superseded_by_interim_122424\FIGURE_REPORT.md | C:\Users\35884\Documents\Spacecraft\过程文件\汇报图表_20261009\接续\绘图准备与固定范围.md | duplicate location: D:\py\DRL2_v3e\logs\final2_262461 (existing run files) 引用: C:\Users\35884\Documents\Spacecraft\过程文件\协作\Git工作树\docs\collaboration\lower\handoffs\ppt_temporary_20261009\FIGURE_REPORT.md | C:\Users\35884\Documents\Spacecraft\过程文件\协作\Git工作树\docs\collaboration\upper\run_orders\PROJECT_CLEANUP_20261010.md | C:\Users\35884\Documents\Spacecraft\过程文件\协作\Git工作树\docs\collaboration\lower\handoffs\ppt_temporary_20261009\FIGURE_REPORT.md | C:\Users\35884\Documents\Spacecraft\过程文件\协作\Git工作树\docs\collaboration\upper\run_orders\PROJECT_CLEANUP_20261010.md | C:\Users\35884\Documents\Spacecraft\过程文件\汇报图表_20261009\reports\历史\ppt_superseded_by_interim_122424\FIGURE_REPORT.md | C:\Users\35884\Documents\Spacecraft\过程文件\汇报图表_20261009\接续\绘图准备与固定范围.md | C:\Users\35884\Documents\Spacecraft\过程文件\协作\Git工作树\docs\collaboration\lower\handoffs\ppt_temporary_20261009\FIGURE_REPORT.md | C:\Users\35884\Documents\Spacecraft\过程文件\协作\Git工作树\docs\collaboration\upper\run_orders\PROJECT_CLEANUP_20261010.md | C:\Users\35884\Documents\Spacecraft\过程文件\协作\Git工作树\docs\collaboration\lower\handoffs\ppt_temporary_20261009\FIGURE_REPORT.md | C:\Users\35884\Documents\Spacecraft\过程文件\协作\Git工作树\docs\collaboration\upper\run_orders\PROJECT_CLEANUP_20261010.md | C:\Users\35884\Documents\Spacecraft\过程文件\汇报图表_20261009\reports\历史\ppt_superseded_by_interim_122424\FIGURE_REPORT.md | C:\Users\35884\Documents\Spacecraft\过程文件\汇报图表_20261009\接续\绘图准备与固定范围.md,NOT_DOCUMENTED; do not infer from filename,manifest or existing logged run; not a new experiment
final2_262462,2026-10-07T10:43:54.457359+00:00,D:\py\DRL2\logs\final2_262462,F01_final2_training,upper/run_orders/FINAL_RERUN_20261007.md + user 2026-10-09 priority amendment,learned_stopping_option,"{""seed"": 262462, ""regime"": {""name"": ""w2.36_r15"", ""tumble_deg_s"": 2.362365508345389, ""range_min_m"": 15.0, ""range_max_m"": 28.0, ""speed_max_m_s"": 0.1}, ""stopping"": {""gamma"": 0.999, ""initial_handoff_logit"": -5.0, ""behaviour_handoff_min"": 0.002, ""behaviour_handoff_max"": 0.01, ""stop_ent_coef"": 0.005, ""deployment_threshold"": 0.5, ""stop_rule"": ""value"", ""bellman_stop_value"": ""soft""}, ""requested_outer_decisions"": 60000, ""mainline"": {""horizon_steps"": 35, ""waypoint_parametrization"": ""task_state_v3"", ""execution_feedback"": true, ""monotone_commit"": true, ""baseline_anchored_residual"": false, ""opportunity_task"": false, ""adaptive_task"": true}}",manifest.status=completed; recorded budget=60000,D:\py\DRL2\logs\final2_262462\manifest.json | duplicate location: D:\py\DRL2_v3e\logs\final2_262462\manifest.json,NOT_DOCUMENTED; do not infer from filename,manifest or existing logged run; not a new experiment
final_262450,2026-10-06T20:54:42.386191+00:00,D:\py\DRL2\logs\final_262450,F00_final_training_interrupted,UNRESOLVED: see evidence references; no authority inferred,learned_stopping_option,"{""seed"": 262450, ""regime"": {""name"": ""w2.36_r15"", ""tumble_deg_s"": 2.362365508345389, ""range_min_m"": 15.0, ""range_max_m"": 28.0, ""speed_max_m_s"": 0.1}, ""stopping"": {""gamma"": 0.999, ""initial_handoff_logit"": -5.0, ""behaviour_handoff_min"": 0.002, ""behaviour_handoff_max"": 0.01, ""stop_ent_coef"": 0.005, ""deployment_threshold"": 0.5, ""stop_rule"": ""value""}, ""requested_outer_decisions"": 60000, ""mainline"": {""horizon_steps"": 35, ""waypoint_parametrization"": ""task_state_v3"", ""execution_feedback"": true, ""monotone_commit"": true, ""baseline_anchored_residual"": false, ""opportunity_task"": false, ""adaptive_task"": true}}",manifest.status=running; recorded budget=UNKNOWN,D:\py\DRL2\logs\final_262450\manifest.json | duplicate location: D:\py\DRL2_v3e\logs\final_262450\manifest.json,OPERATOR_INTERRUPTION_INVALID_NO_RESUME,manifest or existing logged run; not a new experiment
final_262451,2026-10-06T20:54:42.655926+00:00,D:\py\DRL2\logs\final_262451,F00_final_training_interrupted,UNRESOLVED: see evidence references; no authority inferred,learned_stopping_option,"{""seed"": 262451, ""regime"": {""name"": ""w2.36_r15"", ""tumble_deg_s"": 2.362365508345389, ""range_min_m"": 15.0, ""range_max_m"": 28.0, ""speed_max_m_s"": 0.1}, ""stopping"": {""gamma"": 0.999, ""initial_handoff_logit"": -5.0, ""behaviour_handoff_min"": 0.002, ""behaviour_handoff_max"": 0.01, ""stop_ent_coef"": 0.005, ""deployment_threshold"": 0.5, ""stop_rule"": ""value""}, ""requested_outer_decisions"": 60000, ""mainline"": {""horizon_steps"": 35, ""waypoint_parametrization"": ""task_state_v3"", ""execution_feedback"": true, ""monotone_commit"": true, ""baseline_anchored_residual"": false, ""opportunity_task"": false, ""adaptive_task"": true}}",manifest.status=running; recorded budget=UNKNOWN,D:\py\DRL2\logs\final_262451\manifest.json | duplicate location: D:\py\DRL2_v3e\logs\final_262451\manifest.json,OPERATOR_INTERRUPTION_INVALID_NO_RESUME,manifest or existing logged run; not a new experiment
final_262452,2026-10-06T20:54:42.908851+00:00,D:\py\DRL2\logs\final_262452,F00_final_training_interrupted,UNRESOLVED: see evidence references; no authority inferred,learned_stopping_option,"{""seed"": 262452, ""regime"": {""name"": ""w2.36_r15"", ""tumble_deg_s"": 2.362365508345389, ""range_min_m"": 15.0, ""range_max_m"": 28.0, ""speed_max_m_s"": 0.1}, ""stopping"": {""gamma"": 0.999, ""initial_handoff_logit"": -5.0, ""behaviour_handoff_min"": 0.002, ""behaviour_handoff_max"": 0.01, ""stop_ent_coef"": 0.005, ""deployment_threshold"": 0.5, ""stop_rule"": ""value""}, ""requested_outer_decisions"": 60000, ""mainline"": {""horizon_steps"": 35, ""waypoint_parametrization"": ""task_state_v3"", ""execution_feedback"": true, ""monotone_commit"": true, ""baseline_anchored_residual"": false, ""opportunity_task"": false, ""adaptive_task"": true}}",manifest.status=running; recorded budget=UNKNOWN,D:\py\DRL2\logs\final_262452\manifest.json | duplicate location: D:\py\DRL2_v3e\logs\final_262452\manifest.json,OPERATOR_INTERRUPTION_INVALID_NO_RESUME,manifest or existing logged run; not a new experiment
fullmission_sac_200k_seed260830,2026-08-21T05:14:23.538306+00:00,D:\py\DRL2\logs\fullmission_sac_200k_seed260830,H01_single_phase,UNRESOLVED: see evidence references; no authority inferred,pure_sac,"{""seed"": 260830, ""requested_timesteps"": 200000}",manifest.status=completed; recorded budget=200000,D:\py\DRL2\logs\fullmission_sac_200k_seed260830\manifest.json | duplicate location: D:\py\DRL2_v3e\logs\fullmission_sac_200k_seed260830\manifest.json,NOT_DOCUMENTED; do not infer from filename,manifest or existing logged run; not a new experiment
fullmission_sac_200k_seed260831,2026-08-21T05:14:23.538306+00:00,D:\py\DRL2\logs\fullmission_sac_200k_seed260831,H01_single_phase,UNRESOLVED: see evidence references; no authority inferred,pure_sac,"{""seed"": 260831, ""requested_timesteps"": 200000}",manifest.status=completed; recorded budget=200000,D:\py\DRL2\logs\fullmission_sac_200k_seed260831\manifest.json | duplicate location: D:\py\DRL2_v3e\logs\fullmission_sac_200k_seed260831\manifest.json,NOT_DOCUMENTED; do not infer from filename,manifest or existing logged run; not a new experiment
fullmission_sac_200k_seed260832,2026-08-21T05:14:30.855573+00:00,D:\py\DRL2\logs\fullmission_sac_200k_seed260832,H01_single_phase,UNRESOLVED: see evidence references; no authority inferred,pure_sac,"{""seed"": 260832, ""requested_timesteps"": 200000}",manifest.status=completed; recorded budget=200000,D:\py\DRL2\logs\fullmission_sac_200k_seed260832\manifest.json | duplicate location: D:\py\DRL2_v3e\logs\fullmission_sac_200k_seed260832\manifest.json,NOT_DOCUMENTED; do not infer from filename,manifest or existing logged run; not a new experiment
gatefree_sac_150k_seed260840,2026-08-22T05:31:56.854658+00:00,D:\py\DRL2\logs\gatefree_sac_150k_seed260840,H01_single_phase,UNRESOLVED: see evidence references; no authority inferred,pure_sac,"{""seed"": 260840, ""requested_timesteps"": 150000}",manifest.status=completed; recorded budget=150000,D:\py\DRL2\logs\gatefree_sac_150k_seed260840\manifest.json | duplicate location: D:\py\DRL2_v3e\logs\gatefree_sac_150k_seed260840\manifest.json,NOT_DOCUMENTED; do not infer from filename,manifest or existing logged run; not a new experiment
gatefree_sac_150k_seed260841,2026-08-22T05:32:05.386228+00:00,D:\py\DRL2\logs\gatefree_sac_150k_seed260841,H01_single_phase,UNRESOLVED: see evidence references; no authority inferred,pure_sac,"{""seed"": 260841, ""requested_timesteps"": 150000}",manifest.status=completed; recorded budget=150000,D:\py\DRL2\logs\gatefree_sac_150k_seed260841\manifest.json | duplicate location: D:\py\DRL2_v3e\logs\gatefree_sac_150k_seed260841\manifest.json,NOT_DOCUMENTED; do not infer from filename,manifest or existing logged run; not a new experiment
gatefree_sac_150k_seed260842,2026-08-22T05:32:14.671199+00:00,D:\py\DRL2\logs\gatefree_sac_150k_seed260842,H01_single_phase,UNRESOLVED: see evidence references; no authority inferred,pure_sac,"{""seed"": 260842, ""requested_timesteps"": 150000}",manifest.status=completed; recorded budget=150000,D:\py\DRL2\logs\gatefree_sac_150k_seed260842\manifest.json | duplicate location: D:\py\DRL2_v3e\logs\gatefree_sac_150k_seed260842\manifest.json,NOT_DOCUMENTED; do not infer from filename,manifest or existing logged run; not a new experiment
gatefree_sac_400k_fix_seed260860,2026-08-23T02:05:26.193238+00:00,D:\py\DRL2\logs\gatefree_sac_400k_fix_seed260860,H01_single_phase,UNRESOLVED: see evidence references; no authority inferred,pure_sac,"{""seed"": 260860, ""requested_timesteps"": 400000}",manifest.status=completed; recorded budget=400000,D:\py\DRL2\logs\gatefree_sac_400k_fix_seed260860\manifest.json | duplicate location: D:\py\DRL2_v3e\logs\gatefree_sac_400k_fix_seed260860\manifest.json,NOT_DOCUMENTED; do not infer from filename,manifest or existing logged run; not a new experiment
gatefree_sac_400k_fix_seed260861,2026-08-23T02:05:36.207132+00:00,D:\py\DRL2\logs\gatefree_sac_400k_fix_seed260861,H01_single_phase,UNRESOLVED: see evidence references; no authority inferred,pure_sac,"{""seed"": 260861, ""requested_timesteps"": 400000}",manifest.status=completed; recorded budget=400000,D:\py\DRL2\logs\gatefree_sac_400k_fix_seed260861\manifest.json | duplicate location: D:\py\DRL2_v3e\logs\gatefree_sac_400k_fix_seed260861\manifest.json,NOT_DOCUMENTED; do not infer from filename,manifest or existing logged run; not a new experiment
gatefree_sac_400k_fix_seed260862,2026-08-23T02:05:45.514339+00:00,D:\py\DRL2\logs\gatefree_sac_400k_fix_seed260862,H01_single_phase,UNRESOLVED: see evidence references; no authority inferred,pure_sac,"{""seed"": 260862, ""requested_timesteps"": 400000}",manifest.status=completed; recorded budget=400000,D:\py\DRL2\logs\gatefree_sac_400k_fix_seed260862\manifest.json | duplicate location: D:\py\DRL2_v3e\logs\gatefree_sac_400k_fix_seed260862\manifest.json,NOT_DOCUMENTED; do not infer from filename,manifest or existing logged run; not a new experiment
gatefree_sac_400k_seed260850,2026-08-22T13:02:52.909210+00:00,D:\py\DRL2\logs\gatefree_sac_400k_seed260850,H01_single_phase,UNRESOLVED: see evidence references; no authority inferred,pure_sac,"{""seed"": 260850, ""requested_timesteps"": 400000}",manifest.status=completed; recorded budget=400000,D:\py\DRL2\logs\gatefree_sac_400k_seed260850\manifest.json | duplicate location: D:\py\DRL2_v3e\logs\gatefree_sac_400k_seed260850\manifest.json,NOT_DOCUMENTED; do not infer from filename,manifest or existing logged run; not a new experiment
gatefree_sac_400k_seed260851,2026-08-22T13:02:59.970508+00:00,D:\py\DRL2\logs\gatefree_sac_400k_seed260851,H01_single_phase,UNRESOLVED: see evidence references; no authority inferred,pure_sac,"{""seed"": 260851, ""requested_timesteps"": 400000}",manifest.status=completed; recorded budget=400000,D:\py\DRL2\logs\gatefree_sac_400k_seed260851\manifest.json | duplicate location: D:\py\DRL2_v3e\logs\gatefree_sac_400k_seed260851\manifest.json,NOT_DOCUMENTED; do not infer from filename,manifest or existing logged run; not a new experiment
gatefree_sac_400k_seed260852,2026-08-22T13:03:06.211405+00:00,D:\py\DRL2\logs\gatefree_sac_400k_seed260852,H01_single_phase,UNRESOLVED: see evidence references; no authority inferred,pure_sac,"{""seed"": 260852, ""requested_timesteps"": 400000}",manifest.status=completed; recorded budget=400000,D:\py\DRL2\logs\gatefree_sac_400k_seed260852\manifest.json | duplicate location: D:\py\DRL2_v3e\logs\gatefree_sac_400k_seed260852\manifest.json,NOT_DOCUMENTED; do not infer from filename,manifest or existing logged run; not a new experiment
gatefree_validation,,D:\py\DRL2\logs\gatefree_validation,H01_single_phase,UNRESOLVED: see evidence references; no authority inferred,UNKNOWN,{},manifest.status=NO_MANIFEST; recorded budget=UNKNOWN,D:\py\DRL2\logs\gatefree_validation (existing run files) 引用:  | duplicate location: D:\py\DRL2_v3e\logs\gatefree_validation (existing run files) 引用: ,NOT_DOCUMENTED; do not infer from filename,manifest or existing logged run; not a new experiment
hybrid,,D:\py\DRL2\logs\hybrid,ORPHAN,UNRESOLVED: see evidence references; no authority inferred,UNKNOWN,{},manifest.status=NO_MANIFEST; recorded budget=UNKNOWN,D:\py\DRL2\logs\hybrid (existing run files) 引用:  | duplicate location: D:\py\DRL2_v3e\logs\hybrid (existing run files) 引用: ,NOT_DOCUMENTED; do not infer from filename,manifest or existing logged run; not a new experiment
invalidated,,D:\py\DRL2\logs\invalidated,ORPHAN,UNRESOLVED: see evidence references; no authority inferred,UNKNOWN,{},manifest.status=NO_MANIFEST; recorded budget=UNKNOWN,D:\py\DRL2\logs\invalidated (existing run files) 引用:  | duplicate location: D:\py\DRL2_v3e\logs\invalidated (existing run files) 引用: ,NOT_DOCUMENTED; do not infer from filename,manifest or existing logged run; not a new experiment
p0_horizons_20260910,,D:\py\DRL2\logs\p0_horizons_20260910,H02_pure_mpc_horizons,UNRESOLVED: see evidence references; no authority inferred,UNKNOWN,{},manifest.status=completed; recorded budget=UNKNOWN,D:\py\DRL2\logs\p0_horizons_20260910\manifest.json | duplicate location: D:\py\DRL2_v3e\logs\p0_horizons_20260910\manifest.json,NOT_DOCUMENTED; do not infer from filename,manifest or existing logged run; not a new experiment
p1_a_20260910,,D:\py\DRL2\logs\p1_a_20260910,ORPHAN,UNRESOLVED: see evidence references; no authority inferred,UNKNOWN,{},manifest.status=completed; recorded budget=UNKNOWN,D:\py\DRL2\logs\p1_a_20260910\manifest.json | duplicate location: D:\py\DRL2_v3e\logs\p1_a_20260910\manifest.json,NOT_DOCUMENTED; do not infer from filename,manifest or existing logged run; not a new experiment
p1_b_20260910,,D:\py\DRL2\logs\p1_b_20260910,ORPHAN,UNRESOLVED: see evidence references; no authority inferred,UNKNOWN,{},manifest.status=completed; recorded budget=UNKNOWN,D:\py\DRL2\logs\p1_b_20260910\manifest.json | duplicate location: D:\py\DRL2_v3e\logs\p1_b_20260910\manifest.json,NOT_DOCUMENTED; do not infer from filename,manifest or existing logged run; not a new experiment
p1_c_20260910,,D:\py\DRL2\logs\p1_c_20260910,ORPHAN,UNRESOLVED: see evidence references; no authority inferred,UNKNOWN,{},manifest.status=completed; recorded budget=UNKNOWN,D:\py\DRL2\logs\p1_c_20260910\manifest.json | duplicate location: D:\py\DRL2_v3e\logs\p1_c_20260910\manifest.json,NOT_DOCUMENTED; do not infer from filename,manifest or existing logged run; not a new experiment
p2_feedback_20260910,,D:\py\DRL2\logs\p2_feedback_20260910,ORPHAN,UNRESOLVED: see evidence references; no authority inferred,UNKNOWN,{},manifest.status=completed; recorded budget=UNKNOWN,D:\py\DRL2\logs\p2_feedback_20260910\manifest.json | duplicate location: D:\py\DRL2_v3e\logs\p2_feedback_20260910\manifest.json,NOT_DOCUMENTED; do not infer from filename,manifest or existing logged run; not a new experiment
phase2_mission_full_validation,,D:\py\DRL2\logs\phase2_mission_full_validation,H01_single_phase,UNRESOLVED: see evidence references; no authority inferred,UNKNOWN,{},manifest.status=NO_MANIFEST; recorded budget=UNKNOWN,D:\py\DRL2\logs\phase2_mission_full_validation (existing run files) 引用: C:\Users\35884\Documents\Spacecraft\过程文件\价值规则检验\Git审查工作树\logs\INDEX.md | C:\Users\35884\Documents\Spacecraft\过程文件\远端交付\审查工作树\logs\INDEX.md | C:\Users\35884\Documents\Spacecraft\过程文件\阶段B2\扫描工作树_a714c61\logs\INDEX.md | C:\Users\35884\Documents\Spacecraft\过程文件\价值规则检验\Git审查工作树\logs\INDEX.md | C:\Users\35884\Documents\Spacecraft\过程文件\远端交付\审查工作树\logs\INDEX.md | C:\Users\35884\Documents\Spacecraft\过程文件\阶段B2\扫描工作树_a714c61\logs\INDEX.md | duplicate location: D:\py\DRL2_v3e\logs\phase2_mission_full_validation (existing run files) 引用: C:\Users\35884\Documents\Spacecraft\过程文件\价值规则检验\Git审查工作树\logs\INDEX.md | C:\Users\35884\Documents\Spacecraft\过程文件\远端交付\审查工作树\logs\INDEX.md | C:\Users\35884\Documents\Spacecraft\过程文件\阶段B2\扫描工作树_a714c61\logs\INDEX.md | C:\Users\35884\Documents\Spacecraft\过程文件\价值规则检验\Git审查工作树\logs\INDEX.md | C:\Users\35884\Documents\Spacecraft\过程文件\远端交付\审查工作树\logs\INDEX.md | C:\Users\35884\Documents\Spacecraft\过程文件\阶段B2\扫描工作树_a714c61\logs\INDEX.md,NOT_DOCUMENTED; do not infer from filename,manifest or existing logged run; not a new experiment
phase2_mission_s1v2_acquisition_bodyobs_autoent_tau001_seed260815,2026-08-15T02:38:14.212545+00:00,D:\py\DRL2\logs\phase2_mission_s1v2_acquisition_bodyobs_autoent_tau001_seed260815,H01_single_phase,UNRESOLVED: see evidence references; no authority inferred,pure_sac,"{""seed"": 260815, ""requested_timesteps"": 500000}",manifest.status=completed; recorded budget=500000,D:\py\DRL2\logs\phase2_mission_s1v2_acquisition_bodyobs_autoent_tau001_seed260815\manifest.json | duplicate location: D:\py\DRL2_v3e\logs\phase2_mission_s1v2_acquisition_bodyobs_autoent_tau001_seed260815\manifest.json,NOT_DOCUMENTED; do not infer from filename,manifest or existing logged run; not a new experiment
phase2_mission_s1v2_fixedalpha_200k_seed260816,2026-08-20T13:13:57.792615+00:00,D:\py\DRL2\logs\phase2_mission_s1v2_fixedalpha_200k_seed260816,H01_single_phase,UNRESOLVED: see evidence references; no authority inferred,pure_sac,"{""seed"": 260816, ""requested_timesteps"": 200000}",manifest.status=completed; recorded budget=200000,D:\py\DRL2\logs\phase2_mission_s1v2_fixedalpha_200k_seed260816\manifest.json | duplicate location: D:\py\DRL2_v3e\logs\phase2_mission_s1v2_fixedalpha_200k_seed260816\manifest.json,NOT_DOCUMENTED; do not infer from filename,manifest or existing logged run; not a new experiment
phase2_mission_s1v2_fixedalpha_200k_seed260817,2026-08-20T13:15:22.253340+00:00,D:\py\DRL2\logs\phase2_mission_s1v2_fixedalpha_200k_seed260817,H01_single_phase,UNRESOLVED: see evidence references; no authority inferred,pure_sac,"{""seed"": 260817, ""requested_timesteps"": 200000}",manifest.status=completed; recorded budget=200000,D:\py\DRL2\logs\phase2_mission_s1v2_fixedalpha_200k_seed260817\manifest.json | duplicate location: D:\py\DRL2_v3e\logs\phase2_mission_s1v2_fixedalpha_200k_seed260817\manifest.json,NOT_DOCUMENTED; do not infer from filename,manifest or existing logged run; not a new experiment
phase2_mission_s1v2_validation,,D:\py\DRL2\logs\phase2_mission_s1v2_validation,H01_single_phase,UNRESOLVED: see evidence references; no authority inferred,UNKNOWN,{},manifest.status=NO_MANIFEST; recorded budget=UNKNOWN,D:\py\DRL2\logs\phase2_mission_s1v2_validation (existing run files) 引用:  | duplicate location: D:\py\DRL2_v3e\logs\phase2_mission_s1v2_validation (existing run files) 引用: ,NOT_DOCUMENTED; do not infer from filename,manifest or existing logged run; not a new experiment
phase2_mission_s1v2_velerror_bodyobs_autoent_tau001_seed260815,2026-08-15T06:49:44.848924+00:00,D:\py\DRL2\logs\phase2_mission_s1v2_velerror_bodyobs_autoent_tau001_seed260815,H01_single_phase,UNRESOLVED: see evidence references; no authority inferred,pure_sac,"{""seed"": 260815, ""requested_timesteps"": 500000}",manifest.status=completed; recorded budget=500000,D:\py\DRL2\logs\phase2_mission_s1v2_velerror_bodyobs_autoent_tau001_seed260815\manifest.json | duplicate location: D:\py\DRL2_v3e\logs\phase2_mission_s1v2_velerror_bodyobs_autoent_tau001_seed260815\manifest.json,NOT_DOCUMENTED; do not infer from filename,manifest or existing logged run; not a new experiment
phase2_mission_s1v2_velerror_buffer600k_seed260815,2026-08-20T10:16:58.018290+00:00,D:\py\DRL2\logs\phase2_mission_s1v2_velerror_buffer600k_seed260815,H01_single_phase,UNRESOLVED: see evidence references; no authority inferred,pure_sac,"{""seed"": 260815, ""requested_timesteps"": 500000}",manifest.status=completed; recorded budget=500000,D:\py\DRL2\logs\phase2_mission_s1v2_velerror_buffer600k_seed260815\manifest.json | duplicate location: D:\py\DRL2_v3e\logs\phase2_mission_s1v2_velerror_buffer600k_seed260815\manifest.json,NOT_DOCUMENTED; do not infer from filename,manifest or existing logged run; not a new experiment
phase2_mission_s1v2_velerror_fixedalpha_seed260815,2026-08-20T07:01:27.320797+00:00,D:\py\DRL2\logs\phase2_mission_s1v2_velerror_fixedalpha_seed260815,H01_single_phase,UNRESOLVED: see evidence references; no authority inferred,pure_sac,"{""seed"": 260815, ""requested_timesteps"": 500000}",manifest.status=completed; recorded budget=500000,D:\py\DRL2\logs\phase2_mission_s1v2_velerror_fixedalpha_seed260815\manifest.json | duplicate location: D:\py\DRL2_v3e\logs\phase2_mission_s1v2_velerror_fixedalpha_seed260815\manifest.json,NOT_DOCUMENTED; do not infer from filename,manifest or existing logged run; not a new experiment
phase2_mission_s1v2_velerror_utd4_seed260815,2026-08-20T05:56:48.908657+00:00,D:\py\DRL2\logs\phase2_mission_s1v2_velerror_utd4_seed260815,H01_single_phase,UNRESOLVED: see evidence references; no authority inferred,pure_sac,"{""seed"": 260815, ""requested_timesteps"": 500000}",manifest.status=interrupted; recorded budget=145467,D:\py\DRL2\logs\phase2_mission_s1v2_velerror_utd4_seed260815\manifest.json | duplicate location: D:\py\DRL2_v3e\logs\phase2_mission_s1v2_velerror_utd4_seed260815\manifest.json,NOT_DOCUMENTED; do not infer from filename,manifest or existing logged run; not a new experiment
phase2_mission_s1_adaptive_actioncontrast_seed260814,2026-08-14T04:23:56.028188+00:00,D:\py\DRL2\logs\phase2_mission_s1_adaptive_actioncontrast_seed260814,H01_single_phase,UNRESOLVED: see evidence references; no authority inferred,pure_sac,"{""seed"": 260814, ""requested_timesteps"": 250000}",manifest.status=completed; recorded budget=250000,D:\py\DRL2\logs\phase2_mission_s1_adaptive_actioncontrast_seed260814\manifest.json | duplicate location: D:\py\DRL2_v3e\logs\phase2_mission_s1_adaptive_actioncontrast_seed260814\manifest.json,NOT_DOCUMENTED; do not infer from filename,manifest or existing logged run; not a new experiment
phase2_mission_s1_cone20_autoent_seed260814,2026-08-14T12:55:29.034222+00:00,D:\py\DRL2\logs\phase2_mission_s1_cone20_autoent_seed260814,H01_single_phase,UNRESOLVED: see evidence references; no authority inferred,pure_sac,"{""seed"": 260814, ""requested_timesteps"": 250000}",manifest.status=completed; recorded budget=250000,D:\py\DRL2\logs\phase2_mission_s1_cone20_autoent_seed260814\manifest.json | duplicate location: D:\py\DRL2_v3e\logs\phase2_mission_s1_cone20_autoent_seed260814\manifest.json,NOT_DOCUMENTED; do not infer from filename,manifest or existing logged run; not a new experiment
phase2_mission_s1_cone20_bodyobs_autoent_seed260814,2026-08-14T14:29:22.265156+00:00,D:\py\DRL2\logs\phase2_mission_s1_cone20_bodyobs_autoent_seed260814,H01_single_phase,UNRESOLVED: see evidence references; no authority inferred,pure_sac,"{""seed"": 260814, ""requested_timesteps"": 250000}",manifest.status=completed; recorded budget=250000,D:\py\DRL2\logs\phase2_mission_s1_cone20_bodyobs_autoent_seed260814\manifest.json | duplicate location: D:\py\DRL2_v3e\logs\phase2_mission_s1_cone20_bodyobs_autoent_seed260814\manifest.json,NOT_DOCUMENTED; do not infer from filename,manifest or existing logged run; not a new experiment
phase2_mission_s1_cone20_bodyobs_autoent_tau001_seed260814,2026-08-14T15:53:46.307178+00:00,D:\py\DRL2\logs\phase2_mission_s1_cone20_bodyobs_autoent_tau001_seed260814,H01_single_phase,UNRESOLVED: see evidence references; no authority inferred,pure_sac,"{""seed"": 260814, ""requested_timesteps"": 250000}",manifest.status=completed; recorded budget=250000,D:\py\DRL2\logs\phase2_mission_s1_cone20_bodyobs_autoent_tau001_seed260814\manifest.json | duplicate location: D:\py\DRL2_v3e\logs\phase2_mission_s1_cone20_bodyobs_autoent_tau001_seed260814\manifest.json,NOT_DOCUMENTED; do not infer from filename,manifest or existing logged run; not a new experiment
phase2_mission_s1_fullcanonical_autoent_seed260814,2026-08-14T08:06:41.791799+00:00,D:\py\DRL2\logs\phase2_mission_s1_fullcanonical_autoent_seed260814,H01_single_phase,UNRESOLVED: see evidence references; no authority inferred,pure_sac,"{""seed"": 260814, ""requested_timesteps"": 250000}",manifest.status=completed; recorded budget=250000,D:\py\DRL2\logs\phase2_mission_s1_fullcanonical_autoent_seed260814\manifest.json | duplicate location: D:\py\DRL2_v3e\logs\phase2_mission_s1_fullcanonical_autoent_seed260814\manifest.json,NOT_DOCUMENTED; do not infer from filename,manifest or existing logged run; not a new experiment
phase2_mission_s1_fullcanonical_localprogress_autoent_seed260814,2026-08-14T11:08:17.684098+00:00,D:\py\DRL2\logs\phase2_mission_s1_fullcanonical_localprogress_autoent_seed260814,H01_single_phase,UNRESOLVED: see evidence references; no authority inferred,pure_sac,"{""seed"": 260814, ""requested_timesteps"": 250000}",manifest.status=completed; recorded budget=250000,D:\py\DRL2\logs\phase2_mission_s1_fullcanonical_localprogress_autoent_seed260814\manifest.json | duplicate location: D:\py\DRL2_v3e\logs\phase2_mission_s1_fullcanonical_localprogress_autoent_seed260814\manifest.json,NOT_DOCUMENTED; do not infer from filename,manifest or existing logged run; not a new experiment
phase2_mission_s1_fullcanonical_seed260814,2026-08-14T06:29:02.505227+00:00,D:\py\DRL2\logs\phase2_mission_s1_fullcanonical_seed260814,H01_single_phase,UNRESOLVED: see evidence references; no authority inferred,pure_sac,"{""seed"": 260814, ""requested_timesteps"": 250000}",manifest.status=completed; recorded budget=250000,D:\py\DRL2\logs\phase2_mission_s1_fullcanonical_seed260814\manifest.json | duplicate location: D:\py\DRL2_v3e\logs\phase2_mission_s1_fullcanonical_seed260814\manifest.json,NOT_DOCUMENTED; do not infer from filename,manifest or existing logged run; not a new experiment
phase2_mission_s1_rewardfix_seed260813,2026-08-13T11:50:23.530885+00:00,D:\py\DRL2\logs\phase2_mission_s1_rewardfix_seed260813,H01_single_phase,UNRESOLVED: see evidence references; no authority inferred,pure_sac,"{""seed"": 260813, ""requested_timesteps"": 250000}",manifest.status=completed; recorded budget=250000,D:\py\DRL2\logs\phase2_mission_s1_rewardfix_seed260813\manifest.json | duplicate location: D:\py\DRL2_v3e\logs\phase2_mission_s1_rewardfix_seed260813\manifest.json,NOT_DOCUMENTED; do not infer from filename,manifest or existing logged run; not a new experiment
phase2_mission_s1_seed260813,2026-08-13T06:27:49.685785+00:00,D:\py\DRL2\logs\phase2_mission_s1_seed260813,H01_single_phase,UNRESOLVED: see evidence references; no authority inferred,pure_sac,"{""seed"": 260813, ""requested_timesteps"": 250000}",manifest.status=completed; recorded budget=250000,D:\py\DRL2\logs\phase2_mission_s1_seed260813\manifest.json | duplicate location: D:\py\DRL2_v3e\logs\phase2_mission_s1_seed260813\manifest.json,NOT_DOCUMENTED; do not infer from filename,manifest or existing logged run; not a new experiment
phase2_mission_s1_semanticfix_seed260813,2026-08-13T14:58:37.382400+00:00,D:\py\DRL2\logs\phase2_mission_s1_semanticfix_seed260813,H01_single_phase,UNRESOLVED: see evidence references; no authority inferred,pure_sac,"{""seed"": 260813, ""requested_timesteps"": 250000}",manifest.status=completed; recorded budget=250000,D:\py\DRL2\logs\phase2_mission_s1_semanticfix_seed260813\manifest.json | duplicate location: D:\py\DRL2_v3e\logs\phase2_mission_s1_semanticfix_seed260813\manifest.json,NOT_DOCUMENTED; do not infer from filename,manifest or existing logged run; not a new experiment
phase2_mission_s1_semanticfix_validation,,D:\py\DRL2\logs\phase2_mission_s1_semanticfix_validation,H01_single_phase,UNRESOLVED: see evidence references; no authority inferred,UNKNOWN,{},manifest.status=NO_MANIFEST; recorded budget=UNKNOWN,D:\py\DRL2\logs\phase2_mission_s1_semanticfix_validation (existing run files) 引用: C:\Users\35884\Documents\Spacecraft\v3-interface-worktree\docs\HISTORY.md | C:\Users\35884\Documents\Spacecraft\v3-t0b-worktree\docs\HISTORY.md | C:\Users\35884\Documents\Spacecraft\过程文件\价值规则检验\Git审查工作树\docs\HISTORY.md | C:\Users\35884\Documents\Spacecraft\过程文件\协作\Git工作树\docs\HISTORY.md | C:\Users\35884\Documents\Spacecraft\过程文件\远端交付\审查工作树\docs\HISTORY.md | C:\Users\35884\Documents\Spacecraft\过程文件\阶段B2\扫描工作树_a714c61\docs\HISTORY.md | C:\Users\35884\Documents\Spacecraft\v3-interface-worktree\docs\HISTORY.md | C:\Users\35884\Documents\Spacecraft\v3-t0b-worktree\docs\HISTORY.md | C:\Users\35884\Documents\Spacecraft\过程文件\价值规则检验\Git审查工作树\docs\HISTORY.md | C:\Users\35884\Documents\Spacecraft\过程文件\协作\Git工作树\docs\HISTORY.md | C:\Users\35884\Documents\Spacecraft\过程文件\远端交付\审查工作树\docs\HISTORY.md | C:\Users\35884\Documents\Spacecraft\过程文件\阶段B2\扫描工作树_a714c61\docs\HISTORY.md | duplicate location: D:\py\DRL2_v3e\logs\phase2_mission_s1_semanticfix_validation (existing run files) 引用: C:\Users\35884\Documents\Spacecraft\v3-interface-worktree\docs\HISTORY.md | C:\Users\35884\Documents\Spacecraft\v3-t0b-worktree\docs\HISTORY.md | C:\Users\35884\Documents\Spacecraft\过程文件\价值规则检验\Git审查工作树\docs\HISTORY.md | C:\Users\35884\Documents\Spacecraft\过程文件\协作\Git工作树\docs\HISTORY.md | C:\Users\35884\Documents\Spacecraft\过程文件\远端交付\审查工作树\docs\HISTORY.md | C:\Users\35884\Documents\Spacecraft\过程文件\阶段B2\扫描工作树_a714c61\docs\HISTORY.md | C:\Users\35884\Documents\Spacecraft\v3-interface-worktree\docs\HISTORY.md | C:\Users\35884\Documents\Spacecraft\v3-t0b-worktree\docs\HISTORY.md | C:\Users\35884\Documents\Spacecraft\过程文件\价值规则检验\Git审查工作树\docs\HISTORY.md | C:\Users\35884\Documents\Spacecraft\过程文件\协作\Git工作树\docs\HISTORY.md | C:\Users\35884\Documents\Spacecraft\过程文件\远端交付\审查工作树\docs\HISTORY.md | C:\Users\35884\Documents\Spacecraft\过程文件\阶段B2\扫描工作树_a714c61\docs\HISTORY.md,NOT_DOCUMENTED; do not infer from filename,manifest or existing logged run; not a new experiment
phase2_mission_s1_stable_seed260813,2026-08-13T09:49:44.341392+00:00,D:\py\DRL2\logs\phase2_mission_s1_stable_seed260813,H01_single_phase,UNRESOLVED: see evidence references; no authority inferred,pure_sac,"{""seed"": 260813, ""requested_timesteps"": 250000}",manifest.status=completed; recorded budget=250000,D:\py\DRL2\logs\phase2_mission_s1_stable_seed260813\manifest.json | duplicate location: D:\py\DRL2_v3e\logs\phase2_mission_s1_stable_seed260813\manifest.json,NOT_DOCUMENTED; do not infer from filename,manifest or existing logged run; not a new experiment
phase2_sac_v2_1b_boundedobs_stagea_150k_seed260812,2026-08-12T07:00:05.155909+00:00,D:\py\DRL2\logs\phase2_sac_v2_1b_boundedobs_stagea_150k_seed260812,H01_single_phase,UNRESOLVED: see evidence references; no authority inferred,phase2_stage_a_v2_1,"{""seed"": 260812, ""requested_timesteps"": 150000}",manifest.status=phase2_stopped_early; recorded budget=150000,D:\py\DRL2\logs\phase2_sac_v2_1b_boundedobs_stagea_150k_seed260812\manifest.json | duplicate location: D:\py\DRL2_v3e\logs\phase2_sac_v2_1b_boundedobs_stagea_150k_seed260812\manifest.json,NOT_DOCUMENTED; do not infer from filename,manifest or existing logged run; not a new experiment
phase2_sac_v2_1_stagea_200k_seed260812,2026-08-12T05:58:58.319073+00:00,D:\py\DRL2\logs\phase2_sac_v2_1_stagea_200k_seed260812,H01_single_phase,UNRESOLVED: see evidence references; no authority inferred,phase2_stage_a_v2_1,"{""seed"": 260812, ""requested_timesteps"": 200000}",manifest.status=phase2_stopped_early; recorded budget=150000,D:\py\DRL2\logs\phase2_sac_v2_1_stagea_200k_seed260812\manifest.json | duplicate location: D:\py\DRL2_v3e\logs\phase2_sac_v2_1_stagea_200k_seed260812\manifest.json,NOT_DOCUMENTED; do not infer from filename,manifest or existing logged run; not a new experiment
phase2_sac_v2_2_mpc_actor_init_stagea_100k_seed260812,2026-08-12T09:39:52.348456+00:00,D:\py\DRL2\logs\phase2_sac_v2_2_mpc_actor_init_stagea_100k_seed260812,H01_single_phase,UNRESOLVED: see evidence references; no authority inferred,phase2_stage_a_v2_1,"{""seed"": 260812, ""requested_timesteps"": 100000}",manifest.status=completed; recorded budget=100000,D:\py\DRL2\logs\phase2_sac_v2_2_mpc_actor_init_stagea_100k_seed260812\manifest.json | duplicate location: D:\py\DRL2_v3e\logs\phase2_sac_v2_2_mpc_actor_init_stagea_100k_seed260812\manifest.json,NOT_DOCUMENTED; do not infer from filename,manifest or existing logged run; not a new experiment
phase2_sac_v2_300k_seed260812,2026-08-12T00:55:29.407190+00:00,D:\py\DRL2\logs\phase2_sac_v2_300k_seed260812,H01_single_phase,UNRESOLVED: see evidence references; no authority inferred,phase2_nominal,"{""seed"": 260812, ""requested_timesteps"": 300000}",manifest.status=phase2_stopped_early; recorded budget=100000,D:\py\DRL2\logs\phase2_sac_v2_300k_seed260812\manifest.json | duplicate location: D:\py\DRL2_v3e\logs\phase2_sac_v2_300k_seed260812\manifest.json,NOT_DOCUMENTED; do not infer from filename,manifest or existing logged run; not a new experiment
phase2_sac_v2_densecost_seed260812,2026-08-12T03:46:31.113280+00:00,D:\py\DRL2\logs\phase2_sac_v2_densecost_seed260812,H01_single_phase,UNRESOLVED: see evidence references; no authority inferred,phase2_nominal,"{""seed"": 260812, ""requested_timesteps"": 300000}",manifest.status=phase2_stopped_early; recorded budget=75000,D:\py\DRL2\logs\phase2_sac_v2_densecost_seed260812\manifest.json | duplicate location: D:\py\DRL2_v3e\logs\phase2_sac_v2_densecost_seed260812\manifest.json,NOT_DOCUMENTED; do not infer from filename,manifest or existing logged run; not a new experiment
phase2_sac_v2_dt_reward_seed260812,2026-08-12T02:50:33.883271+00:00,D:\py\DRL2\logs\phase2_sac_v2_dt_reward_seed260812,H01_single_phase,UNRESOLVED: see evidence references; no authority inferred,phase2_nominal,"{""seed"": 260812, ""requested_timesteps"": 300000}",manifest.status=phase2_stopped_early; recorded budget=75000,D:\py\DRL2\logs\phase2_sac_v2_dt_reward_seed260812\manifest.json | duplicate location: D:\py\DRL2_v3e\logs\phase2_sac_v2_dt_reward_seed260812\manifest.json,NOT_DOCUMENTED; do not infer from filename,manifest or existing logged run; not a new experiment
phase2_sac_v2_gamma999_seed260812,2026-08-12T03:17:32.602133+00:00,D:\py\DRL2\logs\phase2_sac_v2_gamma999_seed260812,H01_single_phase,UNRESOLVED: see evidence references; no authority inferred,phase2_nominal,"{""seed"": 260812, ""requested_timesteps"": 300000}",manifest.status=phase2_stopped_early; recorded budget=75000,D:\py\DRL2\logs\phase2_sac_v2_gamma999_seed260812\manifest.json | duplicate location: D:\py\DRL2_v3e\logs\phase2_sac_v2_gamma999_seed260812\manifest.json,NOT_DOCUMENTED; do not infer from filename,manifest or existing logged run; not a new experiment
phase2_sac_v2_smoke_30k_seed260812,2026-08-11T16:58:15.268976+00:00,D:\py\DRL2\logs\phase2_sac_v2_smoke_30k_seed260812,H01_single_phase,UNRESOLVED: see evidence references; no authority inferred,phase2_nominal,"{""seed"": 260812, ""requested_timesteps"": 30000}",manifest.status=completed; recorded budget=30000,D:\py\DRL2\logs\phase2_sac_v2_smoke_30k_seed260812\manifest.json | duplicate location: D:\py\DRL2_v3e\logs\phase2_sac_v2_smoke_30k_seed260812\manifest.json,NOT_DOCUMENTED; do not infer from filename,manifest or existing logged run; not a new experiment
phase2_sac_v2_teachingA_seed260812,2026-08-12T02:25:02.797441+00:00,D:\py\DRL2\logs\phase2_sac_v2_teachingA_seed260812,H01_single_phase,UNRESOLVED: see evidence references; no authority inferred,phase2_nominal,"{""seed"": 260812, ""requested_timesteps"": 300000}",manifest.status=phase2_stopped_early; recorded budget=75000,D:\py\DRL2\logs\phase2_sac_v2_teachingA_seed260812\manifest.json | duplicate location: D:\py\DRL2_v3e\logs\phase2_sac_v2_teachingA_seed260812\manifest.json,NOT_DOCUMENTED; do not infer from filename,manifest or existing logged run; not a new experiment
phase2_sac_v2_terminalcost_seed260812,2026-08-12T02:00:17.927233+00:00,D:\py\DRL2\logs\phase2_sac_v2_terminalcost_seed260812,H01_single_phase,UNRESOLVED: see evidence references; no authority inferred,phase2_nominal,"{""seed"": 260812, ""requested_timesteps"": 300000}",manifest.status=phase2_stopped_early; recorded budget=75000,D:\py\DRL2\logs\phase2_sac_v2_terminalcost_seed260812\manifest.json | duplicate location: D:\py\DRL2_v3e\logs\phase2_sac_v2_terminalcost_seed260812\manifest.json,NOT_DOCUMENTED; do not infer from filename,manifest or existing logged run; not a new experiment
phase2_sac_v2_warmup75k_seed260812,2026-08-12T01:35:12.497900+00:00,D:\py\DRL2\logs\phase2_sac_v2_warmup75k_seed260812,H01_single_phase,UNRESOLVED: see evidence references; no authority inferred,phase2_nominal,"{""seed"": 260812, ""requested_timesteps"": 300000}",manifest.status=phase2_stopped_early; recorded budget=75000,D:\py\DRL2\logs\phase2_sac_v2_warmup75k_seed260812\manifest.json | duplicate location: D:\py\DRL2_v3e\logs\phase2_sac_v2_warmup75k_seed260812\manifest.json,NOT_DOCUMENTED; do not infer from filename,manifest or existing logged run; not a new experiment
phase2_v2_1_mpc_observation_diagnostic,,D:\py\DRL2\logs\phase2_v2_1_mpc_observation_diagnostic,H01_single_phase,UNRESOLVED: see evidence references; no authority inferred,UNKNOWN,{},manifest.status=NO_MANIFEST; recorded budget=UNKNOWN,D:\py\DRL2\logs\phase2_v2_1_mpc_observation_diagnostic (existing run files) 引用: C:\Users\35884\Documents\Spacecraft\v3-interface-worktree\docs\HISTORY.md | C:\Users\35884\Documents\Spacecraft\v3-t0b-worktree\docs\HISTORY.md | C:\Users\35884\Documents\Spacecraft\过程文件\价值规则检验\Git审查工作树\docs\HISTORY.md | C:\Users\35884\Documents\Spacecraft\过程文件\协作\Git工作树\docs\HISTORY.md | C:\Users\35884\Documents\Spacecraft\过程文件\远端交付\审查工作树\docs\HISTORY.md | C:\Users\35884\Documents\Spacecraft\过程文件\阶段B2\扫描工作树_a714c61\docs\HISTORY.md | C:\Users\35884\Documents\Spacecraft\v3-interface-worktree\docs\HISTORY.md | C:\Users\35884\Documents\Spacecraft\v3-t0b-worktree\docs\HISTORY.md | C:\Users\35884\Documents\Spacecraft\过程文件\价值规则检验\Git审查工作树\docs\HISTORY.md | C:\Users\35884\Documents\Spacecraft\过程文件\协作\Git工作树\docs\HISTORY.md | C:\Users\35884\Documents\Spacecraft\过程文件\远端交付\审查工作树\docs\HISTORY.md | C:\Users\35884\Documents\Spacecraft\过程文件\阶段B2\扫描工作树_a714c61\docs\HISTORY.md | duplicate location: D:\py\DRL2_v3e\logs\phase2_v2_1_mpc_observation_diagnostic (existing run files) 引用: C:\Users\35884\Documents\Spacecraft\v3-interface-worktree\docs\HISTORY.md | C:\Users\35884\Documents\Spacecraft\v3-t0b-worktree\docs\HISTORY.md | C:\Users\35884\Documents\Spacecraft\过程文件\价值规则检验\Git审查工作树\docs\HISTORY.md | C:\Users\35884\Documents\Spacecraft\过程文件\协作\Git工作树\docs\HISTORY.md | C:\Users\35884\Documents\Spacecraft\过程文件\远端交付\审查工作树\docs\HISTORY.md | C:\Users\35884\Documents\Spacecraft\过程文件\阶段B2\扫描工作树_a714c61\docs\HISTORY.md | C:\Users\35884\Documents\Spacecraft\v3-interface-worktree\docs\HISTORY.md | C:\Users\35884\Documents\Spacecraft\v3-t0b-worktree\docs\HISTORY.md | C:\Users\35884\Documents\Spacecraft\过程文件\价值规则检验\Git审查工作树\docs\HISTORY.md | C:\Users\35884\Documents\Spacecraft\过程文件\协作\Git工作树\docs\HISTORY.md | C:\Users\35884\Documents\Spacecraft\过程文件\远端交付\审查工作树\docs\HISTORY.md | C:\Users\35884\Documents\Spacecraft\过程文件\阶段B2\扫描工作树_a714c61\docs\HISTORY.md,NOT_DOCUMENTED; do not infer from filename,manifest or existing logged run; not a new experiment
precapture_planning_baseline,,D:\py\DRL2\logs\precapture_planning_baseline,ORPHAN,UNRESOLVED: see evidence references; no authority inferred,UNKNOWN,{},manifest.status=NO_MANIFEST; recorded budget=UNKNOWN,D:\py\DRL2\logs\precapture_planning_baseline (existing run files) 引用:  | duplicate location: D:\py\DRL2_v3e\logs\precapture_planning_baseline (existing run files) 引用: ,NOT_DOCUMENTED; do not infer from filename,manifest or existing logged run; not a new experiment
precapture_planning_oracle,,D:\py\DRL2\logs\precapture_planning_oracle,ORPHAN,UNRESOLVED: see evidence references; no authority inferred,UNKNOWN,{},manifest.status=NO_MANIFEST; recorded budget=UNKNOWN,D:\py\DRL2\logs\precapture_planning_oracle (existing run files) 引用:  | duplicate location: D:\py\DRL2_v3e\logs\precapture_planning_oracle (existing run files) 引用: ,NOT_DOCUMENTED; do not infer from filename,manifest or existing logged run; not a new experiment
precapture_planning_v2,,D:\py\DRL2\logs\precapture_planning_v2,ORPHAN,UNRESOLVED: see evidence references; no authority inferred,UNKNOWN,{},manifest.status=NO_MANIFEST; recorded budget=UNKNOWN,D:\py\DRL2\logs\precapture_planning_v2 (existing run files) 引用:  | duplicate location: D:\py\DRL2_v3e\logs\precapture_planning_v2 (existing run files) 引用: ,NOT_DOCUMENTED; do not infer from filename,manifest or existing logged run; not a new experiment
precap_noncoop,,D:\py\DRL2\logs\precap_noncoop,H05_probe2_noncoop,UNRESOLVED: see evidence references; no authority inferred,UNKNOWN,{},manifest.status=NO_MANIFEST; recorded budget=UNKNOWN,D:\py\DRL2\logs\precap_noncoop (existing run files) 引用:  | duplicate location: D:\py\DRL2_v3e\logs\precap_noncoop (existing run files) 引用: ,NOT_DOCUMENTED; do not infer from filename,manifest or existing logged run; not a new experiment
sac_mpc_v2_arrival_262200,2026-09-11T02:09:18.718586+00:00,D:\py\DRL2\logs\sac_mpc_v2_arrival_262200,H03_T6_T7_interface,UNRESOLVED: see evidence references; no authority inferred,UNKNOWN,"{""seed"": 262200}",manifest.status=running; recorded budget=UNKNOWN,D:\py\DRL2\logs\sac_mpc_v2_arrival_262200\manifest.json | duplicate location: D:\py\DRL2_v3e\logs\sac_mpc_v2_arrival_262200\manifest.json,NOT_DOCUMENTED; do not infer from filename,manifest or existing logged run; not a new experiment
sac_mpc_v2_arrival_262201,2026-09-11T02:09:18.718586+00:00,D:\py\DRL2\logs\sac_mpc_v2_arrival_262201,H03_T6_T7_interface,UNRESOLVED: see evidence references; no authority inferred,UNKNOWN,"{""seed"": 262201}",manifest.status=running; recorded budget=UNKNOWN,D:\py\DRL2\logs\sac_mpc_v2_arrival_262201\manifest.json | duplicate location: D:\py\DRL2_v3e\logs\sac_mpc_v2_arrival_262201\manifest.json,NOT_DOCUMENTED; do not infer from filename,manifest or existing logged run; not a new experiment
sac_mpc_v2_arrival_262202,2026-09-11T02:09:18.718586+00:00,D:\py\DRL2\logs\sac_mpc_v2_arrival_262202,H03_T6_T7_interface,UNRESOLVED: see evidence references; no authority inferred,UNKNOWN,"{""seed"": 262202}",manifest.status=running; recorded budget=UNKNOWN,D:\py\DRL2\logs\sac_mpc_v2_arrival_262202\manifest.json | duplicate location: D:\py\DRL2\logs\t7_retry1_20260911\sac_mpc_v2_arrival_262202\manifest.json | duplicate location: D:\py\DRL2_v3e\logs\sac_mpc_v2_arrival_262202\manifest.json | duplicate location: D:\py\DRL2_v3e\logs\t7_retry1_20260911\sac_mpc_v2_arrival_262202\manifest.json,NOT_DOCUMENTED; do not infer from filename,manifest or existing logged run; not a new experiment
sac_mpc_v3_bidirectional_262300,2026-09-11T02:09:18.718586+00:00,D:\py\DRL2\logs\sac_mpc_v3_bidirectional_262300,H03_T6_T7_interface,UNRESOLVED: see evidence references; no authority inferred,UNKNOWN,"{""seed"": 262300}",manifest.status=running; recorded budget=UNKNOWN,D:\py\DRL2\logs\sac_mpc_v3_bidirectional_262300\manifest.json | duplicate location: D:\py\DRL2_v3e\logs\sac_mpc_v3_bidirectional_262300\manifest.json,NOT_DOCUMENTED; do not infer from filename,manifest or existing logged run; not a new experiment
sac_mpc_v3_bidirectional_262301,2026-09-11T02:09:18.718586+00:00,D:\py\DRL2\logs\sac_mpc_v3_bidirectional_262301,H03_T6_T7_interface,UNRESOLVED: see evidence references; no authority inferred,UNKNOWN,"{""seed"": 262301}",manifest.status=running; recorded budget=UNKNOWN,D:\py\DRL2\logs\sac_mpc_v3_bidirectional_262301\manifest.json | duplicate location: D:\py\DRL2_v3e\logs\sac_mpc_v3_bidirectional_262301\manifest.json,NOT_DOCUMENTED; do not infer from filename,manifest or existing logged run; not a new experiment
sac_mpc_v3_bidirectional_262302,2026-09-11T02:09:18.718586+00:00,D:\py\DRL2\logs\sac_mpc_v3_bidirectional_262302,H03_T6_T7_interface,UNRESOLVED: see evidence references; no authority inferred,UNKNOWN,"{""seed"": 262302}",manifest.status=running; recorded budget=UNKNOWN,D:\py\DRL2\logs\sac_mpc_v3_bidirectional_262302\manifest.json | duplicate location: D:\py\DRL2\logs\t7_retry1_20260911\sac_mpc_v3_bidirectional_262302\manifest.json | duplicate location: D:\py\DRL2_v3e\logs\sac_mpc_v3_bidirectional_262302\manifest.json | duplicate location: D:\py\DRL2_v3e\logs\t7_retry1_20260911\sac_mpc_v3_bidirectional_262302\manifest.json,NOT_DOCUMENTED; do not infer from filename,manifest or existing logged run; not a new experiment
stop_262430,2026-10-03T16:15:46.988653+00:00,D:\py\DRL2\logs\stop_262430,E06_stopping_formal,UNRESOLVED: see evidence references; no authority inferred,learned_stopping_option,"{""seed"": 262430, ""stopping"": {""gamma"": 0.999, ""initial_handoff_logit"": -5.0, ""behaviour_handoff_min"": 0.002, ""behaviour_handoff_max"": 0.01, ""stop_ent_coef"": 0.005, ""deployment_threshold"": 0.5}, ""requested_outer_decisions"": 60000, ""mainline"": {""horizon_steps"": 35, ""waypoint_parametrization"": ""task_state_v3"", ""execution_feedback"": true, ""monotone_commit"": true, ""baseline_anchored_residual"": false, ""opportunity_task"": false, ""adaptive_task"": true}}",manifest.status=completed; recorded budget=60000,D:\py\DRL2\logs\stop_262430\manifest.json | duplicate location: D:\py\DRL2_v3e\logs\stop_262430\manifest.json,NOT_DOCUMENTED; do not infer from filename,manifest or existing logged run; not a new experiment
stop_262431,2026-10-03T16:15:46.988653+00:00,D:\py\DRL2\logs\stop_262431,E06_stopping_formal,UNRESOLVED: see evidence references; no authority inferred,learned_stopping_option,"{""seed"": 262431, ""stopping"": {""gamma"": 0.999, ""initial_handoff_logit"": -5.0, ""behaviour_handoff_min"": 0.002, ""behaviour_handoff_max"": 0.01, ""stop_ent_coef"": 0.005, ""deployment_threshold"": 0.5}, ""requested_outer_decisions"": 60000, ""mainline"": {""horizon_steps"": 35, ""waypoint_parametrization"": ""task_state_v3"", ""execution_feedback"": true, ""monotone_commit"": true, ""baseline_anchored_residual"": false, ""opportunity_task"": false, ""adaptive_task"": true}}",manifest.status=completed; recorded budget=60000,D:\py\DRL2\logs\stop_262431\manifest.json | duplicate location: D:\py\DRL2_v3e\logs\stop_262431\manifest.json,NOT_DOCUMENTED; do not infer from filename,manifest or existing logged run; not a new experiment
stop_262432,2026-10-03T16:15:46.978295+00:00,D:\py\DRL2\logs\stop_262432,E06_stopping_formal,UNRESOLVED: see evidence references; no authority inferred,learned_stopping_option,"{""seed"": 262432, ""stopping"": {""gamma"": 0.999, ""initial_handoff_logit"": -5.0, ""behaviour_handoff_min"": 0.002, ""behaviour_handoff_max"": 0.01, ""stop_ent_coef"": 0.005, ""deployment_threshold"": 0.5}, ""requested_outer_decisions"": 60000, ""mainline"": {""horizon_steps"": 35, ""waypoint_parametrization"": ""task_state_v3"", ""execution_feedback"": true, ""monotone_commit"": true, ""baseline_anchored_residual"": false, ""opportunity_task"": false, ""adaptive_task"": true}}",manifest.status=completed; recorded budget=60000,D:\py\DRL2\logs\stop_262432\manifest.json | duplicate location: D:\py\DRL2_v3e\logs\stop_262432\manifest.json,NOT_DOCUMENTED; do not infer from filename,manifest or existing logged run; not a new experiment
stop_dev_262440,2026-10-02T12:11:33.415396+00:00,D:\py\DRL2\logs\stop_dev_262440,E05_stopping_dev_262440,UNRESOLVED: see evidence references; no authority inferred,learned_stopping_option,"{""seed"": 262440, ""stopping"": {""gamma"": 0.999, ""initial_handoff_logit"": -5.0, ""behaviour_handoff_min"": 0.002, ""behaviour_handoff_max"": 0.01, ""stop_ent_coef"": 0.005, ""deployment_threshold"": 0.5}, ""requested_outer_decisions"": 30000, ""mainline"": {""horizon_steps"": 35, ""waypoint_parametrization"": ""task_state_v3"", ""execution_feedback"": true, ""monotone_commit"": true, ""baseline_anchored_residual"": false, ""opportunity_task"": false, ""adaptive_task"": true}}",manifest.status=completed; recorded budget=30000,D:\py\DRL2\logs\stop_dev_262440\manifest.json | duplicate location: D:\py\DRL2_v3e\logs\stop_dev_262440\manifest.json,NOT_DOCUMENTED; do not infer from filename,manifest or existing logged run; not a new experiment
t0_amendment_20260910,,D:\py\DRL2\logs\t0_amendment_20260910,ORPHAN,UNRESOLVED: see evidence references; no authority inferred,UNKNOWN,{},manifest.status=completed; recorded budget=UNKNOWN,D:\py\DRL2\logs\t0_amendment_20260910\manifest.json | duplicate location: D:\py\DRL2_v3e\logs\t0_amendment_20260910\manifest.json,NOT_DOCUMENTED; do not infer from filename,manifest or existing logged run; not a new experiment
t10,,D:\py\DRL2\logs\t10,ORPHAN,UNRESOLVED: see evidence references; no authority inferred,UNKNOWN,{},manifest.status=NO_MANIFEST; recorded budget=UNKNOWN,D:\py\DRL2\logs\t10 (existing run files) 引用:  | duplicate location: D:\py\DRL2_v3e\logs\t10 (existing run files) 引用: ,NOT_DOCUMENTED; do not infer from filename,manifest or existing logged run; not a new experiment
t10_gate_a,,D:\py\DRL2\logs\t10_gate_a,ORPHAN,UNRESOLVED: see evidence references; no authority inferred,UNKNOWN,{},manifest.status=NO_MANIFEST; recorded budget=UNKNOWN,D:\py\DRL2\logs\t10_gate_a (existing run files) 引用:  | duplicate location: D:\py\DRL2_v3e\logs\t10_gate_a (existing run files) 引用: ,NOT_DOCUMENTED; do not infer from filename,manifest or existing logged run; not a new experiment
t10_headroom,,D:\py\DRL2\logs\t10_headroom,ORPHAN,UNRESOLVED: see evidence references; no authority inferred,UNKNOWN,{},manifest.status=NO_MANIFEST; recorded budget=UNKNOWN,D:\py\DRL2\logs\t10_headroom (existing run files) 引用:  | duplicate location: D:\py\DRL2_v3e\logs\t10_headroom (existing run files) 引用: ,NOT_DOCUMENTED; do not infer from filename,manifest or existing logged run; not a new experiment
t11,,D:\py\DRL2\logs\t11,ORPHAN,UNRESOLVED: see evidence references; no authority inferred,UNKNOWN,{},manifest.status=NO_MANIFEST; recorded budget=UNKNOWN,D:\py\DRL2\logs\t11 (existing run files) 引用:  | duplicate location: D:\py\DRL2_v3e\logs\t11 (existing run files) 引用: ,NOT_DOCUMENTED; do not infer from filename,manifest or existing logged run; not a new experiment
t11_gate_b,,D:\py\DRL2\logs\t11_gate_b,ORPHAN,UNRESOLVED: see evidence references; no authority inferred,UNKNOWN,{},manifest.status=NO_MANIFEST; recorded budget=UNKNOWN,D:\py\DRL2\logs\t11_gate_b (existing run files) 引用:  | duplicate location: D:\py\DRL2_v3e\logs\t11_gate_b (existing run files) 引用: ,NOT_DOCUMENTED; do not infer from filename,manifest or existing logged run; not a new experiment
t11_interface,,D:\py\DRL2\logs\t11_interface,ORPHAN,UNRESOLVED: see evidence references; no authority inferred,UNKNOWN,{},manifest.status=NO_MANIFEST; recorded budget=UNKNOWN,D:\py\DRL2\logs\t11_interface (existing run files) 引用:  | duplicate location: D:\py\DRL2_v3e\logs\t11_interface (existing run files) 引用: ,NOT_DOCUMENTED; do not infer from filename,manifest or existing logged run; not a new experiment
t12_eval,,D:\py\DRL2\logs\t12_eval,H04_T12,UNRESOLVED: see evidence references; no authority inferred,UNKNOWN,{},manifest.status=NO_MANIFEST; recorded budget=UNKNOWN,D:\py\DRL2\logs\t12_eval (existing run files) 引用: C:\Users\35884\Documents\Spacecraft\v3-interface-worktree\docs\EVIDENCE_INDEX.md | C:\Users\35884\Documents\Spacecraft\v3-interface-worktree\docs\T12_EXECUTION_ORDER.md | C:\Users\35884\Documents\Spacecraft\v3-interface-worktree\docs\T12_S10_EVAL_EXECUTION_ORDER.md | C:\Users\35884\Documents\Spacecraft\v3-interface-worktree\docs\T12_S10_FORMAL_EVALUATION_REPORT_20260915.md | C:\Users\35884\Documents\Spacecraft\v3-interface-worktree\docs\T12_S10_REVIEW_DOSSIER_20260915.md | C:\Users\35884\Documents\Spacecraft\v3-t0b-worktree\docs\EVIDENCE_INDEX.md | C:\Users\35884\Documents\Spacecraft\v3-t0b-worktree\docs\T12_EXECUTION_ORDER.md | C:\Users\35884\Documents\Spacecraft\v3-t0b-worktree\docs\T12_S10_EVAL_EXECUTION_ORDER.md | C:\Users\35884\Documents\Spacecraft\v3-t0b-worktree\docs\T12_S10_FORMAL_EVALUATION_REPORT_20260915.md | C:\Users\35884\Documents\Spacecraft\v3-t0b-worktree\docs\T12_S10_REVIEW_DOSSIER_20260915.md | C:\Users\35884\Documents\Spacecraft\过程文件\价值规则检验\Git审查工作树\docs\EVIDENCE_INDEX.md | C:\Users\35884\Documents\Spacecraft\过程文件\价值规则检验\Git审查工作树\docs\T12_EXECUTION_ORDER.md | duplicate location: D:\py\DRL2_v3e\logs\t12_eval (existing run files) 引用: C:\Users\35884\Documents\Spacecraft\v3-interface-worktree\docs\EVIDENCE_INDEX.md | C:\Users\35884\Documents\Spacecraft\v3-interface-worktree\docs\T12_EXECUTION_ORDER.md | C:\Users\35884\Documents\Spacecraft\v3-interface-worktree\docs\T12_S10_EVAL_EXECUTION_ORDER.md | C:\Users\35884\Documents\Spacecraft\v3-interface-worktree\docs\T12_S10_FORMAL_EVALUATION_REPORT_20260915.md | C:\Users\35884\Documents\Spacecraft\v3-interface-worktree\docs\T12_S10_REVIEW_DOSSIER_20260915.md | C:\Users\35884\Documents\Spacecraft\v3-t0b-worktree\docs\EVIDENCE_INDEX.md | C:\Users\35884\Documents\Spacecraft\v3-t0b-worktree\docs\T12_EXECUTION_ORDER.md | C:\Users\35884\Documents\Spacecraft\v3-t0b-worktree\docs\T12_S10_EVAL_EXECUTION_ORDER.md | C:\Users\35884\Documents\Spacecraft\v3-t0b-worktree\docs\T12_S10_FORMAL_EVALUATION_REPORT_20260915.md | C:\Users\35884\Documents\Spacecraft\v3-t0b-worktree\docs\T12_S10_REVIEW_DOSSIER_20260915.md | C:\Users\35884\Documents\Spacecraft\过程文件\价值规则检验\Git审查工作树\docs\EVIDENCE_INDEX.md | C:\Users\35884\Documents\Spacecraft\过程文件\价值规则检验\Git审查工作树\docs\T12_EXECUTION_ORDER.md,NOT_DOCUMENTED; do not infer from filename,manifest or existing logged run; not a new experiment
t12_eval_v2,,D:\py\DRL2\logs\t12_eval_v2,H04_T12,UNRESOLVED: see evidence references; no authority inferred,UNKNOWN,{},manifest.status=NO_MANIFEST; recorded budget=UNKNOWN,D:\py\DRL2\logs\t12_eval_v2 (existing run files) 引用: C:\Users\35884\Documents\Spacecraft\v3-interface-worktree\docs\EVIDENCE_INDEX.md | C:\Users\35884\Documents\Spacecraft\v3-interface-worktree\docs\T12_S10_FORMAL_EVALUATION_REPORT_20260915.md | C:\Users\35884\Documents\Spacecraft\v3-interface-worktree\docs\T12_S10_REVIEW_DOSSIER_20260915.md | C:\Users\35884\Documents\Spacecraft\v3-t0b-worktree\docs\EVIDENCE_INDEX.md | C:\Users\35884\Documents\Spacecraft\v3-t0b-worktree\docs\T12_S10_FORMAL_EVALUATION_REPORT_20260915.md | C:\Users\35884\Documents\Spacecraft\v3-t0b-worktree\docs\T12_S10_REVIEW_DOSSIER_20260915.md | C:\Users\35884\Documents\Spacecraft\过程文件\价值规则检验\Git审查工作树\docs\EVIDENCE_INDEX.md | C:\Users\35884\Documents\Spacecraft\过程文件\价值规则检验\Git审查工作树\docs\T12_S10_FORMAL_EVALUATION_REPORT_20260915.md | C:\Users\35884\Documents\Spacecraft\过程文件\价值规则检验\Git审查工作树\docs\T12_S10_REVIEW_DOSSIER_20260915.md | C:\Users\35884\Documents\Spacecraft\过程文件\协作\Git工作树\docs\EVIDENCE_INDEX.md | C:\Users\35884\Documents\Spacecraft\过程文件\协作\Git工作树\docs\T12_S10_FORMAL_EVALUATION_REPORT_20260915.md | C:\Users\35884\Documents\Spacecraft\过程文件\协作\Git工作树\docs\T12_S10_REVIEW_DOSSIER_20260915.md | duplicate location: D:\py\DRL2_v3e\logs\t12_eval_v2 (existing run files) 引用: C:\Users\35884\Documents\Spacecraft\v3-interface-worktree\docs\EVIDENCE_INDEX.md | C:\Users\35884\Documents\Spacecraft\v3-interface-worktree\docs\T12_S10_FORMAL_EVALUATION_REPORT_20260915.md | C:\Users\35884\Documents\Spacecraft\v3-interface-worktree\docs\T12_S10_REVIEW_DOSSIER_20260915.md | C:\Users\35884\Documents\Spacecraft\v3-t0b-worktree\docs\EVIDENCE_INDEX.md | C:\Users\35884\Documents\Spacecraft\v3-t0b-worktree\docs\T12_S10_FORMAL_EVALUATION_REPORT_20260915.md | C:\Users\35884\Documents\Spacecraft\v3-t0b-worktree\docs\T12_S10_REVIEW_DOSSIER_20260915.md | C:\Users\35884\Documents\Spacecraft\过程文件\价值规则检验\Git审查工作树\docs\EVIDENCE_INDEX.md | C:\Users\35884\Documents\Spacecraft\过程文件\价值规则检验\Git审查工作树\docs\T12_S10_FORMAL_EVALUATION_REPORT_20260915.md | C:\Users\35884\Documents\Spacecraft\过程文件\价值规则检验\Git审查工作树\docs\T12_S10_REVIEW_DOSSIER_20260915.md | C:\Users\35884\Documents\Spacecraft\过程文件\协作\Git工作树\docs\EVIDENCE_INDEX.md | C:\Users\35884\Documents\Spacecraft\过程文件\协作\Git工作树\docs\T12_S10_FORMAL_EVALUATION_REPORT_20260915.md | C:\Users\35884\Documents\Spacecraft\过程文件\协作\Git工作树\docs\T12_S10_REVIEW_DOSSIER_20260915.md,NOT_DOCUMENTED; do not infer from filename,manifest or existing logged run; not a new experiment
t12_train,,D:\py\DRL2\logs\t12_train,H04_T12,UNRESOLVED: see evidence references; no authority inferred,UNKNOWN,{},manifest.status=NO_MANIFEST; recorded budget=UNKNOWN,D:\py\DRL2\logs\t12_train (existing run files) 引用: C:\Users\35884\Documents\Spacecraft\v3-interface-worktree\docs\EVIDENCE_INDEX.md | C:\Users\35884\Documents\Spacecraft\v3-interface-worktree\docs\T12_EXECUTION_ORDER.md | C:\Users\35884\Documents\Spacecraft\v3-interface-worktree\docs\T12_LOCAL_RUNNING_HANDOFF_20260913.md | C:\Users\35884\Documents\Spacecraft\v3-interface-worktree\docs\T12_S10_EVAL_EXECUTION_ORDER.md | C:\Users\35884\Documents\Spacecraft\v3-interface-worktree\docs\T12_S10_REVIEW_DOSSIER_20260915.md | C:\Users\35884\Documents\Spacecraft\v3-t0b-worktree\docs\EVIDENCE_INDEX.md | C:\Users\35884\Documents\Spacecraft\v3-t0b-worktree\docs\T12_EXECUTION_ORDER.md | C:\Users\35884\Documents\Spacecraft\v3-t0b-worktree\docs\T12_LOCAL_RUNNING_HANDOFF_20260913.md | C:\Users\35884\Documents\Spacecraft\v3-t0b-worktree\docs\T12_S10_EVAL_EXECUTION_ORDER.md | C:\Users\35884\Documents\Spacecraft\v3-t0b-worktree\docs\T12_S10_REVIEW_DOSSIER_20260915.md | C:\Users\35884\Documents\Spacecraft\过程文件\价值规则检验\Git审查工作树\docs\EVIDENCE_INDEX.md | C:\Users\35884\Documents\Spacecraft\过程文件\价值规则检验\Git审查工作树\docs\T12_EXECUTION_ORDER.md | duplicate location: D:\py\DRL2_v3e\logs\t12_train (existing run files) 引用: C:\Users\35884\Documents\Spacecraft\v3-interface-worktree\docs\EVIDENCE_INDEX.md | C:\Users\35884\Documents\Spacecraft\v3-interface-worktree\docs\T12_EXECUTION_ORDER.md | C:\Users\35884\Documents\Spacecraft\v3-interface-worktree\docs\T12_LOCAL_RUNNING_HANDOFF_20260913.md | C:\Users\35884\Documents\Spacecraft\v3-interface-worktree\docs\T12_S10_EVAL_EXECUTION_ORDER.md | C:\Users\35884\Documents\Spacecraft\v3-interface-worktree\docs\T12_S10_REVIEW_DOSSIER_20260915.md | C:\Users\35884\Documents\Spacecraft\v3-t0b-worktree\docs\EVIDENCE_INDEX.md | C:\Users\35884\Documents\Spacecraft\v3-t0b-worktree\docs\T12_EXECUTION_ORDER.md | C:\Users\35884\Documents\Spacecraft\v3-t0b-worktree\docs\T12_LOCAL_RUNNING_HANDOFF_20260913.md | C:\Users\35884\Documents\Spacecraft\v3-t0b-worktree\docs\T12_S10_EVAL_EXECUTION_ORDER.md | C:\Users\35884\Documents\Spacecraft\v3-t0b-worktree\docs\T12_S10_REVIEW_DOSSIER_20260915.md | C:\Users\35884\Documents\Spacecraft\过程文件\价值规则检验\Git审查工作树\docs\EVIDENCE_INDEX.md | C:\Users\35884\Documents\Spacecraft\过程文件\价值规则检验\Git审查工作树\docs\T12_EXECUTION_ORDER.md,NOT_DOCUMENTED; do not infer from filename,manifest or existing logged run; not a new experiment
t7_launch_20260911,,D:\py\DRL2\logs\t7_launch_20260911,H03_T6_T7_interface,UNRESOLVED: see evidence references; no authority inferred,UNKNOWN,{},manifest.status=NO_MANIFEST; recorded budget=UNKNOWN,D:\py\DRL2\logs\t7_launch_20260911 (existing run files) 引用: C:\Users\35884\Documents\Spacecraft\过程文件\价值规则检验\Git审查工作树\logs\INDEX.md | C:\Users\35884\Documents\Spacecraft\过程文件\远端交付\审查工作树\logs\INDEX.md | C:\Users\35884\Documents\Spacecraft\过程文件\阶段B2\扫描工作树_a714c61\logs\INDEX.md | C:\Users\35884\Documents\Spacecraft\过程文件\价值规则检验\Git审查工作树\logs\INDEX.md | C:\Users\35884\Documents\Spacecraft\过程文件\远端交付\审查工作树\logs\INDEX.md | C:\Users\35884\Documents\Spacecraft\过程文件\阶段B2\扫描工作树_a714c61\logs\INDEX.md | duplicate location: D:\py\DRL2_v3e\logs\t7_launch_20260911 (existing run files) 引用: C:\Users\35884\Documents\Spacecraft\过程文件\价值规则检验\Git审查工作树\logs\INDEX.md | C:\Users\35884\Documents\Spacecraft\过程文件\远端交付\审查工作树\logs\INDEX.md | C:\Users\35884\Documents\Spacecraft\过程文件\阶段B2\扫描工作树_a714c61\logs\INDEX.md | C:\Users\35884\Documents\Spacecraft\过程文件\价值规则检验\Git审查工作树\logs\INDEX.md | C:\Users\35884\Documents\Spacecraft\过程文件\远端交付\审查工作树\logs\INDEX.md | C:\Users\35884\Documents\Spacecraft\过程文件\阶段B2\扫描工作树_a714c61\logs\INDEX.md,NOT_DOCUMENTED; do not infer from filename,manifest or existing logged run; not a new experiment
t7_retry1_20260911,,D:\py\DRL2\logs\t7_retry1_20260911,H03_T6_T7_interface,UNRESOLVED: see evidence references; no authority inferred,UNKNOWN,{},manifest.status=NO_MANIFEST; recorded budget=UNKNOWN,D:\py\DRL2\logs\t7_retry1_20260911 (existing run files) 引用: C:\Users\35884\Documents\Spacecraft\v3-interface-worktree\docs\INTERFACE_SINGLE_FACTOR.md | C:\Users\35884\Documents\Spacecraft\v3-interface-worktree\docs\T7_RESULTS_AND_VERDICT.md | C:\Users\35884\Documents\Spacecraft\v3-interface-worktree\docs\T7_T9_REVIEW_20260912.md | C:\Users\35884\Documents\Spacecraft\v3-interface-worktree\docs\T8_EXECUTION_ORDER.md | C:\Users\35884\Documents\Spacecraft\v3-t0b-worktree\docs\INTERFACE_SINGLE_FACTOR.md | C:\Users\35884\Documents\Spacecraft\v3-t0b-worktree\docs\T7_RESULTS_AND_VERDICT.md | C:\Users\35884\Documents\Spacecraft\v3-t0b-worktree\docs\T7_T9_REVIEW_20260912.md | C:\Users\35884\Documents\Spacecraft\v3-t0b-worktree\docs\T8_EXECUTION_ORDER.md | C:\Users\35884\Documents\Spacecraft\过程文件\价值规则检验\Git审查工作树\docs\INTERFACE_SINGLE_FACTOR.md | C:\Users\35884\Documents\Spacecraft\过程文件\价值规则检验\Git审查工作树\docs\T7_RESULTS_AND_VERDICT.md | C:\Users\35884\Documents\Spacecraft\过程文件\价值规则检验\Git审查工作树\docs\T7_T9_REVIEW_20260912.md | C:\Users\35884\Documents\Spacecraft\过程文件\价值规则检验\Git审查工作树\docs\T8_EXECUTION_ORDER.md | duplicate location: D:\py\DRL2_v3e\logs\t7_retry1_20260911 (existing run files) 引用: C:\Users\35884\Documents\Spacecraft\v3-interface-worktree\docs\INTERFACE_SINGLE_FACTOR.md | C:\Users\35884\Documents\Spacecraft\v3-interface-worktree\docs\T7_RESULTS_AND_VERDICT.md | C:\Users\35884\Documents\Spacecraft\v3-interface-worktree\docs\T7_T9_REVIEW_20260912.md | C:\Users\35884\Documents\Spacecraft\v3-interface-worktree\docs\T8_EXECUTION_ORDER.md | C:\Users\35884\Documents\Spacecraft\v3-t0b-worktree\docs\INTERFACE_SINGLE_FACTOR.md | C:\Users\35884\Documents\Spacecraft\v3-t0b-worktree\docs\T7_RESULTS_AND_VERDICT.md | C:\Users\35884\Documents\Spacecraft\v3-t0b-worktree\docs\T7_T9_REVIEW_20260912.md | C:\Users\35884\Documents\Spacecraft\v3-t0b-worktree\docs\T8_EXECUTION_ORDER.md | C:\Users\35884\Documents\Spacecraft\过程文件\价值规则检验\Git审查工作树\docs\INTERFACE_SINGLE_FACTOR.md | C:\Users\35884\Documents\Spacecraft\过程文件\价值规则检验\Git审查工作树\docs\T7_RESULTS_AND_VERDICT.md | C:\Users\35884\Documents\Spacecraft\过程文件\价值规则检验\Git审查工作树\docs\T7_T9_REVIEW_20260912.md | C:\Users\35884\Documents\Spacecraft\过程文件\价值规则检验\Git审查工作树\docs\T8_EXECUTION_ORDER.md,NOT_DOCUMENTED; do not infer from filename,manifest or existing logged run; not a new experiment
t8_eval,,D:\py\DRL2\logs\t8_eval,ORPHAN,UNRESOLVED: see evidence references; no authority inferred,UNKNOWN,{},manifest.status=NO_MANIFEST; recorded budget=UNKNOWN,D:\py\DRL2\logs\t8_eval (existing run files) 引用:  | duplicate location: D:\py\DRL2_v3e\logs\t8_eval (existing run files) 引用: ,NOT_DOCUMENTED; do not infer from filename,manifest or existing logged run; not a new experiment
terminal_gate,,D:\py\DRL2\logs\terminal_gate,ORPHAN,UNRESOLVED: see evidence references; no authority inferred,UNKNOWN,{},manifest.status=NO_MANIFEST; recorded budget=UNKNOWN,D:\py\DRL2\logs\terminal_gate (existing run files) 引用:  | duplicate location: D:\py\DRL2_v3e\logs\terminal_gate (existing run files) 引用: ,NOT_DOCUMENTED; do not infer from filename,manifest or existing logged run; not a new experiment
upper_d2_fallback,,D:\py\DRL2\logs\upper_d2_fallback,ORPHAN,UNRESOLVED: see evidence references; no authority inferred,UNKNOWN,{},manifest.status=NO_MANIFEST; recorded budget=UNKNOWN,D:\py\DRL2\logs\upper_d2_fallback (existing run files) 引用:  | duplicate location: D:\py\DRL2_v3e\logs\upper_d2_fallback (existing run files) 引用: ,NOT_DOCUMENTED; do not infer from filename,manifest or existing logged run; not a new experiment
upper_d3_slack,,D:\py\DRL2\logs\upper_d3_slack,ORPHAN,UNRESOLVED: see evidence references; no authority inferred,UNKNOWN,{},manifest.status=NO_MANIFEST; recorded budget=UNKNOWN,D:\py\DRL2\logs\upper_d3_slack (existing run files) 引用:  | duplicate location: D:\py\DRL2_v3e\logs\upper_d3_slack (existing run files) 引用: ,NOT_DOCUMENTED; do not infer from filename,manifest or existing logged run; not a new experiment
upper_na_f1,,D:\py\DRL2\logs\upper_na_f1,ORPHAN,UNRESOLVED: see evidence references; no authority inferred,UNKNOWN,{},manifest.status=NO_MANIFEST; recorded budget=UNKNOWN,D:\py\DRL2\logs\upper_na_f1 (existing run files) 引用:  | duplicate location: D:\py\DRL2_v3e\logs\upper_na_f1 (existing run files) 引用: ,NOT_DOCUMENTED; do not infer from filename,manifest or existing logged run; not a new experiment
v3e_262420,2026-09-27T10:22:11.396977+00:00,D:\py\DRL2\logs\v3e_262420,E01_V3e_60k_valueR2,UNRESOLVED: see evidence references; no authority inferred,UNKNOWN,"{""seed"": 262420}",manifest.status=completed; recorded budget=60000,D:\py\DRL2\logs\v3e_262420\manifest.json | duplicate location: D:\py\DRL2_v3e\logs\v3e_262420\manifest.json,NOT_DOCUMENTED; do not infer from filename,manifest or existing logged run; not a new experiment
v3e_262421,2026-09-27T10:22:16.977926+00:00,D:\py\DRL2\logs\v3e_262421,E01_V3e_60k_valueR2,UNRESOLVED: see evidence references; no authority inferred,UNKNOWN,"{""seed"": 262421}",manifest.status=completed; recorded budget=60000,D:\py\DRL2\logs\v3e_262421\manifest.json | duplicate location: D:\py\DRL2_v3e\logs\v3e_262421\manifest.json,NOT_DOCUMENTED; do not infer from filename,manifest or existing logged run; not a new experiment
v3e_262422,2026-09-27T10:22:23.470959+00:00,D:\py\DRL2\logs\v3e_262422,E01_V3e_60k_valueR2,UNRESOLVED: see evidence references; no authority inferred,UNKNOWN,"{""seed"": 262422}",manifest.status=completed; recorded budget=60000,D:\py\DRL2\logs\v3e_262422\manifest.json | duplicate location: D:\py\DRL2_v3e\logs\v3e_262422\manifest.json,NOT_DOCUMENTED; do not infer from filename,manifest or existing logged run; not a new experiment
sac_mpc_hybrid_262100,2026-09-07T16:05:08.708419+00:00,D:\py\DRL2\logs\hybrid\sac_mpc_hybrid_262100,ORPHAN,UNRESOLVED: see evidence references; no authority inferred,UNKNOWN,"{""seed"": 262100}",manifest.status=interrupted; recorded budget=19160,D:\py\DRL2\logs\hybrid\sac_mpc_hybrid_262100\manifest.json | duplicate location: D:\py\DRL2_v3e\logs\hybrid\sac_mpc_hybrid_262100\manifest.json,NOT_DOCUMENTED; do not infer from filename,manifest or existing logged run; not a new experiment
sac_mpc_hybrid_262101,2026-09-07T16:05:18.154922+00:00,D:\py\DRL2\logs\hybrid\sac_mpc_hybrid_262101,ORPHAN,UNRESOLVED: see evidence references; no authority inferred,UNKNOWN,"{""seed"": 262101}",manifest.status=interrupted; recorded budget=19405,D:\py\DRL2\logs\hybrid\sac_mpc_hybrid_262101\manifest.json | duplicate location: D:\py\DRL2_v3e\logs\hybrid\sac_mpc_hybrid_262101\manifest.json,NOT_DOCUMENTED; do not infer from filename,manifest or existing logged run; not a new experiment
sac_mpc_hybrid_262102,2026-09-07T16:05:26.654584+00:00,D:\py\DRL2\logs\hybrid\sac_mpc_hybrid_262102,ORPHAN,UNRESOLVED: see evidence references; no authority inferred,UNKNOWN,"{""seed"": 262102}",manifest.status=interrupted; recorded budget=19259,D:\py\DRL2\logs\hybrid\sac_mpc_hybrid_262102\manifest.json | duplicate location: D:\py\DRL2_v3e\logs\hybrid\sac_mpc_hybrid_262102\manifest.json,NOT_DOCUMENTED; do not infer from filename,manifest or existing logged run; not a new experiment
sac_mpc_hybrid_v2_262100,2026-09-08T02:37:23.613170+00:00,D:\py\DRL2\logs\hybrid\sac_mpc_hybrid_v2_262100,ORPHAN,UNRESOLVED: see evidence references; no authority inferred,UNKNOWN,"{""seed"": 262100}",manifest.status=interrupted; recorded budget=9995,D:\py\DRL2\logs\hybrid\sac_mpc_hybrid_v2_262100\manifest.json | duplicate location: D:\py\DRL2_v3e\logs\hybrid\sac_mpc_hybrid_v2_262100\manifest.json,NOT_DOCUMENTED; do not infer from filename,manifest or existing logged run; not a new experiment
sac_mpc_hybrid_v2_262101,2026-09-08T02:37:31.977489+00:00,D:\py\DRL2\logs\hybrid\sac_mpc_hybrid_v2_262101,ORPHAN,UNRESOLVED: see evidence references; no authority inferred,UNKNOWN,"{""seed"": 262101}",manifest.status=interrupted; recorded budget=9792,D:\py\DRL2\logs\hybrid\sac_mpc_hybrid_v2_262101\manifest.json | duplicate location: D:\py\DRL2_v3e\logs\hybrid\sac_mpc_hybrid_v2_262101\manifest.json,NOT_DOCUMENTED; do not infer from filename,manifest or existing logged run; not a new experiment
sac_mpc_hybrid_v2_262102,2026-09-08T02:37:40.812302+00:00,D:\py\DRL2\logs\hybrid\sac_mpc_hybrid_v2_262102,ORPHAN,UNRESOLVED: see evidence references; no authority inferred,UNKNOWN,"{""seed"": 262102}",manifest.status=interrupted; recorded budget=9859,D:\py\DRL2\logs\hybrid\sac_mpc_hybrid_v2_262102\manifest.json | duplicate location: D:\py\DRL2_v3e\logs\hybrid\sac_mpc_hybrid_v2_262102\manifest.json,NOT_DOCUMENTED; do not infer from filename,manifest or existing logged run; not a new experiment
sac_mpc_hybrid_v3_macro_262100,2026-09-08T16:31:54.719987+00:00,D:\py\DRL2\logs\hybrid\sac_mpc_hybrid_v3_macro_262100,ORPHAN,UNRESOLVED: see evidence references; no authority inferred,UNKNOWN,"{""seed"": 262100}",manifest.status=running; recorded budget=UNKNOWN,D:\py\DRL2\logs\hybrid\sac_mpc_hybrid_v3_macro_262100\manifest.json | duplicate location: D:\py\DRL2_v3e\logs\hybrid\sac_mpc_hybrid_v3_macro_262100\manifest.json,NOT_DOCUMENTED; do not infer from filename,manifest or existing logged run; not a new experiment
sac_mpc_hybrid_v3_macro_262101,2026-09-08T16:32:48.375489+00:00,D:\py\DRL2\logs\hybrid\sac_mpc_hybrid_v3_macro_262101,ORPHAN,UNRESOLVED: see evidence references; no authority inferred,UNKNOWN,"{""seed"": 262101}",manifest.status=running; recorded budget=UNKNOWN,D:\py\DRL2\logs\hybrid\sac_mpc_hybrid_v3_macro_262101\manifest.json | duplicate location: D:\py\DRL2_v3e\logs\hybrid\sac_mpc_hybrid_v3_macro_262101\manifest.json,NOT_DOCUMENTED; do not infer from filename,manifest or existing logged run; not a new experiment
sac_mpc_hybrid_v3_macro_262102,2026-09-08T16:32:57.454248+00:00,D:\py\DRL2\logs\hybrid\sac_mpc_hybrid_v3_macro_262102,ORPHAN,UNRESOLVED: see evidence references; no authority inferred,UNKNOWN,"{""seed"": 262102}",manifest.status=running; recorded budget=UNKNOWN,D:\py\DRL2\logs\hybrid\sac_mpc_hybrid_v3_macro_262102\manifest.json | duplicate location: D:\py\DRL2_v3e\logs\hybrid\sac_mpc_hybrid_v3_macro_262102\manifest.json,NOT_DOCUMENTED; do not infer from filename,manifest or existing logged run; not a new experiment
sac_mpc_hybrid_v4_phase_time_262100,2026-09-09T17:37:14.200394+00:00,D:\py\DRL2\logs\hybrid\sac_mpc_hybrid_v4_phase_time_262100,ORPHAN,UNRESOLVED: see evidence references; no authority inferred,UNKNOWN,"{""seed"": 262100}",manifest.status=interrupted_at_zero_completion_gate; recorded budget=UNKNOWN,D:\py\DRL2\logs\hybrid\sac_mpc_hybrid_v4_phase_time_262100\manifest.json | duplicate location: D:\py\DRL2_v3e\logs\hybrid\sac_mpc_hybrid_v4_phase_time_262100\manifest.json,NOT_DOCUMENTED; do not infer from filename,manifest or existing logged run; not a new experiment
sac_mpc_hybrid_v4_phase_time_262101,2026-09-09T17:37:14.200394+00:00,D:\py\DRL2\logs\hybrid\sac_mpc_hybrid_v4_phase_time_262101,ORPHAN,UNRESOLVED: see evidence references; no authority inferred,UNKNOWN,"{""seed"": 262101}",manifest.status=interrupted_at_zero_completion_gate; recorded budget=UNKNOWN,D:\py\DRL2\logs\hybrid\sac_mpc_hybrid_v4_phase_time_262101\manifest.json | duplicate location: D:\py\DRL2_v3e\logs\hybrid\sac_mpc_hybrid_v4_phase_time_262101\manifest.json,NOT_DOCUMENTED; do not infer from filename,manifest or existing logged run; not a new experiment
sac_mpc_hybrid_v4_phase_time_262102,2026-09-09T17:37:14.013091+00:00,D:\py\DRL2\logs\hybrid\sac_mpc_hybrid_v4_phase_time_262102,ORPHAN,UNRESOLVED: see evidence references; no authority inferred,UNKNOWN,"{""seed"": 262102}",manifest.status=interrupted_at_zero_completion_gate; recorded budget=UNKNOWN,D:\py\DRL2\logs\hybrid\sac_mpc_hybrid_v4_phase_time_262102\manifest.json | duplicate location: D:\py\DRL2_v3e\logs\hybrid\sac_mpc_hybrid_v4_phase_time_262102\manifest.json,NOT_DOCUMENTED; do not infer from filename,manifest or existing logged run; not a new experiment
sac_mpc_arrival_262400,2026-09-13T01:04:07.523130+00:00,D:\py\DRL2\logs\t12_train\sac_mpc_arrival_262400,H04_T12,UNRESOLVED: see evidence references; no authority inferred,UNKNOWN,"{""seed"": 262400}",manifest.status=completed; recorded budget=60000,D:\py\DRL2\logs\t12_train\sac_mpc_arrival_262400\manifest.json | duplicate location: D:\py\DRL2_v3e\logs\t12_train\sac_mpc_arrival_262400\manifest.json,NOT_DOCUMENTED; do not infer from filename,manifest or existing logged run; not a new experiment
sac_mpc_arrival_262401,2026-09-13T01:04:07.663979+00:00,D:\py\DRL2\logs\t12_train\sac_mpc_arrival_262401,H04_T12,UNRESOLVED: see evidence references; no authority inferred,UNKNOWN,"{""seed"": 262401}",manifest.status=completed; recorded budget=60000,D:\py\DRL2\logs\t12_train\sac_mpc_arrival_262401\manifest.json | duplicate location: D:\py\DRL2_v3e\logs\t12_train\sac_mpc_arrival_262401\manifest.json,NOT_DOCUMENTED; do not infer from filename,manifest or existing logged run; not a new experiment
sac_mpc_arrival_262402,2026-09-13T01:04:07.448933+00:00,D:\py\DRL2\logs\t12_train\sac_mpc_arrival_262402,H04_T12,UNRESOLVED: see evidence references; no authority inferred,UNKNOWN,"{""seed"": 262402}",manifest.status=completed; recorded budget=60000,D:\py\DRL2\logs\t12_train\sac_mpc_arrival_262402\manifest.json | duplicate location: D:\py\DRL2_v3e\logs\t12_train\sac_mpc_arrival_262402\manifest.json,NOT_DOCUMENTED; do not infer from filename,manifest or existing logged run; not a new experiment
sac_mpc_radial_262500,2026-09-13T01:04:07.656143+00:00,D:\py\DRL2\logs\t12_train\sac_mpc_radial_262500,H04_T12,UNRESOLVED: see evidence references; no authority inferred,UNKNOWN,"{""seed"": 262500}",manifest.status=completed; recorded budget=60000,D:\py\DRL2\logs\t12_train\sac_mpc_radial_262500\manifest.json | duplicate location: D:\py\DRL2_v3e\logs\t12_train\sac_mpc_radial_262500\manifest.json,NOT_DOCUMENTED; do not infer from filename,manifest or existing logged run; not a new experiment
sac_mpc_radial_262501,2026-09-13T01:04:07.529185+00:00,D:\py\DRL2\logs\t12_train\sac_mpc_radial_262501,H04_T12,UNRESOLVED: see evidence references; no authority inferred,UNKNOWN,"{""seed"": 262501}",manifest.status=completed; recorded budget=60000,D:\py\DRL2\logs\t12_train\sac_mpc_radial_262501\manifest.json | duplicate location: D:\py\DRL2_v3e\logs\t12_train\sac_mpc_radial_262501\manifest.json,NOT_DOCUMENTED; do not infer from filename,manifest or existing logged run; not a new experiment
sac_mpc_radial_262502,2026-09-13T01:04:07.564065+00:00,D:\py\DRL2\logs\t12_train\sac_mpc_radial_262502,H04_T12,UNRESOLVED: see evidence references; no authority inferred,UNKNOWN,"{""seed"": 262502}",manifest.status=completed; recorded budget=60000,D:\py\DRL2\logs\t12_train\sac_mpc_radial_262502\manifest.json | duplicate location: D:\py\DRL2_v3e\logs\t12_train\sac_mpc_radial_262502\manifest.json,NOT_DOCUMENTED; do not infer from filename,manifest or existing logged run; not a new experiment
sac_mpc_v2_arrival_262200,2026-09-11T04:15:26.440971+00:00,D:\py\DRL2\logs\t7_retry1_20260911\sac_mpc_v2_arrival_262200,H03_T6_T7_interface,UNRESOLVED: see evidence references; no authority inferred,UNKNOWN,"{""seed"": 262200}",manifest.status=completed; recorded budget=60000,D:\py\DRL2\logs\t7_retry1_20260911\sac_mpc_v2_arrival_262200\manifest.json | duplicate location: D:\py\DRL2_v3e\logs\t7_retry1_20260911\sac_mpc_v2_arrival_262200\manifest.json,NOT_DOCUMENTED; do not infer from filename,manifest or existing logged run; not a new experiment
sac_mpc_v2_arrival_262201,2026-09-11T04:15:26.440971+00:00,D:\py\DRL2\logs\t7_retry1_20260911\sac_mpc_v2_arrival_262201,H03_T6_T7_interface,UNRESOLVED: see evidence references; no authority inferred,UNKNOWN,"{""seed"": 262201}",manifest.status=completed; recorded budget=60000,D:\py\DRL2\logs\t7_retry1_20260911\sac_mpc_v2_arrival_262201\manifest.json | duplicate location: D:\py\DRL2_v3e\logs\t7_retry1_20260911\sac_mpc_v2_arrival_262201\manifest.json,NOT_DOCUMENTED; do not infer from filename,manifest or existing logged run; not a new experiment
sac_mpc_v3_bidirectional_262300,2026-09-11T04:15:26.442975+00:00,D:\py\DRL2\logs\t7_retry1_20260911\sac_mpc_v3_bidirectional_262300,H03_T6_T7_interface,UNRESOLVED: see evidence references; no authority inferred,UNKNOWN,"{""seed"": 262300}",manifest.status=completed; recorded budget=60000,D:\py\DRL2\logs\t7_retry1_20260911\sac_mpc_v3_bidirectional_262300\manifest.json | duplicate location: D:\py\DRL2_v3e\logs\t7_retry1_20260911\sac_mpc_v3_bidirectional_262300\manifest.json,NOT_DOCUMENTED; do not infer from filename,manifest or existing logged run; not a new experiment
sac_mpc_v3_bidirectional_262301,2026-09-11T04:15:26.440971+00:00,D:\py\DRL2\logs\t7_retry1_20260911\sac_mpc_v3_bidirectional_262301,H03_T6_T7_interface,UNRESOLVED: see evidence references; no authority inferred,UNKNOWN,"{""seed"": 262301}",manifest.status=completed; recorded budget=60000,D:\py\DRL2\logs\t7_retry1_20260911\sac_mpc_v3_bidirectional_262301\manifest.json | duplicate location: D:\py\DRL2_v3e\logs\t7_retry1_20260911\sac_mpc_v3_bidirectional_262301\manifest.json,NOT_DOCUMENTED; do not infer from filename,manifest or existing logged run; not a new experiment
HISTORICAL_EVIDENCE_FAMILY: fallback,see source document,UNRESOLVED,ORPHAN,UNRESOLVED: see evidence references; no authority inferred,"report family index, not a single verified trial",,"> other ~40 inert (after one gate fallback, 15 sampled actions give 1 reference:",C:\Users\35884\Documents\Spacecraft\v3-interface-worktree\CLAUDE.md:29 | C:\Users\35884\Documents\Spacecraft\v3-interface-worktree\CLAUDE.md:223 | C:\Users\35884\Documents\Spacecraft\v3-interface-worktree\CLAUDE.md:287 | C:\Users\35884\Documents\Spacecraft\v3-interface-worktree\CLAUDE.md:399 | C:\Users\35884\Documents\Spacecraft\v3-interface-worktree\docs\A2_GUIDANCE_FREE_RESULTS.md:13 | C:\Users\35884\Documents\Spacecraft\v3-interface-worktree\docs\ADAPTIVE_ROUND1_CLOSEOUT_20260921.md:46 | C:\Users\35884\Documents\Spacecraft\v3-interface-worktree\docs\BIDIRECTIONAL_SACMPC_EXECUTION.md:31 | C:\Users\35884\Documents\Spacecraft\v3-interface-worktree\docs\BIDIRECTIONAL_SACMPC_EXECUTION.md:33 | C:\Users\35884\Documents\Spacecraft\v3-interface-worktree\docs\COUPLING_DEFECT_DIAGNOSIS_LOG_20260921.md:74 | C:\Users\35884\Documents\Spacecraft\v3-interface-worktree\docs\COUPLING_DEFECT_DIAGNOSIS_LOG_20260921.md:75 | C:\Users\35884\Documents\Spacecraft\v3-interface-worktree\docs\COUPLING_DEFECT_DIAGNOSIS_LOG_20260921.md:76 | C:\Users\35884\Documents\Spacecraft\v3-interface-worktree\docs\COUPLING_DEFECT_DIAGNOSIS_LOG_20260921.md:81 | C:\Users\35884\Documents\Spacecraft\v3-interface-worktree\docs\COUPLING_DEFECT_DIAGNOSIS_LOG_20260921.md:89 | C:\Users\35884\Documents\Spacecraft\v3-interface-worktree\docs\COUPLING_DEFECT_DIAGNOSIS_ORDER_20260921.md:309 | C:\Users\35884\Documents\Spacecraft\v3-interface-worktree\docs\COUPLING_DEFECT_DIAGNOSIS_ORDER_20260921.md:311 | C:\Users\35884\Documents\Spacecraft\v3-interface-worktree\docs\D0_HYBRID_INFEASIBILITY_DIAGNOSIS_20260909.md:42 | C:\Users\35884\Documents\Spacecraft\v3-interface-worktree\docs\D0_HYBRID_INFEASIBILITY_DIAGNOSIS_20260909.md:48 | C:\Users\35884\Documents\Spacecraft\v3-interface-worktree\docs\OPPORTUNITY_MAINLINE_RUNSHEET.md:80 | C:\Users\35884\Documents\Spacecraft\v3-interface-worktree\docs\P1_B_APPROACH_RATE_SCAN.md:7 | C:\Users\35884\Documents\Spacecraft\v3-interface-worktree\docs\P2_FEEDBACK_SEPARABILITY.md:7 | C:\Users\35884\Documents\Spacecraft\v3-interface-worktree\docs\P2_FEEDBACK_SEPARABILITY.md:9 | C:\Users\35884\Documents\Spacecraft\v3-interface-worktree\docs\P2_FEEDBACK_SEPARABILITY.md:39 | C:\Users\35884\Documents\Spacecraft\v3-interface-worktree\docs\PRECAPTURE_ENTRY_WINDOW_GAP_WITH_F1.md:83 | C:\Users\35884\Documents\Spacecraft\v3-interface-worktree\docs\PRECAPTURE_ENTRY_WINDOW_GAP_WITH_F1.md:184 | C:\Users\35884\Documents\Spacecraft\v3-interface-worktree\docs\PRECAPTURE_ENTRY_WINDOW_GAP_WITH_F1.md:254,see literal evidence; no root cause inferred,historical statement; proposed/tested ambiguity retained for upper review
HISTORICAL_EVIDENCE_FAMILY: T12,see source document,UNRESOLVED,ORPHAN,UNRESOLVED: see evidence references; no authority inferred,"report family index, not a single verified trial",,"- **T12 (learned scheduling vs fixed MPC, full truth).** `arrival_condition` is",C:\Users\35884\Documents\Spacecraft\v3-interface-worktree\CLAUDE.md:65 | C:\Users\35884\Documents\Spacecraft\v3-interface-worktree\CLAUDE.md:81 | C:\Users\35884\Documents\Spacecraft\v3-interface-worktree\CLAUDE.md:103 | C:\Users\35884\Documents\Spacecraft\v3-interface-worktree\docs\ADAPTIVE_ROUND1_CLOSEOUT_20260921.md:146 | C:\Users\35884\Documents\Spacecraft\v3-interface-worktree\docs\ADAPTIVE_ROUND1_CLOSEOUT_20260921.md:163 | C:\Users\35884\Documents\Spacecraft\v3-interface-worktree\docs\ADAPTIVE_ROUND1_CLOSEOUT_20260921.md:218 | C:\Users\35884\Documents\Spacecraft\v3-interface-worktree\docs\BIDIRECTIONAL_SACMPC_EXECUTION.md:3 | C:\Users\35884\Documents\Spacecraft\v3-interface-worktree\docs\BIDIRECTIONAL_SACMPC_EXECUTION.md:40 | C:\Users\35884\Documents\Spacecraft\v3-interface-worktree\docs\BIDIRECTIONAL_SACMPC_EXECUTION.md:54 | C:\Users\35884\Documents\Spacecraft\v3-interface-worktree\docs\BIDIRECTIONAL_SACMPC_EXECUTION.md:90 | C:\Users\35884\Documents\Spacecraft\v3-interface-worktree\docs\EVIDENCE_INDEX.md:41 | C:\Users\35884\Documents\Spacecraft\v3-interface-worktree\docs\INDEX.md:90 | C:\Users\35884\Documents\Spacecraft\v3-interface-worktree\docs\INDEX.md:110 | C:\Users\35884\Documents\Spacecraft\v3-interface-worktree\docs\INDEX.md:111 | C:\Users\35884\Documents\Spacecraft\v3-interface-worktree\docs\INDEX.md:112 | C:\Users\35884\Documents\Spacecraft\v3-interface-worktree\docs\INDEX.md:113 | C:\Users\35884\Documents\Spacecraft\v3-interface-worktree\docs\INDEX.md:114 | C:\Users\35884\Documents\Spacecraft\v3-interface-worktree\docs\MAINLINE_TRAIN_EVAL_RUNSHEET.md:23 | C:\Users\35884\Documents\Spacecraft\v3-interface-worktree\docs\MAINLINE_TRAIN_EVAL_RUNSHEET.md:26 | C:\Users\35884\Documents\Spacecraft\v3-interface-worktree\docs\MAINLINE_TRAIN_EVAL_RUNSHEET.md:53 | C:\Users\35884\Documents\Spacecraft\v3-interface-worktree\docs\MAINLINE_TRAIN_EVAL_RUNSHEET.md:89 | C:\Users\35884\Documents\Spacecraft\v3-interface-worktree\docs\OPPORTUNITY_MAINLINE_RUNSHEET.md:19 | C:\Users\35884\Documents\Spacecraft\v3-interface-worktree\docs\PERCEPTION_PRECAPTURE_INTEGRATION.md:4 | C:\Users\35884\Documents\Spacecraft\v3-interface-worktree\docs\PERCEPTION_PRECAPTURE_INTEGRATION.md:80 | C:\Users\35884\Documents\Spacecraft\v3-interface-worktree\docs\PERCEPTION_PRECAPTURE_INTEGRATION.md:96 | C:\Users\35884\Documents\Spacecraft\v3-interface-worktree\docs\REPO_TIDY_ORDER_20260922.md:52 | C:\Users\35884\Documents\Spacecraft\v3-interface-worktree\docs\REPO_TIDY_ORDER_20260922.md:78,see literal evidence; no root cause inferred,historical statement; proposed/tested ambiguity retained for upper review
HISTORICAL_EVIDENCE_FAMILY: T7,see source document,UNRESOLVED,ORPHAN,UNRESOLVED: see evidence references; no authority inferred,"report family index, not a single verified trial",,(T7 showed telemetry-in-observation does not help).,C:\Users\35884\Documents\Spacecraft\v3-interface-worktree\CLAUDE.md:99 | C:\Users\35884\Documents\Spacecraft\v3-interface-worktree\CLAUDE.md:300 | C:\Users\35884\Documents\Spacecraft\v3-interface-worktree\CLAUDE.md:507 | C:\Users\35884\Documents\Spacecraft\v3-interface-worktree\docs\ATTITUDE_REFERENCE_PROBE.md:79 | C:\Users\35884\Documents\Spacecraft\v3-interface-worktree\docs\DECK_CLEARING_ORDER_20260922.md:86 | C:\Users\35884\Documents\Spacecraft\v3-interface-worktree\docs\INDEX.md:97 | C:\Users\35884\Documents\Spacecraft\v3-interface-worktree\docs\INDEX.md:98 | C:\Users\35884\Documents\Spacecraft\v3-interface-worktree\docs\INDEX.md:99 | C:\Users\35884\Documents\Spacecraft\v3-interface-worktree\docs\LOWER_EXECUTION_PLAN_20260910.md:4 | C:\Users\35884\Documents\Spacecraft\v3-interface-worktree\docs\LOWER_EXECUTION_PLAN_20260910.md:36 | C:\Users\35884\Documents\Spacecraft\v3-interface-worktree\docs\LOWER_EXECUTION_PLAN_20260910.md:276 | C:\Users\35884\Documents\Spacecraft\v3-interface-worktree\docs\LOWER_EXECUTION_PLAN_20260910.md:298 | C:\Users\35884\Documents\Spacecraft\v3-interface-worktree\docs\LOWER_EXECUTION_PLAN_20260910.md:325 | C:\Users\35884\Documents\Spacecraft\v3-interface-worktree\docs\MAINLINE_TRAIN_EVAL_RUNSHEET.md:98 | C:\Users\35884\Documents\Spacecraft\v3-interface-worktree\docs\P2_FEEDBACK_SEPARABILITY.md:54 | C:\Users\35884\Documents\Spacecraft\v3-interface-worktree\docs\T10_EXECUTION_ORDER.md:188 | C:\Users\35884\Documents\Spacecraft\v3-interface-worktree\docs\T10_EXECUTION_ORDER.md:202 | C:\Users\35884\Documents\Spacecraft\v3-interface-worktree\docs\T10_EXECUTION_ORDER.md:223 | C:\Users\35884\Documents\Spacecraft\v3-interface-worktree\docs\T11_EXECUTION_ORDER.md:119 | C:\Users\35884\Documents\Spacecraft\v3-interface-worktree\docs\T11_EXECUTION_ORDER.md:165 | C:\Users\35884\Documents\Spacecraft\v3-interface-worktree\docs\T8_EXECUTION_ORDER.md:11 | C:\Users\35884\Documents\Spacecraft\v3-interface-worktree\docs\T8_EXECUTION_ORDER.md:37 | C:\Users\35884\Documents\Spacecraft\v3-interface-worktree\docs\T8_EXECUTION_ORDER.md:113 | C:\Users\35884\Documents\Spacecraft\v3-interface-worktree\docs\T8_EXECUTION_ORDER.md:154 | C:\Users\35884\Documents\Spacecraft\v3-interface-worktree\docs\T8_EXECUTION_ORDER.md:192 | C:\Users\35884\Documents\Spacecraft\v3-interface-worktree\docs\TERMINAL_GATE_DEFECT.md:221 | C:\Users\35884\Documents\Spacecraft\v3-interface-worktree\docs\V2_FIX_ORDER_RATE_LIMIT_20260922.md:80 | C:\Users\35884\Documents\Spacecraft\v3-interface-worktree\docs\V2_FIX_ORDER_RATE_LIMIT_20260922.md:82,see literal evidence; no root cause inferred,historical statement; proposed/tested ambiguity retained for upper review
HISTORICAL_EVIDENCE_FAMILY: horizon,see source document,UNRESOLVED,ORPHAN,UNRESOLVED: see evidence references; no authority inferred,"report family index, not a single verified trial",,"the short-horizon 6-DoF tracking, constraint satisfaction and execution. **RL",C:\Users\35884\Documents\Spacecraft\v3-interface-worktree\CLAUDE.md:118 | C:\Users\35884\Documents\Spacecraft\v3-interface-worktree\CLAUDE.md:414 | C:\Users\35884\Documents\Spacecraft\v3-interface-worktree\CLAUDE.md:450 | C:\Users\35884\Documents\Spacecraft\v3-interface-worktree\docs\A2_GUIDANCE_FREE_RESULTS.md:7 | C:\Users\35884\Documents\Spacecraft\v3-interface-worktree\docs\A3_DEPLOYABLE_PLANNING_P1_MANIFEST.md:16 | C:\Users\35884\Documents\Spacecraft\v3-interface-worktree\docs\A3_DEPLOYABLE_PLANNING_P1_MANIFEST.md:27 | C:\Users\35884\Documents\Spacecraft\v3-interface-worktree\docs\A3_DEPLOYABLE_PLANNING_P1_RESULTS.md:9 | C:\Users\35884\Documents\Spacecraft\v3-interface-worktree\docs\ADAPTIVE_MAINLINE_RUNSHEET.md:31 | C:\Users\35884\Documents\Spacecraft\v3-interface-worktree\docs\ADAPTIVE_MAINLINE_RUNSHEET.md:57 | C:\Users\35884\Documents\Spacecraft\v3-interface-worktree\docs\ADAPTIVE_MAINLINE_RUNSHEET.md:95 | C:\Users\35884\Documents\Spacecraft\v3-interface-worktree\docs\ATTITUDE_REFERENCE_PROBE.md:88 | C:\Users\35884\Documents\Spacecraft\v3-interface-worktree\docs\COUPLING_DEFECT_DIAGNOSIS_ORDER_20260921.md:120 | C:\Users\35884\Documents\Spacecraft\v3-interface-worktree\docs\COUPLING_DEFECT_DIAGNOSIS_ORDER_20260921.md:143 | C:\Users\35884\Documents\Spacecraft\v3-interface-worktree\docs\COUPLING_DEFECT_DIAGNOSIS_ORDER_20260921.md:199 | C:\Users\35884\Documents\Spacecraft\v3-interface-worktree\docs\COUPLING_DEFECT_DIAGNOSIS_ORDER_20260921.md:230 | C:\Users\35884\Documents\Spacecraft\v3-interface-worktree\docs\D0_HYBRID_INFEASIBILITY_DIAGNOSIS_20260909.md:5 | C:\Users\35884\Documents\Spacecraft\v3-interface-worktree\docs\FAST_TUMBLING_CAPTURE_MOTIVATION.md:29 | C:\Users\35884\Documents\Spacecraft\v3-interface-worktree\docs\G0_PERCEPTION_CLOSED_LOOP_MANIFEST.md:23 | C:\Users\35884\Documents\Spacecraft\v3-interface-worktree\docs\G0_PERCEPTION_CLOSED_LOOP_MANIFEST.md:90 | C:\Users\35884\Documents\Spacecraft\v3-interface-worktree\docs\INDEX.md:71 | C:\Users\35884\Documents\Spacecraft\v3-interface-worktree\docs\MAINLINE_TRAIN_EVAL_RUNSHEET.md:30 | C:\Users\35884\Documents\Spacecraft\v3-interface-worktree\docs\MAINLINE_TRAIN_EVAL_RUNSHEET.md:38 | C:\Users\35884\Documents\Spacecraft\v3-interface-worktree\docs\MAINLINE_TRAIN_EVAL_RUNSHEET.md:43 | C:\Users\35884\Documents\Spacecraft\v3-interface-worktree\docs\MAINLINE_TRAIN_EVAL_RUNSHEET.md:49 | C:\Users\35884\Documents\Spacecraft\v3-interface-worktree\docs\MAINLINE_TRAIN_EVAL_RUNSHEET.md:96 | C:\Users\35884\Documents\Spacecraft\v3-interface-worktree\docs\OPPORTUNITY_MAINLINE_RUNSHEET.md:25,see literal evidence; no root cause inferred,historical statement; proposed/tested ambiguity retained for upper review
HISTORICAL_EVIDENCE_FAMILY: T6,see source document,UNRESOLVED,ORPHAN,UNRESOLVED: see evidence references; no authority inferred,"report family index, not a single verified trial",,"### The coupling interface (T6, frozen)",C:\Users\35884\Documents\Spacecraft\v3-interface-worktree\CLAUDE.md:278 | C:\Users\35884\Documents\Spacecraft\v3-interface-worktree\docs\INDEX.md:96 | C:\Users\35884\Documents\Spacecraft\v3-interface-worktree\docs\LOWER_EXECUTION_PLAN_20260910.md:4 | C:\Users\35884\Documents\Spacecraft\v3-interface-worktree\docs\LOWER_EXECUTION_PLAN_20260910.md:35 | C:\Users\35884\Documents\Spacecraft\v3-interface-worktree\docs\LOWER_EXECUTION_PLAN_20260910.md:197 | C:\Users\35884\Documents\Spacecraft\v3-interface-worktree\docs\LOWER_EXECUTION_PLAN_20260910.md:283 | C:\Users\35884\Documents\Spacecraft\v3-interface-worktree\docs\LOWER_EXECUTION_PLAN_20260910.md:337 | C:\Users\35884\Documents\Spacecraft\v3-interface-worktree\docs\P2_FEEDBACK_SEPARABILITY.md:54 | C:\Users\35884\Documents\Spacecraft\v3-interface-worktree\docs\PERCEPTION_PRECAPTURE_INTEGRATION.md:15 | C:\Users\35884\Documents\Spacecraft\v3-interface-worktree\docs\PERCEPTION_PRECAPTURE_INTEGRATION.md:65 | C:\Users\35884\Documents\Spacecraft\v3-interface-worktree\docs\PERCEPTION_PRECAPTURE_INTEGRATION.md:66 | C:\Users\35884\Documents\Spacecraft\v3-interface-worktree\docs\PERCEPTION_PRECAPTURE_INTEGRATION.md:70 | C:\Users\35884\Documents\Spacecraft\v3-interface-worktree\docs\PERCEPTION_PRECAPTURE_INTEGRATION.md:72 | C:\Users\35884\Documents\Spacecraft\v3-interface-worktree\docs\PERCEPTION_PRECAPTURE_INTEGRATION.md:80 | C:\Users\35884\Documents\Spacecraft\v3-interface-worktree\docs\REPO_TIDY_ORDER_20260922.md:78 | C:\Users\35884\Documents\Spacecraft\v3-interface-worktree\docs\T0_AMENDMENT_20260910.md:146 | C:\Users\35884\Documents\Spacecraft\v3-interface-worktree\docs\T10_EXECUTION_ORDER.md:176 | C:\Users\35884\Documents\Spacecraft\v3-interface-worktree\docs\TERMINAL_GATE_DEFECT.md:215 | C:\Users\35884\Documents\Spacecraft\v3-interface-worktree\docs\V2_EXECUTION_ORDER_20260922.md:303 | C:\Users\35884\Documents\Spacecraft\v3-interface-worktree\docs\V2_EXECUTION_ORDER_20260922.md:305 | C:\Users\35884\Documents\Spacecraft\v3-interface-worktree\docs\V2_EXECUTION_ORDER_20260922.md:410 | C:\Users\35884\Documents\Spacecraft\v3-interface-worktree\docs\V2_FIX_ORDER_RATE_LIMIT_20260922.md:89 | C:\Users\35884\Documents\Spacecraft\v3-interface-worktree\docs\V2_FIX_ORDER_RATE_LIMIT_20260922.md:99 | C:\Users\35884\Documents\Spacecraft\v3-interface-worktree\docs\V2_FIX_ORDER_RATE_LIMIT_20260922.md:112 | C:\Users\35884\Documents\Spacecraft\v3-interface-worktree\docs\V2_INTERFACE_IMPLEMENTATION_20260922.md:5 | C:\Users\35884\Documents\Spacecraft\v3-interface-worktree\docs\V2_INTERFACE_IMPLEMENTATION_20260922.md:43,see literal evidence; no root cause inferred,historical statement; proposed/tested ambiguity retained for upper review
HISTORICAL_EVIDENCE_FAMILY: D1,see source document,UNRESOLVED,ORPHAN,UNRESOLVED: see evidence references; no authority inferred,"report family index, not a single verified trial",,D1 的 8 种子子块上恰好为 0。有效性**未知**。,C:\Users\35884\Documents\Spacecraft\v3-interface-worktree\docs\ADAPTIVE_ROUND1_CLOSEOUT_20260921.md:38 | C:\Users\35884\Documents\Spacecraft\v3-interface-worktree\docs\ADAPTIVE_ROUND1_CLOSEOUT_20260921.md:46 | C:\Users\35884\Documents\Spacecraft\v3-interface-worktree\docs\ADAPTIVE_ROUND1_CLOSEOUT_20260921.md:114 | C:\Users\35884\Documents\Spacecraft\v3-interface-worktree\docs\ADAPTIVE_ROUND1_CLOSEOUT_20260921.md:250 | C:\Users\35884\Documents\Spacecraft\v3-interface-worktree\docs\ADAPTIVE_ROUND1_CLOSEOUT_20260921.md:261 | C:\Users\35884\Documents\Spacecraft\v3-interface-worktree\docs\ADAPTIVE_ROUND1_CLOSEOUT_20260921.md:300 | C:\Users\35884\Documents\Spacecraft\v3-interface-worktree\docs\COUPLING_DEFECT_DIAGNOSIS_LOG_20260921.md:11 | C:\Users\35884\Documents\Spacecraft\v3-interface-worktree\docs\COUPLING_DEFECT_DIAGNOSIS_LOG_20260921.md:65 | C:\Users\35884\Documents\Spacecraft\v3-interface-worktree\docs\COUPLING_DEFECT_DIAGNOSIS_LOG_20260921.md:78 | C:\Users\35884\Documents\Spacecraft\v3-interface-worktree\docs\COUPLING_DEFECT_DIAGNOSIS_LOG_20260921.md:90 | C:\Users\35884\Documents\Spacecraft\v3-interface-worktree\docs\COUPLING_DEFECT_DIAGNOSIS_LOG_20260921.md:105 | C:\Users\35884\Documents\Spacecraft\v3-interface-worktree\docs\COUPLING_DEFECT_DIAGNOSIS_ORDER_20260921.md:51 | C:\Users\35884\Documents\Spacecraft\v3-interface-worktree\docs\COUPLING_DEFECT_DIAGNOSIS_ORDER_20260921.md:54 | C:\Users\35884\Documents\Spacecraft\v3-interface-worktree\docs\COUPLING_DEFECT_DIAGNOSIS_ORDER_20260921.md:94 | C:\Users\35884\Documents\Spacecraft\v3-interface-worktree\docs\COUPLING_DEFECT_DIAGNOSIS_ORDER_20260921.md:112 | C:\Users\35884\Documents\Spacecraft\v3-interface-worktree\docs\COUPLING_DEFECT_DIAGNOSIS_ORDER_20260921.md:139 | C:\Users\35884\Documents\Spacecraft\v3-interface-worktree\docs\COUPLING_DEFECT_DIAGNOSIS_ORDER_20260921.md:190 | C:\Users\35884\Documents\Spacecraft\v3-interface-worktree\docs\COUPLING_DEFECT_DIAGNOSIS_ORDER_20260921.md:253 | C:\Users\35884\Documents\Spacecraft\v3-interface-worktree\docs\COUPLING_DEFECT_DIAGNOSIS_ORDER_20260921.md:259 | C:\Users\35884\Documents\Spacecraft\v3-interface-worktree\docs\COUPLING_DEFECT_DIAGNOSIS_ORDER_20260921.md:323 | C:\Users\35884\Documents\Spacecraft\v3-interface-worktree\docs\D0_HYBRID_INFEASIBILITY_DIAGNOSIS_20260909.md:48 | C:\Users\35884\Documents\Spacecraft\v3-interface-worktree\docs\DECK_CLEARING_ORDER_20260922.md:50 | C:\Users\35884\Documents\Spacecraft\v3-interface-worktree\docs\DECK_CLEARING_ORDER_20260922.md:69,see literal evidence; no root cause inferred,historical statement; proposed/tested ambiguity retained for upper review
HISTORICAL_EVIDENCE_FAMILY: D0,see source document,UNRESOLVED,ORPHAN,UNRESOLVED: see evidence references; no authority inferred,"report family index, not a single verified trial",,| **R2** | 暂存分支在探索中近乎不可达 | **证伪** | D0 在最终策略上读到 0/973，但 **D0b 在 5k/10k checkpoint 上读到 2–15% 的有效介入**：暂存早期可达且被大量使用。真正发生的是训练把策略推入死半边后能力崩塌到 0。见第 7 节 |,C:\Users\35884\Documents\Spacecraft\v3-interface-worktree\docs\ADAPTIVE_ROUND1_CLOSEOUT_20260921.md:47 | C:\Users\35884\Documents\Spacecraft\v3-interface-worktree\docs\ADAPTIVE_ROUND1_CLOSEOUT_20260921.md:167 | C:\Users\35884\Documents\Spacecraft\v3-interface-worktree\docs\ADAPTIVE_ROUND1_CLOSEOUT_20260921.md:300 | C:\Users\35884\Documents\Spacecraft\v3-interface-worktree\docs\CLEANUP_20260909.md:15 | C:\Users\35884\Documents\Spacecraft\v3-interface-worktree\docs\CLEANUP_20260909.md:26 | C:\Users\35884\Documents\Spacecraft\v3-interface-worktree\docs\COUPLING_DEFECT_DIAGNOSIS_LOG_20260921.md:32 | C:\Users\35884\Documents\Spacecraft\v3-interface-worktree\docs\COUPLING_DEFECT_DIAGNOSIS_LOG_20260921.md:36 | C:\Users\35884\Documents\Spacecraft\v3-interface-worktree\docs\COUPLING_DEFECT_DIAGNOSIS_LOG_20260921.md:50 | C:\Users\35884\Documents\Spacecraft\v3-interface-worktree\docs\COUPLING_DEFECT_DIAGNOSIS_LOG_20260921.md:86 | C:\Users\35884\Documents\Spacecraft\v3-interface-worktree\docs\COUPLING_DEFECT_DIAGNOSIS_ORDER_20260921.md:8 | C:\Users\35884\Documents\Spacecraft\v3-interface-worktree\docs\COUPLING_DEFECT_DIAGNOSIS_ORDER_20260921.md:78 | C:\Users\35884\Documents\Spacecraft\v3-interface-worktree\docs\COUPLING_DEFECT_DIAGNOSIS_ORDER_20260921.md:81 | C:\Users\35884\Documents\Spacecraft\v3-interface-worktree\docs\COUPLING_DEFECT_DIAGNOSIS_ORDER_20260921.md:94 | C:\Users\35884\Documents\Spacecraft\v3-interface-worktree\docs\COUPLING_DEFECT_DIAGNOSIS_ORDER_20260921.md:112 | C:\Users\35884\Documents\Spacecraft\v3-interface-worktree\docs\COUPLING_DEFECT_DIAGNOSIS_ORDER_20260921.md:114 | C:\Users\35884\Documents\Spacecraft\v3-interface-worktree\docs\COUPLING_DEFECT_DIAGNOSIS_ORDER_20260921.md:190 | C:\Users\35884\Documents\Spacecraft\v3-interface-worktree\docs\COUPLING_DEFECT_DIAGNOSIS_ORDER_20260921.md:207 | C:\Users\35884\Documents\Spacecraft\v3-interface-worktree\docs\COUPLING_DEFECT_DIAGNOSIS_ORDER_20260921.md:209 | C:\Users\35884\Documents\Spacecraft\v3-interface-worktree\docs\COUPLING_DEFECT_DIAGNOSIS_ORDER_20260921.md:215 | C:\Users\35884\Documents\Spacecraft\v3-interface-worktree\docs\COUPLING_DEFECT_DIAGNOSIS_ORDER_20260921.md:216 | C:\Users\35884\Documents\Spacecraft\v3-interface-worktree\docs\COUPLING_DEFECT_DIAGNOSIS_ORDER_20260921.md:254 | C:\Users\35884\Documents\Spacecraft\v3-interface-worktree\docs\COUPLING_DEFECT_DIAGNOSIS_ORDER_20260921.md:259 | C:\Users\35884\Documents\Spacecraft\v3-interface-worktree\docs\COUPLING_DEFECT_DIAGNOSIS_ORDER_20260921.md:317,see literal evidence; no root cause inferred,historical statement; proposed/tested ambiguity retained for upper review
HISTORICAL_EVIDENCE_FAMILY: D0b,see source document,UNRESOLVED,ORPHAN,UNRESOLVED: see evidence references; no authority inferred,"report family index, not a single verified trial",,| **R2** | 暂存分支在探索中近乎不可达 | **证伪** | D0 在最终策略上读到 0/973，但 **D0b 在 5k/10k checkpoint 上读到 2–15% 的有效介入**：暂存早期可达且被大量使用。真正发生的是训练把策略推入死半边后能力崩塌到 0。见第 7 节 |,C:\Users\35884\Documents\Spacecraft\v3-interface-worktree\docs\ADAPTIVE_ROUND1_CLOSEOUT_20260921.md:47 | C:\Users\35884\Documents\Spacecraft\v3-interface-worktree\docs\ADAPTIVE_ROUND1_CLOSEOUT_20260921.md:127 | C:\Users\35884\Documents\Spacecraft\v3-interface-worktree\docs\ADAPTIVE_ROUND1_CLOSEOUT_20260921.md:165 | C:\Users\35884\Documents\Spacecraft\v3-interface-worktree\docs\ADAPTIVE_ROUND1_CLOSEOUT_20260921.md:251 | C:\Users\35884\Documents\Spacecraft\v3-interface-worktree\docs\ADAPTIVE_ROUND1_CLOSEOUT_20260921.md:302 | C:\Users\35884\Documents\Spacecraft\v3-interface-worktree\docs\ROUND1_EXTERNAL_REVIEW_20260922.md:23 | C:\Users\35884\Documents\Spacecraft\v3-interface-worktree\docs\ROUND1_EXTERNAL_REVIEW_20260922.md:26 | C:\Users\35884\Documents\Spacecraft\v3-interface-worktree\docs\ROUND1_EXTERNAL_REVIEW_20260922.md:60 | C:\Users\35884\Documents\Spacecraft\v3-interface-worktree\docs\ROUND1_EXTERNAL_REVIEW_20260922.md:131 | C:\Users\35884\Documents\Spacecraft\v3-interface-worktree\docs\V2_EXECUTION_ORDER_20260922.md:48 | C:\Users\35884\Documents\Spacecraft\v3-t0b-worktree\docs\ADAPTIVE_ROUND1_CLOSEOUT_20260921.md:47 | C:\Users\35884\Documents\Spacecraft\v3-t0b-worktree\docs\ADAPTIVE_ROUND1_CLOSEOUT_20260921.md:127 | C:\Users\35884\Documents\Spacecraft\v3-t0b-worktree\docs\ADAPTIVE_ROUND1_CLOSEOUT_20260921.md:165 | C:\Users\35884\Documents\Spacecraft\v3-t0b-worktree\docs\ADAPTIVE_ROUND1_CLOSEOUT_20260921.md:251 | C:\Users\35884\Documents\Spacecraft\v3-t0b-worktree\docs\ADAPTIVE_ROUND1_CLOSEOUT_20260921.md:302 | C:\Users\35884\Documents\Spacecraft\v3-t0b-worktree\docs\ROUND1_EXTERNAL_REVIEW_20260922.md:23 | C:\Users\35884\Documents\Spacecraft\v3-t0b-worktree\docs\ROUND1_EXTERNAL_REVIEW_20260922.md:26 | C:\Users\35884\Documents\Spacecraft\v3-t0b-worktree\docs\ROUND1_EXTERNAL_REVIEW_20260922.md:60 | C:\Users\35884\Documents\Spacecraft\v3-t0b-worktree\docs\ROUND1_EXTERNAL_REVIEW_20260922.md:131 | C:\Users\35884\Documents\Spacecraft\v3-t0b-worktree\docs\V2_EXECUTION_ORDER_20260922.md:48 | C:\Users\35884\Documents\Spacecraft\过程文件\协作\Git工作树\docs\ADAPTIVE_ROUND1_CLOSEOUT_20260921.md:47 | C:\Users\35884\Documents\Spacecraft\过程文件\协作\Git工作树\docs\ADAPTIVE_ROUND1_CLOSEOUT_20260921.md:127 | C:\Users\35884\Documents\Spacecraft\过程文件\协作\Git工作树\docs\ADAPTIVE_ROUND1_CLOSEOUT_20260921.md:165 | C:\Users\35884\Documents\Spacecraft\过程文件\协作\Git工作树\docs\ADAPTIVE_ROUND1_CLOSEOUT_20260921.md:251 | C:\Users\35884\Documents\Spacecraft\过程文件\协作\Git工作树\docs\ADAPTIVE_ROUND1_CLOSEOUT_20260921.md:302,see literal evidence; no root cause inferred,historical statement; proposed/tested ambiguity retained for upper review
HISTORICAL_EVIDENCE_FAMILY: P0,see source document,UNRESOLVED,ORPHAN,UNRESOLVED: see evidence references; no authority inferred,"report family index, not a single verified trial",,| R1 门语义 | **次要，约 23–25%**（D1 6/24；P0 回退 16/8/9 of 48） |,C:\Users\35884\Documents\Spacecraft\v3-interface-worktree\docs\ADAPTIVE_ROUND1_CLOSEOUT_20260921.md:250 | C:\Users\35884\Documents\Spacecraft\v3-interface-worktree\docs\INDEX.md:71 | C:\Users\35884\Documents\Spacecraft\v3-interface-worktree\docs\ROUND1_EXTERNAL_REVIEW_20260922.md:23 | C:\Users\35884\Documents\Spacecraft\v3-interface-worktree\docs\ROUND1_EXTERNAL_REVIEW_20260922.md:26 | C:\Users\35884\Documents\Spacecraft\v3-interface-worktree\docs\V2_EXECUTION_ORDER_20260922.md:23 | C:\Users\35884\Documents\Spacecraft\v3-t0b-worktree\docs\ADAPTIVE_ROUND1_CLOSEOUT_20260921.md:250 | C:\Users\35884\Documents\Spacecraft\v3-t0b-worktree\docs\INDEX.md:71 | C:\Users\35884\Documents\Spacecraft\v3-t0b-worktree\docs\ROUND1_EXTERNAL_REVIEW_20260922.md:23 | C:\Users\35884\Documents\Spacecraft\v3-t0b-worktree\docs\ROUND1_EXTERNAL_REVIEW_20260922.md:26 | C:\Users\35884\Documents\Spacecraft\v3-t0b-worktree\docs\V2_EXECUTION_ORDER_20260922.md:23 | C:\Users\35884\Documents\Spacecraft\v3-t0b-worktree\docs\handoffs\WINDOW_HANDOFF_20260924.md:101 | C:\Users\35884\Documents\Spacecraft\过程文件\协作\Git工作树\docs\ADAPTIVE_ROUND1_CLOSEOUT_20260921.md:250 | C:\Users\35884\Documents\Spacecraft\过程文件\协作\Git工作树\docs\INDEX.md:71 | C:\Users\35884\Documents\Spacecraft\过程文件\协作\Git工作树\docs\ROUND1_EXTERNAL_REVIEW_20260922.md:23 | C:\Users\35884\Documents\Spacecraft\过程文件\协作\Git工作树\docs\ROUND1_EXTERNAL_REVIEW_20260922.md:26 | C:\Users\35884\Documents\Spacecraft\过程文件\协作\Git工作树\docs\V2_EXECUTION_ORDER_20260922.md:23 | C:\Users\35884\Documents\Spacecraft\过程文件\协作\Git工作树\docs\handoffs\archive_202609\WINDOW_HANDOFF_20260924.md:101 | C:\Users\35884\Documents\Spacecraft\过程文件\远端交付\审查工作树\docs\ADAPTIVE_ROUND1_CLOSEOUT_20260921.md:250 | C:\Users\35884\Documents\Spacecraft\过程文件\远端交付\审查工作树\docs\INDEX.md:71 | C:\Users\35884\Documents\Spacecraft\过程文件\远端交付\审查工作树\docs\ROUND1_EXTERNAL_REVIEW_20260922.md:23 | C:\Users\35884\Documents\Spacecraft\过程文件\远端交付\审查工作树\docs\ROUND1_EXTERNAL_REVIEW_20260922.md:26 | C:\Users\35884\Documents\Spacecraft\过程文件\远端交付\审查工作树\docs\V2_EXECUTION_ORDER_20260922.md:23 | C:\Users\35884\Documents\Spacecraft\过程文件\远端交付\审查工作树\docs\handoffs\WINDOW_HANDOFF_20260924.md:101 | D:\py\DRL2\docs\ADAPTIVE_ROUND1_CLOSEOUT_20260921.md:250 | D:\py\DRL2\docs\INDEX.md:71 | D:\py\DRL2\docs\ROUND1_EXTERNAL_REVIEW_20260922.md:23 | D:\py\DRL2\docs\ROUND1_EXTERNAL_REVIEW_20260922.md:26 | D:\py\DRL2\docs\V2_EXECUTION_ORDER_20260922.md:23 | D:\py\DRL2\docs\handoffs\archive_202609\WINDOW_HANDOFF_20260924.md:101 | D:\py\DRL2_旧工程_20260930\docs\ADAPTIVE_ROUND1_CLOSEOUT_20260921.md:250,see literal evidence; no root cause inferred,historical statement; proposed/tested ambiguity retained for upper review
HISTORICAL_EVIDENCE_FAMILY: D2,see source document,UNRESOLVED,ORPHAN,UNRESOLVED: see evidence references; no authority inferred,"report family index, not a single verified trial",,**D2（关门 48 种子）已无必要**：D1 测出有效介入恰好为 0，且 75% 的锁存由策略自身造成，,C:\Users\35884\Documents\Spacecraft\v3-interface-worktree\docs\ADAPTIVE_ROUND1_CLOSEOUT_20260921.md:261 | C:\Users\35884\Documents\Spacecraft\v3-interface-worktree\docs\CLEANUP_20260909.md:26 | C:\Users\35884\Documents\Spacecraft\v3-interface-worktree\docs\COUPLING_DEFECT_DIAGNOSIS_ORDER_20260921.md:8 | C:\Users\35884\Documents\Spacecraft\v3-interface-worktree\docs\COUPLING_DEFECT_DIAGNOSIS_ORDER_20260921.md:94 | C:\Users\35884\Documents\Spacecraft\v3-interface-worktree\docs\COUPLING_DEFECT_DIAGNOSIS_ORDER_20260921.md:112 | C:\Users\35884\Documents\Spacecraft\v3-interface-worktree\docs\COUPLING_DEFECT_DIAGNOSIS_ORDER_20260921.md:190 | C:\Users\35884\Documents\Spacecraft\v3-interface-worktree\docs\COUPLING_DEFECT_DIAGNOSIS_ORDER_20260921.md:253 | C:\Users\35884\Documents\Spacecraft\v3-interface-worktree\docs\COUPLING_DEFECT_DIAGNOSIS_ORDER_20260921.md:254 | C:\Users\35884\Documents\Spacecraft\v3-interface-worktree\docs\COUPLING_DEFECT_DIAGNOSIS_ORDER_20260921.md:255 | C:\Users\35884\Documents\Spacecraft\v3-interface-worktree\docs\DECK_CLEARING_ORDER_20260922.md:69 | C:\Users\35884\Documents\Spacecraft\v3-interface-worktree\docs\ROUND1_EXTERNAL_REVIEW_20260922.md:156 | C:\Users\35884\Documents\Spacecraft\v3-interface-worktree\docs\V2_EXECUTION_ORDER_20260922.md:6 | C:\Users\35884\Documents\Spacecraft\v3-interface-worktree\docs\V2_EXECUTION_ORDER_20260922.md:147 | C:\Users\35884\Documents\Spacecraft\v3-interface-worktree\docs\handoffs\archive_202609\HANDOFF_UPPER_RULING_20260908.md:171 | C:\Users\35884\Documents\Spacecraft\v3-t0b-worktree\docs\ADAPTIVE_ROUND1_CLOSEOUT_20260921.md:261 | C:\Users\35884\Documents\Spacecraft\v3-t0b-worktree\docs\CLEANUP_20260909.md:26 | C:\Users\35884\Documents\Spacecraft\v3-t0b-worktree\docs\COUPLING_DEFECT_DIAGNOSIS_ORDER_20260921.md:8 | C:\Users\35884\Documents\Spacecraft\v3-t0b-worktree\docs\COUPLING_DEFECT_DIAGNOSIS_ORDER_20260921.md:94 | C:\Users\35884\Documents\Spacecraft\v3-t0b-worktree\docs\COUPLING_DEFECT_DIAGNOSIS_ORDER_20260921.md:112 | C:\Users\35884\Documents\Spacecraft\v3-t0b-worktree\docs\COUPLING_DEFECT_DIAGNOSIS_ORDER_20260921.md:190 | C:\Users\35884\Documents\Spacecraft\v3-t0b-worktree\docs\COUPLING_DEFECT_DIAGNOSIS_ORDER_20260921.md:253 | C:\Users\35884\Documents\Spacecraft\v3-t0b-worktree\docs\COUPLING_DEFECT_DIAGNOSIS_ORDER_20260921.md:254 | C:\Users\35884\Documents\Spacecraft\v3-t0b-worktree\docs\COUPLING_DEFECT_DIAGNOSIS_ORDER_20260921.md:255 | C:\Users\35884\Documents\Spacecraft\v3-t0b-worktree\docs\DECK_CLEARING_ORDER_20260922.md:69,see literal evidence; no root cause inferred,historical statement; proposed/tested ambiguity retained for upper review
HISTORICAL_EVIDENCE_FAMILY: D4,see source document,UNRESOLVED,ORPHAN,UNRESOLVED: see evidence references; no authority inferred,"report family index, not a single verified trial",,| D4 / D4c / D0b / D3（本轮新增） | `eval/adp/d4_staged_n*.json`、`d4c_retained_n*.json`、`d0b_stochastic_*.json`、`eval/cal2/*.json` |,C:\Users\35884\Documents\Spacecraft\v3-interface-worktree\docs\ADAPTIVE_ROUND1_CLOSEOUT_20260921.md:302 | C:\Users\35884\Documents\Spacecraft\v3-interface-worktree\docs\COUPLING_DEFECT_DIAGNOSIS_ORDER_20260921.md:8 | C:\Users\35884\Documents\Spacecraft\v3-interface-worktree\docs\COUPLING_DEFECT_DIAGNOSIS_ORDER_20260921.md:78 | C:\Users\35884\Documents\Spacecraft\v3-interface-worktree\docs\COUPLING_DEFECT_DIAGNOSIS_ORDER_20260921.md:94 | C:\Users\35884\Documents\Spacecraft\v3-interface-worktree\docs\COUPLING_DEFECT_DIAGNOSIS_ORDER_20260921.md:112 | C:\Users\35884\Documents\Spacecraft\v3-interface-worktree\docs\COUPLING_DEFECT_DIAGNOSIS_ORDER_20260921.md:190 | C:\Users\35884\Documents\Spacecraft\v3-interface-worktree\docs\COUPLING_DEFECT_DIAGNOSIS_ORDER_20260921.md:216 | C:\Users\35884\Documents\Spacecraft\v3-interface-worktree\docs\COUPLING_DEFECT_DIAGNOSIS_ORDER_20260921.md:255 | C:\Users\35884\Documents\Spacecraft\v3-interface-worktree\docs\COUPLING_DEFECT_DIAGNOSIS_ORDER_20260921.md:256 | C:\Users\35884\Documents\Spacecraft\v3-interface-worktree\docs\COUPLING_DEFECT_DIAGNOSIS_ORDER_20260921.md:259 | C:\Users\35884\Documents\Spacecraft\v3-interface-worktree\docs\EVIDENCE_INDEX.md:20 | C:\Users\35884\Documents\Spacecraft\v3-interface-worktree\docs\INDEX.md:30 | C:\Users\35884\Documents\Spacecraft\v3-interface-worktree\docs\ROUND1_EXTERNAL_REVIEW_20260922.md:23 | C:\Users\35884\Documents\Spacecraft\v3-interface-worktree\docs\ROUND1_EXTERNAL_REVIEW_20260922.md:26 | C:\Users\35884\Documents\Spacecraft\v3-t0b-worktree\docs\ADAPTIVE_ROUND1_CLOSEOUT_20260921.md:302 | C:\Users\35884\Documents\Spacecraft\v3-t0b-worktree\docs\COUPLING_DEFECT_DIAGNOSIS_ORDER_20260921.md:8 | C:\Users\35884\Documents\Spacecraft\v3-t0b-worktree\docs\COUPLING_DEFECT_DIAGNOSIS_ORDER_20260921.md:78 | C:\Users\35884\Documents\Spacecraft\v3-t0b-worktree\docs\COUPLING_DEFECT_DIAGNOSIS_ORDER_20260921.md:94 | C:\Users\35884\Documents\Spacecraft\v3-t0b-worktree\docs\COUPLING_DEFECT_DIAGNOSIS_ORDER_20260921.md:112 | C:\Users\35884\Documents\Spacecraft\v3-t0b-worktree\docs\COUPLING_DEFECT_DIAGNOSIS_ORDER_20260921.md:190 | C:\Users\35884\Documents\Spacecraft\v3-t0b-worktree\docs\COUPLING_DEFECT_DIAGNOSIS_ORDER_20260921.md:216 | C:\Users\35884\Documents\Spacecraft\v3-t0b-worktree\docs\COUPLING_DEFECT_DIAGNOSIS_ORDER_20260921.md:255 | C:\Users\35884\Documents\Spacecraft\v3-t0b-worktree\docs\COUPLING_DEFECT_DIAGNOSIS_ORDER_20260921.md:256 | C:\Users\35884\Documents\Spacecraft\v3-t0b-worktree\docs\COUPLING_DEFECT_DIAGNOSIS_ORDER_20260921.md:259,see literal evidence; no root cause inferred,historical statement; proposed/tested ambiguity retained for upper review
HISTORICAL_EVIDENCE_FAMILY: D4c,see source document,UNRESOLVED,ORPHAN,UNRESOLVED: see evidence references; no authority inferred,"report family index, not a single verified trial",,| D4 / D4c / D0b / D3（本轮新增） | `eval/adp/d4_staged_n*.json`、`d4c_retained_n*.json`、`d0b_stochastic_*.json`、`eval/cal2/*.json` |,C:\Users\35884\Documents\Spacecraft\v3-interface-worktree\docs\ADAPTIVE_ROUND1_CLOSEOUT_20260921.md:302 | C:\Users\35884\Documents\Spacecraft\v3-interface-worktree\docs\ROUND1_EXTERNAL_REVIEW_20260922.md:23 | C:\Users\35884\Documents\Spacecraft\v3-interface-worktree\docs\ROUND1_EXTERNAL_REVIEW_20260922.md:26 | C:\Users\35884\Documents\Spacecraft\v3-t0b-worktree\docs\ADAPTIVE_ROUND1_CLOSEOUT_20260921.md:302 | C:\Users\35884\Documents\Spacecraft\v3-t0b-worktree\docs\ROUND1_EXTERNAL_REVIEW_20260922.md:23 | C:\Users\35884\Documents\Spacecraft\v3-t0b-worktree\docs\ROUND1_EXTERNAL_REVIEW_20260922.md:26 | C:\Users\35884\Documents\Spacecraft\过程文件\协作\Git工作树\docs\ADAPTIVE_ROUND1_CLOSEOUT_20260921.md:302 | C:\Users\35884\Documents\Spacecraft\过程文件\协作\Git工作树\docs\ROUND1_EXTERNAL_REVIEW_20260922.md:23 | C:\Users\35884\Documents\Spacecraft\过程文件\协作\Git工作树\docs\ROUND1_EXTERNAL_REVIEW_20260922.md:26 | C:\Users\35884\Documents\Spacecraft\过程文件\远端交付\审查工作树\docs\ADAPTIVE_ROUND1_CLOSEOUT_20260921.md:302 | C:\Users\35884\Documents\Spacecraft\过程文件\远端交付\审查工作树\docs\ROUND1_EXTERNAL_REVIEW_20260922.md:23 | C:\Users\35884\Documents\Spacecraft\过程文件\远端交付\审查工作树\docs\ROUND1_EXTERNAL_REVIEW_20260922.md:26 | D:\py\DRL2\docs\ADAPTIVE_ROUND1_CLOSEOUT_20260921.md:302 | D:\py\DRL2\docs\ROUND1_EXTERNAL_REVIEW_20260922.md:23 | D:\py\DRL2\docs\ROUND1_EXTERNAL_REVIEW_20260922.md:26 | D:\py\DRL2_旧工程_20260930\docs\ADAPTIVE_ROUND1_CLOSEOUT_20260921.md:302 | D:\py\DRL2_旧工程_20260930\docs\ROUND1_EXTERNAL_REVIEW_20260922.md:23 | D:\py\DRL2_旧工程_20260930\docs\ROUND1_EXTERNAL_REVIEW_20260922.md:26,see literal evidence; no root cause inferred,historical statement; proposed/tested ambiguity retained for upper review
HISTORICAL_EVIDENCE_FAMILY: D3,see source document,UNRESOLVED,ORPHAN,UNRESOLVED: see evidence references; no authority inferred,"report family index, not a single verified trial",,| D4 / D4c / D0b / D3（本轮新增） | `eval/adp/d4_staged_n*.json`、`d4c_retained_n*.json`、`d0b_stochastic_*.json`、`eval/cal2/*.json` |,C:\Users\35884\Documents\Spacecraft\v3-interface-worktree\docs\ADAPTIVE_ROUND1_CLOSEOUT_20260921.md:302 | C:\Users\35884\Documents\Spacecraft\v3-interface-worktree\docs\CLEANUP_20260909.md:26 | C:\Users\35884\Documents\Spacecraft\v3-interface-worktree\docs\COUPLING_DEFECT_DIAGNOSIS_ORDER_20260921.md:112 | C:\Users\35884\Documents\Spacecraft\v3-interface-worktree\docs\COUPLING_DEFECT_DIAGNOSIS_ORDER_20260921.md:216 | C:\Users\35884\Documents\Spacecraft\v3-interface-worktree\docs\COUPLING_DEFECT_DIAGNOSIS_ORDER_20260921.md:256 | C:\Users\35884\Documents\Spacecraft\v3-interface-worktree\docs\ROUND1_EXTERNAL_REVIEW_20260922.md:23 | C:\Users\35884\Documents\Spacecraft\v3-interface-worktree\docs\ROUND1_EXTERNAL_REVIEW_20260922.md:26 | C:\Users\35884\Documents\Spacecraft\v3-t0b-worktree\docs\ADAPTIVE_ROUND1_CLOSEOUT_20260921.md:302 | C:\Users\35884\Documents\Spacecraft\v3-t0b-worktree\docs\CLEANUP_20260909.md:26 | C:\Users\35884\Documents\Spacecraft\v3-t0b-worktree\docs\COUPLING_DEFECT_DIAGNOSIS_ORDER_20260921.md:112 | C:\Users\35884\Documents\Spacecraft\v3-t0b-worktree\docs\COUPLING_DEFECT_DIAGNOSIS_ORDER_20260921.md:216 | C:\Users\35884\Documents\Spacecraft\v3-t0b-worktree\docs\COUPLING_DEFECT_DIAGNOSIS_ORDER_20260921.md:256 | C:\Users\35884\Documents\Spacecraft\v3-t0b-worktree\docs\ROUND1_EXTERNAL_REVIEW_20260922.md:23 | C:\Users\35884\Documents\Spacecraft\v3-t0b-worktree\docs\ROUND1_EXTERNAL_REVIEW_20260922.md:26 | C:\Users\35884\Documents\Spacecraft\过程文件\协作\Git工作树\docs\ADAPTIVE_ROUND1_CLOSEOUT_20260921.md:302 | C:\Users\35884\Documents\Spacecraft\过程文件\协作\Git工作树\docs\CLEANUP_20260909.md:26 | C:\Users\35884\Documents\Spacecraft\过程文件\协作\Git工作树\docs\COUPLING_DEFECT_DIAGNOSIS_ORDER_20260921.md:112 | C:\Users\35884\Documents\Spacecraft\过程文件\协作\Git工作树\docs\COUPLING_DEFECT_DIAGNOSIS_ORDER_20260921.md:216 | C:\Users\35884\Documents\Spacecraft\过程文件\协作\Git工作树\docs\COUPLING_DEFECT_DIAGNOSIS_ORDER_20260921.md:256 | C:\Users\35884\Documents\Spacecraft\过程文件\协作\Git工作树\docs\ROUND1_EXTERNAL_REVIEW_20260922.md:23 | C:\Users\35884\Documents\Spacecraft\过程文件\协作\Git工作树\docs\ROUND1_EXTERNAL_REVIEW_20260922.md:26 | C:\Users\35884\Documents\Spacecraft\过程文件\协作\Git工作树\docs\STOPPING_RUN_ORDER_LOWER_20261002.md:71 | C:\Users\35884\Documents\Spacecraft\过程文件\远端交付\审查工作树\docs\ADAPTIVE_ROUND1_CLOSEOUT_20260921.md:302 | C:\Users\35884\Documents\Spacecraft\过程文件\远端交付\审查工作树\docs\CLEANUP_20260909.md:26 | C:\Users\35884\Documents\Spacecraft\过程文件\远端交付\审查工作树\docs\COUPLING_DEFECT_DIAGNOSIS_ORDER_20260921.md:112,see literal evidence; no root cause inferred,historical statement; proposed/tested ambiguity retained for upper review
HISTORICAL_EVIDENCE_FAMILY: T1,see source document,UNRESOLVED,ORPHAN,UNRESOLVED: see evidence references; no authority inferred,"report family index, not a single verified trial",,- **不动** T1–T7，**不清理** T-A/T-B/T-C。,C:\Users\35884\Documents\Spacecraft\v3-interface-worktree\docs\DECK_CLEARING_ORDER_20260922.md:86 | C:\Users\35884\Documents\Spacecraft\v3-interface-worktree\docs\PREFLIGHT_DELIVERY_20260911.md:12 | C:\Users\35884\Documents\Spacecraft\v3-interface-worktree\docs\T0_AMENDMENT_20260910.md:73 | C:\Users\35884\Documents\Spacecraft\v3-interface-worktree\docs\V2_EXECUTION_ORDER_20260922.md:410 | C:\Users\35884\Documents\Spacecraft\v3-interface-worktree\docs\V2_FIX_ORDER_RATE_LIMIT_20260922.md:89 | C:\Users\35884\Documents\Spacecraft\v3-interface-worktree\docs\V2_FIX_ORDER_RATE_LIMIT_20260922.md:99 | C:\Users\35884\Documents\Spacecraft\v3-interface-worktree\docs\V2_FIX_ORDER_RATE_LIMIT_20260922.md:112 | C:\Users\35884\Documents\Spacecraft\v3-interface-worktree\docs\V2_INTERFACE_IMPLEMENTATION_20260922.md:5 | C:\Users\35884\Documents\Spacecraft\v3-interface-worktree\docs\V2_INTERFACE_IMPLEMENTATION_20260922.md:43 | C:\Users\35884\Documents\Spacecraft\v3-interface-worktree\docs\V2_INTERFACE_IMPLEMENTATION_20260922.md:56 | C:\Users\35884\Documents\Spacecraft\v3-interface-worktree\docs\V2_RATE_LIMIT_SWEEP_STOP_20260922.md:47 | C:\Users\35884\Documents\Spacecraft\v3-interface-worktree\docs\V2_REVIEW_RATE_LIMIT_20260922.md:102 | C:\Users\35884\Documents\Spacecraft\v3-t0b-worktree\docs\DECK_CLEARING_ORDER_20260922.md:86 | C:\Users\35884\Documents\Spacecraft\v3-t0b-worktree\docs\PREFLIGHT_DELIVERY_20260911.md:12 | C:\Users\35884\Documents\Spacecraft\v3-t0b-worktree\docs\T0_AMENDMENT_20260910.md:73 | C:\Users\35884\Documents\Spacecraft\v3-t0b-worktree\docs\V2_EXECUTION_ORDER_20260922.md:410 | C:\Users\35884\Documents\Spacecraft\v3-t0b-worktree\docs\V2_FIX_ORDER_RATE_LIMIT_20260922.md:89 | C:\Users\35884\Documents\Spacecraft\v3-t0b-worktree\docs\V2_FIX_ORDER_RATE_LIMIT_20260922.md:99 | C:\Users\35884\Documents\Spacecraft\v3-t0b-worktree\docs\V2_FIX_ORDER_RATE_LIMIT_20260922.md:112 | C:\Users\35884\Documents\Spacecraft\v3-t0b-worktree\docs\V2_INTERFACE_IMPLEMENTATION_20260922.md:5 | C:\Users\35884\Documents\Spacecraft\v3-t0b-worktree\docs\V2_INTERFACE_IMPLEMENTATION_20260922.md:43 | C:\Users\35884\Documents\Spacecraft\v3-t0b-worktree\docs\V2_INTERFACE_IMPLEMENTATION_20260922.md:56 | C:\Users\35884\Documents\Spacecraft\v3-t0b-worktree\docs\V2_RATE_LIMIT_SWEEP_STOP_20260922.md:47 | C:\Users\35884\Documents\Spacecraft\v3-t0b-worktree\docs\V2_REVIEW_RATE_LIMIT_20260922.md:102 | C:\Users\35884\Documents\Spacecraft\过程文件\协作\Git工作树\docs\DECK_CLEARING_ORDER_20260922.md:86 | C:\Users\35884\Documents\Spacecraft\过程文件\协作\Git工作树\docs\PREFLIGHT_DELIVERY_20260911.md:12,see literal evidence; no root cause inferred,historical statement; proposed/tested ambiguity retained for upper review
HISTORICAL_EVIDENCE_FAMILY: gamma,see source document,UNRESOLVED,ORPHAN,UNRESOLVED: see evidence references; no authority inferred,"report family index, not a single verified trial",,工程加入走廊、FOV、速度包络和 MPC 约束，尝试 V2.0/V2.1、bounded observation、MPC actor initialization、dense cost、dt reward、gamma 与 warmup。多项因素混杂且 Gate 为零，促使后续改为严格单因素。,C:\Users\35884\Documents\Spacecraft\v3-interface-worktree\docs\HISTORY.md:7 | C:\Users\35884\Documents\Spacecraft\v3-interface-worktree\docs\INTERFACE_SINGLE_FACTOR.md:15 | C:\Users\35884\Documents\Spacecraft\v3-interface-worktree\docs\SAC_MPC_COUPLING_DESIGN.md:49 | C:\Users\35884\Documents\Spacecraft\v3-interface-worktree\docs\SAC_MPC_COUPLING_DESIGN.md:54 | C:\Users\35884\Documents\Spacecraft\v3-interface-worktree\docs\SAC_MPC_COUPLING_DESIGN.md:330 | C:\Users\35884\Documents\Spacecraft\v3-interface-worktree\docs\SAC_MPC_COUPLING_DESIGN.md:338 | C:\Users\35884\Documents\Spacecraft\v3-interface-worktree\docs\SAC_MPC_COUPLING_DESIGN.md:345 | C:\Users\35884\Documents\Spacecraft\v3-interface-worktree\docs\TRAINING_PREFLIGHT_AUDIT_20260919.md:13 | C:\Users\35884\Documents\Spacecraft\v3-interface-worktree\docs\handoffs\archive_202609\HANDOFF_UPPER_RULING_20260908.md:39 | C:\Users\35884\Documents\Spacecraft\v3-t0b-worktree\docs\HISTORY.md:7 | C:\Users\35884\Documents\Spacecraft\v3-t0b-worktree\docs\INTERFACE_SINGLE_FACTOR.md:15 | C:\Users\35884\Documents\Spacecraft\v3-t0b-worktree\docs\SAC_MPC_COUPLING_DESIGN.md:49 | C:\Users\35884\Documents\Spacecraft\v3-t0b-worktree\docs\SAC_MPC_COUPLING_DESIGN.md:54 | C:\Users\35884\Documents\Spacecraft\v3-t0b-worktree\docs\SAC_MPC_COUPLING_DESIGN.md:330 | C:\Users\35884\Documents\Spacecraft\v3-t0b-worktree\docs\SAC_MPC_COUPLING_DESIGN.md:338 | C:\Users\35884\Documents\Spacecraft\v3-t0b-worktree\docs\SAC_MPC_COUPLING_DESIGN.md:345 | C:\Users\35884\Documents\Spacecraft\v3-t0b-worktree\docs\TRAINING_PREFLIGHT_AUDIT_20260919.md:13 | C:\Users\35884\Documents\Spacecraft\v3-t0b-worktree\docs\handoffs\archive_202609\HANDOFF_UPPER_RULING_20260908.md:39 | C:\Users\35884\Documents\Spacecraft\过程文件\协作\Git工作树\CLAUDE.md:72 | C:\Users\35884\Documents\Spacecraft\过程文件\协作\Git工作树\CLAUDE.md:73 | C:\Users\35884\Documents\Spacecraft\过程文件\协作\Git工作树\docs\HISTORY.md:7 | C:\Users\35884\Documents\Spacecraft\过程文件\协作\Git工作树\docs\INTERFACE_SINGLE_FACTOR.md:15 | C:\Users\35884\Documents\Spacecraft\过程文件\协作\Git工作树\docs\SAC_MPC_COUPLING_DESIGN.md:49 | C:\Users\35884\Documents\Spacecraft\过程文件\协作\Git工作树\docs\SAC_MPC_COUPLING_DESIGN.md:54 | C:\Users\35884\Documents\Spacecraft\过程文件\协作\Git工作树\docs\SAC_MPC_COUPLING_DESIGN.md:330 | C:\Users\35884\Documents\Spacecraft\过程文件\协作\Git工作树\docs\SAC_MPC_COUPLING_DESIGN.md:338 | C:\Users\35884\Documents\Spacecraft\过程文件\协作\Git工作树\docs\SAC_MPC_COUPLING_DESIGN.md:345 | C:\Users\35884\Documents\Spacecraft\过程文件\协作\Git工作树\docs\TRAINING_PREFLIGHT_AUDIT_20260919.md:13,see literal evidence; no root cause inferred,historical statement; proposed/tested ambiguity retained for upper review
HISTORICAL_EVIDENCE_FAMILY: T0,see source document,UNRESOLVED,ORPHAN,UNRESOLVED: see evidence references; no authority inferred,"report family index, not a single verified trial",,### T0–T12 训练、闸门与评估线,C:\Users\35884\Documents\Spacecraft\v3-interface-worktree\docs\INDEX.md:90 | C:\Users\35884\Documents\Spacecraft\v3-interface-worktree\docs\LOWER_EXECUTION_PLAN_20260910.md:4 | C:\Users\35884\Documents\Spacecraft\v3-interface-worktree\docs\LOWER_EXECUTION_PLAN_20260910.md:325 | C:\Users\35884\Documents\Spacecraft\v3-interface-worktree\docs\REPO_TIDY_ORDER_20260922.md:52 | C:\Users\35884\Documents\Spacecraft\v3-interface-worktree\docs\T0_AMENDMENT_20260910.md:73 | C:\Users\35884\Documents\Spacecraft\v3-interface-worktree\docs\T0_AMENDMENT_20260910.md:119 | C:\Users\35884\Documents\Spacecraft\v3-t0b-worktree\docs\INDEX.md:90 | C:\Users\35884\Documents\Spacecraft\v3-t0b-worktree\docs\LOWER_EXECUTION_PLAN_20260910.md:4 | C:\Users\35884\Documents\Spacecraft\v3-t0b-worktree\docs\LOWER_EXECUTION_PLAN_20260910.md:325 | C:\Users\35884\Documents\Spacecraft\v3-t0b-worktree\docs\REPO_TIDY_ORDER_20260922.md:52 | C:\Users\35884\Documents\Spacecraft\v3-t0b-worktree\docs\T0_AMENDMENT_20260910.md:73 | C:\Users\35884\Documents\Spacecraft\v3-t0b-worktree\docs\T0_AMENDMENT_20260910.md:119 | C:\Users\35884\Documents\Spacecraft\v3-t0b-worktree\docs\V3_METHOD_EXECUTION_ORDER_20260924.md:44 | C:\Users\35884\Documents\Spacecraft\v3-t0b-worktree\docs\V3_WORK_SUMMARY_AND_PLAN_20260924.md:26 | C:\Users\35884\Documents\Spacecraft\过程文件\协作\Git工作树\docs\INDEX.md:90 | C:\Users\35884\Documents\Spacecraft\过程文件\协作\Git工作树\docs\LOWER_EXECUTION_PLAN_20260910.md:4 | C:\Users\35884\Documents\Spacecraft\过程文件\协作\Git工作树\docs\LOWER_EXECUTION_PLAN_20260910.md:325 | C:\Users\35884\Documents\Spacecraft\过程文件\协作\Git工作树\docs\REPO_TIDY_ORDER_20260922.md:52 | C:\Users\35884\Documents\Spacecraft\过程文件\协作\Git工作树\docs\T0_AMENDMENT_20260910.md:73 | C:\Users\35884\Documents\Spacecraft\过程文件\协作\Git工作树\docs\T0_AMENDMENT_20260910.md:119 | C:\Users\35884\Documents\Spacecraft\过程文件\协作\Git工作树\docs\V3_METHOD_EXECUTION_ORDER_20260924.md:49 | C:\Users\35884\Documents\Spacecraft\过程文件\协作\Git工作树\docs\V3_WORK_SUMMARY_AND_PLAN_20260924.md:26 | C:\Users\35884\Documents\Spacecraft\过程文件\远端交付\审查工作树\docs\INDEX.md:90 | C:\Users\35884\Documents\Spacecraft\过程文件\远端交付\审查工作树\docs\LOWER_EXECUTION_PLAN_20260910.md:4 | C:\Users\35884\Documents\Spacecraft\过程文件\远端交付\审查工作树\docs\LOWER_EXECUTION_PLAN_20260910.md:325 | C:\Users\35884\Documents\Spacecraft\过程文件\远端交付\审查工作树\docs\REPO_TIDY_ORDER_20260922.md:52 | C:\Users\35884\Documents\Spacecraft\过程文件\远端交付\审查工作树\docs\T0_AMENDMENT_20260910.md:73 | C:\Users\35884\Documents\Spacecraft\过程文件\远端交付\审查工作树\docs\T0_AMENDMENT_20260910.md:119,see literal evidence; no root cause inferred,historical statement; proposed/tested ambiguity retained for upper review
HISTORICAL_EVIDENCE_FAMILY: T9,see source document,UNRESOLVED,ORPHAN,UNRESOLVED: see evidence references; no authority inferred,"report family index, not a single verified trial",,| `T7_T9_REVIEW_20260912.md` | T7–T9 第三方审查说明。 |,C:\Users\35884\Documents\Spacecraft\v3-interface-worktree\docs\INDEX.md:98 | C:\Users\35884\Documents\Spacecraft\v3-interface-worktree\docs\T10_EXECUTION_ORDER.md:223 | C:\Users\35884\Documents\Spacecraft\v3-t0b-worktree\docs\INDEX.md:98 | C:\Users\35884\Documents\Spacecraft\v3-t0b-worktree\docs\T10_EXECUTION_ORDER.md:223 | C:\Users\35884\Documents\Spacecraft\过程文件\协作\Git工作树\docs\INDEX.md:98 | C:\Users\35884\Documents\Spacecraft\过程文件\协作\Git工作树\docs\T10_EXECUTION_ORDER.md:223 | C:\Users\35884\Documents\Spacecraft\过程文件\远端交付\审查工作树\docs\INDEX.md:98 | C:\Users\35884\Documents\Spacecraft\过程文件\远端交付\审查工作树\docs\T10_EXECUTION_ORDER.md:223 | D:\py\DRL2\docs\INDEX.md:98 | D:\py\DRL2\docs\T10_EXECUTION_ORDER.md:223 | D:\py\DRL2_旧工程_20260930\docs\INDEX.md:98 | D:\py\DRL2_旧工程_20260930\docs\T10_EXECUTION_ORDER.md:223,see literal evidence; no root cause inferred,historical statement; proposed/tested ambiguity retained for upper review
HISTORICAL_EVIDENCE_FAMILY: T8,see source document,UNRESOLVED,ORPHAN,UNRESOLVED: see evidence references; no authority inferred,"report family index, not a single verified trial",,| `T8_EXECUTION_ORDER.md` | T8 评估与诊断单。 |,C:\Users\35884\Documents\Spacecraft\v3-interface-worktree\docs\INDEX.md:100 | C:\Users\35884\Documents\Spacecraft\v3-interface-worktree\docs\INDEX.md:101 | C:\Users\35884\Documents\Spacecraft\v3-interface-worktree\docs\T10_EXECUTION_ORDER.md:202 | C:\Users\35884\Documents\Spacecraft\v3-interface-worktree\docs\T10_EXECUTION_ORDER.md:209 | C:\Users\35884\Documents\Spacecraft\v3-interface-worktree\docs\T11_EXECUTION_ORDER.md:145 | C:\Users\35884\Documents\Spacecraft\v3-interface-worktree\docs\T11_EXECUTION_ORDER.md:165 | C:\Users\35884\Documents\Spacecraft\v3-interface-worktree\docs\T8_EXECUTION_ORDER.md:1 | C:\Users\35884\Documents\Spacecraft\v3-interface-worktree\docs\T8_GATE1_REPORT_20260912.md:1 | C:\Users\35884\Documents\Spacecraft\v3-interface-worktree\docs\TERMINAL_GATE_DEFECT.md:196 | C:\Users\35884\Documents\Spacecraft\v3-interface-worktree\docs\TERMINAL_GATE_DEFECT.md:221 | C:\Users\35884\Documents\Spacecraft\v3-interface-worktree\docs\handoffs\archive_202609\WINDOW_HANDOFF_20260913.md:145 | C:\Users\35884\Documents\Spacecraft\v3-t0b-worktree\docs\INDEX.md:100 | C:\Users\35884\Documents\Spacecraft\v3-t0b-worktree\docs\INDEX.md:101 | C:\Users\35884\Documents\Spacecraft\v3-t0b-worktree\docs\T10_EXECUTION_ORDER.md:202 | C:\Users\35884\Documents\Spacecraft\v3-t0b-worktree\docs\T10_EXECUTION_ORDER.md:209 | C:\Users\35884\Documents\Spacecraft\v3-t0b-worktree\docs\T11_EXECUTION_ORDER.md:145 | C:\Users\35884\Documents\Spacecraft\v3-t0b-worktree\docs\T11_EXECUTION_ORDER.md:165 | C:\Users\35884\Documents\Spacecraft\v3-t0b-worktree\docs\T8_EXECUTION_ORDER.md:1 | C:\Users\35884\Documents\Spacecraft\v3-t0b-worktree\docs\T8_GATE1_REPORT_20260912.md:1 | C:\Users\35884\Documents\Spacecraft\v3-t0b-worktree\docs\TERMINAL_GATE_DEFECT.md:196 | C:\Users\35884\Documents\Spacecraft\v3-t0b-worktree\docs\TERMINAL_GATE_DEFECT.md:221 | C:\Users\35884\Documents\Spacecraft\v3-t0b-worktree\docs\handoffs\archive_202609\WINDOW_HANDOFF_20260913.md:145 | C:\Users\35884\Documents\Spacecraft\过程文件\协作\Git工作树\docs\INDEX.md:100 | C:\Users\35884\Documents\Spacecraft\过程文件\协作\Git工作树\docs\INDEX.md:101 | C:\Users\35884\Documents\Spacecraft\过程文件\协作\Git工作树\docs\T10_EXECUTION_ORDER.md:202 | C:\Users\35884\Documents\Spacecraft\过程文件\协作\Git工作树\docs\T10_EXECUTION_ORDER.md:209 | C:\Users\35884\Documents\Spacecraft\过程文件\协作\Git工作树\docs\T11_EXECUTION_ORDER.md:145 | C:\Users\35884\Documents\Spacecraft\过程文件\协作\Git工作树\docs\T11_EXECUTION_ORDER.md:165 | C:\Users\35884\Documents\Spacecraft\过程文件\协作\Git工作树\docs\T8_EXECUTION_ORDER.md:1,see literal evidence; no root cause inferred,historical statement; proposed/tested ambiguity retained for upper review
HISTORICAL_EVIDENCE_FAMILY: T10,see source document,UNRESOLVED,ORPHAN,UNRESOLVED: see evidence references; no authority inferred,"report family index, not a single verified trial",,| `T10_EXECUTION_ORDER.md` | T10 执行单。 |,C:\Users\35884\Documents\Spacecraft\v3-interface-worktree\docs\INDEX.md:102 | C:\Users\35884\Documents\Spacecraft\v3-interface-worktree\docs\INDEX.md:103 | C:\Users\35884\Documents\Spacecraft\v3-interface-worktree\docs\INDEX.md:104 | C:\Users\35884\Documents\Spacecraft\v3-interface-worktree\docs\INDEX.md:105 | C:\Users\35884\Documents\Spacecraft\v3-interface-worktree\docs\T10_EXECUTION_ORDER.md:1 | C:\Users\35884\Documents\Spacecraft\v3-interface-worktree\docs\T10_EXECUTION_ORDER.md:73 | C:\Users\35884\Documents\Spacecraft\v3-interface-worktree\docs\T10_EXECUTION_ORDER.md:115 | C:\Users\35884\Documents\Spacecraft\v3-interface-worktree\docs\T10_EXECUTION_ORDER.md:138 | C:\Users\35884\Documents\Spacecraft\v3-interface-worktree\docs\T10_EXECUTION_ORDER.md:224 | C:\Users\35884\Documents\Spacecraft\v3-interface-worktree\docs\T10_GATE_A_REPORT_20260913.md:1 | C:\Users\35884\Documents\Spacecraft\v3-interface-worktree\docs\T11_EXECUTION_ORDER.md:63 | C:\Users\35884\Documents\Spacecraft\v3-interface-worktree\docs\T11_EXECUTION_ORDER.md:64 | C:\Users\35884\Documents\Spacecraft\v3-t0b-worktree\docs\INDEX.md:102 | C:\Users\35884\Documents\Spacecraft\v3-t0b-worktree\docs\INDEX.md:103 | C:\Users\35884\Documents\Spacecraft\v3-t0b-worktree\docs\INDEX.md:104 | C:\Users\35884\Documents\Spacecraft\v3-t0b-worktree\docs\INDEX.md:105 | C:\Users\35884\Documents\Spacecraft\v3-t0b-worktree\docs\T10_EXECUTION_ORDER.md:1 | C:\Users\35884\Documents\Spacecraft\v3-t0b-worktree\docs\T10_EXECUTION_ORDER.md:73 | C:\Users\35884\Documents\Spacecraft\v3-t0b-worktree\docs\T10_EXECUTION_ORDER.md:115 | C:\Users\35884\Documents\Spacecraft\v3-t0b-worktree\docs\T10_EXECUTION_ORDER.md:138 | C:\Users\35884\Documents\Spacecraft\v3-t0b-worktree\docs\T10_EXECUTION_ORDER.md:224 | C:\Users\35884\Documents\Spacecraft\v3-t0b-worktree\docs\T10_GATE_A_REPORT_20260913.md:1 | C:\Users\35884\Documents\Spacecraft\v3-t0b-worktree\docs\T11_EXECUTION_ORDER.md:63 | C:\Users\35884\Documents\Spacecraft\v3-t0b-worktree\docs\T11_EXECUTION_ORDER.md:64 | C:\Users\35884\Documents\Spacecraft\过程文件\协作\Git工作树\docs\INDEX.md:102 | C:\Users\35884\Documents\Spacecraft\过程文件\协作\Git工作树\docs\INDEX.md:103 | C:\Users\35884\Documents\Spacecraft\过程文件\协作\Git工作树\docs\INDEX.md:104 | C:\Users\35884\Documents\Spacecraft\过程文件\协作\Git工作树\docs\INDEX.md:105 | C:\Users\35884\Documents\Spacecraft\过程文件\协作\Git工作树\docs\T10_EXECUTION_ORDER.md:1 | C:\Users\35884\Documents\Spacecraft\过程文件\协作\Git工作树\docs\T10_EXECUTION_ORDER.md:73 | C:\Users\35884\Documents\Spacecraft\过程文件\协作\Git工作树\docs\T10_EXECUTION_ORDER.md:115,see literal evidence; no root cause inferred,historical statement; proposed/tested ambiguity retained for upper review
HISTORICAL_EVIDENCE_FAMILY: T11,see source document,UNRESOLVED,ORPHAN,UNRESOLVED: see evidence references; no authority inferred,"report family index, not a single verified trial",,| `T11_EXECUTION_ORDER.md` | T11 执行单。 |,C:\Users\35884\Documents\Spacecraft\v3-interface-worktree\docs\INDEX.md:106 | C:\Users\35884\Documents\Spacecraft\v3-interface-worktree\docs\INDEX.md:107 | C:\Users\35884\Documents\Spacecraft\v3-interface-worktree\docs\INDEX.md:108 | C:\Users\35884\Documents\Spacecraft\v3-interface-worktree\docs\INDEX.md:109 | C:\Users\35884\Documents\Spacecraft\v3-interface-worktree\docs\T11_EXECUTION_ORDER.md:1 | C:\Users\35884\Documents\Spacecraft\v3-interface-worktree\docs\T11_EXECUTION_ORDER.md:50 | C:\Users\35884\Documents\Spacecraft\v3-interface-worktree\docs\T11_EXECUTION_ORDER.md:64 | C:\Users\35884\Documents\Spacecraft\v3-interface-worktree\docs\T11_EXECUTION_ORDER.md:65 | C:\Users\35884\Documents\Spacecraft\v3-interface-worktree\docs\T11_GATE_B_REPORT_20260913.md:1 | C:\Users\35884\Documents\Spacecraft\v3-interface-worktree\docs\T11_GATE_B_RULING.md:23 | C:\Users\35884\Documents\Spacecraft\v3-t0b-worktree\docs\INDEX.md:106 | C:\Users\35884\Documents\Spacecraft\v3-t0b-worktree\docs\INDEX.md:107 | C:\Users\35884\Documents\Spacecraft\v3-t0b-worktree\docs\INDEX.md:108 | C:\Users\35884\Documents\Spacecraft\v3-t0b-worktree\docs\INDEX.md:109 | C:\Users\35884\Documents\Spacecraft\v3-t0b-worktree\docs\T11_EXECUTION_ORDER.md:1 | C:\Users\35884\Documents\Spacecraft\v3-t0b-worktree\docs\T11_EXECUTION_ORDER.md:50 | C:\Users\35884\Documents\Spacecraft\v3-t0b-worktree\docs\T11_EXECUTION_ORDER.md:64 | C:\Users\35884\Documents\Spacecraft\v3-t0b-worktree\docs\T11_EXECUTION_ORDER.md:65 | C:\Users\35884\Documents\Spacecraft\v3-t0b-worktree\docs\T11_GATE_B_REPORT_20260913.md:1 | C:\Users\35884\Documents\Spacecraft\v3-t0b-worktree\docs\T11_GATE_B_RULING.md:23 | C:\Users\35884\Documents\Spacecraft\过程文件\协作\Git工作树\docs\INDEX.md:106 | C:\Users\35884\Documents\Spacecraft\过程文件\协作\Git工作树\docs\INDEX.md:107 | C:\Users\35884\Documents\Spacecraft\过程文件\协作\Git工作树\docs\INDEX.md:108 | C:\Users\35884\Documents\Spacecraft\过程文件\协作\Git工作树\docs\INDEX.md:109 | C:\Users\35884\Documents\Spacecraft\过程文件\协作\Git工作树\docs\T11_EXECUTION_ORDER.md:1 | C:\Users\35884\Documents\Spacecraft\过程文件\协作\Git工作树\docs\T11_EXECUTION_ORDER.md:50 | C:\Users\35884\Documents\Spacecraft\过程文件\协作\Git工作树\docs\T11_EXECUTION_ORDER.md:64 | C:\Users\35884\Documents\Spacecraft\过程文件\协作\Git工作树\docs\T11_EXECUTION_ORDER.md:65 | C:\Users\35884\Documents\Spacecraft\过程文件\协作\Git工作树\docs\T11_GATE_B_REPORT_20260913.md:1 | C:\Users\35884\Documents\Spacecraft\过程文件\协作\Git工作树\docs\T11_GATE_B_RULING.md:23 | C:\Users\35884\Documents\Spacecraft\过程文件\远端交付\审查工作树\docs\INDEX.md:106,see literal evidence; no root cause inferred,historical statement; proposed/tested ambiguity retained for upper review
HISTORICAL_EVIDENCE_FAMILY: T5,see source document,UNRESOLVED,ORPHAN,UNRESOLVED: see evidence references; no authority inferred,"report family index, not a single verified trial",,> **当前授权范围：T0 → T5。T6、T7 未授权，必须等用户单独拍板。**,C:\Users\35884\Documents\Spacecraft\v3-interface-worktree\docs\LOWER_EXECUTION_PLAN_20260910.md:4 | C:\Users\35884\Documents\Spacecraft\v3-interface-worktree\docs\LOWER_EXECUTION_PLAN_20260910.md:337 | C:\Users\35884\Documents\Spacecraft\v3-interface-worktree\docs\PREFLIGHT_DELIVERY_20260911.md:34 | C:\Users\35884\Documents\Spacecraft\v3-interface-worktree\docs\T0_AMENDMENT_20260910.md:146 | C:\Users\35884\Documents\Spacecraft\v3-t0b-worktree\docs\LOWER_EXECUTION_PLAN_20260910.md:4 | C:\Users\35884\Documents\Spacecraft\v3-t0b-worktree\docs\LOWER_EXECUTION_PLAN_20260910.md:337 | C:\Users\35884\Documents\Spacecraft\v3-t0b-worktree\docs\PREFLIGHT_DELIVERY_20260911.md:34 | C:\Users\35884\Documents\Spacecraft\v3-t0b-worktree\docs\T0_AMENDMENT_20260910.md:146 | C:\Users\35884\Documents\Spacecraft\过程文件\协作\Git工作树\docs\LOWER_EXECUTION_PLAN_20260910.md:4 | C:\Users\35884\Documents\Spacecraft\过程文件\协作\Git工作树\docs\LOWER_EXECUTION_PLAN_20260910.md:337 | C:\Users\35884\Documents\Spacecraft\过程文件\协作\Git工作树\docs\PREFLIGHT_DELIVERY_20260911.md:34 | C:\Users\35884\Documents\Spacecraft\过程文件\协作\Git工作树\docs\T0_AMENDMENT_20260910.md:146 | C:\Users\35884\Documents\Spacecraft\过程文件\远端交付\审查工作树\docs\LOWER_EXECUTION_PLAN_20260910.md:4 | C:\Users\35884\Documents\Spacecraft\过程文件\远端交付\审查工作树\docs\LOWER_EXECUTION_PLAN_20260910.md:337 | C:\Users\35884\Documents\Spacecraft\过程文件\远端交付\审查工作树\docs\PREFLIGHT_DELIVERY_20260911.md:34 | C:\Users\35884\Documents\Spacecraft\过程文件\远端交付\审查工作树\docs\T0_AMENDMENT_20260910.md:146 | D:\py\DRL2\docs\LOWER_EXECUTION_PLAN_20260910.md:4 | D:\py\DRL2\docs\LOWER_EXECUTION_PLAN_20260910.md:337 | D:\py\DRL2\docs\PREFLIGHT_DELIVERY_20260911.md:34 | D:\py\DRL2\docs\T0_AMENDMENT_20260910.md:146 | D:\py\DRL2_旧工程_20260930\docs\LOWER_EXECUTION_PLAN_20260910.md:4 | D:\py\DRL2_旧工程_20260930\docs\LOWER_EXECUTION_PLAN_20260910.md:337 | D:\py\DRL2_旧工程_20260930\docs\PREFLIGHT_DELIVERY_20260911.md:34 | D:\py\DRL2_旧工程_20260930\docs\T0_AMENDMENT_20260910.md:146,see literal evidence; no root cause inferred,historical statement; proposed/tested ambiguity retained for upper review
HISTORICAL_EVIDENCE_FAMILY: P0,see source document,UNRESOLVED,H02_pure_mpc_horizons,UNRESOLVED: see evidence references; no authority inferred,"report family index, not a single verified trial",,# P0: tested-horizon persistent failures (2026-09-10),C:\Users\35884\Documents\Spacecraft\v3-interface-worktree\docs\P0_HORIZON_PERSISTENT_FAILURES.md:1 | C:\Users\35884\Documents\Spacecraft\v3-t0b-worktree\docs\P0_HORIZON_PERSISTENT_FAILURES.md:1 | C:\Users\35884\Documents\Spacecraft\过程文件\协作\Git工作树\docs\P0_HORIZON_PERSISTENT_FAILURES.md:1 | C:\Users\35884\Documents\Spacecraft\过程文件\远端交付\审查工作树\docs\P0_HORIZON_PERSISTENT_FAILURES.md:1 | D:\py\DRL2\docs\P0_HORIZON_PERSISTENT_FAILURES.md:1 | D:\py\DRL2_旧工程_20260930\docs\P0_HORIZON_PERSISTENT_FAILURES.md:1,see literal evidence; no root cause inferred,historical statement; proposed/tested ambiguity retained for upper review
HISTORICAL_EVIDENCE_FAMILY: horizon,see source document,UNRESOLVED,H02_pure_mpc_horizons,UNRESOLVED: see evidence references; no authority inferred,"report family index, not a single verified trial",,# P0: tested-horizon persistent failures (2026-09-10),C:\Users\35884\Documents\Spacecraft\v3-interface-worktree\docs\P0_HORIZON_PERSISTENT_FAILURES.md:1 | C:\Users\35884\Documents\Spacecraft\v3-interface-worktree\docs\P0_HORIZON_PERSISTENT_FAILURES.md:3 | C:\Users\35884\Documents\Spacecraft\v3-interface-worktree\docs\P0_HORIZON_PERSISTENT_FAILURES.md:22 | C:\Users\35884\Documents\Spacecraft\v3-interface-worktree\docs\P0_HORIZON_PERSISTENT_FAILURES.md:25 | C:\Users\35884\Documents\Spacecraft\v3-t0b-worktree\docs\P0_HORIZON_PERSISTENT_FAILURES.md:1 | C:\Users\35884\Documents\Spacecraft\v3-t0b-worktree\docs\P0_HORIZON_PERSISTENT_FAILURES.md:3 | C:\Users\35884\Documents\Spacecraft\v3-t0b-worktree\docs\P0_HORIZON_PERSISTENT_FAILURES.md:22 | C:\Users\35884\Documents\Spacecraft\v3-t0b-worktree\docs\P0_HORIZON_PERSISTENT_FAILURES.md:25 | C:\Users\35884\Documents\Spacecraft\过程文件\协作\Git工作树\docs\P0_HORIZON_PERSISTENT_FAILURES.md:1 | C:\Users\35884\Documents\Spacecraft\过程文件\协作\Git工作树\docs\P0_HORIZON_PERSISTENT_FAILURES.md:3 | C:\Users\35884\Documents\Spacecraft\过程文件\协作\Git工作树\docs\P0_HORIZON_PERSISTENT_FAILURES.md:22 | C:\Users\35884\Documents\Spacecraft\过程文件\协作\Git工作树\docs\P0_HORIZON_PERSISTENT_FAILURES.md:25 | C:\Users\35884\Documents\Spacecraft\过程文件\远端交付\审查工作树\docs\P0_HORIZON_PERSISTENT_FAILURES.md:1 | C:\Users\35884\Documents\Spacecraft\过程文件\远端交付\审查工作树\docs\P0_HORIZON_PERSISTENT_FAILURES.md:3 | C:\Users\35884\Documents\Spacecraft\过程文件\远端交付\审查工作树\docs\P0_HORIZON_PERSISTENT_FAILURES.md:22 | C:\Users\35884\Documents\Spacecraft\过程文件\远端交付\审查工作树\docs\P0_HORIZON_PERSISTENT_FAILURES.md:25 | D:\py\DRL2\docs\P0_HORIZON_PERSISTENT_FAILURES.md:1 | D:\py\DRL2\docs\P0_HORIZON_PERSISTENT_FAILURES.md:3 | D:\py\DRL2\docs\P0_HORIZON_PERSISTENT_FAILURES.md:22 | D:\py\DRL2\docs\P0_HORIZON_PERSISTENT_FAILURES.md:25 | D:\py\DRL2_旧工程_20260930\docs\P0_HORIZON_PERSISTENT_FAILURES.md:1 | D:\py\DRL2_旧工程_20260930\docs\P0_HORIZON_PERSISTENT_FAILURES.md:3 | D:\py\DRL2_旧工程_20260930\docs\P0_HORIZON_PERSISTENT_FAILURES.md:22 | D:\py\DRL2_旧工程_20260930\docs\P0_HORIZON_PERSISTENT_FAILURES.md:25,see literal evidence; no root cause inferred,historical statement; proposed/tested ambiguity retained for upper review
HISTORICAL_EVIDENCE_FAMILY: T0,see source document,UNRESOLVED,H02_pure_mpc_horizons,UNRESOLVED: see evidence references; no authority inferred,"report family index, not a single verified trial",,"Baseline `3e5694c`; T0 parent `ca42c3a`. Full-state / perception=None / precapture_planning, fixed reference, analytic_local, frozen attitude reference, one episode per seed and horizon. No MPC, task, reward or solver changes.",C:\Users\35884\Documents\Spacecraft\v3-interface-worktree\docs\P0_HORIZON_PERSISTENT_FAILURES.md:3 | C:\Users\35884\Documents\Spacecraft\v3-t0b-worktree\docs\P0_HORIZON_PERSISTENT_FAILURES.md:3 | C:\Users\35884\Documents\Spacecraft\过程文件\协作\Git工作树\docs\P0_HORIZON_PERSISTENT_FAILURES.md:3 | C:\Users\35884\Documents\Spacecraft\过程文件\远端交付\审查工作树\docs\P0_HORIZON_PERSISTENT_FAILURES.md:3 | D:\py\DRL2\docs\P0_HORIZON_PERSISTENT_FAILURES.md:3 | D:\py\DRL2_旧工程_20260930\docs\P0_HORIZON_PERSISTENT_FAILURES.md:3,see literal evidence; no root cause inferred,historical statement; proposed/tested ambiguity retained for upper review
HISTORICAL_EVIDENCE_FAMILY: T6,see source document,UNRESOLVED,H02_pure_mpc_horizons,UNRESOLVED: see evidence references; no authority inferred,"report family index, not a single verified trial",,"- No training, no model loading, no T6/T7 interface change. The previous unsubstantiated h30/h35 and diagnostics-disabled compute numbers remain excluded.",C:\Users\35884\Documents\Spacecraft\v3-interface-worktree\docs\P0_HORIZON_PERSISTENT_FAILURES.md:69 | C:\Users\35884\Documents\Spacecraft\v3-t0b-worktree\docs\P0_HORIZON_PERSISTENT_FAILURES.md:69 | C:\Users\35884\Documents\Spacecraft\过程文件\协作\Git工作树\docs\P0_HORIZON_PERSISTENT_FAILURES.md:69 | C:\Users\35884\Documents\Spacecraft\过程文件\远端交付\审查工作树\docs\P0_HORIZON_PERSISTENT_FAILURES.md:69 | D:\py\DRL2\docs\P0_HORIZON_PERSISTENT_FAILURES.md:69 | D:\py\DRL2_旧工程_20260930\docs\P0_HORIZON_PERSISTENT_FAILURES.md:69,see literal evidence; no root cause inferred,historical statement; proposed/tested ambiguity retained for upper review
HISTORICAL_EVIDENCE_FAMILY: T7,see source document,UNRESOLVED,H02_pure_mpc_horizons,UNRESOLVED: see evidence references; no authority inferred,"report family index, not a single verified trial",,"- No training, no model loading, no T6/T7 interface change. The previous unsubstantiated h30/h35 and diagnostics-disabled compute numbers remain excluded.",C:\Users\35884\Documents\Spacecraft\v3-interface-worktree\docs\P0_HORIZON_PERSISTENT_FAILURES.md:69 | C:\Users\35884\Documents\Spacecraft\v3-t0b-worktree\docs\P0_HORIZON_PERSISTENT_FAILURES.md:69 | C:\Users\35884\Documents\Spacecraft\过程文件\协作\Git工作树\docs\P0_HORIZON_PERSISTENT_FAILURES.md:69 | C:\Users\35884\Documents\Spacecraft\过程文件\远端交付\审查工作树\docs\P0_HORIZON_PERSISTENT_FAILURES.md:69 | D:\py\DRL2\docs\P0_HORIZON_PERSISTENT_FAILURES.md:69 | D:\py\DRL2_旧工程_20260930\docs\P0_HORIZON_PERSISTENT_FAILURES.md:69,see literal evidence; no root cause inferred,historical statement; proposed/tested ambiguity retained for upper review
HISTORICAL_EVIDENCE_FAMILY: P1,see source document,UNRESOLVED,ORPHAN,UNRESOLVED: see evidence references; no authority inferred,"report family index, not a single verified trial",,"Only the seed(s) not rescued by P1-A are evaluated. The fixed grid is radial steps {0.1,0.2,0.4,0.8,1.6} m per 2 s decision × starts {0,60,120} s × horizons {20,35}. Full-state, no training, no MPC/task/reward changes.",C:\Users\35884\Documents\Spacecraft\v3-interface-worktree\docs\P1_B_APPROACH_RATE_SCAN.md:3 | C:\Users\35884\Documents\Spacecraft\v3-interface-worktree\docs\P1_B_APPROACH_RATE_SCAN.md:7 | C:\Users\35884\Documents\Spacecraft\v3-interface-worktree\docs\PERCEPTION_PRECAPTURE_INTEGRATION.md:96 | C:\Users\35884\Documents\Spacecraft\v3-t0b-worktree\docs\P1_B_APPROACH_RATE_SCAN.md:3 | C:\Users\35884\Documents\Spacecraft\v3-t0b-worktree\docs\P1_B_APPROACH_RATE_SCAN.md:7 | C:\Users\35884\Documents\Spacecraft\v3-t0b-worktree\docs\PERCEPTION_PRECAPTURE_INTEGRATION.md:96 | C:\Users\35884\Documents\Spacecraft\过程文件\协作\Git工作树\docs\P1_B_APPROACH_RATE_SCAN.md:3 | C:\Users\35884\Documents\Spacecraft\过程文件\协作\Git工作树\docs\P1_B_APPROACH_RATE_SCAN.md:7 | C:\Users\35884\Documents\Spacecraft\过程文件\协作\Git工作树\docs\PERCEPTION_PRECAPTURE_INTEGRATION.md:96 | C:\Users\35884\Documents\Spacecraft\过程文件\远端交付\审查工作树\docs\P1_B_APPROACH_RATE_SCAN.md:3 | C:\Users\35884\Documents\Spacecraft\过程文件\远端交付\审查工作树\docs\P1_B_APPROACH_RATE_SCAN.md:7 | C:\Users\35884\Documents\Spacecraft\过程文件\远端交付\审查工作树\docs\PERCEPTION_PRECAPTURE_INTEGRATION.md:96 | D:\py\DRL2\docs\P1_B_APPROACH_RATE_SCAN.md:3 | D:\py\DRL2\docs\P1_B_APPROACH_RATE_SCAN.md:7 | D:\py\DRL2\docs\PERCEPTION_PRECAPTURE_INTEGRATION.md:96 | D:\py\DRL2_旧工程_20260930\docs\P1_B_APPROACH_RATE_SCAN.md:3 | D:\py\DRL2_旧工程_20260930\docs\P1_B_APPROACH_RATE_SCAN.md:7 | D:\py\DRL2_旧工程_20260930\docs\PERCEPTION_PRECAPTURE_INTEGRATION.md:96,see literal evidence; no root cause inferred,historical statement; proposed/tested ambiguity retained for upper review
HISTORICAL_EVIDENCE_FAMILY: P3,see source document,UNRESOLVED,ORPHAN,UNRESOLVED: see evidence references; no authority inferred,"report family index, not a single verified trial",,"层有稳定正贡献,则一路做到 P3;若 T12 未显出稳定正贡献,则**先不做 P3**,只补 P1/P2",C:\Users\35884\Documents\Spacecraft\v3-interface-worktree\docs\PERCEPTION_PRECAPTURE_INTEGRATION.md:96 | C:\Users\35884\Documents\Spacecraft\v3-t0b-worktree\docs\PERCEPTION_PRECAPTURE_INTEGRATION.md:96 | C:\Users\35884\Documents\Spacecraft\过程文件\协作\Git工作树\docs\PERCEPTION_PRECAPTURE_INTEGRATION.md:96 | C:\Users\35884\Documents\Spacecraft\过程文件\远端交付\审查工作树\docs\PERCEPTION_PRECAPTURE_INTEGRATION.md:96 | D:\py\DRL2\docs\PERCEPTION_PRECAPTURE_INTEGRATION.md:96 | D:\py\DRL2_旧工程_20260930\docs\PERCEPTION_PRECAPTURE_INTEGRATION.md:96,see literal evidence; no root cause inferred,historical statement; proposed/tested ambiguity retained for upper review
HISTORICAL_EVIDENCE_FAMILY: P2,see source document,UNRESOLVED,ORPHAN,UNRESOLVED: see evidence references; no authority inferred,"report family index, not a single verified trial",,"层有稳定正贡献,则一路做到 P3;若 T12 未显出稳定正贡献,则**先不做 P3**,只补 P1/P2",C:\Users\35884\Documents\Spacecraft\v3-interface-worktree\docs\PERCEPTION_PRECAPTURE_INTEGRATION.md:96 | C:\Users\35884\Documents\Spacecraft\v3-t0b-worktree\docs\PERCEPTION_PRECAPTURE_INTEGRATION.md:96 | C:\Users\35884\Documents\Spacecraft\v3-t0b-worktree\docs\V3_METHOD_EXECUTION_ORDER_20260924.md:62 | C:\Users\35884\Documents\Spacecraft\v3-t0b-worktree\docs\V3_T0_INTERFACE_FIX_ORDER_20260924.md:110 | C:\Users\35884\Documents\Spacecraft\过程文件\协作\Git工作树\docs\PERCEPTION_PRECAPTURE_INTEGRATION.md:96 | C:\Users\35884\Documents\Spacecraft\过程文件\协作\Git工作树\docs\V3_METHOD_EXECUTION_ORDER_20260924.md:67 | C:\Users\35884\Documents\Spacecraft\过程文件\协作\Git工作树\docs\V3_T0_INTERFACE_FIX_ORDER_20260924.md:110 | C:\Users\35884\Documents\Spacecraft\过程文件\远端交付\审查工作树\docs\PERCEPTION_PRECAPTURE_INTEGRATION.md:96 | C:\Users\35884\Documents\Spacecraft\过程文件\远端交付\审查工作树\docs\V3_METHOD_EXECUTION_ORDER_20260924.md:67 | C:\Users\35884\Documents\Spacecraft\过程文件\远端交付\审查工作树\docs\V3_T0_INTERFACE_FIX_ORDER_20260924.md:110 | D:\py\DRL2\docs\PERCEPTION_PRECAPTURE_INTEGRATION.md:96 | D:\py\DRL2\docs\V3_METHOD_EXECUTION_ORDER_20260924.md:67 | D:\py\DRL2\docs\V3_T0_INTERFACE_FIX_ORDER_20260924.md:110 | D:\py\DRL2_旧工程_20260930\docs\PERCEPTION_PRECAPTURE_INTEGRATION.md:96 | D:\py\DRL2_旧工程_20260930\docs\V3_METHOD_EXECUTION_ORDER_20260924.md:67 | D:\py\DRL2_旧工程_20260930\docs\V3_T0_INTERFACE_FIX_ORDER_20260924.md:110 | C:\Users\35884\Documents\Spacecraft\过程文件\历史过程\窗口交接_20260930\WINDOW_HANDOFF_20260930.md:11 | C:\Users\35884\Documents\Spacecraft\过程文件\远端交付\审查工作树\logs\INDEX.md:10,see literal evidence; no root cause inferred,historical statement; proposed/tested ambiguity retained for upper review
HISTORICAL_EVIDENCE_FAMILY: horizon,see source document,UNRESOLVED,H05_probe2_noncoop,UNRESOLVED: see evidence references; no authority inferred,"report family index, not a single verified trial",,--episodes 48 --seed 262000 --horizon 35 --parametrization arrival_condition \,C:\Users\35884\Documents\Spacecraft\v3-interface-worktree\docs\PRECAPTURE_NONCOOP_S1_AND_PROBES.md:77 | C:\Users\35884\Documents\Spacecraft\v3-t0b-worktree\docs\PRECAPTURE_NONCOOP_S1_AND_PROBES.md:77 | C:\Users\35884\Documents\Spacecraft\过程文件\协作\Git工作树\docs\PRECAPTURE_NONCOOP_S1_AND_PROBES.md:77 | C:\Users\35884\Documents\Spacecraft\过程文件\远端交付\审查工作树\docs\PRECAPTURE_NONCOOP_S1_AND_PROBES.md:77 | D:\py\DRL2\docs\PRECAPTURE_NONCOOP_S1_AND_PROBES.md:77 | D:\py\DRL2_旧工程_20260930\docs\PRECAPTURE_NONCOOP_S1_AND_PROBES.md:77,see literal evidence; no root cause inferred,historical statement; proposed/tested ambiguity retained for upper review
HISTORICAL_EVIDENCE_FAMILY: T12,see source document,UNRESOLVED,H05_probe2_noncoop,UNRESOLVED: see evidence references; no authority inferred,"report family index, not a single verified trial",,"回合结束,取更优者),且必须对 T12 训练模型运行(模型在下层机器)。现有 `replay_hybrid_policy`",C:\Users\35884\Documents\Spacecraft\v3-interface-worktree\docs\PRECAPTURE_NONCOOP_S1_AND_PROBES.md:97 | C:\Users\35884\Documents\Spacecraft\v3-interface-worktree\docs\PRECAPTURE_NONCOOP_S1_AND_PROBES.md:99 | C:\Users\35884\Documents\Spacecraft\v3-interface-worktree\docs\PROBE2_NONCOOP_RESULT_20260916.md:52 | C:\Users\35884\Documents\Spacecraft\v3-t0b-worktree\docs\PRECAPTURE_NONCOOP_S1_AND_PROBES.md:97 | C:\Users\35884\Documents\Spacecraft\v3-t0b-worktree\docs\PRECAPTURE_NONCOOP_S1_AND_PROBES.md:99 | C:\Users\35884\Documents\Spacecraft\v3-t0b-worktree\docs\PROBE2_NONCOOP_RESULT_20260916.md:52 | C:\Users\35884\Documents\Spacecraft\过程文件\协作\Git工作树\docs\PRECAPTURE_NONCOOP_S1_AND_PROBES.md:97 | C:\Users\35884\Documents\Spacecraft\过程文件\协作\Git工作树\docs\PRECAPTURE_NONCOOP_S1_AND_PROBES.md:99 | C:\Users\35884\Documents\Spacecraft\过程文件\协作\Git工作树\docs\PROBE2_NONCOOP_RESULT_20260916.md:52 | C:\Users\35884\Documents\Spacecraft\过程文件\远端交付\审查工作树\docs\PRECAPTURE_NONCOOP_S1_AND_PROBES.md:97 | C:\Users\35884\Documents\Spacecraft\过程文件\远端交付\审查工作树\docs\PRECAPTURE_NONCOOP_S1_AND_PROBES.md:99 | C:\Users\35884\Documents\Spacecraft\过程文件\远端交付\审查工作树\docs\PROBE2_NONCOOP_RESULT_20260916.md:52 | D:\py\DRL2\docs\PRECAPTURE_NONCOOP_S1_AND_PROBES.md:97 | D:\py\DRL2\docs\PRECAPTURE_NONCOOP_S1_AND_PROBES.md:99 | D:\py\DRL2\docs\PROBE2_NONCOOP_RESULT_20260916.md:52 | D:\py\DRL2_旧工程_20260930\docs\PRECAPTURE_NONCOOP_S1_AND_PROBES.md:97 | D:\py\DRL2_旧工程_20260930\docs\PRECAPTURE_NONCOOP_S1_AND_PROBES.md:99 | D:\py\DRL2_旧工程_20260930\docs\PROBE2_NONCOOP_RESULT_20260916.md:52,see literal evidence; no root cause inferred,historical statement; proposed/tested ambiguity retained for upper review
HISTORICAL_EVIDENCE_FAMILY: T6,see source document,UNRESOLVED,H05_probe2_noncoop,UNRESOLVED: see evidence references; no authority inferred,"report family index, not a single verified trial",,"估计而非真值(现为 `self.env.target_state` 真值)。这动到冻结的 T6 输入,且只有在决定训练",C:\Users\35884\Documents\Spacecraft\v3-interface-worktree\docs\PRECAPTURE_NONCOOP_S1_AND_PROBES.md:106 | C:\Users\35884\Documents\Spacecraft\v3-t0b-worktree\docs\PRECAPTURE_NONCOOP_S1_AND_PROBES.md:106 | C:\Users\35884\Documents\Spacecraft\过程文件\协作\Git工作树\docs\PRECAPTURE_NONCOOP_S1_AND_PROBES.md:106 | C:\Users\35884\Documents\Spacecraft\过程文件\远端交付\审查工作树\docs\PRECAPTURE_NONCOOP_S1_AND_PROBES.md:106 | D:\py\DRL2\docs\PRECAPTURE_NONCOOP_S1_AND_PROBES.md:106 | D:\py\DRL2_旧工程_20260930\docs\PRECAPTURE_NONCOOP_S1_AND_PROBES.md:106,see literal evidence; no root cause inferred,historical statement; proposed/tested ambiguity retained for upper review
HISTORICAL_EVIDENCE_FAMILY: T2,see source document,UNRESOLVED,ORPHAN,UNRESOLVED: see evidence references; no authority inferred,"report family index, not a single verified trial",,所有阶段都有独立提交及 manifest。T2 中途进程不再存在时，保留了 98 个已完成产物；剩余 6 格根据更早切入前已终止的同一保持轨迹做精确复用，来源逐格记录。T3/T4/T5 使用已经过等价验证的事后诊断关闭与目标按需传播开关加速；这不改变 RK45 参数或任务。,C:\Users\35884\Documents\Spacecraft\v3-interface-worktree\docs\PREFLIGHT_DELIVERY_20260911.md:34 | C:\Users\35884\Documents\Spacecraft\v3-t0b-worktree\docs\PREFLIGHT_DELIVERY_20260911.md:34 | C:\Users\35884\Documents\Spacecraft\过程文件\协作\Git工作树\docs\PREFLIGHT_DELIVERY_20260911.md:34 | C:\Users\35884\Documents\Spacecraft\过程文件\远端交付\审查工作树\docs\PREFLIGHT_DELIVERY_20260911.md:34 | D:\py\DRL2\docs\PREFLIGHT_DELIVERY_20260911.md:34 | D:\py\DRL2_旧工程_20260930\docs\PREFLIGHT_DELIVERY_20260911.md:34,see literal evidence; no root cause inferred,historical statement; proposed/tested ambiguity retained for upper review
HISTORICAL_EVIDENCE_FAMILY: T3,see source document,UNRESOLVED,ORPHAN,UNRESOLVED: see evidence references; no authority inferred,"report family index, not a single verified trial",,所有阶段都有独立提交及 manifest。T2 中途进程不再存在时，保留了 98 个已完成产物；剩余 6 格根据更早切入前已终止的同一保持轨迹做精确复用，来源逐格记录。T3/T4/T5 使用已经过等价验证的事后诊断关闭与目标按需传播开关加速；这不改变 RK45 参数或任务。,C:\Users\35884\Documents\Spacecraft\v3-interface-worktree\docs\PREFLIGHT_DELIVERY_20260911.md:34 | C:\Users\35884\Documents\Spacecraft\v3-t0b-worktree\docs\PREFLIGHT_DELIVERY_20260911.md:34 | C:\Users\35884\Documents\Spacecraft\过程文件\协作\Git工作树\docs\PREFLIGHT_DELIVERY_20260911.md:34 | C:\Users\35884\Documents\Spacecraft\过程文件\远端交付\审查工作树\docs\PREFLIGHT_DELIVERY_20260911.md:34 | D:\py\DRL2\docs\PREFLIGHT_DELIVERY_20260911.md:34 | D:\py\DRL2_旧工程_20260930\docs\PREFLIGHT_DELIVERY_20260911.md:34,see literal evidence; no root cause inferred,historical statement; proposed/tested ambiguity retained for upper review
HISTORICAL_EVIDENCE_FAMILY: T4,see source document,UNRESOLVED,ORPHAN,UNRESOLVED: see evidence references; no authority inferred,"report family index, not a single verified trial",,所有阶段都有独立提交及 manifest。T2 中途进程不再存在时，保留了 98 个已完成产物；剩余 6 格根据更早切入前已终止的同一保持轨迹做精确复用，来源逐格记录。T3/T4/T5 使用已经过等价验证的事后诊断关闭与目标按需传播开关加速；这不改变 RK45 参数或任务。,C:\Users\35884\Documents\Spacecraft\v3-interface-worktree\docs\PREFLIGHT_DELIVERY_20260911.md:34 | C:\Users\35884\Documents\Spacecraft\v3-t0b-worktree\docs\PREFLIGHT_DELIVERY_20260911.md:34 | C:\Users\35884\Documents\Spacecraft\过程文件\协作\Git工作树\docs\PREFLIGHT_DELIVERY_20260911.md:34 | C:\Users\35884\Documents\Spacecraft\过程文件\远端交付\审查工作树\docs\PREFLIGHT_DELIVERY_20260911.md:34 | D:\py\DRL2\docs\PREFLIGHT_DELIVERY_20260911.md:34 | D:\py\DRL2_旧工程_20260930\docs\PREFLIGHT_DELIVERY_20260911.md:34,see literal evidence; no root cause inferred,historical statement; proposed/tested ambiguity retained for upper review
HISTORICAL_EVIDENCE_FAMILY: T60,see source document,UNRESOLVED,ORPHAN,UNRESOLVED: see evidence references; no authority inferred,"report family index, not a single verified trial",,新增残留：262028 / T60，在122.7秒出现1个QP不可行步，最长连续零推力1步，最终300秒超时。新增192局仅此1局有不可行；保留事实，不自行诊断或修改下层。,C:\Users\35884\Documents\Spacecraft\v3-interface-worktree\docs\T11_GATE_B_REPORT_20260913.md:24 | C:\Users\35884\Documents\Spacecraft\v3-t0b-worktree\docs\T11_GATE_B_REPORT_20260913.md:24 | C:\Users\35884\Documents\Spacecraft\过程文件\协作\Git工作树\docs\T11_GATE_B_REPORT_20260913.md:24 | C:\Users\35884\Documents\Spacecraft\过程文件\远端交付\审查工作树\docs\T11_GATE_B_REPORT_20260913.md:24 | D:\py\DRL2\docs\T11_GATE_B_REPORT_20260913.md:24 | D:\py\DRL2_旧工程_20260930\docs\T11_GATE_B_REPORT_20260913.md:24,see literal evidence; no root cause inferred,historical statement; proposed/tested ambiguity retained for upper review
HISTORICAL_EVIDENCE_FAMILY: T12,see source document,UNRESOLVED,H04_T12,UNRESOLVED: see evidence references; no authority inferred,"report family index, not a single verified trial",,"# T12 执行单:闸门 B 已通过,开训",C:\Users\35884\Documents\Spacecraft\v3-interface-worktree\docs\T12_EXECUTION_ORDER.md:1 | C:\Users\35884\Documents\Spacecraft\v3-interface-worktree\docs\T12_LOCAL_RUNNING_HANDOFF_20260913.md:1 | C:\Users\35884\Documents\Spacecraft\v3-interface-worktree\docs\T12_S10_EVAL_EXECUTION_ORDER.md:1 | C:\Users\35884\Documents\Spacecraft\v3-interface-worktree\docs\T12_S10_EVAL_EXECUTION_ORDER.md:3 | C:\Users\35884\Documents\Spacecraft\v3-interface-worktree\docs\T12_S10_FORMAL_EVALUATION_REPORT_20260915.md:1 | C:\Users\35884\Documents\Spacecraft\v3-interface-worktree\docs\T12_S10_FORMAL_EVALUATION_REPORT_20260915.md:3 | C:\Users\35884\Documents\Spacecraft\v3-interface-worktree\docs\T12_S10_REVIEW_DOSSIER_20260915.md:1 | C:\Users\35884\Documents\Spacecraft\v3-interface-worktree\docs\T12_S10_REVIEW_DOSSIER_20260915.md:3 | C:\Users\35884\Documents\Spacecraft\v3-interface-worktree\docs\T12_S10_REVIEW_DOSSIER_20260915.md:18 | C:\Users\35884\Documents\Spacecraft\v3-t0b-worktree\docs\T12_EXECUTION_ORDER.md:1 | C:\Users\35884\Documents\Spacecraft\v3-t0b-worktree\docs\T12_LOCAL_RUNNING_HANDOFF_20260913.md:1 | C:\Users\35884\Documents\Spacecraft\v3-t0b-worktree\docs\T12_S10_EVAL_EXECUTION_ORDER.md:1 | C:\Users\35884\Documents\Spacecraft\v3-t0b-worktree\docs\T12_S10_EVAL_EXECUTION_ORDER.md:3 | C:\Users\35884\Documents\Spacecraft\v3-t0b-worktree\docs\T12_S10_FORMAL_EVALUATION_REPORT_20260915.md:1 | C:\Users\35884\Documents\Spacecraft\v3-t0b-worktree\docs\T12_S10_FORMAL_EVALUATION_REPORT_20260915.md:3 | C:\Users\35884\Documents\Spacecraft\v3-t0b-worktree\docs\T12_S10_REVIEW_DOSSIER_20260915.md:1 | C:\Users\35884\Documents\Spacecraft\v3-t0b-worktree\docs\T12_S10_REVIEW_DOSSIER_20260915.md:3 | C:\Users\35884\Documents\Spacecraft\v3-t0b-worktree\docs\T12_S10_REVIEW_DOSSIER_20260915.md:18 | C:\Users\35884\Documents\Spacecraft\过程文件\协作\Git工作树\docs\T12_EXECUTION_ORDER.md:1 | C:\Users\35884\Documents\Spacecraft\过程文件\协作\Git工作树\docs\T12_LOCAL_RUNNING_HANDOFF_20260913.md:1 | C:\Users\35884\Documents\Spacecraft\过程文件\协作\Git工作树\docs\T12_S10_EVAL_EXECUTION_ORDER.md:1 | C:\Users\35884\Documents\Spacecraft\过程文件\协作\Git工作树\docs\T12_S10_EVAL_EXECUTION_ORDER.md:3 | C:\Users\35884\Documents\Spacecraft\过程文件\协作\Git工作树\docs\T12_S10_FORMAL_EVALUATION_REPORT_20260915.md:1 | C:\Users\35884\Documents\Spacecraft\过程文件\协作\Git工作树\docs\T12_S10_FORMAL_EVALUATION_REPORT_20260915.md:3 | C:\Users\35884\Documents\Spacecraft\过程文件\协作\Git工作树\docs\T12_S10_REVIEW_DOSSIER_20260915.md:1 | C:\Users\35884\Documents\Spacecraft\过程文件\协作\Git工作树\docs\T12_S10_REVIEW_DOSSIER_20260915.md:3,see literal evidence; no root cause inferred,historical statement; proposed/tested ambiguity retained for upper review
HISTORICAL_EVIDENCE_FAMILY: horizon,see source document,UNRESOLVED,H04_T12,UNRESOLVED: see evidence references; no authority inferred,"report family index, not a single verified trial",,## 2. ⚠ 一个会静默毁掉整轮的参数:`--horizon 35`,C:\Users\35884\Documents\Spacecraft\v3-interface-worktree\docs\T12_EXECUTION_ORDER.md:33 | C:\Users\35884\Documents\Spacecraft\v3-interface-worktree\docs\T12_EXECUTION_ORDER.md:35 | C:\Users\35884\Documents\Spacecraft\v3-interface-worktree\docs\T12_EXECUTION_ORDER.md:38 | C:\Users\35884\Documents\Spacecraft\v3-interface-worktree\docs\T12_EXECUTION_ORDER.md:42 | C:\Users\35884\Documents\Spacecraft\v3-interface-worktree\docs\T12_EXECUTION_ORDER.md:64 | C:\Users\35884\Documents\Spacecraft\v3-interface-worktree\docs\T12_EXECUTION_ORDER.md:84 | C:\Users\35884\Documents\Spacecraft\v3-interface-worktree\docs\T12_EXECUTION_ORDER.md:102 | C:\Users\35884\Documents\Spacecraft\v3-interface-worktree\docs\T12_EXECUTION_ORDER.md:111 | C:\Users\35884\Documents\Spacecraft\v3-interface-worktree\docs\T12_EXECUTION_ORDER.md:114 | C:\Users\35884\Documents\Spacecraft\v3-interface-worktree\docs\T12_EXECUTION_ORDER.md:125 | C:\Users\35884\Documents\Spacecraft\v3-interface-worktree\docs\T12_LOCAL_RUNNING_HANDOFF_20260913.md:9 | C:\Users\35884\Documents\Spacecraft\v3-interface-worktree\docs\T12_S10_EVAL_EXECUTION_ORDER.md:26 | C:\Users\35884\Documents\Spacecraft\v3-interface-worktree\docs\T12_S10_EVAL_EXECUTION_ORDER.md:36 | C:\Users\35884\Documents\Spacecraft\v3-interface-worktree\docs\T12_S10_FORMAL_EVALUATION_REPORT_20260915.md:50 | C:\Users\35884\Documents\Spacecraft\v3-t0b-worktree\docs\T12_EXECUTION_ORDER.md:33 | C:\Users\35884\Documents\Spacecraft\v3-t0b-worktree\docs\T12_EXECUTION_ORDER.md:35 | C:\Users\35884\Documents\Spacecraft\v3-t0b-worktree\docs\T12_EXECUTION_ORDER.md:38 | C:\Users\35884\Documents\Spacecraft\v3-t0b-worktree\docs\T12_EXECUTION_ORDER.md:42 | C:\Users\35884\Documents\Spacecraft\v3-t0b-worktree\docs\T12_EXECUTION_ORDER.md:64 | C:\Users\35884\Documents\Spacecraft\v3-t0b-worktree\docs\T12_EXECUTION_ORDER.md:84 | C:\Users\35884\Documents\Spacecraft\v3-t0b-worktree\docs\T12_EXECUTION_ORDER.md:102 | C:\Users\35884\Documents\Spacecraft\v3-t0b-worktree\docs\T12_EXECUTION_ORDER.md:111 | C:\Users\35884\Documents\Spacecraft\v3-t0b-worktree\docs\T12_EXECUTION_ORDER.md:114 | C:\Users\35884\Documents\Spacecraft\v3-t0b-worktree\docs\T12_EXECUTION_ORDER.md:125 | C:\Users\35884\Documents\Spacecraft\v3-t0b-worktree\docs\T12_LOCAL_RUNNING_HANDOFF_20260913.md:9 | C:\Users\35884\Documents\Spacecraft\v3-t0b-worktree\docs\T12_S10_EVAL_EXECUTION_ORDER.md:26 | C:\Users\35884\Documents\Spacecraft\v3-t0b-worktree\docs\T12_S10_EVAL_EXECUTION_ORDER.md:36 | C:\Users\35884\Documents\Spacecraft\v3-t0b-worktree\docs\T12_S10_FORMAL_EVALUATION_REPORT_20260915.md:50,see literal evidence; no root cause inferred,historical statement; proposed/tested ambiguity retained for upper review
HISTORICAL_EVIDENCE_FAMILY: T10,see source document,UNRESOLVED,H04_T12,UNRESOLVED: see evidence references; no authority inferred,"report family index, not a single verified trial",,"`train_hybrid` 的 `--horizon` **默认是 20**,而 T10/T11 的基线、扫描、headroom",C:\Users\35884\Documents\Spacecraft\v3-interface-worktree\docs\T12_EXECUTION_ORDER.md:35 | C:\Users\35884\Documents\Spacecraft\v3-interface-worktree\docs\T12_EXECUTION_ORDER.md:44 | C:\Users\35884\Documents\Spacecraft\v3-interface-worktree\docs\T12_S10_FORMAL_EVALUATION_REPORT_20260915.md:53 | C:\Users\35884\Documents\Spacecraft\v3-interface-worktree\docs\T12_S10_REVIEW_DOSSIER_20260915.md:148 | C:\Users\35884\Documents\Spacecraft\v3-t0b-worktree\docs\T12_EXECUTION_ORDER.md:35 | C:\Users\35884\Documents\Spacecraft\v3-t0b-worktree\docs\T12_EXECUTION_ORDER.md:44 | C:\Users\35884\Documents\Spacecraft\v3-t0b-worktree\docs\T12_S10_FORMAL_EVALUATION_REPORT_20260915.md:53 | C:\Users\35884\Documents\Spacecraft\v3-t0b-worktree\docs\T12_S10_REVIEW_DOSSIER_20260915.md:148 | C:\Users\35884\Documents\Spacecraft\过程文件\协作\Git工作树\docs\T12_EXECUTION_ORDER.md:35 | C:\Users\35884\Documents\Spacecraft\过程文件\协作\Git工作树\docs\T12_EXECUTION_ORDER.md:44 | C:\Users\35884\Documents\Spacecraft\过程文件\协作\Git工作树\docs\T12_S10_FORMAL_EVALUATION_REPORT_20260915.md:53 | C:\Users\35884\Documents\Spacecraft\过程文件\协作\Git工作树\docs\T12_S10_REVIEW_DOSSIER_20260915.md:148 | C:\Users\35884\Documents\Spacecraft\过程文件\远端交付\审查工作树\docs\T12_EXECUTION_ORDER.md:35 | C:\Users\35884\Documents\Spacecraft\过程文件\远端交付\审查工作树\docs\T12_EXECUTION_ORDER.md:44 | C:\Users\35884\Documents\Spacecraft\过程文件\远端交付\审查工作树\docs\T12_S10_FORMAL_EVALUATION_REPORT_20260915.md:53 | C:\Users\35884\Documents\Spacecraft\过程文件\远端交付\审查工作树\docs\T12_S10_REVIEW_DOSSIER_20260915.md:148 | D:\py\DRL2\docs\T12_EXECUTION_ORDER.md:35 | D:\py\DRL2\docs\T12_EXECUTION_ORDER.md:44 | D:\py\DRL2\docs\T12_S10_FORMAL_EVALUATION_REPORT_20260915.md:53 | D:\py\DRL2\docs\T12_S10_REVIEW_DOSSIER_20260915.md:148 | D:\py\DRL2_旧工程_20260930\docs\T12_EXECUTION_ORDER.md:35 | D:\py\DRL2_旧工程_20260930\docs\T12_EXECUTION_ORDER.md:44 | D:\py\DRL2_旧工程_20260930\docs\T12_S10_FORMAL_EVALUATION_REPORT_20260915.md:53 | D:\py\DRL2_旧工程_20260930\docs\T12_S10_REVIEW_DOSSIER_20260915.md:148,see literal evidence; no root cause inferred,historical statement; proposed/tested ambiguity retained for upper review
HISTORICAL_EVIDENCE_FAMILY: T11,see source document,UNRESOLVED,H04_T12,UNRESOLVED: see evidence references; no authority inferred,"report family index, not a single verified trial",,"`train_hybrid` 的 `--horizon` **默认是 20**,而 T10/T11 的基线、扫描、headroom",C:\Users\35884\Documents\Spacecraft\v3-interface-worktree\docs\T12_EXECUTION_ORDER.md:35 | C:\Users\35884\Documents\Spacecraft\v3-interface-worktree\docs\T12_EXECUTION_ORDER.md:44 | C:\Users\35884\Documents\Spacecraft\v3-interface-worktree\docs\T12_EXECUTION_ORDER.md:91 | C:\Users\35884\Documents\Spacecraft\v3-t0b-worktree\docs\T12_EXECUTION_ORDER.md:35 | C:\Users\35884\Documents\Spacecraft\v3-t0b-worktree\docs\T12_EXECUTION_ORDER.md:44 | C:\Users\35884\Documents\Spacecraft\v3-t0b-worktree\docs\T12_EXECUTION_ORDER.md:91 | C:\Users\35884\Documents\Spacecraft\过程文件\协作\Git工作树\docs\T12_EXECUTION_ORDER.md:35 | C:\Users\35884\Documents\Spacecraft\过程文件\协作\Git工作树\docs\T12_EXECUTION_ORDER.md:44 | C:\Users\35884\Documents\Spacecraft\过程文件\协作\Git工作树\docs\T12_EXECUTION_ORDER.md:91 | C:\Users\35884\Documents\Spacecraft\过程文件\远端交付\审查工作树\docs\T12_EXECUTION_ORDER.md:35 | C:\Users\35884\Documents\Spacecraft\过程文件\远端交付\审查工作树\docs\T12_EXECUTION_ORDER.md:44 | C:\Users\35884\Documents\Spacecraft\过程文件\远端交付\审查工作树\docs\T12_EXECUTION_ORDER.md:91 | D:\py\DRL2\docs\T12_EXECUTION_ORDER.md:35 | D:\py\DRL2\docs\T12_EXECUTION_ORDER.md:44 | D:\py\DRL2\docs\T12_EXECUTION_ORDER.md:91 | D:\py\DRL2_旧工程_20260930\docs\T12_EXECUTION_ORDER.md:35 | D:\py\DRL2_旧工程_20260930\docs\T12_EXECUTION_ORDER.md:44 | D:\py\DRL2_旧工程_20260930\docs\T12_EXECUTION_ORDER.md:91,see literal evidence; no root cause inferred,historical statement; proposed/tested ambiguity retained for upper review
HISTORICAL_EVIDENCE_FAMILY: T7,see source document,UNRESOLVED,H04_T12,UNRESOLVED: see evidence references; no authority inferred,"report family index, not a single verified trial",,"而反馈通道本轮不进核心(T7 点估计不利,且旧反馈信号受错误门控污染)。",C:\Users\35884\Documents\Spacecraft\v3-interface-worktree\docs\T12_EXECUTION_ORDER.md:83 | C:\Users\35884\Documents\Spacecraft\v3-interface-worktree\docs\T12_EXECUTION_ORDER.md:177 | C:\Users\35884\Documents\Spacecraft\v3-t0b-worktree\docs\T12_EXECUTION_ORDER.md:83 | C:\Users\35884\Documents\Spacecraft\v3-t0b-worktree\docs\T12_EXECUTION_ORDER.md:177 | C:\Users\35884\Documents\Spacecraft\过程文件\协作\Git工作树\docs\T12_EXECUTION_ORDER.md:83 | C:\Users\35884\Documents\Spacecraft\过程文件\协作\Git工作树\docs\T12_EXECUTION_ORDER.md:177 | C:\Users\35884\Documents\Spacecraft\过程文件\远端交付\审查工作树\docs\T12_EXECUTION_ORDER.md:83 | C:\Users\35884\Documents\Spacecraft\过程文件\远端交付\审查工作树\docs\T12_EXECUTION_ORDER.md:177 | D:\py\DRL2\docs\T12_EXECUTION_ORDER.md:83 | D:\py\DRL2\docs\T12_EXECUTION_ORDER.md:177 | D:\py\DRL2_旧工程_20260930\docs\T12_EXECUTION_ORDER.md:83 | D:\py\DRL2_旧工程_20260930\docs\T12_EXECUTION_ORDER.md:177,see literal evidence; no root cause inferred,historical statement; proposed/tested ambiguity retained for upper review
HISTORICAL_EVIDENCE_FAMILY: T8,see source document,UNRESOLVED,H04_T12,UNRESOLVED: see evidence references; no authority inferred,"report family index, not a single verified trial",,"2. **T8 的负结果**:旧下层上,最好的训练种子输给固定设定点(7/12 对 8/12,配对燃料",C:\Users\35884\Documents\Spacecraft\v3-interface-worktree\docs\T12_EXECUTION_ORDER.md:154 | C:\Users\35884\Documents\Spacecraft\v3-interface-worktree\docs\T12_EXECUTION_ORDER.md:177 | C:\Users\35884\Documents\Spacecraft\v3-interface-worktree\docs\T12_S10_EVAL_EXECUTION_ORDER.md:66 | C:\Users\35884\Documents\Spacecraft\v3-interface-worktree\docs\T12_S10_REVIEW_DOSSIER_20260915.md:20 | C:\Users\35884\Documents\Spacecraft\v3-t0b-worktree\docs\T12_EXECUTION_ORDER.md:154 | C:\Users\35884\Documents\Spacecraft\v3-t0b-worktree\docs\T12_EXECUTION_ORDER.md:177 | C:\Users\35884\Documents\Spacecraft\v3-t0b-worktree\docs\T12_S10_EVAL_EXECUTION_ORDER.md:66 | C:\Users\35884\Documents\Spacecraft\v3-t0b-worktree\docs\T12_S10_REVIEW_DOSSIER_20260915.md:20 | C:\Users\35884\Documents\Spacecraft\过程文件\协作\Git工作树\docs\T12_EXECUTION_ORDER.md:154 | C:\Users\35884\Documents\Spacecraft\过程文件\协作\Git工作树\docs\T12_EXECUTION_ORDER.md:177 | C:\Users\35884\Documents\Spacecraft\过程文件\协作\Git工作树\docs\T12_S10_EVAL_EXECUTION_ORDER.md:66 | C:\Users\35884\Documents\Spacecraft\过程文件\协作\Git工作树\docs\T12_S10_REVIEW_DOSSIER_20260915.md:20 | C:\Users\35884\Documents\Spacecraft\过程文件\远端交付\审查工作树\docs\T12_EXECUTION_ORDER.md:154 | C:\Users\35884\Documents\Spacecraft\过程文件\远端交付\审查工作树\docs\T12_EXECUTION_ORDER.md:177 | C:\Users\35884\Documents\Spacecraft\过程文件\远端交付\审查工作树\docs\T12_S10_EVAL_EXECUTION_ORDER.md:66 | C:\Users\35884\Documents\Spacecraft\过程文件\远端交付\审查工作树\docs\T12_S10_REVIEW_DOSSIER_20260915.md:20 | D:\py\DRL2\docs\T12_EXECUTION_ORDER.md:154 | D:\py\DRL2\docs\T12_EXECUTION_ORDER.md:177 | D:\py\DRL2\docs\T12_S10_EVAL_EXECUTION_ORDER.md:66 | D:\py\DRL2\docs\T12_S10_REVIEW_DOSSIER_20260915.md:20 | D:\py\DRL2_旧工程_20260930\docs\T12_EXECUTION_ORDER.md:154 | D:\py\DRL2_旧工程_20260930\docs\T12_EXECUTION_ORDER.md:177 | D:\py\DRL2_旧工程_20260930\docs\T12_S10_EVAL_EXECUTION_ORDER.md:66 | D:\py\DRL2_旧工程_20260930\docs\T12_S10_REVIEW_DOSSIER_20260915.md:20,see literal evidence; no root cause inferred,historical statement; proposed/tested ambiguity retained for upper review
HISTORICAL_EVIDENCE_FAMILY: T6,see source document,UNRESOLVED,H04_T12,UNRESOLVED: see evidence references; no authority inferred,"report family index, not a single verified trial",,"- 耦合接口(T6,冻结):上层每 2 s(20 控制步)发一个动作,经 `external_local` 通道以",C:\Users\35884\Documents\Spacecraft\v3-interface-worktree\docs\T12_S10_REVIEW_DOSSIER_20260915.md:34 | C:\Users\35884\Documents\Spacecraft\v3-t0b-worktree\docs\T12_S10_REVIEW_DOSSIER_20260915.md:34 | C:\Users\35884\Documents\Spacecraft\过程文件\协作\Git工作树\docs\T12_S10_REVIEW_DOSSIER_20260915.md:34 | C:\Users\35884\Documents\Spacecraft\过程文件\远端交付\审查工作树\docs\T12_S10_REVIEW_DOSSIER_20260915.md:34 | D:\py\DRL2\docs\T12_S10_REVIEW_DOSSIER_20260915.md:34 | D:\py\DRL2_旧工程_20260930\docs\T12_S10_REVIEW_DOSSIER_20260915.md:34,see literal evidence; no root cause inferred,historical statement; proposed/tested ambiguity retained for upper review
HISTORICAL_EVIDENCE_FAMILY: T6,see source document,UNRESOLVED,H03_T6_T7_interface,UNRESOLVED: see evidence references; no authority inferred,"report family index, not a single verified trial",,# T6：耦合接口定稿（2026-09-10）,C:\Users\35884\Documents\Spacecraft\v3-interface-worktree\docs\T6_COUPLING_INTERFACE.md:1 | C:\Users\35884\Documents\Spacecraft\v3-interface-worktree\docs\T7_RESULTS_AND_VERDICT.md:20 | C:\Users\35884\Documents\Spacecraft\v3-interface-worktree\docs\T7_RESULTS_AND_VERDICT.md:184 | C:\Users\35884\Documents\Spacecraft\v3-interface-worktree\docs\T7_T9_REVIEW_20260912.md:107 | C:\Users\35884\Documents\Spacecraft\v3-interface-worktree\docs\T7_T9_REVIEW_20260912.md:195 | C:\Users\35884\Documents\Spacecraft\v3-interface-worktree\docs\T7_T9_REVIEW_20260912.md:222 | C:\Users\35884\Documents\Spacecraft\v3-interface-worktree\docs\T7_TRAINING_ORDER.md:11 | C:\Users\35884\Documents\Spacecraft\v3-interface-worktree\docs\T7_TRAINING_ORDER.md:46 | C:\Users\35884\Documents\Spacecraft\v3-interface-worktree\docs\T7_TRAINING_ORDER.md:49 | C:\Users\35884\Documents\Spacecraft\v3-interface-worktree\docs\T7_TRAINING_ORDER.md:53 | C:\Users\35884\Documents\Spacecraft\v3-t0b-worktree\docs\T6_COUPLING_INTERFACE.md:1 | C:\Users\35884\Documents\Spacecraft\v3-t0b-worktree\docs\T7_RESULTS_AND_VERDICT.md:20 | C:\Users\35884\Documents\Spacecraft\v3-t0b-worktree\docs\T7_RESULTS_AND_VERDICT.md:184 | C:\Users\35884\Documents\Spacecraft\v3-t0b-worktree\docs\T7_T9_REVIEW_20260912.md:107 | C:\Users\35884\Documents\Spacecraft\v3-t0b-worktree\docs\T7_T9_REVIEW_20260912.md:195 | C:\Users\35884\Documents\Spacecraft\v3-t0b-worktree\docs\T7_T9_REVIEW_20260912.md:222 | C:\Users\35884\Documents\Spacecraft\v3-t0b-worktree\docs\T7_TRAINING_ORDER.md:11 | C:\Users\35884\Documents\Spacecraft\v3-t0b-worktree\docs\T7_TRAINING_ORDER.md:46 | C:\Users\35884\Documents\Spacecraft\v3-t0b-worktree\docs\T7_TRAINING_ORDER.md:49 | C:\Users\35884\Documents\Spacecraft\v3-t0b-worktree\docs\T7_TRAINING_ORDER.md:53 | C:\Users\35884\Documents\Spacecraft\过程文件\协作\Git工作树\docs\T6_COUPLING_INTERFACE.md:1 | C:\Users\35884\Documents\Spacecraft\过程文件\协作\Git工作树\docs\T7_RESULTS_AND_VERDICT.md:20 | C:\Users\35884\Documents\Spacecraft\过程文件\协作\Git工作树\docs\T7_RESULTS_AND_VERDICT.md:184 | C:\Users\35884\Documents\Spacecraft\过程文件\协作\Git工作树\docs\T7_T9_REVIEW_20260912.md:107 | C:\Users\35884\Documents\Spacecraft\过程文件\协作\Git工作树\docs\T7_T9_REVIEW_20260912.md:195 | C:\Users\35884\Documents\Spacecraft\过程文件\协作\Git工作树\docs\T7_T9_REVIEW_20260912.md:222 | C:\Users\35884\Documents\Spacecraft\过程文件\协作\Git工作树\docs\T7_TRAINING_ORDER.md:11 | C:\Users\35884\Documents\Spacecraft\过程文件\协作\Git工作树\docs\T7_TRAINING_ORDER.md:46 | C:\Users\35884\Documents\Spacecraft\过程文件\协作\Git工作树\docs\T7_TRAINING_ORDER.md:49,see literal evidence; no root cause inferred,historical statement; proposed/tested ambiguity retained for upper review
HISTORICAL_EVIDENCE_FAMILY: T7,see source document,UNRESOLVED,H03_T6_T7_interface,UNRESOLVED: see evidence references; no authority inferred,"report family index, not a single verified trial",,# T7 训练结果与裁决（2026-09-12）,C:\Users\35884\Documents\Spacecraft\v3-interface-worktree\docs\T7_RESULTS_AND_VERDICT.md:1 | C:\Users\35884\Documents\Spacecraft\v3-interface-worktree\docs\T7_T9_REVIEW_20260912.md:1 | C:\Users\35884\Documents\Spacecraft\v3-interface-worktree\docs\T7_T9_REVIEW_20260912.md:17 | C:\Users\35884\Documents\Spacecraft\v3-interface-worktree\docs\T7_T9_REVIEW_20260912.md:19 | C:\Users\35884\Documents\Spacecraft\v3-interface-worktree\docs\T7_T9_REVIEW_20260912.md:36 | C:\Users\35884\Documents\Spacecraft\v3-interface-worktree\docs\T7_T9_REVIEW_20260912.md:188 | C:\Users\35884\Documents\Spacecraft\v3-interface-worktree\docs\T7_T9_REVIEW_20260912.md:212 | C:\Users\35884\Documents\Spacecraft\v3-interface-worktree\docs\T7_T9_REVIEW_20260912.md:220 | C:\Users\35884\Documents\Spacecraft\v3-interface-worktree\docs\T7_T9_REVIEW_20260912.md:259 | C:\Users\35884\Documents\Spacecraft\v3-interface-worktree\docs\T7_TRAINING_ORDER.md:1 | C:\Users\35884\Documents\Spacecraft\v3-t0b-worktree\docs\T7_RESULTS_AND_VERDICT.md:1 | C:\Users\35884\Documents\Spacecraft\v3-t0b-worktree\docs\T7_T9_REVIEW_20260912.md:1 | C:\Users\35884\Documents\Spacecraft\v3-t0b-worktree\docs\T7_T9_REVIEW_20260912.md:17 | C:\Users\35884\Documents\Spacecraft\v3-t0b-worktree\docs\T7_T9_REVIEW_20260912.md:19 | C:\Users\35884\Documents\Spacecraft\v3-t0b-worktree\docs\T7_T9_REVIEW_20260912.md:36 | C:\Users\35884\Documents\Spacecraft\v3-t0b-worktree\docs\T7_T9_REVIEW_20260912.md:188 | C:\Users\35884\Documents\Spacecraft\v3-t0b-worktree\docs\T7_T9_REVIEW_20260912.md:212 | C:\Users\35884\Documents\Spacecraft\v3-t0b-worktree\docs\T7_T9_REVIEW_20260912.md:220 | C:\Users\35884\Documents\Spacecraft\v3-t0b-worktree\docs\T7_T9_REVIEW_20260912.md:259 | C:\Users\35884\Documents\Spacecraft\v3-t0b-worktree\docs\T7_TRAINING_ORDER.md:1 | C:\Users\35884\Documents\Spacecraft\过程文件\协作\Git工作树\docs\T7_RESULTS_AND_VERDICT.md:1 | C:\Users\35884\Documents\Spacecraft\过程文件\协作\Git工作树\docs\T7_T9_REVIEW_20260912.md:1 | C:\Users\35884\Documents\Spacecraft\过程文件\协作\Git工作树\docs\T7_T9_REVIEW_20260912.md:17 | C:\Users\35884\Documents\Spacecraft\过程文件\协作\Git工作树\docs\T7_T9_REVIEW_20260912.md:19 | C:\Users\35884\Documents\Spacecraft\过程文件\协作\Git工作树\docs\T7_T9_REVIEW_20260912.md:36 | C:\Users\35884\Documents\Spacecraft\过程文件\协作\Git工作树\docs\T7_T9_REVIEW_20260912.md:188 | C:\Users\35884\Documents\Spacecraft\过程文件\协作\Git工作树\docs\T7_T9_REVIEW_20260912.md:212 | C:\Users\35884\Documents\Spacecraft\过程文件\协作\Git工作树\docs\T7_T9_REVIEW_20260912.md:220 | C:\Users\35884\Documents\Spacecraft\过程文件\协作\Git工作树\docs\T7_T9_REVIEW_20260912.md:259,see literal evidence; no root cause inferred,historical statement; proposed/tested ambiguity retained for upper review
HISTORICAL_EVIDENCE_FAMILY: horizon,see source document,UNRESOLVED,H03_T6_T7_interface,UNRESOLVED: see evidence references; no authority inferred,"report family index, not a single verified trial",,--horizon 20 --parametrization arrival_condition `,C:\Users\35884\Documents\Spacecraft\v3-interface-worktree\docs\T7_RESULTS_AND_VERDICT.md:140 | C:\Users\35884\Documents\Spacecraft\v3-interface-worktree\docs\T7_RESULTS_AND_VERDICT.md:152 | C:\Users\35884\Documents\Spacecraft\v3-interface-worktree\docs\T7_T9_REVIEW_20260912.md:269 | C:\Users\35884\Documents\Spacecraft\v3-t0b-worktree\docs\T7_RESULTS_AND_VERDICT.md:140 | C:\Users\35884\Documents\Spacecraft\v3-t0b-worktree\docs\T7_RESULTS_AND_VERDICT.md:152 | C:\Users\35884\Documents\Spacecraft\v3-t0b-worktree\docs\T7_T9_REVIEW_20260912.md:269 | C:\Users\35884\Documents\Spacecraft\过程文件\协作\Git工作树\docs\T7_RESULTS_AND_VERDICT.md:140 | C:\Users\35884\Documents\Spacecraft\过程文件\协作\Git工作树\docs\T7_RESULTS_AND_VERDICT.md:152 | C:\Users\35884\Documents\Spacecraft\过程文件\协作\Git工作树\docs\T7_T9_REVIEW_20260912.md:269 | C:\Users\35884\Documents\Spacecraft\过程文件\远端交付\审查工作树\docs\T7_RESULTS_AND_VERDICT.md:140 | C:\Users\35884\Documents\Spacecraft\过程文件\远端交付\审查工作树\docs\T7_RESULTS_AND_VERDICT.md:152 | C:\Users\35884\Documents\Spacecraft\过程文件\远端交付\审查工作树\docs\T7_T9_REVIEW_20260912.md:269 | D:\py\DRL2\docs\T7_RESULTS_AND_VERDICT.md:140 | D:\py\DRL2\docs\T7_RESULTS_AND_VERDICT.md:152 | D:\py\DRL2\docs\T7_T9_REVIEW_20260912.md:269 | D:\py\DRL2_旧工程_20260930\docs\T7_RESULTS_AND_VERDICT.md:140 | D:\py\DRL2_旧工程_20260930\docs\T7_RESULTS_AND_VERDICT.md:152 | D:\py\DRL2_旧工程_20260930\docs\T7_T9_REVIEW_20260912.md:269,see literal evidence; no root cause inferred,historical statement; proposed/tested ambiguity retained for upper review
HISTORICAL_EVIDENCE_FAMILY: T9,see source document,UNRESOLVED,H03_T6_T7_interface,UNRESOLVED: see evidence references; no authority inferred,"report family index, not a single verified trial",,# T7 → T9 全程说明（供第三方窗口审查）,C:\Users\35884\Documents\Spacecraft\v3-interface-worktree\docs\T7_T9_REVIEW_20260912.md:1 | C:\Users\35884\Documents\Spacecraft\v3-interface-worktree\docs\T7_T9_REVIEW_20260912.md:113 | C:\Users\35884\Documents\Spacecraft\v3-interface-worktree\docs\T7_T9_REVIEW_20260912.md:263 | C:\Users\35884\Documents\Spacecraft\v3-interface-worktree\docs\T7_T9_REVIEW_20260912.md:268 | C:\Users\35884\Documents\Spacecraft\v3-t0b-worktree\docs\T7_T9_REVIEW_20260912.md:1 | C:\Users\35884\Documents\Spacecraft\v3-t0b-worktree\docs\T7_T9_REVIEW_20260912.md:113 | C:\Users\35884\Documents\Spacecraft\v3-t0b-worktree\docs\T7_T9_REVIEW_20260912.md:263 | C:\Users\35884\Documents\Spacecraft\v3-t0b-worktree\docs\T7_T9_REVIEW_20260912.md:268 | C:\Users\35884\Documents\Spacecraft\过程文件\协作\Git工作树\docs\T7_T9_REVIEW_20260912.md:1 | C:\Users\35884\Documents\Spacecraft\过程文件\协作\Git工作树\docs\T7_T9_REVIEW_20260912.md:113 | C:\Users\35884\Documents\Spacecraft\过程文件\协作\Git工作树\docs\T7_T9_REVIEW_20260912.md:263 | C:\Users\35884\Documents\Spacecraft\过程文件\协作\Git工作树\docs\T7_T9_REVIEW_20260912.md:268 | C:\Users\35884\Documents\Spacecraft\过程文件\远端交付\审查工作树\docs\T7_T9_REVIEW_20260912.md:1 | C:\Users\35884\Documents\Spacecraft\过程文件\远端交付\审查工作树\docs\T7_T9_REVIEW_20260912.md:113 | C:\Users\35884\Documents\Spacecraft\过程文件\远端交付\审查工作树\docs\T7_T9_REVIEW_20260912.md:263 | C:\Users\35884\Documents\Spacecraft\过程文件\远端交付\审查工作树\docs\T7_T9_REVIEW_20260912.md:268 | D:\py\DRL2\docs\T7_T9_REVIEW_20260912.md:1 | D:\py\DRL2\docs\T7_T9_REVIEW_20260912.md:113 | D:\py\DRL2\docs\T7_T9_REVIEW_20260912.md:263 | D:\py\DRL2\docs\T7_T9_REVIEW_20260912.md:268 | D:\py\DRL2_旧工程_20260930\docs\T7_T9_REVIEW_20260912.md:1 | D:\py\DRL2_旧工程_20260930\docs\T7_T9_REVIEW_20260912.md:113 | D:\py\DRL2_旧工程_20260930\docs\T7_T9_REVIEW_20260912.md:263 | D:\py\DRL2_旧工程_20260930\docs\T7_T9_REVIEW_20260912.md:268,see literal evidence; no root cause inferred,historical statement; proposed/tested ambiguity retained for upper review
HISTORICAL_EVIDENCE_FAMILY: T8,see source document,UNRESOLVED,H03_T6_T7_interface,UNRESOLVED: see evidence references; no authority inferred,"report family index, not a single verified trial",,"T7 训完四个种子，两活两死。T8 拿评估和回放去验""死种子学会了拖时间""，**证伪，闸门触发，停机**。我在同一批数据上另外查出上层接口的增益问题；再往下查""下层不可行""，发现那是一个**约束门控缺陷**——MPC 在离目标 16 m 处强制执行进场走廊，真值根本不判那个区域。修掉它，不可行从 1594/2161 步**归零**，但**完成数一步不动**，硬种子照样硬。",C:\Users\35884\Documents\Spacecraft\v3-interface-worktree\docs\T7_T9_REVIEW_20260912.md:17 | C:\Users\35884\Documents\Spacecraft\v3-interface-worktree\docs\T7_T9_REVIEW_20260912.md:57 | C:\Users\35884\Documents\Spacecraft\v3-interface-worktree\docs\T7_T9_REVIEW_20260912.md:187 | C:\Users\35884\Documents\Spacecraft\v3-interface-worktree\docs\T7_T9_REVIEW_20260912.md:212 | C:\Users\35884\Documents\Spacecraft\v3-interface-worktree\docs\T7_T9_REVIEW_20260912.md:220 | C:\Users\35884\Documents\Spacecraft\v3-interface-worktree\docs\T7_T9_REVIEW_20260912.md:261 | C:\Users\35884\Documents\Spacecraft\v3-interface-worktree\docs\T7_T9_REVIEW_20260912.md:262 | C:\Users\35884\Documents\Spacecraft\v3-t0b-worktree\docs\T7_T9_REVIEW_20260912.md:17 | C:\Users\35884\Documents\Spacecraft\v3-t0b-worktree\docs\T7_T9_REVIEW_20260912.md:57 | C:\Users\35884\Documents\Spacecraft\v3-t0b-worktree\docs\T7_T9_REVIEW_20260912.md:187 | C:\Users\35884\Documents\Spacecraft\v3-t0b-worktree\docs\T7_T9_REVIEW_20260912.md:212 | C:\Users\35884\Documents\Spacecraft\v3-t0b-worktree\docs\T7_T9_REVIEW_20260912.md:220 | C:\Users\35884\Documents\Spacecraft\v3-t0b-worktree\docs\T7_T9_REVIEW_20260912.md:261 | C:\Users\35884\Documents\Spacecraft\v3-t0b-worktree\docs\T7_T9_REVIEW_20260912.md:262 | C:\Users\35884\Documents\Spacecraft\过程文件\协作\Git工作树\docs\T7_T9_REVIEW_20260912.md:17 | C:\Users\35884\Documents\Spacecraft\过程文件\协作\Git工作树\docs\T7_T9_REVIEW_20260912.md:57 | C:\Users\35884\Documents\Spacecraft\过程文件\协作\Git工作树\docs\T7_T9_REVIEW_20260912.md:187 | C:\Users\35884\Documents\Spacecraft\过程文件\协作\Git工作树\docs\T7_T9_REVIEW_20260912.md:212 | C:\Users\35884\Documents\Spacecraft\过程文件\协作\Git工作树\docs\T7_T9_REVIEW_20260912.md:220 | C:\Users\35884\Documents\Spacecraft\过程文件\协作\Git工作树\docs\T7_T9_REVIEW_20260912.md:261 | C:\Users\35884\Documents\Spacecraft\过程文件\协作\Git工作树\docs\T7_T9_REVIEW_20260912.md:262 | C:\Users\35884\Documents\Spacecraft\过程文件\远端交付\审查工作树\docs\T7_T9_REVIEW_20260912.md:17 | C:\Users\35884\Documents\Spacecraft\过程文件\远端交付\审查工作树\docs\T7_T9_REVIEW_20260912.md:57 | C:\Users\35884\Documents\Spacecraft\过程文件\远端交付\审查工作树\docs\T7_T9_REVIEW_20260912.md:187 | C:\Users\35884\Documents\Spacecraft\过程文件\远端交付\审查工作树\docs\T7_T9_REVIEW_20260912.md:212 | C:\Users\35884\Documents\Spacecraft\过程文件\远端交付\审查工作树\docs\T7_T9_REVIEW_20260912.md:220 | C:\Users\35884\Documents\Spacecraft\过程文件\远端交付\审查工作树\docs\T7_T9_REVIEW_20260912.md:261 | C:\Users\35884\Documents\Spacecraft\过程文件\远端交付\审查工作树\docs\T7_T9_REVIEW_20260912.md:262 | D:\py\DRL2\docs\T7_T9_REVIEW_20260912.md:17,see literal evidence; no root cause inferred,historical statement; proposed/tested ambiguity retained for upper review
HISTORICAL_EVIDENCE_FAMILY: D5,see source document,UNRESOLVED,ORPHAN,UNRESOLVED: see evidence references; no authority inferred,"report family index, not a single verified trial",,"| `docs/DECK_CLEARING_ORDER_20260922.md` 里的收尾段 | **仍未做**：要在 `docs/COUPLING_DEFECT_DIAGNOSIS_LOG_20260921.md` 追加一段，写明 D2 是**取消**（不是待办）、D5 是用户叫停、诊断以 R5 单一根因关闭，且其中""预注册率未成立""是**上层预注册不精确**，不是下层判断错；并报一次它自己机器上的全套结果 |",C:\Users\35884\Documents\Spacecraft\v3-t0b-worktree\docs\handoffs\WINDOW_HANDOFF_20260924.md:380 | C:\Users\35884\Documents\Spacecraft\过程文件\协作\Git工作树\docs\handoffs\archive_202609\WINDOW_HANDOFF_20260924.md:380 | C:\Users\35884\Documents\Spacecraft\过程文件\远端交付\审查工作树\docs\handoffs\WINDOW_HANDOFF_20260924.md:380 | D:\py\DRL2\docs\handoffs\archive_202609\WINDOW_HANDOFF_20260924.md:380 | D:\py\DRL2_旧工程_20260930\docs\handoffs\WINDOW_HANDOFF_20260924.md:380,see literal evidence; no root cause inferred,historical statement; proposed/tested ambiguity retained for upper review
HISTORICAL_EVIDENCE_FAMILY: gamma,see source document,UNRESOLVED,E09_value_rule_check,docs/STOPPING_VALUE_RULE_CHECK_20261006.md (historical),"report family index, not a single verified trial",,"> suffix return (31D policy-independent features); Q_C target r + gamma V(s'),",C:\Users\35884\Documents\Spacecraft\过程文件\价值规则检验\Git审查工作树\CLAUDE.md:72 | C:\Users\35884\Documents\Spacecraft\过程文件\价值规则检验\Git审查工作树\CLAUDE.md:73 | C:\Users\35884\Documents\Spacecraft\过程文件\价值规则检验\Git审查工作树\docs\HISTORY.md:7 | C:\Users\35884\Documents\Spacecraft\过程文件\价值规则检验\Git审查工作树\docs\INTERFACE_SINGLE_FACTOR.md:15 | C:\Users\35884\Documents\Spacecraft\过程文件\价值规则检验\Git审查工作树\docs\SAC_MPC_COUPLING_DESIGN.md:49 | C:\Users\35884\Documents\Spacecraft\过程文件\价值规则检验\Git审查工作树\docs\SAC_MPC_COUPLING_DESIGN.md:54 | C:\Users\35884\Documents\Spacecraft\过程文件\价值规则检验\Git审查工作树\docs\SAC_MPC_COUPLING_DESIGN.md:330 | C:\Users\35884\Documents\Spacecraft\过程文件\价值规则检验\Git审查工作树\docs\SAC_MPC_COUPLING_DESIGN.md:338 | C:\Users\35884\Documents\Spacecraft\过程文件\价值规则检验\Git审查工作树\docs\SAC_MPC_COUPLING_DESIGN.md:345 | C:\Users\35884\Documents\Spacecraft\过程文件\价值规则检验\Git审查工作树\docs\TRAINING_PREFLIGHT_AUDIT_20260919.md:13 | C:\Users\35884\Documents\Spacecraft\过程文件\价值规则检验\Git审查工作树\docs\handoffs\archive_202609\HANDOFF_UPPER_RULING_20260908.md:39,see literal evidence; no root cause inferred,historical statement; proposed/tested ambiguity retained for upper review
HISTORICAL_EVIDENCE_FAMILY: alpha,see source document,UNRESOLVED,E09_value_rule_check,docs/STOPPING_VALUE_RULE_CHECK_20261006.md (historical),"report family index, not a single verified trial",,> V = beta Q_H + (1-beta) V_C + alpha H(beta); gamma 0.999 everywhere;,C:\Users\35884\Documents\Spacecraft\过程文件\价值规则检验\Git审查工作树\CLAUDE.md:73,see literal evidence; no root cause inferred,historical statement; proposed/tested ambiguity retained for upper review
HISTORICAL_EVIDENCE_FAMILY: v3d,see source document,UNRESOLVED,E09_value_rule_check,docs/STOPPING_VALUE_RULE_CHECK_20261006.md (historical),"report family index, not a single verified trial",,> (`docs/V3E_PLAN_AND_EXECUTION_ORDER_20260927.md`); v3d is kept as the,C:\Users\35884\Documents\Spacecraft\过程文件\价值规则检验\Git审查工作树\CLAUDE.md:110 | C:\Users\35884\Documents\Spacecraft\过程文件\价值规则检验\Git审查工作树\CLAUDE.md:122 | C:\Users\35884\Documents\Spacecraft\过程文件\价值规则检验\Git审查工作树\CLAUDE.md:129 | C:\Users\35884\Documents\Spacecraft\过程文件\价值规则检验\Git审查工作树\docs\V3D_EXECUTION_ORDER_20260926.md:1 | C:\Users\35884\Documents\Spacecraft\过程文件\价值规则检验\Git审查工作树\docs\V3D_EXECUTION_ORDER_20260926.md:65 | C:\Users\35884\Documents\Spacecraft\过程文件\价值规则检验\Git审查工作树\docs\V3D_EXECUTION_ORDER_20260926.md:71 | C:\Users\35884\Documents\Spacecraft\过程文件\价值规则检验\Git审查工作树\docs\V3D_EXECUTION_ORDER_20260926.md:75 | C:\Users\35884\Documents\Spacecraft\过程文件\价值规则检验\Git审查工作树\docs\V3D_EXECUTION_ORDER_20260926.md:76 | C:\Users\35884\Documents\Spacecraft\过程文件\价值规则检验\Git审查工作树\docs\V3D_EXECUTION_ORDER_20260926.md:77 | C:\Users\35884\Documents\Spacecraft\过程文件\价值规则检验\Git审查工作树\docs\V3D_EXECUTION_ORDER_20260926.md:78 | C:\Users\35884\Documents\Spacecraft\过程文件\价值规则检验\Git审查工作树\docs\V3D_EXECUTION_ORDER_20260926.md:82 | C:\Users\35884\Documents\Spacecraft\过程文件\价值规则检验\Git审查工作树\docs\V3D_EXECUTION_ORDER_20260926.md:86 | C:\Users\35884\Documents\Spacecraft\过程文件\价值规则检验\Git审查工作树\docs\V3D_EXECUTION_ORDER_20260926.md:92 | C:\Users\35884\Documents\Spacecraft\过程文件\价值规则检验\Git审查工作树\docs\V3D_EXECUTION_ORDER_20260926.md:93 | C:\Users\35884\Documents\Spacecraft\过程文件\价值规则检验\Git审查工作树\docs\V3D_EXECUTION_ORDER_20260926.md:99 | C:\Users\35884\Documents\Spacecraft\过程文件\价值规则检验\Git审查工作树\docs\V3D_EXECUTION_ORDER_20260926.md:108 | C:\Users\35884\Documents\Spacecraft\过程文件\价值规则检验\Git审查工作树\docs\V3D_EXECUTION_ORDER_20260926.md:140 | C:\Users\35884\Documents\Spacecraft\过程文件\价值规则检验\Git审查工作树\docs\V3D_EXECUTION_ORDER_20260926.md:146 | C:\Users\35884\Documents\Spacecraft\过程文件\价值规则检验\Git审查工作树\docs\V3D_EXECUTION_ORDER_20260926.md:150 | C:\Users\35884\Documents\Spacecraft\过程文件\价值规则检验\Git审查工作树\docs\V3D_REVIEW_20260926.md:1 | C:\Users\35884\Documents\Spacecraft\过程文件\价值规则检验\Git审查工作树\docs\V3D_REVIEW_20260926.md:3 | C:\Users\35884\Documents\Spacecraft\过程文件\价值规则检验\Git审查工作树\docs\V3D_REVIEW_20260926.md:144 | C:\Users\35884\Documents\Spacecraft\过程文件\价值规则检验\Git审查工作树\docs\V3D_REVIEW_20260926.md:157 | C:\Users\35884\Documents\Spacecraft\过程文件\价值规则检验\Git审查工作树\docs\V3D_REVIEW_20260926.md:164 | C:\Users\35884\Documents\Spacecraft\过程文件\价值规则检验\Git审查工作树\docs\V3D_TRAINING_ORDER_20260926.md:1 | C:\Users\35884\Documents\Spacecraft\过程文件\价值规则检验\Git审查工作树\docs\V3E_50K_CHECK_20260928.md:4 | C:\Users\35884\Documents\Spacecraft\过程文件\价值规则检验\Git审查工作树\docs\V3E_50K_CHECK_20260928.md:37,see literal evidence; no root cause inferred,historical statement; proposed/tested ambiguity retained for upper review
HISTORICAL_EVIDENCE_FAMILY: v3e,see source document,UNRESOLVED,E09_value_rule_check,docs/STOPPING_VALUE_RULE_CHECK_20261006.md (historical),"report family index, not a single verified trial",,> old-reference-realization ablation (learned-only rows only). Pre-v3e probes:,C:\Users\35884\Documents\Spacecraft\过程文件\价值规则检验\Git审查工作树\CLAUDE.md:111 | C:\Users\35884\Documents\Spacecraft\过程文件\价值规则检验\Git审查工作树\docs\STOPPING_METHOD_PREREGISTRATION_20261002.md:13 | C:\Users\35884\Documents\Spacecraft\过程文件\价值规则检验\Git审查工作树\docs\V3E_50K_CHECK_20260928.md:29 | C:\Users\35884\Documents\Spacecraft\过程文件\价值规则检验\Git审查工作树\docs\V3E_50K_CHECK_20260928.md:31 | C:\Users\35884\Documents\Spacecraft\过程文件\价值规则检验\Git审查工作树\docs\V3E_50K_CHECK_20260928.md:33 | C:\Users\35884\Documents\Spacecraft\过程文件\价值规则检验\Git审查工作树\docs\V3E_50K_CHECK_20260928.md:34 | C:\Users\35884\Documents\Spacecraft\过程文件\价值规则检验\Git审查工作树\docs\V3E_50K_CHECK_20260928.md:35 | C:\Users\35884\Documents\Spacecraft\过程文件\价值规则检验\Git审查工作树\docs\V3E_50K_CHECK_20260928.md:43 | C:\Users\35884\Documents\Spacecraft\过程文件\价值规则检验\Git审查工作树\docs\V3E_50K_CHECK_20260928.md:46 | C:\Users\35884\Documents\Spacecraft\过程文件\价值规则检验\Git审查工作树\docs\V3E_50K_CHECK_20260928.md:54 | C:\Users\35884\Documents\Spacecraft\过程文件\价值规则检验\Git审查工作树\docs\V3E_50K_RULING_AND_60K_ORDER_20260929.md:17 | C:\Users\35884\Documents\Spacecraft\过程文件\价值规则检验\Git审查工作树\docs\V3E_50K_RULING_AND_60K_ORDER_20260929.md:33 | C:\Users\35884\Documents\Spacecraft\过程文件\价值规则检验\Git审查工作树\docs\V3E_50K_RULING_AND_60K_ORDER_20260929.md:49 | C:\Users\35884\Documents\Spacecraft\过程文件\价值规则检验\Git审查工作树\docs\V3E_50K_RULING_AND_60K_ORDER_20260929.md:66 | C:\Users\35884\Documents\Spacecraft\过程文件\价值规则检验\Git审查工作树\docs\V3E_50K_RULING_AND_60K_ORDER_20260929.md:87 | C:\Users\35884\Documents\Spacecraft\过程文件\价值规则检验\Git审查工作树\docs\V3E_50K_RULING_AND_60K_ORDER_20260929.md:88 | C:\Users\35884\Documents\Spacecraft\过程文件\价值规则检验\Git审查工作树\docs\V3E_60K_CALIBRATION_RULING_20260929.md:77 | C:\Users\35884\Documents\Spacecraft\过程文件\价值规则检验\Git审查工作树\docs\V3E_PLAN_AND_EXECUTION_ORDER_20260927.md:4 | C:\Users\35884\Documents\Spacecraft\过程文件\价值规则检验\Git审查工作树\docs\V3E_PLAN_AND_EXECUTION_ORDER_20260927.md:46 | C:\Users\35884\Documents\Spacecraft\过程文件\价值规则检验\Git审查工作树\docs\V3E_PLAN_AND_EXECUTION_ORDER_20260927.md:66 | C:\Users\35884\Documents\Spacecraft\过程文件\价值规则检验\Git审查工作树\docs\V3E_PLAN_AND_EXECUTION_ORDER_20260927.md:113 | C:\Users\35884\Documents\Spacecraft\过程文件\价值规则检验\Git审查工作树\docs\V3E_PLAN_AND_EXECUTION_ORDER_20260927.md:115 | C:\Users\35884\Documents\Spacecraft\过程文件\价值规则检验\Git审查工作树\docs\V3E_PLAN_AND_EXECUTION_ORDER_20260927.md:117 | C:\Users\35884\Documents\Spacecraft\过程文件\价值规则检验\Git审查工作树\docs\V3E_PLAN_AND_EXECUTION_ORDER_20260927.md:123 | C:\Users\35884\Documents\Spacecraft\过程文件\价值规则检验\Git审查工作树\docs\V3E_PLAN_AND_EXECUTION_ORDER_20260927.md:153,see literal evidence; no root cause inferred,historical statement; proposed/tested ambiguity retained for upper review
HISTORICAL_EVIDENCE_FAMILY: v3b,see source document,UNRESOLVED,E09_value_rule_check,docs/STOPPING_VALUE_RULE_CHECK_20261006.md (historical),"report family index, not a single verified trial",,> method. v3b and v3c were stopped by the preregistered QP health gate; the,C:\Users\35884\Documents\Spacecraft\过程文件\价值规则检验\Git审查工作树\CLAUDE.md:121 | C:\Users\35884\Documents\Spacecraft\过程文件\价值规则检验\Git审查工作树\docs\V3C_TRAINING_ORDER_20260925.md:1 | C:\Users\35884\Documents\Spacecraft\过程文件\价值规则检验\Git审查工作树\docs\V3C_TRAINING_ORDER_20260925.md:9 | C:\Users\35884\Documents\Spacecraft\过程文件\价值规则检验\Git审查工作树\docs\V3C_TRAINING_ORDER_20260925.md:11 | C:\Users\35884\Documents\Spacecraft\过程文件\价值规则检验\Git审查工作树\docs\V3C_TRAINING_ORDER_20260925.md:32 | C:\Users\35884\Documents\Spacecraft\过程文件\价值规则检验\Git审查工作树\docs\V3D_REVIEW_20260926.md:11 | C:\Users\35884\Documents\Spacecraft\过程文件\价值规则检验\Git审查工作树\docs\V3_PROGRESS_SINCE_20260924.md:26 | C:\Users\35884\Documents\Spacecraft\过程文件\价值规则检验\Git审查工作树\docs\V3_PROGRESS_SINCE_20260924.md:37 | C:\Users\35884\Documents\Spacecraft\过程文件\价值规则检验\Git审查工作树\docs\V3_T0B_BLEND_FIX_ORDER_20260925.md:64,see literal evidence; no root cause inferred,historical statement; proposed/tested ambiguity retained for upper review
HISTORICAL_EVIDENCE_FAMILY: v3c,see source document,UNRESOLVED,E09_value_rule_check,docs/STOPPING_VALUE_RULE_CHECK_20261006.md (historical),"report family index, not a single verified trial",,> method. v3b and v3c were stopped by the preregistered QP health gate; the,C:\Users\35884\Documents\Spacecraft\过程文件\价值规则检验\Git审查工作树\CLAUDE.md:121 | C:\Users\35884\Documents\Spacecraft\过程文件\价值规则检验\Git审查工作树\docs\V3C_TRAINING_ORDER_20260925.md:1 | C:\Users\35884\Documents\Spacecraft\过程文件\价值规则检验\Git审查工作树\docs\V3C_TRAINING_ORDER_20260925.md:3 | C:\Users\35884\Documents\Spacecraft\过程文件\价值规则检验\Git审查工作树\docs\V3D_EXECUTION_ORDER_20260926.md:9 | C:\Users\35884\Documents\Spacecraft\过程文件\价值规则检验\Git审查工作树\docs\V3D_EXECUTION_ORDER_20260926.md:13 | C:\Users\35884\Documents\Spacecraft\过程文件\价值规则检验\Git审查工作树\docs\V3D_EXECUTION_ORDER_20260926.md:117 | C:\Users\35884\Documents\Spacecraft\过程文件\价值规则检验\Git审查工作树\docs\V3D_REVIEW_20260926.md:3 | C:\Users\35884\Documents\Spacecraft\过程文件\价值规则检验\Git审查工作树\docs\V3D_REVIEW_20260926.md:11 | C:\Users\35884\Documents\Spacecraft\过程文件\价值规则检验\Git审查工作树\docs\V3D_REVIEW_20260926.md:14 | C:\Users\35884\Documents\Spacecraft\过程文件\价值规则检验\Git审查工作树\docs\V3D_REVIEW_20260926.md:33 | C:\Users\35884\Documents\Spacecraft\过程文件\价值规则检验\Git审查工作树\docs\V3D_REVIEW_20260926.md:86 | C:\Users\35884\Documents\Spacecraft\过程文件\价值规则检验\Git审查工作树\docs\V3D_REVIEW_20260926.md:94 | C:\Users\35884\Documents\Spacecraft\过程文件\价值规则检验\Git审查工作树\docs\V3D_REVIEW_20260926.md:138 | C:\Users\35884\Documents\Spacecraft\过程文件\价值规则检验\Git审查工作树\docs\V3D_REVIEW_20260926.md:149 | C:\Users\35884\Documents\Spacecraft\过程文件\价值规则检验\Git审查工作树\docs\V3D_REVIEW_20260926.md:150 | C:\Users\35884\Documents\Spacecraft\过程文件\价值规则检验\Git审查工作树\docs\V3D_REVIEW_20260926.md:157 | C:\Users\35884\Documents\Spacecraft\过程文件\价值规则检验\Git审查工作树\docs\V3D_REVIEW_20260926.md:164 | C:\Users\35884\Documents\Spacecraft\过程文件\价值规则检验\Git审查工作树\docs\V3D_REVIEW_20260926.md:165 | C:\Users\35884\Documents\Spacecraft\过程文件\价值规则检验\Git审查工作树\docs\V3D_TRAINING_ORDER_20260926.md:1 | C:\Users\35884\Documents\Spacecraft\过程文件\价值规则检验\Git审查工作树\docs\V3D_TRAINING_ORDER_20260926.md:6 | C:\Users\35884\Documents\Spacecraft\过程文件\价值规则检验\Git审查工作树\docs\V3D_TRAINING_ORDER_20260926.md:10 | C:\Users\35884\Documents\Spacecraft\过程文件\价值规则检验\Git审查工作树\docs\V3D_TRAINING_ORDER_20260926.md:12 | C:\Users\35884\Documents\Spacecraft\过程文件\价值规则检验\Git审查工作树\docs\V3D_TRAINING_ORDER_20260926.md:44 | C:\Users\35884\Documents\Spacecraft\过程文件\价值规则检验\Git审查工作树\docs\V3D_TRAINING_ORDER_20260926.md:50 | C:\Users\35884\Documents\Spacecraft\过程文件\价值规则检验\Git审查工作树\docs\V3D_TRAINING_ORDER_20260926.md:83 | C:\Users\35884\Documents\Spacecraft\过程文件\价值规则检验\Git审查工作树\docs\V3D_TRAINING_ORDER_20260926.md:84 | C:\Users\35884\Documents\Spacecraft\过程文件\价值规则检验\Git审查工作树\docs\V3D_TRAINING_ORDER_20260926.md:105,see literal evidence; no root cause inferred,historical statement; proposed/tested ambiguity retained for upper review
HISTORICAL_EVIDENCE_FAMILY: fallback,see source document,UNRESOLVED,E09_value_rule_check,docs/STOPPING_VALUE_RULE_CHECK_20261006.md (historical),"report family index, not a single verified trial",,"> other ~40 inert (after one gate fallback, 15 sampled actions give 1 reference:",C:\Users\35884\Documents\Spacecraft\过程文件\价值规则检验\Git审查工作树\CLAUDE.md:168 | C:\Users\35884\Documents\Spacecraft\过程文件\价值规则检验\Git审查工作树\CLAUDE.md:362 | C:\Users\35884\Documents\Spacecraft\过程文件\价值规则检验\Git审查工作树\CLAUDE.md:426 | C:\Users\35884\Documents\Spacecraft\过程文件\价值规则检验\Git审查工作树\CLAUDE.md:538 | C:\Users\35884\Documents\Spacecraft\过程文件\价值规则检验\Git审查工作树\docs\A2_GUIDANCE_FREE_RESULTS.md:13 | C:\Users\35884\Documents\Spacecraft\过程文件\价值规则检验\Git审查工作树\docs\ADAPTIVE_ROUND1_CLOSEOUT_20260921.md:46 | C:\Users\35884\Documents\Spacecraft\过程文件\价值规则检验\Git审查工作树\docs\BIDIRECTIONAL_SACMPC_EXECUTION.md:31 | C:\Users\35884\Documents\Spacecraft\过程文件\价值规则检验\Git审查工作树\docs\BIDIRECTIONAL_SACMPC_EXECUTION.md:33 | C:\Users\35884\Documents\Spacecraft\过程文件\价值规则检验\Git审查工作树\docs\COUPLING_DEFECT_DIAGNOSIS_LOG_20260921.md:74 | C:\Users\35884\Documents\Spacecraft\过程文件\价值规则检验\Git审查工作树\docs\COUPLING_DEFECT_DIAGNOSIS_LOG_20260921.md:75 | C:\Users\35884\Documents\Spacecraft\过程文件\价值规则检验\Git审查工作树\docs\COUPLING_DEFECT_DIAGNOSIS_LOG_20260921.md:76 | C:\Users\35884\Documents\Spacecraft\过程文件\价值规则检验\Git审查工作树\docs\COUPLING_DEFECT_DIAGNOSIS_LOG_20260921.md:81 | C:\Users\35884\Documents\Spacecraft\过程文件\价值规则检验\Git审查工作树\docs\COUPLING_DEFECT_DIAGNOSIS_LOG_20260921.md:89 | C:\Users\35884\Documents\Spacecraft\过程文件\价值规则检验\Git审查工作树\docs\COUPLING_DEFECT_DIAGNOSIS_ORDER_20260921.md:309 | C:\Users\35884\Documents\Spacecraft\过程文件\价值规则检验\Git审查工作树\docs\COUPLING_DEFECT_DIAGNOSIS_ORDER_20260921.md:311 | C:\Users\35884\Documents\Spacecraft\过程文件\价值规则检验\Git审查工作树\docs\D0_HYBRID_INFEASIBILITY_DIAGNOSIS_20260909.md:42 | C:\Users\35884\Documents\Spacecraft\过程文件\价值规则检验\Git审查工作树\docs\D0_HYBRID_INFEASIBILITY_DIAGNOSIS_20260909.md:48 | C:\Users\35884\Documents\Spacecraft\过程文件\价值规则检验\Git审查工作树\docs\OPPORTUNITY_MAINLINE_RUNSHEET.md:80 | C:\Users\35884\Documents\Spacecraft\过程文件\价值规则检验\Git审查工作树\docs\P1_B_APPROACH_RATE_SCAN.md:7 | C:\Users\35884\Documents\Spacecraft\过程文件\价值规则检验\Git审查工作树\docs\P2_FEEDBACK_SEPARABILITY.md:7 | C:\Users\35884\Documents\Spacecraft\过程文件\价值规则检验\Git审查工作树\docs\P2_FEEDBACK_SEPARABILITY.md:9 | C:\Users\35884\Documents\Spacecraft\过程文件\价值规则检验\Git审查工作树\docs\P2_FEEDBACK_SEPARABILITY.md:39 | C:\Users\35884\Documents\Spacecraft\过程文件\价值规则检验\Git审查工作树\docs\PRECAPTURE_ENTRY_WINDOW_GAP_WITH_F1.md:83 | C:\Users\35884\Documents\Spacecraft\过程文件\价值规则检验\Git审查工作树\docs\PRECAPTURE_ENTRY_WINDOW_GAP_WITH_F1.md:184 | C:\Users\35884\Documents\Spacecraft\过程文件\价值规则检验\Git审查工作树\docs\PRECAPTURE_ENTRY_WINDOW_GAP_WITH_F1.md:254 | C:\Users\35884\Documents\Spacecraft\过程文件\价值规则检验\Git审查工作树\docs\PRECAPTURE_ENTRY_WINDOW_GAP_WITH_F1.md:274,see literal evidence; no root cause inferred,historical statement; proposed/tested ambiguity retained for upper review
HISTORICAL_EVIDENCE_FAMILY: T12,see source document,UNRESOLVED,E09_value_rule_check,docs/STOPPING_VALUE_RULE_CHECK_20261006.md (historical),"report family index, not a single verified trial",,"- **T12 (learned scheduling vs fixed MPC, full truth).** `arrival_condition` is",C:\Users\35884\Documents\Spacecraft\过程文件\价值规则检验\Git审查工作树\CLAUDE.md:204 | C:\Users\35884\Documents\Spacecraft\过程文件\价值规则检验\Git审查工作树\CLAUDE.md:220 | C:\Users\35884\Documents\Spacecraft\过程文件\价值规则检验\Git审查工作树\CLAUDE.md:242 | C:\Users\35884\Documents\Spacecraft\过程文件\价值规则检验\Git审查工作树\docs\ADAPTIVE_ROUND1_CLOSEOUT_20260921.md:146 | C:\Users\35884\Documents\Spacecraft\过程文件\价值规则检验\Git审查工作树\docs\ADAPTIVE_ROUND1_CLOSEOUT_20260921.md:163 | C:\Users\35884\Documents\Spacecraft\过程文件\价值规则检验\Git审查工作树\docs\ADAPTIVE_ROUND1_CLOSEOUT_20260921.md:218 | C:\Users\35884\Documents\Spacecraft\过程文件\价值规则检验\Git审查工作树\docs\BIDIRECTIONAL_SACMPC_EXECUTION.md:3 | C:\Users\35884\Documents\Spacecraft\过程文件\价值规则检验\Git审查工作树\docs\BIDIRECTIONAL_SACMPC_EXECUTION.md:40 | C:\Users\35884\Documents\Spacecraft\过程文件\价值规则检验\Git审查工作树\docs\BIDIRECTIONAL_SACMPC_EXECUTION.md:54 | C:\Users\35884\Documents\Spacecraft\过程文件\价值规则检验\Git审查工作树\docs\BIDIRECTIONAL_SACMPC_EXECUTION.md:90 | C:\Users\35884\Documents\Spacecraft\过程文件\价值规则检验\Git审查工作树\docs\EVIDENCE_INDEX.md:41 | C:\Users\35884\Documents\Spacecraft\过程文件\价值规则检验\Git审查工作树\docs\INDEX.md:90 | C:\Users\35884\Documents\Spacecraft\过程文件\价值规则检验\Git审查工作树\docs\INDEX.md:110 | C:\Users\35884\Documents\Spacecraft\过程文件\价值规则检验\Git审查工作树\docs\INDEX.md:111 | C:\Users\35884\Documents\Spacecraft\过程文件\价值规则检验\Git审查工作树\docs\INDEX.md:112 | C:\Users\35884\Documents\Spacecraft\过程文件\价值规则检验\Git审查工作树\docs\INDEX.md:113 | C:\Users\35884\Documents\Spacecraft\过程文件\价值规则检验\Git审查工作树\docs\INDEX.md:114 | C:\Users\35884\Documents\Spacecraft\过程文件\价值规则检验\Git审查工作树\docs\MAINLINE_TRAIN_EVAL_RUNSHEET.md:23 | C:\Users\35884\Documents\Spacecraft\过程文件\价值规则检验\Git审查工作树\docs\MAINLINE_TRAIN_EVAL_RUNSHEET.md:26 | C:\Users\35884\Documents\Spacecraft\过程文件\价值规则检验\Git审查工作树\docs\MAINLINE_TRAIN_EVAL_RUNSHEET.md:53 | C:\Users\35884\Documents\Spacecraft\过程文件\价值规则检验\Git审查工作树\docs\MAINLINE_TRAIN_EVAL_RUNSHEET.md:89 | C:\Users\35884\Documents\Spacecraft\过程文件\价值规则检验\Git审查工作树\docs\OPPORTUNITY_MAINLINE_RUNSHEET.md:19 | C:\Users\35884\Documents\Spacecraft\过程文件\价值规则检验\Git审查工作树\docs\PERCEPTION_PRECAPTURE_INTEGRATION.md:4 | C:\Users\35884\Documents\Spacecraft\过程文件\价值规则检验\Git审查工作树\docs\PERCEPTION_PRECAPTURE_INTEGRATION.md:80 | C:\Users\35884\Documents\Spacecraft\过程文件\价值规则检验\Git审查工作树\docs\PERCEPTION_PRECAPTURE_INTEGRATION.md:96 | C:\Users\35884\Documents\Spacecraft\过程文件\价值规则检验\Git审查工作树\docs\PRECAPTURE_NONCOOP_S1_AND_PROBES.md:97 | C:\Users\35884\Documents\Spacecraft\过程文件\价值规则检验\Git审查工作树\docs\PRECAPTURE_NONCOOP_S1_AND_PROBES.md:99 | C:\Users\35884\Documents\Spacecraft\过程文件\价值规则检验\Git审查工作树\docs\PROBE2_NONCOOP_RESULT_20260916.md:52,see literal evidence; no root cause inferred,historical statement; proposed/tested ambiguity retained for upper review
HISTORICAL_EVIDENCE_FAMILY: T7,see source document,UNRESOLVED,E09_value_rule_check,docs/STOPPING_VALUE_RULE_CHECK_20261006.md (historical),"report family index, not a single verified trial",,(T7 showed telemetry-in-observation does not help).,C:\Users\35884\Documents\Spacecraft\过程文件\价值规则检验\Git审查工作树\CLAUDE.md:238 | C:\Users\35884\Documents\Spacecraft\过程文件\价值规则检验\Git审查工作树\CLAUDE.md:439 | C:\Users\35884\Documents\Spacecraft\过程文件\价值规则检验\Git审查工作树\CLAUDE.md:646 | C:\Users\35884\Documents\Spacecraft\过程文件\价值规则检验\Git审查工作树\docs\ATTITUDE_REFERENCE_PROBE.md:79 | C:\Users\35884\Documents\Spacecraft\过程文件\价值规则检验\Git审查工作树\docs\DECK_CLEARING_ORDER_20260922.md:86 | C:\Users\35884\Documents\Spacecraft\过程文件\价值规则检验\Git审查工作树\docs\INDEX.md:97 | C:\Users\35884\Documents\Spacecraft\过程文件\价值规则检验\Git审查工作树\docs\INDEX.md:98 | C:\Users\35884\Documents\Spacecraft\过程文件\价值规则检验\Git审查工作树\docs\INDEX.md:99 | C:\Users\35884\Documents\Spacecraft\过程文件\价值规则检验\Git审查工作树\docs\LOWER_EXECUTION_PLAN_20260910.md:4 | C:\Users\35884\Documents\Spacecraft\过程文件\价值规则检验\Git审查工作树\docs\LOWER_EXECUTION_PLAN_20260910.md:36 | C:\Users\35884\Documents\Spacecraft\过程文件\价值规则检验\Git审查工作树\docs\LOWER_EXECUTION_PLAN_20260910.md:276 | C:\Users\35884\Documents\Spacecraft\过程文件\价值规则检验\Git审查工作树\docs\LOWER_EXECUTION_PLAN_20260910.md:298 | C:\Users\35884\Documents\Spacecraft\过程文件\价值规则检验\Git审查工作树\docs\LOWER_EXECUTION_PLAN_20260910.md:325 | C:\Users\35884\Documents\Spacecraft\过程文件\价值规则检验\Git审查工作树\docs\MAINLINE_TRAIN_EVAL_RUNSHEET.md:98 | C:\Users\35884\Documents\Spacecraft\过程文件\价值规则检验\Git审查工作树\docs\P0_HORIZON_PERSISTENT_FAILURES.md:69 | C:\Users\35884\Documents\Spacecraft\过程文件\价值规则检验\Git审查工作树\docs\P2_FEEDBACK_SEPARABILITY.md:54 | C:\Users\35884\Documents\Spacecraft\过程文件\价值规则检验\Git审查工作树\docs\T10_EXECUTION_ORDER.md:188 | C:\Users\35884\Documents\Spacecraft\过程文件\价值规则检验\Git审查工作树\docs\T10_EXECUTION_ORDER.md:202 | C:\Users\35884\Documents\Spacecraft\过程文件\价值规则检验\Git审查工作树\docs\T10_EXECUTION_ORDER.md:223 | C:\Users\35884\Documents\Spacecraft\过程文件\价值规则检验\Git审查工作树\docs\T11_EXECUTION_ORDER.md:119 | C:\Users\35884\Documents\Spacecraft\过程文件\价值规则检验\Git审查工作树\docs\T11_EXECUTION_ORDER.md:165 | C:\Users\35884\Documents\Spacecraft\过程文件\价值规则检验\Git审查工作树\docs\T12_EXECUTION_ORDER.md:83 | C:\Users\35884\Documents\Spacecraft\过程文件\价值规则检验\Git审查工作树\docs\T12_EXECUTION_ORDER.md:177 | C:\Users\35884\Documents\Spacecraft\过程文件\价值规则检验\Git审查工作树\docs\T7_RESULTS_AND_VERDICT.md:1 | C:\Users\35884\Documents\Spacecraft\过程文件\价值规则检验\Git审查工作树\docs\T7_T9_REVIEW_20260912.md:1 | C:\Users\35884\Documents\Spacecraft\过程文件\价值规则检验\Git审查工作树\docs\T7_T9_REVIEW_20260912.md:17 | C:\Users\35884\Documents\Spacecraft\过程文件\价值规则检验\Git审查工作树\docs\T7_T9_REVIEW_20260912.md:19 | C:\Users\35884\Documents\Spacecraft\过程文件\价值规则检验\Git审查工作树\docs\T7_T9_REVIEW_20260912.md:36,see literal evidence; no root cause inferred,historical statement; proposed/tested ambiguity retained for upper review
HISTORICAL_EVIDENCE_FAMILY: horizon,see source document,UNRESOLVED,E09_value_rule_check,docs/STOPPING_VALUE_RULE_CHECK_20261006.md (historical),"report family index, not a single verified trial",,"the short-horizon 6-DoF tracking, constraint satisfaction and execution. **RL",C:\Users\35884\Documents\Spacecraft\过程文件\价值规则检验\Git审查工作树\CLAUDE.md:257 | C:\Users\35884\Documents\Spacecraft\过程文件\价值规则检验\Git审查工作树\CLAUDE.md:553 | C:\Users\35884\Documents\Spacecraft\过程文件\价值规则检验\Git审查工作树\CLAUDE.md:589 | C:\Users\35884\Documents\Spacecraft\过程文件\价值规则检验\Git审查工作树\docs\A2_GUIDANCE_FREE_RESULTS.md:7 | C:\Users\35884\Documents\Spacecraft\过程文件\价值规则检验\Git审查工作树\docs\A3_DEPLOYABLE_PLANNING_P1_MANIFEST.md:16 | C:\Users\35884\Documents\Spacecraft\过程文件\价值规则检验\Git审查工作树\docs\A3_DEPLOYABLE_PLANNING_P1_MANIFEST.md:27 | C:\Users\35884\Documents\Spacecraft\过程文件\价值规则检验\Git审查工作树\docs\A3_DEPLOYABLE_PLANNING_P1_RESULTS.md:9 | C:\Users\35884\Documents\Spacecraft\过程文件\价值规则检验\Git审查工作树\docs\ADAPTIVE_MAINLINE_RUNSHEET.md:31 | C:\Users\35884\Documents\Spacecraft\过程文件\价值规则检验\Git审查工作树\docs\ADAPTIVE_MAINLINE_RUNSHEET.md:57 | C:\Users\35884\Documents\Spacecraft\过程文件\价值规则检验\Git审查工作树\docs\ADAPTIVE_MAINLINE_RUNSHEET.md:95 | C:\Users\35884\Documents\Spacecraft\过程文件\价值规则检验\Git审查工作树\docs\ATTITUDE_REFERENCE_PROBE.md:88 | C:\Users\35884\Documents\Spacecraft\过程文件\价值规则检验\Git审查工作树\docs\COUPLING_DEFECT_DIAGNOSIS_ORDER_20260921.md:120 | C:\Users\35884\Documents\Spacecraft\过程文件\价值规则检验\Git审查工作树\docs\COUPLING_DEFECT_DIAGNOSIS_ORDER_20260921.md:143 | C:\Users\35884\Documents\Spacecraft\过程文件\价值规则检验\Git审查工作树\docs\COUPLING_DEFECT_DIAGNOSIS_ORDER_20260921.md:199 | C:\Users\35884\Documents\Spacecraft\过程文件\价值规则检验\Git审查工作树\docs\COUPLING_DEFECT_DIAGNOSIS_ORDER_20260921.md:230 | C:\Users\35884\Documents\Spacecraft\过程文件\价值规则检验\Git审查工作树\docs\D0_HYBRID_INFEASIBILITY_DIAGNOSIS_20260909.md:5 | C:\Users\35884\Documents\Spacecraft\过程文件\价值规则检验\Git审查工作树\docs\FAST_TUMBLING_CAPTURE_MOTIVATION.md:29 | C:\Users\35884\Documents\Spacecraft\过程文件\价值规则检验\Git审查工作树\docs\G0_PERCEPTION_CLOSED_LOOP_MANIFEST.md:23 | C:\Users\35884\Documents\Spacecraft\过程文件\价值规则检验\Git审查工作树\docs\G0_PERCEPTION_CLOSED_LOOP_MANIFEST.md:90 | C:\Users\35884\Documents\Spacecraft\过程文件\价值规则检验\Git审查工作树\docs\INDEX.md:71 | C:\Users\35884\Documents\Spacecraft\过程文件\价值规则检验\Git审查工作树\docs\MAINLINE_TRAIN_EVAL_RUNSHEET.md:30 | C:\Users\35884\Documents\Spacecraft\过程文件\价值规则检验\Git审查工作树\docs\MAINLINE_TRAIN_EVAL_RUNSHEET.md:38 | C:\Users\35884\Documents\Spacecraft\过程文件\价值规则检验\Git审查工作树\docs\MAINLINE_TRAIN_EVAL_RUNSHEET.md:43 | C:\Users\35884\Documents\Spacecraft\过程文件\价值规则检验\Git审查工作树\docs\MAINLINE_TRAIN_EVAL_RUNSHEET.md:49 | C:\Users\35884\Documents\Spacecraft\过程文件\价值规则检验\Git审查工作树\docs\MAINLINE_TRAIN_EVAL_RUNSHEET.md:96 | C:\Users\35884\Documents\Spacecraft\过程文件\价值规则检验\Git审查工作树\docs\OPPORTUNITY_MAINLINE_RUNSHEET.md:25,see literal evidence; no root cause inferred,historical statement; proposed/tested ambiguity retained for upper review
HISTORICAL_EVIDENCE_FAMILY: T6,see source document,UNRESOLVED,E09_value_rule_check,docs/STOPPING_VALUE_RULE_CHECK_20261006.md (historical),"report family index, not a single verified trial",,"### The coupling interface (T6, frozen)",C:\Users\35884\Documents\Spacecraft\过程文件\价值规则检验\Git审查工作树\CLAUDE.md:417 | C:\Users\35884\Documents\Spacecraft\过程文件\价值规则检验\Git审查工作树\docs\INDEX.md:96 | C:\Users\35884\Documents\Spacecraft\过程文件\价值规则检验\Git审查工作树\docs\LOWER_EXECUTION_PLAN_20260910.md:4 | C:\Users\35884\Documents\Spacecraft\过程文件\价值规则检验\Git审查工作树\docs\LOWER_EXECUTION_PLAN_20260910.md:35 | C:\Users\35884\Documents\Spacecraft\过程文件\价值规则检验\Git审查工作树\docs\LOWER_EXECUTION_PLAN_20260910.md:197 | C:\Users\35884\Documents\Spacecraft\过程文件\价值规则检验\Git审查工作树\docs\LOWER_EXECUTION_PLAN_20260910.md:283 | C:\Users\35884\Documents\Spacecraft\过程文件\价值规则检验\Git审查工作树\docs\LOWER_EXECUTION_PLAN_20260910.md:337 | C:\Users\35884\Documents\Spacecraft\过程文件\价值规则检验\Git审查工作树\docs\P0_HORIZON_PERSISTENT_FAILURES.md:69 | C:\Users\35884\Documents\Spacecraft\过程文件\价值规则检验\Git审查工作树\docs\P2_FEEDBACK_SEPARABILITY.md:54 | C:\Users\35884\Documents\Spacecraft\过程文件\价值规则检验\Git审查工作树\docs\PERCEPTION_PRECAPTURE_INTEGRATION.md:15 | C:\Users\35884\Documents\Spacecraft\过程文件\价值规则检验\Git审查工作树\docs\PERCEPTION_PRECAPTURE_INTEGRATION.md:65 | C:\Users\35884\Documents\Spacecraft\过程文件\价值规则检验\Git审查工作树\docs\PERCEPTION_PRECAPTURE_INTEGRATION.md:66 | C:\Users\35884\Documents\Spacecraft\过程文件\价值规则检验\Git审查工作树\docs\PERCEPTION_PRECAPTURE_INTEGRATION.md:70 | C:\Users\35884\Documents\Spacecraft\过程文件\价值规则检验\Git审查工作树\docs\PERCEPTION_PRECAPTURE_INTEGRATION.md:72 | C:\Users\35884\Documents\Spacecraft\过程文件\价值规则检验\Git审查工作树\docs\PERCEPTION_PRECAPTURE_INTEGRATION.md:80 | C:\Users\35884\Documents\Spacecraft\过程文件\价值规则检验\Git审查工作树\docs\PRECAPTURE_NONCOOP_S1_AND_PROBES.md:106 | C:\Users\35884\Documents\Spacecraft\过程文件\价值规则检验\Git审查工作树\docs\REPO_TIDY_ORDER_20260922.md:78 | C:\Users\35884\Documents\Spacecraft\过程文件\价值规则检验\Git审查工作树\docs\T0_AMENDMENT_20260910.md:146 | C:\Users\35884\Documents\Spacecraft\过程文件\价值规则检验\Git审查工作树\docs\T10_EXECUTION_ORDER.md:176 | C:\Users\35884\Documents\Spacecraft\过程文件\价值规则检验\Git审查工作树\docs\T12_S10_REVIEW_DOSSIER_20260915.md:34 | C:\Users\35884\Documents\Spacecraft\过程文件\价值规则检验\Git审查工作树\docs\T6_COUPLING_INTERFACE.md:1 | C:\Users\35884\Documents\Spacecraft\过程文件\价值规则检验\Git审查工作树\docs\T7_RESULTS_AND_VERDICT.md:20 | C:\Users\35884\Documents\Spacecraft\过程文件\价值规则检验\Git审查工作树\docs\T7_RESULTS_AND_VERDICT.md:184 | C:\Users\35884\Documents\Spacecraft\过程文件\价值规则检验\Git审查工作树\docs\T7_T9_REVIEW_20260912.md:107 | C:\Users\35884\Documents\Spacecraft\过程文件\价值规则检验\Git审查工作树\docs\T7_T9_REVIEW_20260912.md:195 | C:\Users\35884\Documents\Spacecraft\过程文件\价值规则检验\Git审查工作树\docs\T7_T9_REVIEW_20260912.md:222,see literal evidence; no root cause inferred,historical statement; proposed/tested ambiguity retained for upper review
HISTORICAL_EVIDENCE_FAMILY: D1,see source document,UNRESOLVED,E09_value_rule_check,docs/STOPPING_VALUE_RULE_CHECK_20261006.md (historical),"report family index, not a single verified trial",,D1 的 8 种子子块上恰好为 0。有效性**未知**。,C:\Users\35884\Documents\Spacecraft\过程文件\价值规则检验\Git审查工作树\docs\ADAPTIVE_ROUND1_CLOSEOUT_20260921.md:38 | C:\Users\35884\Documents\Spacecraft\过程文件\价值规则检验\Git审查工作树\docs\ADAPTIVE_ROUND1_CLOSEOUT_20260921.md:46 | C:\Users\35884\Documents\Spacecraft\过程文件\价值规则检验\Git审查工作树\docs\ADAPTIVE_ROUND1_CLOSEOUT_20260921.md:114 | C:\Users\35884\Documents\Spacecraft\过程文件\价值规则检验\Git审查工作树\docs\ADAPTIVE_ROUND1_CLOSEOUT_20260921.md:250 | C:\Users\35884\Documents\Spacecraft\过程文件\价值规则检验\Git审查工作树\docs\ADAPTIVE_ROUND1_CLOSEOUT_20260921.md:261 | C:\Users\35884\Documents\Spacecraft\过程文件\价值规则检验\Git审查工作树\docs\ADAPTIVE_ROUND1_CLOSEOUT_20260921.md:300 | C:\Users\35884\Documents\Spacecraft\过程文件\价值规则检验\Git审查工作树\docs\COUPLING_DEFECT_DIAGNOSIS_LOG_20260921.md:11 | C:\Users\35884\Documents\Spacecraft\过程文件\价值规则检验\Git审查工作树\docs\COUPLING_DEFECT_DIAGNOSIS_LOG_20260921.md:65 | C:\Users\35884\Documents\Spacecraft\过程文件\价值规则检验\Git审查工作树\docs\COUPLING_DEFECT_DIAGNOSIS_LOG_20260921.md:78 | C:\Users\35884\Documents\Spacecraft\过程文件\价值规则检验\Git审查工作树\docs\COUPLING_DEFECT_DIAGNOSIS_LOG_20260921.md:90 | C:\Users\35884\Documents\Spacecraft\过程文件\价值规则检验\Git审查工作树\docs\COUPLING_DEFECT_DIAGNOSIS_LOG_20260921.md:105 | C:\Users\35884\Documents\Spacecraft\过程文件\价值规则检验\Git审查工作树\docs\COUPLING_DEFECT_DIAGNOSIS_ORDER_20260921.md:51 | C:\Users\35884\Documents\Spacecraft\过程文件\价值规则检验\Git审查工作树\docs\COUPLING_DEFECT_DIAGNOSIS_ORDER_20260921.md:54 | C:\Users\35884\Documents\Spacecraft\过程文件\价值规则检验\Git审查工作树\docs\COUPLING_DEFECT_DIAGNOSIS_ORDER_20260921.md:94 | C:\Users\35884\Documents\Spacecraft\过程文件\价值规则检验\Git审查工作树\docs\COUPLING_DEFECT_DIAGNOSIS_ORDER_20260921.md:112 | C:\Users\35884\Documents\Spacecraft\过程文件\价值规则检验\Git审查工作树\docs\COUPLING_DEFECT_DIAGNOSIS_ORDER_20260921.md:139 | C:\Users\35884\Documents\Spacecraft\过程文件\价值规则检验\Git审查工作树\docs\COUPLING_DEFECT_DIAGNOSIS_ORDER_20260921.md:190 | C:\Users\35884\Documents\Spacecraft\过程文件\价值规则检验\Git审查工作树\docs\COUPLING_DEFECT_DIAGNOSIS_ORDER_20260921.md:253 | C:\Users\35884\Documents\Spacecraft\过程文件\价值规则检验\Git审查工作树\docs\COUPLING_DEFECT_DIAGNOSIS_ORDER_20260921.md:259 | C:\Users\35884\Documents\Spacecraft\过程文件\价值规则检验\Git审查工作树\docs\COUPLING_DEFECT_DIAGNOSIS_ORDER_20260921.md:323 | C:\Users\35884\Documents\Spacecraft\过程文件\价值规则检验\Git审查工作树\docs\D0_HYBRID_INFEASIBILITY_DIAGNOSIS_20260909.md:48 | C:\Users\35884\Documents\Spacecraft\过程文件\价值规则检验\Git审查工作树\docs\DECK_CLEARING_ORDER_20260922.md:50 | C:\Users\35884\Documents\Spacecraft\过程文件\价值规则检验\Git审查工作树\docs\DECK_CLEARING_ORDER_20260922.md:69 | C:\Users\35884\Documents\Spacecraft\过程文件\价值规则检验\Git审查工作树\docs\ROUND1_EXTERNAL_REVIEW_20260922.md:22,see literal evidence; no root cause inferred,historical statement; proposed/tested ambiguity retained for upper review
HISTORICAL_EVIDENCE_FAMILY: D0,see source document,UNRESOLVED,E09_value_rule_check,docs/STOPPING_VALUE_RULE_CHECK_20261006.md (historical),"report family index, not a single verified trial",,| **R2** | 暂存分支在探索中近乎不可达 | **证伪** | D0 在最终策略上读到 0/973，但 **D0b 在 5k/10k checkpoint 上读到 2–15% 的有效介入**：暂存早期可达且被大量使用。真正发生的是训练把策略推入死半边后能力崩塌到 0。见第 7 节 |,C:\Users\35884\Documents\Spacecraft\过程文件\价值规则检验\Git审查工作树\docs\ADAPTIVE_ROUND1_CLOSEOUT_20260921.md:47 | C:\Users\35884\Documents\Spacecraft\过程文件\价值规则检验\Git审查工作树\docs\ADAPTIVE_ROUND1_CLOSEOUT_20260921.md:167 | C:\Users\35884\Documents\Spacecraft\过程文件\价值规则检验\Git审查工作树\docs\ADAPTIVE_ROUND1_CLOSEOUT_20260921.md:300 | C:\Users\35884\Documents\Spacecraft\过程文件\价值规则检验\Git审查工作树\docs\CLEANUP_20260909.md:15 | C:\Users\35884\Documents\Spacecraft\过程文件\价值规则检验\Git审查工作树\docs\CLEANUP_20260909.md:26 | C:\Users\35884\Documents\Spacecraft\过程文件\价值规则检验\Git审查工作树\docs\COUPLING_DEFECT_DIAGNOSIS_LOG_20260921.md:32 | C:\Users\35884\Documents\Spacecraft\过程文件\价值规则检验\Git审查工作树\docs\COUPLING_DEFECT_DIAGNOSIS_LOG_20260921.md:36 | C:\Users\35884\Documents\Spacecraft\过程文件\价值规则检验\Git审查工作树\docs\COUPLING_DEFECT_DIAGNOSIS_LOG_20260921.md:50 | C:\Users\35884\Documents\Spacecraft\过程文件\价值规则检验\Git审查工作树\docs\COUPLING_DEFECT_DIAGNOSIS_LOG_20260921.md:86 | C:\Users\35884\Documents\Spacecraft\过程文件\价值规则检验\Git审查工作树\docs\COUPLING_DEFECT_DIAGNOSIS_ORDER_20260921.md:8 | C:\Users\35884\Documents\Spacecraft\过程文件\价值规则检验\Git审查工作树\docs\COUPLING_DEFECT_DIAGNOSIS_ORDER_20260921.md:78 | C:\Users\35884\Documents\Spacecraft\过程文件\价值规则检验\Git审查工作树\docs\COUPLING_DEFECT_DIAGNOSIS_ORDER_20260921.md:81 | C:\Users\35884\Documents\Spacecraft\过程文件\价值规则检验\Git审查工作树\docs\COUPLING_DEFECT_DIAGNOSIS_ORDER_20260921.md:94 | C:\Users\35884\Documents\Spacecraft\过程文件\价值规则检验\Git审查工作树\docs\COUPLING_DEFECT_DIAGNOSIS_ORDER_20260921.md:112 | C:\Users\35884\Documents\Spacecraft\过程文件\价值规则检验\Git审查工作树\docs\COUPLING_DEFECT_DIAGNOSIS_ORDER_20260921.md:114 | C:\Users\35884\Documents\Spacecraft\过程文件\价值规则检验\Git审查工作树\docs\COUPLING_DEFECT_DIAGNOSIS_ORDER_20260921.md:190 | C:\Users\35884\Documents\Spacecraft\过程文件\价值规则检验\Git审查工作树\docs\COUPLING_DEFECT_DIAGNOSIS_ORDER_20260921.md:207 | C:\Users\35884\Documents\Spacecraft\过程文件\价值规则检验\Git审查工作树\docs\COUPLING_DEFECT_DIAGNOSIS_ORDER_20260921.md:209 | C:\Users\35884\Documents\Spacecraft\过程文件\价值规则检验\Git审查工作树\docs\COUPLING_DEFECT_DIAGNOSIS_ORDER_20260921.md:215 | C:\Users\35884\Documents\Spacecraft\过程文件\价值规则检验\Git审查工作树\docs\COUPLING_DEFECT_DIAGNOSIS_ORDER_20260921.md:216 | C:\Users\35884\Documents\Spacecraft\过程文件\价值规则检验\Git审查工作树\docs\COUPLING_DEFECT_DIAGNOSIS_ORDER_20260921.md:254 | C:\Users\35884\Documents\Spacecraft\过程文件\价值规则检验\Git审查工作树\docs\COUPLING_DEFECT_DIAGNOSIS_ORDER_20260921.md:259 | C:\Users\35884\Documents\Spacecraft\过程文件\价值规则检验\Git审查工作树\docs\COUPLING_DEFECT_DIAGNOSIS_ORDER_20260921.md:317 | C:\Users\35884\Documents\Spacecraft\过程文件\价值规则检验\Git审查工作树\docs\COUPLING_DEFECT_DIAGNOSIS_ORDER_20260921.md:322,see literal evidence; no root cause inferred,historical statement; proposed/tested ambiguity retained for upper review
HISTORICAL_EVIDENCE_FAMILY: D0b,see source document,UNRESOLVED,E09_value_rule_check,docs/STOPPING_VALUE_RULE_CHECK_20261006.md (historical),"report family index, not a single verified trial",,| **R2** | 暂存分支在探索中近乎不可达 | **证伪** | D0 在最终策略上读到 0/973，但 **D0b 在 5k/10k checkpoint 上读到 2–15% 的有效介入**：暂存早期可达且被大量使用。真正发生的是训练把策略推入死半边后能力崩塌到 0。见第 7 节 |,C:\Users\35884\Documents\Spacecraft\过程文件\价值规则检验\Git审查工作树\docs\ADAPTIVE_ROUND1_CLOSEOUT_20260921.md:47 | C:\Users\35884\Documents\Spacecraft\过程文件\价值规则检验\Git审查工作树\docs\ADAPTIVE_ROUND1_CLOSEOUT_20260921.md:127 | C:\Users\35884\Documents\Spacecraft\过程文件\价值规则检验\Git审查工作树\docs\ADAPTIVE_ROUND1_CLOSEOUT_20260921.md:165 | C:\Users\35884\Documents\Spacecraft\过程文件\价值规则检验\Git审查工作树\docs\ADAPTIVE_ROUND1_CLOSEOUT_20260921.md:251 | C:\Users\35884\Documents\Spacecraft\过程文件\价值规则检验\Git审查工作树\docs\ADAPTIVE_ROUND1_CLOSEOUT_20260921.md:302 | C:\Users\35884\Documents\Spacecraft\过程文件\价值规则检验\Git审查工作树\docs\ROUND1_EXTERNAL_REVIEW_20260922.md:23 | C:\Users\35884\Documents\Spacecraft\过程文件\价值规则检验\Git审查工作树\docs\ROUND1_EXTERNAL_REVIEW_20260922.md:26 | C:\Users\35884\Documents\Spacecraft\过程文件\价值规则检验\Git审查工作树\docs\ROUND1_EXTERNAL_REVIEW_20260922.md:60 | C:\Users\35884\Documents\Spacecraft\过程文件\价值规则检验\Git审查工作树\docs\ROUND1_EXTERNAL_REVIEW_20260922.md:131 | C:\Users\35884\Documents\Spacecraft\过程文件\价值规则检验\Git审查工作树\docs\V2_EXECUTION_ORDER_20260922.md:48,see literal evidence; no root cause inferred,historical statement; proposed/tested ambiguity retained for upper review
HISTORICAL_EVIDENCE_FAMILY: P0,see source document,UNRESOLVED,E09_value_rule_check,docs/STOPPING_VALUE_RULE_CHECK_20261006.md (historical),"report family index, not a single verified trial",,| R1 门语义 | **次要，约 23–25%**（D1 6/24；P0 回退 16/8/9 of 48） |,C:\Users\35884\Documents\Spacecraft\过程文件\价值规则检验\Git审查工作树\docs\ADAPTIVE_ROUND1_CLOSEOUT_20260921.md:250 | C:\Users\35884\Documents\Spacecraft\过程文件\价值规则检验\Git审查工作树\docs\INDEX.md:71 | C:\Users\35884\Documents\Spacecraft\过程文件\价值规则检验\Git审查工作树\docs\P0_HORIZON_PERSISTENT_FAILURES.md:1 | C:\Users\35884\Documents\Spacecraft\过程文件\价值规则检验\Git审查工作树\docs\ROUND1_EXTERNAL_REVIEW_20260922.md:23 | C:\Users\35884\Documents\Spacecraft\过程文件\价值规则检验\Git审查工作树\docs\ROUND1_EXTERNAL_REVIEW_20260922.md:26 | C:\Users\35884\Documents\Spacecraft\过程文件\价值规则检验\Git审查工作树\docs\V2_EXECUTION_ORDER_20260922.md:23 | C:\Users\35884\Documents\Spacecraft\过程文件\价值规则检验\Git审查工作树\docs\handoffs\archive_202609\WINDOW_HANDOFF_20260924.md:101 | C:\Users\35884\Documents\Spacecraft\过程文件\价值规则检验\Git审查工作树\logs\INDEX.md:10,see literal evidence; no root cause inferred,historical statement; proposed/tested ambiguity retained for upper review
HISTORICAL_EVIDENCE_FAMILY: D2,see source document,UNRESOLVED,E09_value_rule_check,docs/STOPPING_VALUE_RULE_CHECK_20261006.md (historical),"report family index, not a single verified trial",,**D2（关门 48 种子）已无必要**：D1 测出有效介入恰好为 0，且 75% 的锁存由策略自身造成，,C:\Users\35884\Documents\Spacecraft\过程文件\价值规则检验\Git审查工作树\docs\ADAPTIVE_ROUND1_CLOSEOUT_20260921.md:261 | C:\Users\35884\Documents\Spacecraft\过程文件\价值规则检验\Git审查工作树\docs\CLEANUP_20260909.md:26 | C:\Users\35884\Documents\Spacecraft\过程文件\价值规则检验\Git审查工作树\docs\COUPLING_DEFECT_DIAGNOSIS_ORDER_20260921.md:8 | C:\Users\35884\Documents\Spacecraft\过程文件\价值规则检验\Git审查工作树\docs\COUPLING_DEFECT_DIAGNOSIS_ORDER_20260921.md:94 | C:\Users\35884\Documents\Spacecraft\过程文件\价值规则检验\Git审查工作树\docs\COUPLING_DEFECT_DIAGNOSIS_ORDER_20260921.md:112 | C:\Users\35884\Documents\Spacecraft\过程文件\价值规则检验\Git审查工作树\docs\COUPLING_DEFECT_DIAGNOSIS_ORDER_20260921.md:190 | C:\Users\35884\Documents\Spacecraft\过程文件\价值规则检验\Git审查工作树\docs\COUPLING_DEFECT_DIAGNOSIS_ORDER_20260921.md:253 | C:\Users\35884\Documents\Spacecraft\过程文件\价值规则检验\Git审查工作树\docs\COUPLING_DEFECT_DIAGNOSIS_ORDER_20260921.md:254 | C:\Users\35884\Documents\Spacecraft\过程文件\价值规则检验\Git审查工作树\docs\COUPLING_DEFECT_DIAGNOSIS_ORDER_20260921.md:255 | C:\Users\35884\Documents\Spacecraft\过程文件\价值规则检验\Git审查工作树\docs\DECK_CLEARING_ORDER_20260922.md:69 | C:\Users\35884\Documents\Spacecraft\过程文件\价值规则检验\Git审查工作树\docs\ROUND1_EXTERNAL_REVIEW_20260922.md:156 | C:\Users\35884\Documents\Spacecraft\过程文件\价值规则检验\Git审查工作树\docs\STOPPING_RUN_ORDER_LOWER_20261002.md:71 | C:\Users\35884\Documents\Spacecraft\过程文件\价值规则检验\Git审查工作树\docs\V2_EXECUTION_ORDER_20260922.md:6 | C:\Users\35884\Documents\Spacecraft\过程文件\价值规则检验\Git审查工作树\docs\V2_EXECUTION_ORDER_20260922.md:147 | C:\Users\35884\Documents\Spacecraft\过程文件\价值规则检验\Git审查工作树\docs\handoffs\archive_202609\HANDOFF_UPPER_RULING_20260908.md:171 | C:\Users\35884\Documents\Spacecraft\过程文件\价值规则检验\Git审查工作树\docs\handoffs\archive_202609\WINDOW_HANDOFF_20260924.md:356 | C:\Users\35884\Documents\Spacecraft\过程文件\价值规则检验\Git审查工作树\docs\handoffs\archive_202609\WINDOW_HANDOFF_20260924.md:380,see literal evidence; no root cause inferred,historical statement; proposed/tested ambiguity retained for upper review
HISTORICAL_EVIDENCE_FAMILY: D4,see source document,UNRESOLVED,E09_value_rule_check,docs/STOPPING_VALUE_RULE_CHECK_20261006.md (historical),"report family index, not a single verified trial",,| D4 / D4c / D0b / D3（本轮新增） | `eval/adp/d4_staged_n*.json`、`d4c_retained_n*.json`、`d0b_stochastic_*.json`、`eval/cal2/*.json` |,C:\Users\35884\Documents\Spacecraft\过程文件\价值规则检验\Git审查工作树\docs\ADAPTIVE_ROUND1_CLOSEOUT_20260921.md:302 | C:\Users\35884\Documents\Spacecraft\过程文件\价值规则检验\Git审查工作树\docs\COUPLING_DEFECT_DIAGNOSIS_ORDER_20260921.md:8 | C:\Users\35884\Documents\Spacecraft\过程文件\价值规则检验\Git审查工作树\docs\COUPLING_DEFECT_DIAGNOSIS_ORDER_20260921.md:78 | C:\Users\35884\Documents\Spacecraft\过程文件\价值规则检验\Git审查工作树\docs\COUPLING_DEFECT_DIAGNOSIS_ORDER_20260921.md:94 | C:\Users\35884\Documents\Spacecraft\过程文件\价值规则检验\Git审查工作树\docs\COUPLING_DEFECT_DIAGNOSIS_ORDER_20260921.md:112 | C:\Users\35884\Documents\Spacecraft\过程文件\价值规则检验\Git审查工作树\docs\COUPLING_DEFECT_DIAGNOSIS_ORDER_20260921.md:190 | C:\Users\35884\Documents\Spacecraft\过程文件\价值规则检验\Git审查工作树\docs\COUPLING_DEFECT_DIAGNOSIS_ORDER_20260921.md:216 | C:\Users\35884\Documents\Spacecraft\过程文件\价值规则检验\Git审查工作树\docs\COUPLING_DEFECT_DIAGNOSIS_ORDER_20260921.md:255 | C:\Users\35884\Documents\Spacecraft\过程文件\价值规则检验\Git审查工作树\docs\COUPLING_DEFECT_DIAGNOSIS_ORDER_20260921.md:256 | C:\Users\35884\Documents\Spacecraft\过程文件\价值规则检验\Git审查工作树\docs\COUPLING_DEFECT_DIAGNOSIS_ORDER_20260921.md:259 | C:\Users\35884\Documents\Spacecraft\过程文件\价值规则检验\Git审查工作树\docs\EVIDENCE_INDEX.md:20 | C:\Users\35884\Documents\Spacecraft\过程文件\价值规则检验\Git审查工作树\docs\INDEX.md:30 | C:\Users\35884\Documents\Spacecraft\过程文件\价值规则检验\Git审查工作树\docs\ROUND1_EXTERNAL_REVIEW_20260922.md:23 | C:\Users\35884\Documents\Spacecraft\过程文件\价值规则检验\Git审查工作树\docs\ROUND1_EXTERNAL_REVIEW_20260922.md:26 | C:\Users\35884\Documents\Spacecraft\过程文件\价值规则检验\Git审查工作树\docs\handoffs\archive_202609\WINDOW_HANDOFF_20260924.md:356,see literal evidence; no root cause inferred,historical statement; proposed/tested ambiguity retained for upper review
HISTORICAL_EVIDENCE_FAMILY: D4c,see source document,UNRESOLVED,E09_value_rule_check,docs/STOPPING_VALUE_RULE_CHECK_20261006.md (historical),"report family index, not a single verified trial",,| D4 / D4c / D0b / D3（本轮新增） | `eval/adp/d4_staged_n*.json`、`d4c_retained_n*.json`、`d0b_stochastic_*.json`、`eval/cal2/*.json` |,C:\Users\35884\Documents\Spacecraft\过程文件\价值规则检验\Git审查工作树\docs\ADAPTIVE_ROUND1_CLOSEOUT_20260921.md:302 | C:\Users\35884\Documents\Spacecraft\过程文件\价值规则检验\Git审查工作树\docs\ROUND1_EXTERNAL_REVIEW_20260922.md:23 | C:\Users\35884\Documents\Spacecraft\过程文件\价值规则检验\Git审查工作树\docs\ROUND1_EXTERNAL_REVIEW_20260922.md:26,see literal evidence; no root cause inferred,historical statement; proposed/tested ambiguity retained for upper review
HISTORICAL_EVIDENCE_FAMILY: D3,see source document,UNRESOLVED,E09_value_rule_check,docs/STOPPING_VALUE_RULE_CHECK_20261006.md (historical),"report family index, not a single verified trial",,| D4 / D4c / D0b / D3（本轮新增） | `eval/adp/d4_staged_n*.json`、`d4c_retained_n*.json`、`d0b_stochastic_*.json`、`eval/cal2/*.json` |,C:\Users\35884\Documents\Spacecraft\过程文件\价值规则检验\Git审查工作树\docs\ADAPTIVE_ROUND1_CLOSEOUT_20260921.md:302 | C:\Users\35884\Documents\Spacecraft\过程文件\价值规则检验\Git审查工作树\docs\CLEANUP_20260909.md:26 | C:\Users\35884\Documents\Spacecraft\过程文件\价值规则检验\Git审查工作树\docs\COUPLING_DEFECT_DIAGNOSIS_ORDER_20260921.md:112 | C:\Users\35884\Documents\Spacecraft\过程文件\价值规则检验\Git审查工作树\docs\COUPLING_DEFECT_DIAGNOSIS_ORDER_20260921.md:216 | C:\Users\35884\Documents\Spacecraft\过程文件\价值规则检验\Git审查工作树\docs\COUPLING_DEFECT_DIAGNOSIS_ORDER_20260921.md:256 | C:\Users\35884\Documents\Spacecraft\过程文件\价值规则检验\Git审查工作树\docs\ROUND1_EXTERNAL_REVIEW_20260922.md:23 | C:\Users\35884\Documents\Spacecraft\过程文件\价值规则检验\Git审查工作树\docs\ROUND1_EXTERNAL_REVIEW_20260922.md:26 | C:\Users\35884\Documents\Spacecraft\过程文件\价值规则检验\Git审查工作树\docs\STOPPING_FORMAL_REVIEW_20261006.md:35 | C:\Users\35884\Documents\Spacecraft\过程文件\价值规则检验\Git审查工作树\docs\STOPPING_RUN_ORDER_LOWER_20261002.md:71,see literal evidence; no root cause inferred,historical statement; proposed/tested ambiguity retained for upper review
HISTORICAL_EVIDENCE_FAMILY: T1,see source document,UNRESOLVED,E09_value_rule_check,docs/STOPPING_VALUE_RULE_CHECK_20261006.md (historical),"report family index, not a single verified trial",,- **不动** T1–T7，**不清理** T-A/T-B/T-C。,C:\Users\35884\Documents\Spacecraft\过程文件\价值规则检验\Git审查工作树\docs\DECK_CLEARING_ORDER_20260922.md:86 | C:\Users\35884\Documents\Spacecraft\过程文件\价值规则检验\Git审查工作树\docs\PREFLIGHT_DELIVERY_20260911.md:12 | C:\Users\35884\Documents\Spacecraft\过程文件\价值规则检验\Git审查工作树\docs\T0_AMENDMENT_20260910.md:73 | C:\Users\35884\Documents\Spacecraft\过程文件\价值规则检验\Git审查工作树\docs\V2_EXECUTION_ORDER_20260922.md:410 | C:\Users\35884\Documents\Spacecraft\过程文件\价值规则检验\Git审查工作树\docs\V2_FIX_ORDER_RATE_LIMIT_20260922.md:89 | C:\Users\35884\Documents\Spacecraft\过程文件\价值规则检验\Git审查工作树\docs\V2_FIX_ORDER_RATE_LIMIT_20260922.md:99 | C:\Users\35884\Documents\Spacecraft\过程文件\价值规则检验\Git审查工作树\docs\V2_FIX_ORDER_RATE_LIMIT_20260922.md:112 | C:\Users\35884\Documents\Spacecraft\过程文件\价值规则检验\Git审查工作树\docs\V2_INTERFACE_IMPLEMENTATION_20260922.md:5 | C:\Users\35884\Documents\Spacecraft\过程文件\价值规则检验\Git审查工作树\docs\V2_INTERFACE_IMPLEMENTATION_20260922.md:43 | C:\Users\35884\Documents\Spacecraft\过程文件\价值规则检验\Git审查工作树\docs\V2_INTERFACE_IMPLEMENTATION_20260922.md:56 | C:\Users\35884\Documents\Spacecraft\过程文件\价值规则检验\Git审查工作树\docs\V2_RATE_LIMIT_SWEEP_STOP_20260922.md:47 | C:\Users\35884\Documents\Spacecraft\过程文件\价值规则检验\Git审查工作树\docs\V2_REVIEW_RATE_LIMIT_20260922.md:102,see literal evidence; no root cause inferred,historical statement; proposed/tested ambiguity retained for upper review
HISTORICAL_EVIDENCE_FAMILY: T0,see source document,UNRESOLVED,E09_value_rule_check,docs/STOPPING_VALUE_RULE_CHECK_20261006.md (historical),"report family index, not a single verified trial",,### T0–T12 训练、闸门与评估线,C:\Users\35884\Documents\Spacecraft\过程文件\价值规则检验\Git审查工作树\docs\INDEX.md:90 | C:\Users\35884\Documents\Spacecraft\过程文件\价值规则检验\Git审查工作树\docs\LOWER_EXECUTION_PLAN_20260910.md:4 | C:\Users\35884\Documents\Spacecraft\过程文件\价值规则检验\Git审查工作树\docs\LOWER_EXECUTION_PLAN_20260910.md:325 | C:\Users\35884\Documents\Spacecraft\过程文件\价值规则检验\Git审查工作树\docs\P0_HORIZON_PERSISTENT_FAILURES.md:3 | C:\Users\35884\Documents\Spacecraft\过程文件\价值规则检验\Git审查工作树\docs\REPO_TIDY_ORDER_20260922.md:52 | C:\Users\35884\Documents\Spacecraft\过程文件\价值规则检验\Git审查工作树\docs\T0_AMENDMENT_20260910.md:73 | C:\Users\35884\Documents\Spacecraft\过程文件\价值规则检验\Git审查工作树\docs\T0_AMENDMENT_20260910.md:119 | C:\Users\35884\Documents\Spacecraft\过程文件\价值规则检验\Git审查工作树\docs\V3_METHOD_EXECUTION_ORDER_20260924.md:49 | C:\Users\35884\Documents\Spacecraft\过程文件\价值规则检验\Git审查工作树\docs\V3_WORK_SUMMARY_AND_PLAN_20260924.md:26 | C:\Users\35884\Documents\Spacecraft\过程文件\价值规则检验\Git审查工作树\logs\INDEX.md:11,see literal evidence; no root cause inferred,historical statement; proposed/tested ambiguity retained for upper review
HISTORICAL_EVIDENCE_FAMILY: T9,see source document,UNRESOLVED,E09_value_rule_check,docs/STOPPING_VALUE_RULE_CHECK_20261006.md (historical),"report family index, not a single verified trial",,| `T7_T9_REVIEW_20260912.md` | T7–T9 第三方审查说明。 |,C:\Users\35884\Documents\Spacecraft\过程文件\价值规则检验\Git审查工作树\docs\INDEX.md:98 | C:\Users\35884\Documents\Spacecraft\过程文件\价值规则检验\Git审查工作树\docs\T10_EXECUTION_ORDER.md:223 | C:\Users\35884\Documents\Spacecraft\过程文件\价值规则检验\Git审查工作树\docs\T7_T9_REVIEW_20260912.md:1 | C:\Users\35884\Documents\Spacecraft\过程文件\价值规则检验\Git审查工作树\docs\T7_T9_REVIEW_20260912.md:113 | C:\Users\35884\Documents\Spacecraft\过程文件\价值规则检验\Git审查工作树\docs\T7_T9_REVIEW_20260912.md:263 | C:\Users\35884\Documents\Spacecraft\过程文件\价值规则检验\Git审查工作树\docs\T7_T9_REVIEW_20260912.md:268,see literal evidence; no root cause inferred,historical statement; proposed/tested ambiguity retained for upper review
HISTORICAL_EVIDENCE_FAMILY: T8,see source document,UNRESOLVED,E09_value_rule_check,docs/STOPPING_VALUE_RULE_CHECK_20261006.md (historical),"report family index, not a single verified trial",,| `T8_EXECUTION_ORDER.md` | T8 评估与诊断单。 |,C:\Users\35884\Documents\Spacecraft\过程文件\价值规则检验\Git审查工作树\docs\INDEX.md:100 | C:\Users\35884\Documents\Spacecraft\过程文件\价值规则检验\Git审查工作树\docs\INDEX.md:101 | C:\Users\35884\Documents\Spacecraft\过程文件\价值规则检验\Git审查工作树\docs\T10_EXECUTION_ORDER.md:202 | C:\Users\35884\Documents\Spacecraft\过程文件\价值规则检验\Git审查工作树\docs\T10_EXECUTION_ORDER.md:209 | C:\Users\35884\Documents\Spacecraft\过程文件\价值规则检验\Git审查工作树\docs\T11_EXECUTION_ORDER.md:145 | C:\Users\35884\Documents\Spacecraft\过程文件\价值规则检验\Git审查工作树\docs\T11_EXECUTION_ORDER.md:165 | C:\Users\35884\Documents\Spacecraft\过程文件\价值规则检验\Git审查工作树\docs\T12_EXECUTION_ORDER.md:154 | C:\Users\35884\Documents\Spacecraft\过程文件\价值规则检验\Git审查工作树\docs\T12_EXECUTION_ORDER.md:177 | C:\Users\35884\Documents\Spacecraft\过程文件\价值规则检验\Git审查工作树\docs\T12_S10_EVAL_EXECUTION_ORDER.md:66 | C:\Users\35884\Documents\Spacecraft\过程文件\价值规则检验\Git审查工作树\docs\T12_S10_REVIEW_DOSSIER_20260915.md:20 | C:\Users\35884\Documents\Spacecraft\过程文件\价值规则检验\Git审查工作树\docs\T7_T9_REVIEW_20260912.md:17 | C:\Users\35884\Documents\Spacecraft\过程文件\价值规则检验\Git审查工作树\docs\T7_T9_REVIEW_20260912.md:57 | C:\Users\35884\Documents\Spacecraft\过程文件\价值规则检验\Git审查工作树\docs\T7_T9_REVIEW_20260912.md:187 | C:\Users\35884\Documents\Spacecraft\过程文件\价值规则检验\Git审查工作树\docs\T7_T9_REVIEW_20260912.md:212 | C:\Users\35884\Documents\Spacecraft\过程文件\价值规则检验\Git审查工作树\docs\T7_T9_REVIEW_20260912.md:220 | C:\Users\35884\Documents\Spacecraft\过程文件\价值规则检验\Git审查工作树\docs\T7_T9_REVIEW_20260912.md:261 | C:\Users\35884\Documents\Spacecraft\过程文件\价值规则检验\Git审查工作树\docs\T7_T9_REVIEW_20260912.md:262 | C:\Users\35884\Documents\Spacecraft\过程文件\价值规则检验\Git审查工作树\docs\T8_EXECUTION_ORDER.md:1 | C:\Users\35884\Documents\Spacecraft\过程文件\价值规则检验\Git审查工作树\docs\T8_GATE1_REPORT_20260912.md:1 | C:\Users\35884\Documents\Spacecraft\过程文件\价值规则检验\Git审查工作树\docs\TERMINAL_GATE_DEFECT.md:196 | C:\Users\35884\Documents\Spacecraft\过程文件\价值规则检验\Git审查工作树\docs\TERMINAL_GATE_DEFECT.md:221 | C:\Users\35884\Documents\Spacecraft\过程文件\价值规则检验\Git审查工作树\docs\handoffs\archive_202609\WINDOW_HANDOFF_20260913.md:145 | C:\Users\35884\Documents\Spacecraft\过程文件\价值规则检验\Git审查工作树\local_artifacts\patches\README.md:5 | C:\Users\35884\Documents\Spacecraft\过程文件\价值规则检验\Git审查工作树\logs\INDEX.md:12,see literal evidence; no root cause inferred,historical statement; proposed/tested ambiguity retained for upper review
HISTORICAL_EVIDENCE_FAMILY: T10,see source document,UNRESOLVED,E09_value_rule_check,docs/STOPPING_VALUE_RULE_CHECK_20261006.md (historical),"report family index, not a single verified trial",,| `T10_EXECUTION_ORDER.md` | T10 执行单。 |,C:\Users\35884\Documents\Spacecraft\过程文件\价值规则检验\Git审查工作树\docs\INDEX.md:102 | C:\Users\35884\Documents\Spacecraft\过程文件\价值规则检验\Git审查工作树\docs\INDEX.md:103 | C:\Users\35884\Documents\Spacecraft\过程文件\价值规则检验\Git审查工作树\docs\INDEX.md:104 | C:\Users\35884\Documents\Spacecraft\过程文件\价值规则检验\Git审查工作树\docs\INDEX.md:105 | C:\Users\35884\Documents\Spacecraft\过程文件\价值规则检验\Git审查工作树\docs\T10_EXECUTION_ORDER.md:1 | C:\Users\35884\Documents\Spacecraft\过程文件\价值规则检验\Git审查工作树\docs\T10_EXECUTION_ORDER.md:73 | C:\Users\35884\Documents\Spacecraft\过程文件\价值规则检验\Git审查工作树\docs\T10_EXECUTION_ORDER.md:115 | C:\Users\35884\Documents\Spacecraft\过程文件\价值规则检验\Git审查工作树\docs\T10_EXECUTION_ORDER.md:138 | C:\Users\35884\Documents\Spacecraft\过程文件\价值规则检验\Git审查工作树\docs\T10_EXECUTION_ORDER.md:224 | C:\Users\35884\Documents\Spacecraft\过程文件\价值规则检验\Git审查工作树\docs\T10_GATE_A_REPORT_20260913.md:1 | C:\Users\35884\Documents\Spacecraft\过程文件\价值规则检验\Git审查工作树\docs\T11_EXECUTION_ORDER.md:63 | C:\Users\35884\Documents\Spacecraft\过程文件\价值规则检验\Git审查工作树\docs\T11_EXECUTION_ORDER.md:64 | C:\Users\35884\Documents\Spacecraft\过程文件\价值规则检验\Git审查工作树\docs\T12_EXECUTION_ORDER.md:35 | C:\Users\35884\Documents\Spacecraft\过程文件\价值规则检验\Git审查工作树\docs\T12_EXECUTION_ORDER.md:44 | C:\Users\35884\Documents\Spacecraft\过程文件\价值规则检验\Git审查工作树\docs\T12_S10_FORMAL_EVALUATION_REPORT_20260915.md:53 | C:\Users\35884\Documents\Spacecraft\过程文件\价值规则检验\Git审查工作树\docs\T12_S10_REVIEW_DOSSIER_20260915.md:148 | C:\Users\35884\Documents\Spacecraft\过程文件\价值规则检验\Git审查工作树\local_artifacts\patches\README.md:5 | C:\Users\35884\Documents\Spacecraft\过程文件\价值规则检验\Git审查工作树\logs\INDEX.md:13,see literal evidence; no root cause inferred,historical statement; proposed/tested ambiguity retained for upper review
HISTORICAL_EVIDENCE_FAMILY: T11,see source document,UNRESOLVED,E09_value_rule_check,docs/STOPPING_VALUE_RULE_CHECK_20261006.md (historical),"report family index, not a single verified trial",,| `T11_EXECUTION_ORDER.md` | T11 执行单。 |,C:\Users\35884\Documents\Spacecraft\过程文件\价值规则检验\Git审查工作树\docs\INDEX.md:106 | C:\Users\35884\Documents\Spacecraft\过程文件\价值规则检验\Git审查工作树\docs\INDEX.md:107 | C:\Users\35884\Documents\Spacecraft\过程文件\价值规则检验\Git审查工作树\docs\INDEX.md:108 | C:\Users\35884\Documents\Spacecraft\过程文件\价值规则检验\Git审查工作树\docs\INDEX.md:109 | C:\Users\35884\Documents\Spacecraft\过程文件\价值规则检验\Git审查工作树\docs\T11_EXECUTION_ORDER.md:1 | C:\Users\35884\Documents\Spacecraft\过程文件\价值规则检验\Git审查工作树\docs\T11_EXECUTION_ORDER.md:50 | C:\Users\35884\Documents\Spacecraft\过程文件\价值规则检验\Git审查工作树\docs\T11_EXECUTION_ORDER.md:64 | C:\Users\35884\Documents\Spacecraft\过程文件\价值规则检验\Git审查工作树\docs\T11_EXECUTION_ORDER.md:65 | C:\Users\35884\Documents\Spacecraft\过程文件\价值规则检验\Git审查工作树\docs\T11_GATE_B_REPORT_20260913.md:1 | C:\Users\35884\Documents\Spacecraft\过程文件\价值规则检验\Git审查工作树\docs\T11_GATE_B_RULING.md:23 | C:\Users\35884\Documents\Spacecraft\过程文件\价值规则检验\Git审查工作树\docs\T12_EXECUTION_ORDER.md:35 | C:\Users\35884\Documents\Spacecraft\过程文件\价值规则检验\Git审查工作树\docs\T12_EXECUTION_ORDER.md:44 | C:\Users\35884\Documents\Spacecraft\过程文件\价值规则检验\Git审查工作树\docs\T12_EXECUTION_ORDER.md:91 | C:\Users\35884\Documents\Spacecraft\过程文件\价值规则检验\Git审查工作树\local_artifacts\patches\README.md:5 | C:\Users\35884\Documents\Spacecraft\过程文件\价值规则检验\Git审查工作树\logs\INDEX.md:13,see literal evidence; no root cause inferred,historical statement; proposed/tested ambiguity retained for upper review
HISTORICAL_EVIDENCE_FAMILY: T5,see source document,UNRESOLVED,E09_value_rule_check,docs/STOPPING_VALUE_RULE_CHECK_20261006.md (historical),"report family index, not a single verified trial",,> **当前授权范围：T0 → T5。T6、T7 未授权，必须等用户单独拍板。**,C:\Users\35884\Documents\Spacecraft\过程文件\价值规则检验\Git审查工作树\docs\LOWER_EXECUTION_PLAN_20260910.md:4 | C:\Users\35884\Documents\Spacecraft\过程文件\价值规则检验\Git审查工作树\docs\LOWER_EXECUTION_PLAN_20260910.md:337 | C:\Users\35884\Documents\Spacecraft\过程文件\价值规则检验\Git审查工作树\docs\PREFLIGHT_DELIVERY_20260911.md:34 | C:\Users\35884\Documents\Spacecraft\过程文件\价值规则检验\Git审查工作树\docs\T0_AMENDMENT_20260910.md:146,see literal evidence; no root cause inferred,historical statement; proposed/tested ambiguity retained for upper review
HISTORICAL_EVIDENCE_FAMILY: P1,see source document,UNRESOLVED,E09_value_rule_check,docs/STOPPING_VALUE_RULE_CHECK_20261006.md (historical),"report family index, not a single verified trial",,"Only the seed(s) not rescued by P1-A are evaluated. The fixed grid is radial steps {0.1,0.2,0.4,0.8,1.6} m per 2 s decision × starts {0,60,120} s × horizons {20,35}. Full-state, no training, no MPC/task/reward changes.",C:\Users\35884\Documents\Spacecraft\过程文件\价值规则检验\Git审查工作树\docs\P1_B_APPROACH_RATE_SCAN.md:3 | C:\Users\35884\Documents\Spacecraft\过程文件\价值规则检验\Git审查工作树\docs\P1_B_APPROACH_RATE_SCAN.md:7 | C:\Users\35884\Documents\Spacecraft\过程文件\价值规则检验\Git审查工作树\docs\PERCEPTION_PRECAPTURE_INTEGRATION.md:96,see literal evidence; no root cause inferred,historical statement; proposed/tested ambiguity retained for upper review
HISTORICAL_EVIDENCE_FAMILY: P3,see source document,UNRESOLVED,E09_value_rule_check,docs/STOPPING_VALUE_RULE_CHECK_20261006.md (historical),"report family index, not a single verified trial",,"层有稳定正贡献,则一路做到 P3;若 T12 未显出稳定正贡献,则**先不做 P3**,只补 P1/P2",C:\Users\35884\Documents\Spacecraft\过程文件\价值规则检验\Git审查工作树\docs\PERCEPTION_PRECAPTURE_INTEGRATION.md:96,see literal evidence; no root cause inferred,historical statement; proposed/tested ambiguity retained for upper review
HISTORICAL_EVIDENCE_FAMILY: P2,see source document,UNRESOLVED,E09_value_rule_check,docs/STOPPING_VALUE_RULE_CHECK_20261006.md (historical),"report family index, not a single verified trial",,"层有稳定正贡献,则一路做到 P3;若 T12 未显出稳定正贡献,则**先不做 P3**,只补 P1/P2",C:\Users\35884\Documents\Spacecraft\过程文件\价值规则检验\Git审查工作树\docs\PERCEPTION_PRECAPTURE_INTEGRATION.md:96 | C:\Users\35884\Documents\Spacecraft\过程文件\价值规则检验\Git审查工作树\docs\V3_METHOD_EXECUTION_ORDER_20260924.md:67 | C:\Users\35884\Documents\Spacecraft\过程文件\价值规则检验\Git审查工作树\docs\V3_T0_INTERFACE_FIX_ORDER_20260924.md:110 | C:\Users\35884\Documents\Spacecraft\过程文件\价值规则检验\Git审查工作树\logs\INDEX.md:10,see literal evidence; no root cause inferred,historical statement; proposed/tested ambiguity retained for upper review
HISTORICAL_EVIDENCE_FAMILY: T2,see source document,UNRESOLVED,E09_value_rule_check,docs/STOPPING_VALUE_RULE_CHECK_20261006.md (historical),"report family index, not a single verified trial",,所有阶段都有独立提交及 manifest。T2 中途进程不再存在时，保留了 98 个已完成产物；剩余 6 格根据更早切入前已终止的同一保持轨迹做精确复用，来源逐格记录。T3/T4/T5 使用已经过等价验证的事后诊断关闭与目标按需传播开关加速；这不改变 RK45 参数或任务。,C:\Users\35884\Documents\Spacecraft\过程文件\价值规则检验\Git审查工作树\docs\PREFLIGHT_DELIVERY_20260911.md:34,see literal evidence; no root cause inferred,historical statement; proposed/tested ambiguity retained for upper review
HISTORICAL_EVIDENCE_FAMILY: T3,see source document,UNRESOLVED,E09_value_rule_check,docs/STOPPING_VALUE_RULE_CHECK_20261006.md (historical),"report family index, not a single verified trial",,所有阶段都有独立提交及 manifest。T2 中途进程不再存在时，保留了 98 个已完成产物；剩余 6 格根据更早切入前已终止的同一保持轨迹做精确复用，来源逐格记录。T3/T4/T5 使用已经过等价验证的事后诊断关闭与目标按需传播开关加速；这不改变 RK45 参数或任务。,C:\Users\35884\Documents\Spacecraft\过程文件\价值规则检验\Git审查工作树\docs\PREFLIGHT_DELIVERY_20260911.md:34,see literal evidence; no root cause inferred,historical statement; proposed/tested ambiguity retained for upper review
HISTORICAL_EVIDENCE_FAMILY: T4,see source document,UNRESOLVED,E09_value_rule_check,docs/STOPPING_VALUE_RULE_CHECK_20261006.md (historical),"report family index, not a single verified trial",,所有阶段都有独立提交及 manifest。T2 中途进程不再存在时，保留了 98 个已完成产物；剩余 6 格根据更早切入前已终止的同一保持轨迹做精确复用，来源逐格记录。T3/T4/T5 使用已经过等价验证的事后诊断关闭与目标按需传播开关加速；这不改变 RK45 参数或任务。,C:\Users\35884\Documents\Spacecraft\过程文件\价值规则检验\Git审查工作树\docs\PREFLIGHT_DELIVERY_20260911.md:34,see literal evidence; no root cause inferred,historical statement; proposed/tested ambiguity retained for upper review
HISTORICAL_EVIDENCE_FAMILY: v3e,see source document,UNRESOLVED,E02_B1_handoff_scan,docs/STOPPING_VALUE_RULE_CHECK_20261006.md (historical),"report family index, not a single verified trial",,| 官方判读 | `eval/v3e/stage_b/readout_b1.json`（已入库），SHA-256 `8bd00e8a5b4e514ac7173fe7d821e920593c6b2687eb2cd5f33c6af6b7e92aa0` |,C:\Users\35884\Documents\Spacecraft\过程文件\价值规则检验\Git审查工作树\docs\STAGE_B1_RESULT_20261001.md:10 | C:\Users\35884\Documents\Spacecraft\过程文件\价值规则检验\Git审查工作树\docs\STAGE_B1_RESULT_20261001.md:60 | C:\Users\35884\Documents\Spacecraft\过程文件\协作\Git工作树\docs\STAGE_B1_RESULT_20261001.md:10 | C:\Users\35884\Documents\Spacecraft\过程文件\协作\Git工作树\docs\STAGE_B1_RESULT_20261001.md:60 | D:\py\DRL2\docs\STAGE_B1_RESULT_20261001.md:10 | D:\py\DRL2\docs\STAGE_B1_RESULT_20261001.md:60 | D:\py\DRL2_v3e\docs\STAGE_B1_RESULT_20261001.md:10 | D:\py\DRL2_v3e\docs\STAGE_B1_RESULT_20261001.md:60,see literal evidence; no root cause inferred,historical statement; proposed/tested ambiguity retained for upper review
HISTORICAL_EVIDENCE_FAMILY: horizon,see source document,UNRESOLVED,E04_stageC_classifier,docs/STOPPING_VALUE_RULE_CHECK_20261006.md (historical),"report family index, not a single verified trial",,"-ArgumentList ""-B"",""-m"",""train.train_hybrid"",""--steps"",""60000"",""--seed"",""$s"",""--run-name"",""v3e_$s"",""--horizon"",""35"",""--parametrization"",""task_state_v3"",""--adaptive-task"",""--device"",""cpu"" `",C:\Users\35884\Documents\Spacecraft\过程文件\价值规则检验\Git审查工作树\docs\STAGE_C_RUN_ORDER_LOWER_20261002.md:145 | C:\Users\35884\Documents\Spacecraft\过程文件\协作\Git工作树\docs\STAGE_C_RUN_ORDER_LOWER_20261002.md:145 | C:\Users\35884\Documents\Spacecraft\过程文件\阶段C\交付展开\frozen_code\docs\STAGE_C_RUN_ORDER_LOWER_20261002.md:145 | D:\py\DRL2\docs\STAGE_C_RUN_ORDER_LOWER_20261002.md:145 | D:\py\DRL2_v3e\docs\STAGE_C_RUN_ORDER_LOWER_20261002.md:145,see literal evidence; no root cause inferred,historical statement; proposed/tested ambiguity retained for upper review
HISTORICAL_EVIDENCE_FAMILY: T60,see source document,UNRESOLVED,E09_value_rule_check,docs/STOPPING_VALUE_RULE_CHECK_20261006.md (historical),"report family index, not a single verified trial",,新增残留：262028 / T60，在122.7秒出现1个QP不可行步，最长连续零推力1步，最终300秒超时。新增192局仅此1局有不可行；保留事实，不自行诊断或修改下层。,C:\Users\35884\Documents\Spacecraft\过程文件\价值规则检验\Git审查工作树\docs\T11_GATE_B_REPORT_20260913.md:24,see literal evidence; no root cause inferred,historical statement; proposed/tested ambiguity retained for upper review
HISTORICAL_EVIDENCE_FAMILY: D5,see source document,UNRESOLVED,E09_value_rule_check,docs/STOPPING_VALUE_RULE_CHECK_20261006.md (historical),"report family index, not a single verified trial",,"| `docs/DECK_CLEARING_ORDER_20260922.md` 里的收尾段 | **仍未做**：要在 `docs/COUPLING_DEFECT_DIAGNOSIS_LOG_20260921.md` 追加一段，写明 D2 是**取消**（不是待办）、D5 是用户叫停、诊断以 R5 单一根因关闭，且其中""预注册率未成立""是**上层预注册不精确**，不是下层判断错；并报一次它自己机器上的全套结果 |",C:\Users\35884\Documents\Spacecraft\过程文件\价值规则检验\Git审查工作树\docs\handoffs\archive_202609\WINDOW_HANDOFF_20260924.md:380,see literal evidence; no root cause inferred,historical statement; proposed/tested ambiguity retained for upper review
HISTORICAL_EVIDENCE_FAMILY: alpha,see source document,UNRESOLVED,ORPHAN,UNRESOLVED: see evidence references; no authority inferred,"report family index, not a single verified trial",,> V = beta Q_H + (1-beta) V_C + alpha H(beta); gamma 0.999 everywhere;,C:\Users\35884\Documents\Spacecraft\过程文件\协作\Git工作树\CLAUDE.md:73 | D:\py\DRL2\CLAUDE.md:81,see literal evidence; no root cause inferred,historical statement; proposed/tested ambiguity retained for upper review
HISTORICAL_EVIDENCE_FAMILY: v3d,see source document,UNRESOLVED,ORPHAN,UNRESOLVED: see evidence references; no authority inferred,"report family index, not a single verified trial",,> (`docs/V3E_PLAN_AND_EXECUTION_ORDER_20260927.md`); v3d is kept as the,C:\Users\35884\Documents\Spacecraft\过程文件\协作\Git工作树\CLAUDE.md:101 | C:\Users\35884\Documents\Spacecraft\过程文件\协作\Git工作树\CLAUDE.md:113 | C:\Users\35884\Documents\Spacecraft\过程文件\协作\Git工作树\CLAUDE.md:120 | C:\Users\35884\Documents\Spacecraft\过程文件\协作\Git工作树\docs\V3_HEADROOM_PREREGISTRATION_20260927.md:5 | C:\Users\35884\Documents\Spacecraft\过程文件\协作\Git工作树\docs\V3_HEADROOM_PREREGISTRATION_20260927.md:43 | C:\Users\35884\Documents\Spacecraft\过程文件\协作\Git工作树\docs\V3_HEADROOM_PREREGISTRATION_20260927.md:44 | C:\Users\35884\Documents\Spacecraft\过程文件\协作\Git工作树\docs\V3_HEADROOM_PREREGISTRATION_20260927.md:57 | C:\Users\35884\Documents\Spacecraft\过程文件\协作\Git工作树\docs\V3_METHOD_EXECUTION_ORDER_20260924.md:7 | C:\Users\35884\Documents\Spacecraft\过程文件\协作\Git工作树\docs\V3_PROGRESS_SINCE_20260924.md:12 | C:\Users\35884\Documents\Spacecraft\过程文件\协作\Git工作树\docs\V3_PROGRESS_SINCE_20260924.md:13 | C:\Users\35884\Documents\Spacecraft\过程文件\协作\Git工作树\docs\V3_PROGRESS_SINCE_20260924.md:28 | C:\Users\35884\Documents\Spacecraft\过程文件\协作\Git工作树\docs\V3_PROGRESS_SINCE_20260924.md:29 | C:\Users\35884\Documents\Spacecraft\过程文件\协作\Git工作树\docs\V3_PROGRESS_SINCE_20260924.md:30 | C:\Users\35884\Documents\Spacecraft\过程文件\协作\Git工作树\docs\V3_PROGRESS_SINCE_20260924.md:33 | C:\Users\35884\Documents\Spacecraft\过程文件\协作\Git工作树\docs\V3_PROGRESS_SINCE_20260924.md:43 | C:\Users\35884\Documents\Spacecraft\过程文件\协作\Git工作树\docs\V3_PROGRESS_SINCE_20260924.md:45 | C:\Users\35884\Documents\Spacecraft\过程文件\协作\Git工作树\docs\V3_PROGRESS_SINCE_20260924.md:82 | C:\Users\35884\Documents\Spacecraft\过程文件\协作\Git工作树\docs\handoffs\NEXT_WINDOW_PROMPT_20260930.md:61 | C:\Users\35884\Documents\Spacecraft\过程文件\协作\Git工作树\docs\handoffs\NEXT_WINDOW_PROMPT_20260930.md:67 | C:\Users\35884\Documents\Spacecraft\过程文件\协作\Git工作树\docs\handoffs\WINDOW_HANDOFF_20260930.md:76 | C:\Users\35884\Documents\Spacecraft\过程文件\协作\Git工作树\docs\handoffs\WINDOW_HANDOFF_20260930.md:159 | C:\Users\35884\Documents\Spacecraft\过程文件\协作\Git工作树\docs\handoffs\WINDOW_HANDOFF_20260930.md:161 | C:\Users\35884\Documents\Spacecraft\过程文件\协作\Git工作树\docs\handoffs\WINDOW_HANDOFF_20260930.md:163 | C:\Users\35884\Documents\Spacecraft\过程文件\协作\Git工作树\docs\handoffs\WINDOW_HANDOFF_20260930.md:180 | C:\Users\35884\Documents\Spacecraft\过程文件\协作\Git工作树\docs\handoffs\WINDOW_HANDOFF_20260930.md:207 | C:\Users\35884\Documents\Spacecraft\过程文件\协作\Git工作树\docs\handoffs\WINDOW_HANDOFF_20260930.md:471 | C:\Users\35884\Documents\Spacecraft\过程文件\远端交付\审查工作树\CLAUDE.md:14 | C:\Users\35884\Documents\Spacecraft\过程文件\远端交付\审查工作树\CLAUDE.md:26,see literal evidence; no root cause inferred,historical statement; proposed/tested ambiguity retained for upper review
HISTORICAL_EVIDENCE_FAMILY: v3e,see source document,UNRESOLVED,ORPHAN,UNRESOLVED: see evidence references; no authority inferred,"report family index, not a single verified trial",,> old-reference-realization ablation (learned-only rows only). Pre-v3e probes:,C:\Users\35884\Documents\Spacecraft\过程文件\协作\Git工作树\CLAUDE.md:102 | C:\Users\35884\Documents\Spacecraft\过程文件\协作\Git工作树\docs\STOPPING_METHOD_PREREGISTRATION_20261002.md:13 | C:\Users\35884\Documents\Spacecraft\过程文件\协作\Git工作树\docs\collaboration\lower\handoffs\figures_interim_20261009\RUN_ORDER.md:47 | C:\Users\35884\Documents\Spacecraft\过程文件\协作\Git工作树\docs\handoffs\NEXT_WINDOW_PROMPT_20260930.md:61 | C:\Users\35884\Documents\Spacecraft\过程文件\协作\Git工作树\docs\handoffs\WINDOW_HANDOFF_20260930.md:76 | C:\Users\35884\Documents\Spacecraft\过程文件\协作\Git工作树\docs\handoffs\WINDOW_HANDOFF_20260930.md:180 | C:\Users\35884\Documents\Spacecraft\过程文件\协作\Git工作树\docs\handoffs\WINDOW_HANDOFF_20260930.md:207 | C:\Users\35884\Documents\Spacecraft\过程文件\协作\Git工作树\docs\handoffs\WINDOW_HANDOFF_20260930.md:211 | C:\Users\35884\Documents\Spacecraft\过程文件\协作\Git工作树\docs\handoffs\WINDOW_HANDOFF_20260930.md:282 | C:\Users\35884\Documents\Spacecraft\过程文件\远端交付\审查工作树\CLAUDE.md:15 | D:\py\DRL2\CLAUDE.md:152 | D:\py\DRL2\docs\STOPPING_METHOD_PREREGISTRATION_20261002.md:13 | D:\py\DRL2\docs\handoffs\NEXT_WINDOW_PROMPT_20260930.md:61 | D:\py\DRL2\docs\handoffs\WINDOW_HANDOFF_20260930.md:76 | D:\py\DRL2\docs\handoffs\WINDOW_HANDOFF_20260930.md:180 | D:\py\DRL2\docs\handoffs\WINDOW_HANDOFF_20260930.md:207 | D:\py\DRL2\docs\handoffs\WINDOW_HANDOFF_20260930.md:211 | D:\py\DRL2\docs\handoffs\WINDOW_HANDOFF_20260930.md:282 | C:\Users\35884\Documents\Spacecraft\过程文件\历史过程\窗口交接_20260930\WINDOW_HANDOFF_20260930.md:11 | C:\Users\35884\Documents\Spacecraft\过程文件\工程整理\接续\工程与Git编排_20260930.md:15 | C:\Users\35884\Documents\Spacecraft\过程文件\阶段基准图_20261009\reports\figures_interim_20261009\RUN_ORDER.md:47,see literal evidence; no root cause inferred,historical statement; proposed/tested ambiguity retained for upper review
HISTORICAL_EVIDENCE_FAMILY: v3b,see source document,UNRESOLVED,ORPHAN,UNRESOLVED: see evidence references; no authority inferred,"report family index, not a single verified trial",,> method. v3b and v3c were stopped by the preregistered QP health gate; the,C:\Users\35884\Documents\Spacecraft\过程文件\协作\Git工作树\CLAUDE.md:112 | C:\Users\35884\Documents\Spacecraft\过程文件\协作\Git工作树\docs\V3_PROGRESS_SINCE_20260924.md:26 | C:\Users\35884\Documents\Spacecraft\过程文件\协作\Git工作树\docs\V3_PROGRESS_SINCE_20260924.md:37 | C:\Users\35884\Documents\Spacecraft\过程文件\协作\Git工作树\docs\V3_T0B_BLEND_FIX_ORDER_20260925.md:64 | C:\Users\35884\Documents\Spacecraft\过程文件\远端交付\审查工作树\CLAUDE.md:25 | C:\Users\35884\Documents\Spacecraft\过程文件\远端交付\审查工作树\docs\V3_PROGRESS_SINCE_20260924.md:26 | C:\Users\35884\Documents\Spacecraft\过程文件\远端交付\审查工作树\docs\V3_PROGRESS_SINCE_20260924.md:37 | C:\Users\35884\Documents\Spacecraft\过程文件\远端交付\审查工作树\docs\V3_T0B_BLEND_FIX_ORDER_20260925.md:64 | D:\py\DRL2\CLAUDE.md:162 | D:\py\DRL2\docs\V3_PROGRESS_SINCE_20260924.md:26 | D:\py\DRL2\docs\V3_PROGRESS_SINCE_20260924.md:37 | D:\py\DRL2\docs\V3_T0B_BLEND_FIX_ORDER_20260925.md:64 | D:\py\DRL2_旧工程_20260930\CLAUDE.md:15 | D:\py\DRL2_旧工程_20260930\docs\V3_T0B_BLEND_FIX_ORDER_20260925.md:64 | C:\Users\35884\Documents\Spacecraft\过程文件\历史过程\旧窗口交接\V3_T0B_DELIVERY_HANDOFF_20260925.md:5 | C:\Users\35884\Documents\Spacecraft\过程文件\历史过程\旧窗口交接\V3_T0B_DELIVERY_HANDOFF_20260925.md:121 | C:\Users\35884\Documents\Spacecraft\过程文件\历史过程\旧窗口交接\WINDOW_HANDOFF_20260926.md:7 | C:\Users\35884\Documents\Spacecraft\过程文件\历史过程\旧窗口交接\WINDOW_HANDOFF_20260926.md:56 | C:\Users\35884\Documents\Spacecraft\过程文件\历史过程\旧窗口交接\WINDOW_HANDOFF_20260926.md:58,see literal evidence; no root cause inferred,historical statement; proposed/tested ambiguity retained for upper review
HISTORICAL_EVIDENCE_FAMILY: v3c,see source document,UNRESOLVED,ORPHAN,UNRESOLVED: see evidence references; no authority inferred,"report family index, not a single verified trial",,> method. v3b and v3c were stopped by the preregistered QP health gate; the,C:\Users\35884\Documents\Spacecraft\过程文件\协作\Git工作树\CLAUDE.md:112 | C:\Users\35884\Documents\Spacecraft\过程文件\协作\Git工作树\docs\V3_PROGRESS_SINCE_20260924.md:27 | C:\Users\35884\Documents\Spacecraft\过程文件\协作\Git工作树\docs\V3_PROGRESS_SINCE_20260924.md:37 | C:\Users\35884\Documents\Spacecraft\过程文件\协作\Git工作树\docs\V3_PROGRESS_SINCE_20260924.md:43 | C:\Users\35884\Documents\Spacecraft\过程文件\远端交付\审查工作树\CLAUDE.md:25 | C:\Users\35884\Documents\Spacecraft\过程文件\远端交付\审查工作树\docs\V3_PROGRESS_SINCE_20260924.md:27 | C:\Users\35884\Documents\Spacecraft\过程文件\远端交付\审查工作树\docs\V3_PROGRESS_SINCE_20260924.md:37 | C:\Users\35884\Documents\Spacecraft\过程文件\远端交付\审查工作树\docs\V3_PROGRESS_SINCE_20260924.md:43 | D:\py\DRL2\CLAUDE.md:162 | D:\py\DRL2\docs\V3_PROGRESS_SINCE_20260924.md:27 | D:\py\DRL2\docs\V3_PROGRESS_SINCE_20260924.md:37 | D:\py\DRL2\docs\V3_PROGRESS_SINCE_20260924.md:43 | D:\py\DRL2_旧工程_20260930\CLAUDE.md:15 | C:\Users\35884\Documents\Spacecraft\过程文件\历史过程\旧窗口交接\NEXT_WINDOW_PROMPT_20260926.md:16 | C:\Users\35884\Documents\Spacecraft\过程文件\历史过程\旧窗口交接\WINDOW_HANDOFF_20260926.md:1 | C:\Users\35884\Documents\Spacecraft\过程文件\历史过程\旧窗口交接\WINDOW_HANDOFF_20260926.md:7 | C:\Users\35884\Documents\Spacecraft\过程文件\历史过程\旧窗口交接\WINDOW_HANDOFF_20260926.md:11 | C:\Users\35884\Documents\Spacecraft\过程文件\历史过程\旧窗口交接\WINDOW_HANDOFF_20260926.md:24 | C:\Users\35884\Documents\Spacecraft\过程文件\历史过程\旧窗口交接\WINDOW_HANDOFF_20260926.md:46 | C:\Users\35884\Documents\Spacecraft\过程文件\历史过程\旧窗口交接\WINDOW_HANDOFF_20260926.md:62 | C:\Users\35884\Documents\Spacecraft\过程文件\历史过程\旧窗口交接\WINDOW_HANDOFF_20260926.md:73 | C:\Users\35884\Documents\Spacecraft\过程文件\工程整理\接续\工程与Git编排_20260930.md:17,see literal evidence; no root cause inferred,historical statement; proposed/tested ambiguity retained for upper review
HISTORICAL_EVIDENCE_FAMILY: D1,see source document,UNRESOLVED,E07_upper_formal_review,docs/STOPPING_RUN_ORDER_LOWER_20261002.md (historical),"report family index, not a single verified trial",,"- 开发检查 D1–D3 没有覆盖""停止头与价值一致""这一项，是预注册的漏项。",C:\Users\35884\Documents\Spacecraft\过程文件\协作\Git工作树\docs\STOPPING_FORMAL_REVIEW_20261006.md:35 | D:\py\DRL2\docs\STOPPING_FORMAL_REVIEW_20261006.md:35 | D:\py\DRL2_v3e\docs\STOPPING_FORMAL_REVIEW_20261006.md:35,see literal evidence; no root cause inferred,historical statement; proposed/tested ambiguity retained for upper review
HISTORICAL_EVIDENCE_FAMILY: D3,see source document,UNRESOLVED,E07_upper_formal_review,docs/STOPPING_RUN_ORDER_LOWER_20261002.md (historical),"report family index, not a single verified trial",,"- 开发检查 D1–D3 没有覆盖""停止头与价值一致""这一项，是预注册的漏项。",C:\Users\35884\Documents\Spacecraft\过程文件\协作\Git工作树\docs\STOPPING_FORMAL_REVIEW_20261006.md:35 | D:\py\DRL2\docs\STOPPING_FORMAL_REVIEW_20261006.md:35 | D:\py\DRL2_v3e\docs\STOPPING_FORMAL_REVIEW_20261006.md:35,see literal evidence; no root cause inferred,historical statement; proposed/tested ambiguity retained for upper review
HISTORICAL_EVIDENCE_FAMILY: v3c,see source document,UNRESOLVED,H06_V3b_V3c_V3d,UNRESOLVED: see evidence references; no authority inferred,"report family index, not a single verified trial",,# v3c 正式训练指令（v3b 在 QP 门停止、近场半径下限修复之后）,C:\Users\35884\Documents\Spacecraft\过程文件\协作\Git工作树\docs\V3C_TRAINING_ORDER_20260925.md:1 | C:\Users\35884\Documents\Spacecraft\过程文件\协作\Git工作树\docs\V3C_TRAINING_ORDER_20260925.md:3 | C:\Users\35884\Documents\Spacecraft\过程文件\协作\Git工作树\docs\V3D_EXECUTION_ORDER_20260926.md:9 | C:\Users\35884\Documents\Spacecraft\过程文件\协作\Git工作树\docs\V3D_EXECUTION_ORDER_20260926.md:13 | C:\Users\35884\Documents\Spacecraft\过程文件\协作\Git工作树\docs\V3D_EXECUTION_ORDER_20260926.md:117 | C:\Users\35884\Documents\Spacecraft\过程文件\协作\Git工作树\docs\V3D_REVIEW_20260926.md:3 | C:\Users\35884\Documents\Spacecraft\过程文件\协作\Git工作树\docs\V3D_REVIEW_20260926.md:11 | C:\Users\35884\Documents\Spacecraft\过程文件\协作\Git工作树\docs\V3D_REVIEW_20260926.md:14 | C:\Users\35884\Documents\Spacecraft\过程文件\协作\Git工作树\docs\V3D_REVIEW_20260926.md:33 | C:\Users\35884\Documents\Spacecraft\过程文件\协作\Git工作树\docs\V3D_REVIEW_20260926.md:86 | C:\Users\35884\Documents\Spacecraft\过程文件\协作\Git工作树\docs\V3D_REVIEW_20260926.md:94 | C:\Users\35884\Documents\Spacecraft\过程文件\协作\Git工作树\docs\V3D_REVIEW_20260926.md:138 | C:\Users\35884\Documents\Spacecraft\过程文件\协作\Git工作树\docs\V3D_REVIEW_20260926.md:149 | C:\Users\35884\Documents\Spacecraft\过程文件\协作\Git工作树\docs\V3D_REVIEW_20260926.md:150 | C:\Users\35884\Documents\Spacecraft\过程文件\协作\Git工作树\docs\V3D_REVIEW_20260926.md:157 | C:\Users\35884\Documents\Spacecraft\过程文件\协作\Git工作树\docs\V3D_REVIEW_20260926.md:164 | C:\Users\35884\Documents\Spacecraft\过程文件\协作\Git工作树\docs\V3D_REVIEW_20260926.md:165 | C:\Users\35884\Documents\Spacecraft\过程文件\协作\Git工作树\docs\V3D_TRAINING_ORDER_20260926.md:1 | C:\Users\35884\Documents\Spacecraft\过程文件\协作\Git工作树\docs\V3D_TRAINING_ORDER_20260926.md:6 | C:\Users\35884\Documents\Spacecraft\过程文件\协作\Git工作树\docs\V3D_TRAINING_ORDER_20260926.md:10 | C:\Users\35884\Documents\Spacecraft\过程文件\协作\Git工作树\docs\V3D_TRAINING_ORDER_20260926.md:12 | C:\Users\35884\Documents\Spacecraft\过程文件\协作\Git工作树\docs\V3D_TRAINING_ORDER_20260926.md:44 | C:\Users\35884\Documents\Spacecraft\过程文件\协作\Git工作树\docs\V3D_TRAINING_ORDER_20260926.md:50 | C:\Users\35884\Documents\Spacecraft\过程文件\协作\Git工作树\docs\V3D_TRAINING_ORDER_20260926.md:83 | C:\Users\35884\Documents\Spacecraft\过程文件\协作\Git工作树\docs\V3D_TRAINING_ORDER_20260926.md:84 | C:\Users\35884\Documents\Spacecraft\过程文件\协作\Git工作树\docs\V3D_TRAINING_ORDER_20260926.md:105 | C:\Users\35884\Documents\Spacecraft\过程文件\协作\Git工作树\docs\V3D_TRAINING_ORDER_20260926.md:129 | C:\Users\35884\Documents\Spacecraft\过程文件\远端交付\审查工作树\docs\V3C_TRAINING_ORDER_20260925.md:1 | C:\Users\35884\Documents\Spacecraft\过程文件\远端交付\审查工作树\docs\V3C_TRAINING_ORDER_20260925.md:3,see literal evidence; no root cause inferred,historical statement; proposed/tested ambiguity retained for upper review
HISTORICAL_EVIDENCE_FAMILY: v3b,see source document,UNRESOLVED,H06_V3b_V3c_V3d,UNRESOLVED: see evidence references; no authority inferred,"report family index, not a single verified trial",,# v3c 正式训练指令（v3b 在 QP 门停止、近场半径下限修复之后）,C:\Users\35884\Documents\Spacecraft\过程文件\协作\Git工作树\docs\V3C_TRAINING_ORDER_20260925.md:1 | C:\Users\35884\Documents\Spacecraft\过程文件\协作\Git工作树\docs\V3C_TRAINING_ORDER_20260925.md:9 | C:\Users\35884\Documents\Spacecraft\过程文件\协作\Git工作树\docs\V3C_TRAINING_ORDER_20260925.md:11 | C:\Users\35884\Documents\Spacecraft\过程文件\协作\Git工作树\docs\V3C_TRAINING_ORDER_20260925.md:32 | C:\Users\35884\Documents\Spacecraft\过程文件\协作\Git工作树\docs\V3D_REVIEW_20260926.md:11 | C:\Users\35884\Documents\Spacecraft\过程文件\远端交付\审查工作树\docs\V3C_TRAINING_ORDER_20260925.md:1 | C:\Users\35884\Documents\Spacecraft\过程文件\远端交付\审查工作树\docs\V3C_TRAINING_ORDER_20260925.md:9 | C:\Users\35884\Documents\Spacecraft\过程文件\远端交付\审查工作树\docs\V3C_TRAINING_ORDER_20260925.md:11 | C:\Users\35884\Documents\Spacecraft\过程文件\远端交付\审查工作树\docs\V3C_TRAINING_ORDER_20260925.md:32 | C:\Users\35884\Documents\Spacecraft\过程文件\远端交付\审查工作树\docs\V3D_REVIEW_20260926.md:11 | D:\py\DRL2\docs\V3C_TRAINING_ORDER_20260925.md:1 | D:\py\DRL2\docs\V3C_TRAINING_ORDER_20260925.md:9 | D:\py\DRL2\docs\V3C_TRAINING_ORDER_20260925.md:11 | D:\py\DRL2\docs\V3C_TRAINING_ORDER_20260925.md:32 | D:\py\DRL2\docs\V3D_REVIEW_20260926.md:11 | D:\py\DRL2_旧工程_20260930\docs\V3C_TRAINING_ORDER_20260925.md:1 | D:\py\DRL2_旧工程_20260930\docs\V3C_TRAINING_ORDER_20260925.md:9 | D:\py\DRL2_旧工程_20260930\docs\V3C_TRAINING_ORDER_20260925.md:11 | D:\py\DRL2_旧工程_20260930\docs\V3C_TRAINING_ORDER_20260925.md:32 | D:\py\DRL2_旧工程_20260930\docs\V3D_REVIEW_20260926.md:11,see literal evidence; no root cause inferred,historical statement; proposed/tested ambiguity retained for upper review
HISTORICAL_EVIDENCE_FAMILY: horizon,see source document,UNRESOLVED,H06_V3b_V3c_V3d,UNRESOLVED: see evidence references; no authority inferred,"report family index, not a single verified trial",,python -u -B -m train.train_hybrid --steps 60000 --seed 262420 --run-name v3c_262420 --horizon 35 --parametrization task_state_v3 --adaptive-task --device cpu,C:\Users\35884\Documents\Spacecraft\过程文件\协作\Git工作树\docs\V3C_TRAINING_ORDER_20260925.md:86 | C:\Users\35884\Documents\Spacecraft\过程文件\协作\Git工作树\docs\V3C_TRAINING_ORDER_20260925.md:90 | C:\Users\35884\Documents\Spacecraft\过程文件\协作\Git工作树\docs\V3C_TRAINING_ORDER_20260925.md:94 | C:\Users\35884\Documents\Spacecraft\过程文件\协作\Git工作树\docs\V3D_EXECUTION_ORDER_20260926.md:40 | C:\Users\35884\Documents\Spacecraft\过程文件\协作\Git工作树\docs\V3D_EXECUTION_ORDER_20260926.md:65 | C:\Users\35884\Documents\Spacecraft\过程文件\协作\Git工作树\docs\V3D_EXECUTION_ORDER_20260926.md:92 | C:\Users\35884\Documents\Spacecraft\过程文件\协作\Git工作树\docs\V3D_EXECUTION_ORDER_20260926.md:93 | C:\Users\35884\Documents\Spacecraft\过程文件\协作\Git工作树\docs\V3D_EXECUTION_ORDER_20260926.md:146 | C:\Users\35884\Documents\Spacecraft\过程文件\协作\Git工作树\docs\V3D_EXECUTION_ORDER_20260926.md:150 | C:\Users\35884\Documents\Spacecraft\过程文件\协作\Git工作树\docs\V3D_TRAINING_ORDER_20260926.md:72 | C:\Users\35884\Documents\Spacecraft\过程文件\协作\Git工作树\docs\V3D_TRAINING_ORDER_20260926.md:76 | C:\Users\35884\Documents\Spacecraft\过程文件\协作\Git工作树\docs\V3D_TRAINING_ORDER_20260926.md:80 | C:\Users\35884\Documents\Spacecraft\过程文件\远端交付\审查工作树\docs\V3C_TRAINING_ORDER_20260925.md:86 | C:\Users\35884\Documents\Spacecraft\过程文件\远端交付\审查工作树\docs\V3C_TRAINING_ORDER_20260925.md:90 | C:\Users\35884\Documents\Spacecraft\过程文件\远端交付\审查工作树\docs\V3C_TRAINING_ORDER_20260925.md:94 | C:\Users\35884\Documents\Spacecraft\过程文件\远端交付\审查工作树\docs\V3D_EXECUTION_ORDER_20260926.md:40 | C:\Users\35884\Documents\Spacecraft\过程文件\远端交付\审查工作树\docs\V3D_EXECUTION_ORDER_20260926.md:65 | C:\Users\35884\Documents\Spacecraft\过程文件\远端交付\审查工作树\docs\V3D_EXECUTION_ORDER_20260926.md:92 | C:\Users\35884\Documents\Spacecraft\过程文件\远端交付\审查工作树\docs\V3D_EXECUTION_ORDER_20260926.md:93 | C:\Users\35884\Documents\Spacecraft\过程文件\远端交付\审查工作树\docs\V3D_EXECUTION_ORDER_20260926.md:146 | C:\Users\35884\Documents\Spacecraft\过程文件\远端交付\审查工作树\docs\V3D_EXECUTION_ORDER_20260926.md:150 | C:\Users\35884\Documents\Spacecraft\过程文件\远端交付\审查工作树\docs\V3D_TRAINING_ORDER_20260926.md:72 | C:\Users\35884\Documents\Spacecraft\过程文件\远端交付\审查工作树\docs\V3D_TRAINING_ORDER_20260926.md:76 | C:\Users\35884\Documents\Spacecraft\过程文件\远端交付\审查工作树\docs\V3D_TRAINING_ORDER_20260926.md:80 | D:\py\DRL2\docs\V3C_TRAINING_ORDER_20260925.md:86 | D:\py\DRL2\docs\V3C_TRAINING_ORDER_20260925.md:90 | D:\py\DRL2\docs\V3C_TRAINING_ORDER_20260925.md:94 | D:\py\DRL2\docs\V3D_EXECUTION_ORDER_20260926.md:40 | D:\py\DRL2\docs\V3D_EXECUTION_ORDER_20260926.md:65 | D:\py\DRL2\docs\V3D_EXECUTION_ORDER_20260926.md:92,see literal evidence; no root cause inferred,historical statement; proposed/tested ambiguity retained for upper review
HISTORICAL_EVIDENCE_FAMILY: v3d,see source document,UNRESOLVED,H06_V3b_V3c_V3d,UNRESOLVED: see evidence references; no authority inferred,"report family index, not a single verified trial",,# v3d 执行指令：训练 + 训练后方法流水线（给下层）,C:\Users\35884\Documents\Spacecraft\过程文件\协作\Git工作树\docs\V3D_EXECUTION_ORDER_20260926.md:1 | C:\Users\35884\Documents\Spacecraft\过程文件\协作\Git工作树\docs\V3D_EXECUTION_ORDER_20260926.md:65 | C:\Users\35884\Documents\Spacecraft\过程文件\协作\Git工作树\docs\V3D_EXECUTION_ORDER_20260926.md:71 | C:\Users\35884\Documents\Spacecraft\过程文件\协作\Git工作树\docs\V3D_EXECUTION_ORDER_20260926.md:75 | C:\Users\35884\Documents\Spacecraft\过程文件\协作\Git工作树\docs\V3D_EXECUTION_ORDER_20260926.md:76 | C:\Users\35884\Documents\Spacecraft\过程文件\协作\Git工作树\docs\V3D_EXECUTION_ORDER_20260926.md:77 | C:\Users\35884\Documents\Spacecraft\过程文件\协作\Git工作树\docs\V3D_EXECUTION_ORDER_20260926.md:78 | C:\Users\35884\Documents\Spacecraft\过程文件\协作\Git工作树\docs\V3D_EXECUTION_ORDER_20260926.md:82 | C:\Users\35884\Documents\Spacecraft\过程文件\协作\Git工作树\docs\V3D_EXECUTION_ORDER_20260926.md:86 | C:\Users\35884\Documents\Spacecraft\过程文件\协作\Git工作树\docs\V3D_EXECUTION_ORDER_20260926.md:92 | C:\Users\35884\Documents\Spacecraft\过程文件\协作\Git工作树\docs\V3D_EXECUTION_ORDER_20260926.md:93 | C:\Users\35884\Documents\Spacecraft\过程文件\协作\Git工作树\docs\V3D_EXECUTION_ORDER_20260926.md:99 | C:\Users\35884\Documents\Spacecraft\过程文件\协作\Git工作树\docs\V3D_EXECUTION_ORDER_20260926.md:108 | C:\Users\35884\Documents\Spacecraft\过程文件\协作\Git工作树\docs\V3D_EXECUTION_ORDER_20260926.md:140 | C:\Users\35884\Documents\Spacecraft\过程文件\协作\Git工作树\docs\V3D_EXECUTION_ORDER_20260926.md:146 | C:\Users\35884\Documents\Spacecraft\过程文件\协作\Git工作树\docs\V3D_EXECUTION_ORDER_20260926.md:150 | C:\Users\35884\Documents\Spacecraft\过程文件\协作\Git工作树\docs\V3D_REVIEW_20260926.md:1 | C:\Users\35884\Documents\Spacecraft\过程文件\协作\Git工作树\docs\V3D_REVIEW_20260926.md:3 | C:\Users\35884\Documents\Spacecraft\过程文件\协作\Git工作树\docs\V3D_REVIEW_20260926.md:144 | C:\Users\35884\Documents\Spacecraft\过程文件\协作\Git工作树\docs\V3D_REVIEW_20260926.md:157 | C:\Users\35884\Documents\Spacecraft\过程文件\协作\Git工作树\docs\V3D_REVIEW_20260926.md:164 | C:\Users\35884\Documents\Spacecraft\过程文件\协作\Git工作树\docs\V3D_TRAINING_ORDER_20260926.md:1 | C:\Users\35884\Documents\Spacecraft\过程文件\远端交付\审查工作树\docs\V3D_EXECUTION_ORDER_20260926.md:1 | C:\Users\35884\Documents\Spacecraft\过程文件\远端交付\审查工作树\docs\V3D_EXECUTION_ORDER_20260926.md:65 | C:\Users\35884\Documents\Spacecraft\过程文件\远端交付\审查工作树\docs\V3D_EXECUTION_ORDER_20260926.md:71 | C:\Users\35884\Documents\Spacecraft\过程文件\远端交付\审查工作树\docs\V3D_EXECUTION_ORDER_20260926.md:75 | C:\Users\35884\Documents\Spacecraft\过程文件\远端交付\审查工作树\docs\V3D_EXECUTION_ORDER_20260926.md:76 | C:\Users\35884\Documents\Spacecraft\过程文件\远端交付\审查工作树\docs\V3D_EXECUTION_ORDER_20260926.md:77,see literal evidence; no root cause inferred,historical statement; proposed/tested ambiguity retained for upper review
HISTORICAL_EVIDENCE_FAMILY: v3d,see source document,UNRESOLVED,E01_V3e_60k_valueR2,UNRESOLVED: see evidence references; no authority inferred,"report family index, not a single verified trial",,"*50k 的 learned-only 本来就是执行单预定的""与 v3d 同预算对比""行，现在只是提前跑；它不是挑 checkpoint，主结果仍用 60k `final_model.zip`。*",C:\Users\35884\Documents\Spacecraft\过程文件\协作\Git工作树\docs\V3E_50K_CHECK_20260928.md:4 | C:\Users\35884\Documents\Spacecraft\过程文件\协作\Git工作树\docs\V3E_50K_CHECK_20260928.md:37 | C:\Users\35884\Documents\Spacecraft\过程文件\协作\Git工作树\docs\V3E_50K_CHECK_20260928.md:54 | C:\Users\35884\Documents\Spacecraft\过程文件\协作\Git工作树\docs\V3E_50K_RULING_AND_60K_ORDER_20260929.md:17 | C:\Users\35884\Documents\Spacecraft\过程文件\协作\Git工作树\docs\V3E_50K_RULING_AND_60K_ORDER_20260929.md:30 | C:\Users\35884\Documents\Spacecraft\过程文件\协作\Git工作树\docs\V3E_50K_RULING_AND_60K_ORDER_20260929.md:33 | C:\Users\35884\Documents\Spacecraft\过程文件\协作\Git工作树\docs\V3E_50K_RULING_AND_60K_ORDER_20260929.md:88 | C:\Users\35884\Documents\Spacecraft\过程文件\协作\Git工作树\docs\V3E_PLAN_AND_EXECUTION_ORDER_20260927.md:4 | C:\Users\35884\Documents\Spacecraft\过程文件\协作\Git工作树\docs\V3E_PLAN_AND_EXECUTION_ORDER_20260927.md:46 | C:\Users\35884\Documents\Spacecraft\过程文件\协作\Git工作树\docs\V3E_PLAN_AND_EXECUTION_ORDER_20260927.md:55 | C:\Users\35884\Documents\Spacecraft\过程文件\协作\Git工作树\docs\V3E_PLAN_AND_EXECUTION_ORDER_20260927.md:66 | C:\Users\35884\Documents\Spacecraft\过程文件\协作\Git工作树\docs\V3E_PLAN_AND_EXECUTION_ORDER_20260927.md:74 | C:\Users\35884\Documents\Spacecraft\过程文件\协作\Git工作树\docs\V3E_PLAN_AND_EXECUTION_ORDER_20260927.md:79 | C:\Users\35884\Documents\Spacecraft\过程文件\协作\Git工作树\docs\V3E_PLAN_AND_EXECUTION_ORDER_20260927.md:83 | C:\Users\35884\Documents\Spacecraft\过程文件\协作\Git工作树\docs\V3E_PLAN_AND_EXECUTION_ORDER_20260927.md:85 | C:\Users\35884\Documents\Spacecraft\过程文件\协作\Git工作树\docs\V3E_PLAN_AND_EXECUTION_ORDER_20260927.md:106 | C:\Users\35884\Documents\Spacecraft\过程文件\协作\Git工作树\docs\V3E_PLAN_AND_EXECUTION_ORDER_20260927.md:112 | C:\Users\35884\Documents\Spacecraft\过程文件\协作\Git工作树\docs\V3E_PLAN_AND_EXECUTION_ORDER_20260927.md:123 | C:\Users\35884\Documents\Spacecraft\过程文件\协作\Git工作树\docs\V3E_PLAN_AND_EXECUTION_ORDER_20260927.md:132 | C:\Users\35884\Documents\Spacecraft\过程文件\协作\Git工作树\docs\V3E_PLAN_AND_EXECUTION_ORDER_20260927.md:139 | C:\Users\35884\Documents\Spacecraft\过程文件\协作\Git工作树\docs\V3E_PLAN_AND_EXECUTION_ORDER_20260927.md:144 | C:\Users\35884\Documents\Spacecraft\过程文件\协作\Git工作树\docs\V3E_PLAN_AND_EXECUTION_ORDER_20260927.md:146 | C:\Users\35884\Documents\Spacecraft\过程文件\协作\Git工作树\docs\V3E_PLAN_AND_EXECUTION_ORDER_20260927.md:150 | C:\Users\35884\Documents\Spacecraft\过程文件\协作\Git工作树\docs\V3E_PLAN_AND_EXECUTION_ORDER_20260927.md:155 | C:\Users\35884\Documents\Spacecraft\过程文件\协作\Git工作树\docs\V3E_RUN_ORDER_20260928.md:1 | C:\Users\35884\Documents\Spacecraft\过程文件\协作\Git工作树\docs\V3E_RUN_ORDER_20260928.md:13,see literal evidence; no root cause inferred,historical statement; proposed/tested ambiguity retained for upper review
HISTORICAL_EVIDENCE_FAMILY: horizon,see source document,UNRESOLVED,E01_V3e_60k_valueR2,UNRESOLVED: see evidence references; no authority inferred,"report family index, not a single verified trial",,python -B -m experiments.evaluate_hybrid_policy --episodes 48 --seed 262000 --horizon 35 --parametrization arrival_condition --adaptive-task --control desired_pose --output eval/v3e/pure_mpc.json,C:\Users\35884\Documents\Spacecraft\过程文件\协作\Git工作树\docs\V3E_50K_CHECK_20260928.md:29 | C:\Users\35884\Documents\Spacecraft\过程文件\协作\Git工作树\docs\V3E_50K_CHECK_20260928.md:31 | C:\Users\35884\Documents\Spacecraft\过程文件\协作\Git工作树\docs\V3E_50K_CHECK_20260928.md:33 | C:\Users\35884\Documents\Spacecraft\过程文件\协作\Git工作树\docs\V3E_50K_CHECK_20260928.md:34 | C:\Users\35884\Documents\Spacecraft\过程文件\协作\Git工作树\docs\V3E_50K_CHECK_20260928.md:35 | C:\Users\35884\Documents\Spacecraft\过程文件\协作\Git工作树\docs\V3E_50K_CHECK_20260928.md:46 | C:\Users\35884\Documents\Spacecraft\过程文件\协作\Git工作树\docs\V3E_50K_RULING_AND_60K_ORDER_20260929.md:49 | C:\Users\35884\Documents\Spacecraft\过程文件\协作\Git工作树\docs\V3E_50K_RULING_AND_60K_ORDER_20260929.md:66 | C:\Users\35884\Documents\Spacecraft\过程文件\协作\Git工作树\docs\V3E_60K_CALIBRATION_RULING_20260929.md:77 | C:\Users\35884\Documents\Spacecraft\过程文件\协作\Git工作树\docs\V3E_PLAN_AND_EXECUTION_ORDER_20260927.md:79 | C:\Users\35884\Documents\Spacecraft\过程文件\协作\Git工作树\docs\V3E_PLAN_AND_EXECUTION_ORDER_20260927.md:101 | C:\Users\35884\Documents\Spacecraft\过程文件\协作\Git工作树\docs\V3E_PLAN_AND_EXECUTION_ORDER_20260927.md:113 | C:\Users\35884\Documents\Spacecraft\过程文件\协作\Git工作树\docs\V3E_PLAN_AND_EXECUTION_ORDER_20260927.md:115 | C:\Users\35884\Documents\Spacecraft\过程文件\协作\Git工作树\docs\V3E_PLAN_AND_EXECUTION_ORDER_20260927.md:117 | C:\Users\35884\Documents\Spacecraft\过程文件\协作\Git工作树\docs\V3E_PLAN_AND_EXECUTION_ORDER_20260927.md:150 | C:\Users\35884\Documents\Spacecraft\过程文件\协作\Git工作树\docs\V3E_RUN_ORDER_20260928.md:24 | C:\Users\35884\Documents\Spacecraft\过程文件\协作\Git工作树\docs\V3E_RUN_ORDER_20260928.md:25 | C:\Users\35884\Documents\Spacecraft\过程文件\协作\Git工作树\docs\V3E_RUN_ORDER_20260928.md:26 | C:\Users\35884\Documents\Spacecraft\过程文件\协作\Git工作树\docs\V3E_RUN_ORDER_20260928.md:53 | C:\Users\35884\Documents\Spacecraft\过程文件\协作\Git工作树\docs\V3E_RUN_ORDER_20260928.md:54 | C:\Users\35884\Documents\Spacecraft\过程文件\协作\Git工作树\docs\V3E_RUN_ORDER_20260928.md:55 | C:\Users\35884\Documents\Spacecraft\过程文件\协作\Git工作树\docs\V3E_RUN_ORDER_20260928.md:75 | C:\Users\35884\Documents\Spacecraft\过程文件\协作\Git工作树\docs\V3E_RUN_ORDER_20260928.md:76 | C:\Users\35884\Documents\Spacecraft\过程文件\协作\Git工作树\docs\V3E_RUN_ORDER_20260928.md:83 | C:\Users\35884\Documents\Spacecraft\过程文件\协作\Git工作树\docs\V3E_RUN_ORDER_20260928.md:85 | C:\Users\35884\Documents\Spacecraft\过程文件\协作\Git工作树\docs\V3E_RUN_ORDER_20260928.md:89 | C:\Users\35884\Documents\Spacecraft\过程文件\协作\Git工作树\docs\V3E_RUN_ORDER_20260928.md:90 | C:\Users\35884\Documents\Spacecraft\过程文件\协作\Git工作树\docs\V3E_RUN_ORDER_20260928.md:117,see literal evidence; no root cause inferred,historical statement; proposed/tested ambiguity retained for upper review
HISTORICAL_EVIDENCE_FAMILY: v3e,see source document,UNRESOLVED,E01_V3e_60k_valueR2,UNRESOLVED: see evidence references; no authority inferred,"report family index, not a single verified trial",,python -B -m experiments.evaluate_hybrid_policy --episodes 48 --seed 262000 --horizon 35 --parametrization arrival_condition --adaptive-task --control desired_pose --output eval/v3e/pure_mpc.json,C:\Users\35884\Documents\Spacecraft\过程文件\协作\Git工作树\docs\V3E_50K_CHECK_20260928.md:29 | C:\Users\35884\Documents\Spacecraft\过程文件\协作\Git工作树\docs\V3E_50K_CHECK_20260928.md:31 | C:\Users\35884\Documents\Spacecraft\过程文件\协作\Git工作树\docs\V3E_50K_CHECK_20260928.md:33 | C:\Users\35884\Documents\Spacecraft\过程文件\协作\Git工作树\docs\V3E_50K_CHECK_20260928.md:34 | C:\Users\35884\Documents\Spacecraft\过程文件\协作\Git工作树\docs\V3E_50K_CHECK_20260928.md:35 | C:\Users\35884\Documents\Spacecraft\过程文件\协作\Git工作树\docs\V3E_50K_CHECK_20260928.md:43 | C:\Users\35884\Documents\Spacecraft\过程文件\协作\Git工作树\docs\V3E_50K_CHECK_20260928.md:46 | C:\Users\35884\Documents\Spacecraft\过程文件\协作\Git工作树\docs\V3E_50K_CHECK_20260928.md:54 | C:\Users\35884\Documents\Spacecraft\过程文件\协作\Git工作树\docs\V3E_50K_RULING_AND_60K_ORDER_20260929.md:17 | C:\Users\35884\Documents\Spacecraft\过程文件\协作\Git工作树\docs\V3E_50K_RULING_AND_60K_ORDER_20260929.md:33 | C:\Users\35884\Documents\Spacecraft\过程文件\协作\Git工作树\docs\V3E_50K_RULING_AND_60K_ORDER_20260929.md:49 | C:\Users\35884\Documents\Spacecraft\过程文件\协作\Git工作树\docs\V3E_50K_RULING_AND_60K_ORDER_20260929.md:66 | C:\Users\35884\Documents\Spacecraft\过程文件\协作\Git工作树\docs\V3E_50K_RULING_AND_60K_ORDER_20260929.md:87 | C:\Users\35884\Documents\Spacecraft\过程文件\协作\Git工作树\docs\V3E_50K_RULING_AND_60K_ORDER_20260929.md:88 | C:\Users\35884\Documents\Spacecraft\过程文件\协作\Git工作树\docs\V3E_60K_CALIBRATION_RULING_20260929.md:77 | C:\Users\35884\Documents\Spacecraft\过程文件\协作\Git工作树\docs\V3E_PLAN_AND_EXECUTION_ORDER_20260927.md:4 | C:\Users\35884\Documents\Spacecraft\过程文件\协作\Git工作树\docs\V3E_PLAN_AND_EXECUTION_ORDER_20260927.md:46 | C:\Users\35884\Documents\Spacecraft\过程文件\协作\Git工作树\docs\V3E_PLAN_AND_EXECUTION_ORDER_20260927.md:66 | C:\Users\35884\Documents\Spacecraft\过程文件\协作\Git工作树\docs\V3E_PLAN_AND_EXECUTION_ORDER_20260927.md:113 | C:\Users\35884\Documents\Spacecraft\过程文件\协作\Git工作树\docs\V3E_PLAN_AND_EXECUTION_ORDER_20260927.md:115 | C:\Users\35884\Documents\Spacecraft\过程文件\协作\Git工作树\docs\V3E_PLAN_AND_EXECUTION_ORDER_20260927.md:117 | C:\Users\35884\Documents\Spacecraft\过程文件\协作\Git工作树\docs\V3E_PLAN_AND_EXECUTION_ORDER_20260927.md:123 | C:\Users\35884\Documents\Spacecraft\过程文件\协作\Git工作树\docs\V3E_PLAN_AND_EXECUTION_ORDER_20260927.md:153 | C:\Users\35884\Documents\Spacecraft\过程文件\协作\Git工作树\docs\V3E_RUN_ORDER_20260928.md:1 | C:\Users\35884\Documents\Spacecraft\过程文件\协作\Git工作树\docs\V3E_RUN_ORDER_20260928.md:35 | C:\Users\35884\Documents\Spacecraft\过程文件\协作\Git工作树\docs\V3E_RUN_ORDER_20260928.md:75 | C:\Users\35884\Documents\Spacecraft\过程文件\协作\Git工作树\docs\V3E_RUN_ORDER_20260928.md:76,see literal evidence; no root cause inferred,historical statement; proposed/tested ambiguity retained for upper review
HISTORICAL_EVIDENCE_FAMILY: T12,see source document,UNRESOLVED,E01_V3e_60k_valueR2,UNRESOLVED: see evidence references; no authority inferred,"report family index, not a single verified trial",,1. T12：学习层持续改写参考，敌不过固定设定点；,C:\Users\35884\Documents\Spacecraft\过程文件\协作\Git工作树\docs\V3E_STATE_REVIEW_20260930.md:74 | D:\py\DRL2\docs\V3E_STATE_REVIEW_20260930.md:74 | D:\py\DRL2_v3e\CLAUDE.md:245 | D:\py\DRL2_v3e\CLAUDE.md:261 | D:\py\DRL2_v3e\CLAUDE.md:283 | D:\py\DRL2_v3e\docs\ADAPTIVE_ROUND1_CLOSEOUT_20260921.md:146 | D:\py\DRL2_v3e\docs\ADAPTIVE_ROUND1_CLOSEOUT_20260921.md:163 | D:\py\DRL2_v3e\docs\ADAPTIVE_ROUND1_CLOSEOUT_20260921.md:218 | D:\py\DRL2_v3e\docs\BIDIRECTIONAL_SACMPC_EXECUTION.md:3 | D:\py\DRL2_v3e\docs\BIDIRECTIONAL_SACMPC_EXECUTION.md:40 | D:\py\DRL2_v3e\docs\BIDIRECTIONAL_SACMPC_EXECUTION.md:54 | D:\py\DRL2_v3e\docs\BIDIRECTIONAL_SACMPC_EXECUTION.md:90 | D:\py\DRL2_v3e\docs\EVIDENCE_INDEX.md:41 | D:\py\DRL2_v3e\docs\INDEX.md:90 | D:\py\DRL2_v3e\docs\INDEX.md:110 | D:\py\DRL2_v3e\docs\INDEX.md:111 | D:\py\DRL2_v3e\docs\INDEX.md:112 | D:\py\DRL2_v3e\docs\INDEX.md:113 | D:\py\DRL2_v3e\docs\INDEX.md:114 | D:\py\DRL2_v3e\docs\MAINLINE_TRAIN_EVAL_RUNSHEET.md:23 | D:\py\DRL2_v3e\docs\MAINLINE_TRAIN_EVAL_RUNSHEET.md:26 | D:\py\DRL2_v3e\docs\MAINLINE_TRAIN_EVAL_RUNSHEET.md:53 | D:\py\DRL2_v3e\docs\MAINLINE_TRAIN_EVAL_RUNSHEET.md:89 | D:\py\DRL2_v3e\docs\OPPORTUNITY_MAINLINE_RUNSHEET.md:19 | D:\py\DRL2_v3e\docs\PERCEPTION_PRECAPTURE_INTEGRATION.md:4 | D:\py\DRL2_v3e\docs\PERCEPTION_PRECAPTURE_INTEGRATION.md:80 | D:\py\DRL2_v3e\docs\PERCEPTION_PRECAPTURE_INTEGRATION.md:96 | D:\py\DRL2_v3e\docs\PRECAPTURE_NONCOOP_S1_AND_PROBES.md:97 | D:\py\DRL2_v3e\docs\PRECAPTURE_NONCOOP_S1_AND_PROBES.md:99 | D:\py\DRL2_v3e\docs\PROBE2_NONCOOP_RESULT_20260916.md:52 | D:\py\DRL2_v3e\docs\REPO_TIDY_ORDER_20260922.md:52 | D:\py\DRL2_v3e\docs\REPO_TIDY_ORDER_20260922.md:78 | D:\py\DRL2_v3e\docs\T12_EXECUTION_ORDER.md:1 | D:\py\DRL2_v3e\docs\T12_LOCAL_RUNNING_HANDOFF_20260913.md:1 | D:\py\DRL2_v3e\docs\T12_S10_EVAL_EXECUTION_ORDER.md:1 | D:\py\DRL2_v3e\docs\T12_S10_EVAL_EXECUTION_ORDER.md:3 | D:\py\DRL2_v3e\docs\T12_S10_FORMAL_EVALUATION_REPORT_20260915.md:1 | D:\py\DRL2_v3e\docs\T12_S10_FORMAL_EVALUATION_REPORT_20260915.md:3 | D:\py\DRL2_v3e\docs\T12_S10_REVIEW_DOSSIER_20260915.md:1 | D:\py\DRL2_v3e\docs\T12_S10_REVIEW_DOSSIER_20260915.md:3 | D:\py\DRL2_v3e\docs\T12_S10_REVIEW_DOSSIER_20260915.md:18 | D:\py\DRL2_v3e\docs\TIMING_VALUE_FOUNDATION_HANDOFF_20260916.md:7 | D:\py\DRL2_v3e\docs\TIMING_VALUE_PROBE_SETUP.md:45 | D:\py\DRL2_v3e\docs\V2_EVALUATION_PLAN_20260923.md:370 | D:\py\DRL2_v3e\docs\V3E_STATE_REVIEW_20260930.md:74 | D:\py\DRL2_v3e\docs\handoffs\WINDOW_HANDOFF_20260930.md:323 | D:\py\DRL2_v3e\docs\handoffs\archive_202609\WINDOW_HANDOFF_20260913.md:46,see literal evidence; no root cause inferred,historical statement; proposed/tested ambiguity retained for upper review
HISTORICAL_EVIDENCE_FAMILY: v3d,see source document,UNRESOLVED,E03_B2lite,UNRESOLVED: see evidence references; no authority inferred,"report family index, not a single verified trial",,> (`docs/V3E_PLAN_AND_EXECUTION_ORDER_20260927.md`); v3d is kept as the,C:\Users\35884\Documents\Spacecraft\过程文件\阶段B2\扫描工作树_a714c61\CLAUDE.md:52 | C:\Users\35884\Documents\Spacecraft\过程文件\阶段B2\扫描工作树_a714c61\CLAUDE.md:64 | C:\Users\35884\Documents\Spacecraft\过程文件\阶段B2\扫描工作树_a714c61\CLAUDE.md:71 | C:\Users\35884\Documents\Spacecraft\过程文件\阶段B2\扫描工作树_a714c61\docs\V3D_EXECUTION_ORDER_20260926.md:1 | C:\Users\35884\Documents\Spacecraft\过程文件\阶段B2\扫描工作树_a714c61\docs\V3D_EXECUTION_ORDER_20260926.md:65 | C:\Users\35884\Documents\Spacecraft\过程文件\阶段B2\扫描工作树_a714c61\docs\V3D_EXECUTION_ORDER_20260926.md:71 | C:\Users\35884\Documents\Spacecraft\过程文件\阶段B2\扫描工作树_a714c61\docs\V3D_EXECUTION_ORDER_20260926.md:75 | C:\Users\35884\Documents\Spacecraft\过程文件\阶段B2\扫描工作树_a714c61\docs\V3D_EXECUTION_ORDER_20260926.md:76 | C:\Users\35884\Documents\Spacecraft\过程文件\阶段B2\扫描工作树_a714c61\docs\V3D_EXECUTION_ORDER_20260926.md:77 | C:\Users\35884\Documents\Spacecraft\过程文件\阶段B2\扫描工作树_a714c61\docs\V3D_EXECUTION_ORDER_20260926.md:78 | C:\Users\35884\Documents\Spacecraft\过程文件\阶段B2\扫描工作树_a714c61\docs\V3D_EXECUTION_ORDER_20260926.md:82 | C:\Users\35884\Documents\Spacecraft\过程文件\阶段B2\扫描工作树_a714c61\docs\V3D_EXECUTION_ORDER_20260926.md:86 | C:\Users\35884\Documents\Spacecraft\过程文件\阶段B2\扫描工作树_a714c61\docs\V3D_EXECUTION_ORDER_20260926.md:92 | C:\Users\35884\Documents\Spacecraft\过程文件\阶段B2\扫描工作树_a714c61\docs\V3D_EXECUTION_ORDER_20260926.md:93 | C:\Users\35884\Documents\Spacecraft\过程文件\阶段B2\扫描工作树_a714c61\docs\V3D_EXECUTION_ORDER_20260926.md:99 | C:\Users\35884\Documents\Spacecraft\过程文件\阶段B2\扫描工作树_a714c61\docs\V3D_EXECUTION_ORDER_20260926.md:108 | C:\Users\35884\Documents\Spacecraft\过程文件\阶段B2\扫描工作树_a714c61\docs\V3D_EXECUTION_ORDER_20260926.md:140 | C:\Users\35884\Documents\Spacecraft\过程文件\阶段B2\扫描工作树_a714c61\docs\V3D_EXECUTION_ORDER_20260926.md:146 | C:\Users\35884\Documents\Spacecraft\过程文件\阶段B2\扫描工作树_a714c61\docs\V3D_EXECUTION_ORDER_20260926.md:150 | C:\Users\35884\Documents\Spacecraft\过程文件\阶段B2\扫描工作树_a714c61\docs\V3D_REVIEW_20260926.md:1 | C:\Users\35884\Documents\Spacecraft\过程文件\阶段B2\扫描工作树_a714c61\docs\V3D_REVIEW_20260926.md:3 | C:\Users\35884\Documents\Spacecraft\过程文件\阶段B2\扫描工作树_a714c61\docs\V3D_REVIEW_20260926.md:144 | C:\Users\35884\Documents\Spacecraft\过程文件\阶段B2\扫描工作树_a714c61\docs\V3D_REVIEW_20260926.md:157 | C:\Users\35884\Documents\Spacecraft\过程文件\阶段B2\扫描工作树_a714c61\docs\V3D_REVIEW_20260926.md:164 | C:\Users\35884\Documents\Spacecraft\过程文件\阶段B2\扫描工作树_a714c61\docs\V3D_TRAINING_ORDER_20260926.md:1 | C:\Users\35884\Documents\Spacecraft\过程文件\阶段B2\扫描工作树_a714c61\docs\V3E_50K_CHECK_20260928.md:4,see literal evidence; no root cause inferred,historical statement; proposed/tested ambiguity retained for upper review
HISTORICAL_EVIDENCE_FAMILY: v3e,see source document,UNRESOLVED,E03_B2lite,UNRESOLVED: see evidence references; no authority inferred,"report family index, not a single verified trial",,> old-reference-realization ablation (learned-only rows only). Pre-v3e probes:,C:\Users\35884\Documents\Spacecraft\过程文件\阶段B2\扫描工作树_a714c61\CLAUDE.md:53 | C:\Users\35884\Documents\Spacecraft\过程文件\阶段B2\扫描工作树_a714c61\docs\V3E_50K_CHECK_20260928.md:29 | C:\Users\35884\Documents\Spacecraft\过程文件\阶段B2\扫描工作树_a714c61\docs\V3E_50K_CHECK_20260928.md:31 | C:\Users\35884\Documents\Spacecraft\过程文件\阶段B2\扫描工作树_a714c61\docs\V3E_50K_CHECK_20260928.md:33 | C:\Users\35884\Documents\Spacecraft\过程文件\阶段B2\扫描工作树_a714c61\docs\V3E_50K_CHECK_20260928.md:34 | C:\Users\35884\Documents\Spacecraft\过程文件\阶段B2\扫描工作树_a714c61\docs\V3E_50K_CHECK_20260928.md:35 | C:\Users\35884\Documents\Spacecraft\过程文件\阶段B2\扫描工作树_a714c61\docs\V3E_50K_CHECK_20260928.md:43 | C:\Users\35884\Documents\Spacecraft\过程文件\阶段B2\扫描工作树_a714c61\docs\V3E_50K_CHECK_20260928.md:46 | C:\Users\35884\Documents\Spacecraft\过程文件\阶段B2\扫描工作树_a714c61\docs\V3E_50K_CHECK_20260928.md:54 | C:\Users\35884\Documents\Spacecraft\过程文件\阶段B2\扫描工作树_a714c61\docs\V3E_50K_RULING_AND_60K_ORDER_20260929.md:17 | C:\Users\35884\Documents\Spacecraft\过程文件\阶段B2\扫描工作树_a714c61\docs\V3E_50K_RULING_AND_60K_ORDER_20260929.md:33 | C:\Users\35884\Documents\Spacecraft\过程文件\阶段B2\扫描工作树_a714c61\docs\V3E_50K_RULING_AND_60K_ORDER_20260929.md:49 | C:\Users\35884\Documents\Spacecraft\过程文件\阶段B2\扫描工作树_a714c61\docs\V3E_50K_RULING_AND_60K_ORDER_20260929.md:66 | C:\Users\35884\Documents\Spacecraft\过程文件\阶段B2\扫描工作树_a714c61\docs\V3E_50K_RULING_AND_60K_ORDER_20260929.md:87 | C:\Users\35884\Documents\Spacecraft\过程文件\阶段B2\扫描工作树_a714c61\docs\V3E_50K_RULING_AND_60K_ORDER_20260929.md:88 | C:\Users\35884\Documents\Spacecraft\过程文件\阶段B2\扫描工作树_a714c61\docs\V3E_60K_CALIBRATION_RULING_20260929.md:77 | C:\Users\35884\Documents\Spacecraft\过程文件\阶段B2\扫描工作树_a714c61\docs\V3E_PLAN_AND_EXECUTION_ORDER_20260927.md:4 | C:\Users\35884\Documents\Spacecraft\过程文件\阶段B2\扫描工作树_a714c61\docs\V3E_PLAN_AND_EXECUTION_ORDER_20260927.md:46 | C:\Users\35884\Documents\Spacecraft\过程文件\阶段B2\扫描工作树_a714c61\docs\V3E_PLAN_AND_EXECUTION_ORDER_20260927.md:66 | C:\Users\35884\Documents\Spacecraft\过程文件\阶段B2\扫描工作树_a714c61\docs\V3E_PLAN_AND_EXECUTION_ORDER_20260927.md:113 | C:\Users\35884\Documents\Spacecraft\过程文件\阶段B2\扫描工作树_a714c61\docs\V3E_PLAN_AND_EXECUTION_ORDER_20260927.md:115 | C:\Users\35884\Documents\Spacecraft\过程文件\阶段B2\扫描工作树_a714c61\docs\V3E_PLAN_AND_EXECUTION_ORDER_20260927.md:117 | C:\Users\35884\Documents\Spacecraft\过程文件\阶段B2\扫描工作树_a714c61\docs\V3E_PLAN_AND_EXECUTION_ORDER_20260927.md:123 | C:\Users\35884\Documents\Spacecraft\过程文件\阶段B2\扫描工作树_a714c61\docs\V3E_PLAN_AND_EXECUTION_ORDER_20260927.md:153,see literal evidence; no root cause inferred,historical statement; proposed/tested ambiguity retained for upper review
HISTORICAL_EVIDENCE_FAMILY: v3b,see source document,UNRESOLVED,E03_B2lite,UNRESOLVED: see evidence references; no authority inferred,"report family index, not a single verified trial",,> method. v3b and v3c were stopped by the preregistered QP health gate; the,C:\Users\35884\Documents\Spacecraft\过程文件\阶段B2\扫描工作树_a714c61\CLAUDE.md:63 | C:\Users\35884\Documents\Spacecraft\过程文件\阶段B2\扫描工作树_a714c61\docs\V3C_TRAINING_ORDER_20260925.md:1 | C:\Users\35884\Documents\Spacecraft\过程文件\阶段B2\扫描工作树_a714c61\docs\V3C_TRAINING_ORDER_20260925.md:9 | C:\Users\35884\Documents\Spacecraft\过程文件\阶段B2\扫描工作树_a714c61\docs\V3C_TRAINING_ORDER_20260925.md:11 | C:\Users\35884\Documents\Spacecraft\过程文件\阶段B2\扫描工作树_a714c61\docs\V3C_TRAINING_ORDER_20260925.md:32 | C:\Users\35884\Documents\Spacecraft\过程文件\阶段B2\扫描工作树_a714c61\docs\V3D_REVIEW_20260926.md:11 | C:\Users\35884\Documents\Spacecraft\过程文件\阶段B2\扫描工作树_a714c61\docs\V3_PROGRESS_SINCE_20260924.md:26 | C:\Users\35884\Documents\Spacecraft\过程文件\阶段B2\扫描工作树_a714c61\docs\V3_PROGRESS_SINCE_20260924.md:37 | C:\Users\35884\Documents\Spacecraft\过程文件\阶段B2\扫描工作树_a714c61\docs\V3_T0B_BLEND_FIX_ORDER_20260925.md:64,see literal evidence; no root cause inferred,historical statement; proposed/tested ambiguity retained for upper review
HISTORICAL_EVIDENCE_FAMILY: v3c,see source document,UNRESOLVED,E03_B2lite,UNRESOLVED: see evidence references; no authority inferred,"report family index, not a single verified trial",,> method. v3b and v3c were stopped by the preregistered QP health gate; the,C:\Users\35884\Documents\Spacecraft\过程文件\阶段B2\扫描工作树_a714c61\CLAUDE.md:63 | C:\Users\35884\Documents\Spacecraft\过程文件\阶段B2\扫描工作树_a714c61\docs\V3C_TRAINING_ORDER_20260925.md:1 | C:\Users\35884\Documents\Spacecraft\过程文件\阶段B2\扫描工作树_a714c61\docs\V3C_TRAINING_ORDER_20260925.md:3 | C:\Users\35884\Documents\Spacecraft\过程文件\阶段B2\扫描工作树_a714c61\docs\V3D_EXECUTION_ORDER_20260926.md:9 | C:\Users\35884\Documents\Spacecraft\过程文件\阶段B2\扫描工作树_a714c61\docs\V3D_EXECUTION_ORDER_20260926.md:13 | C:\Users\35884\Documents\Spacecraft\过程文件\阶段B2\扫描工作树_a714c61\docs\V3D_EXECUTION_ORDER_20260926.md:117 | C:\Users\35884\Documents\Spacecraft\过程文件\阶段B2\扫描工作树_a714c61\docs\V3D_REVIEW_20260926.md:3 | C:\Users\35884\Documents\Spacecraft\过程文件\阶段B2\扫描工作树_a714c61\docs\V3D_REVIEW_20260926.md:11 | C:\Users\35884\Documents\Spacecraft\过程文件\阶段B2\扫描工作树_a714c61\docs\V3D_REVIEW_20260926.md:14 | C:\Users\35884\Documents\Spacecraft\过程文件\阶段B2\扫描工作树_a714c61\docs\V3D_REVIEW_20260926.md:33 | C:\Users\35884\Documents\Spacecraft\过程文件\阶段B2\扫描工作树_a714c61\docs\V3D_REVIEW_20260926.md:86 | C:\Users\35884\Documents\Spacecraft\过程文件\阶段B2\扫描工作树_a714c61\docs\V3D_REVIEW_20260926.md:94 | C:\Users\35884\Documents\Spacecraft\过程文件\阶段B2\扫描工作树_a714c61\docs\V3D_REVIEW_20260926.md:138 | C:\Users\35884\Documents\Spacecraft\过程文件\阶段B2\扫描工作树_a714c61\docs\V3D_REVIEW_20260926.md:149 | C:\Users\35884\Documents\Spacecraft\过程文件\阶段B2\扫描工作树_a714c61\docs\V3D_REVIEW_20260926.md:150 | C:\Users\35884\Documents\Spacecraft\过程文件\阶段B2\扫描工作树_a714c61\docs\V3D_REVIEW_20260926.md:157 | C:\Users\35884\Documents\Spacecraft\过程文件\阶段B2\扫描工作树_a714c61\docs\V3D_REVIEW_20260926.md:164 | C:\Users\35884\Documents\Spacecraft\过程文件\阶段B2\扫描工作树_a714c61\docs\V3D_REVIEW_20260926.md:165 | C:\Users\35884\Documents\Spacecraft\过程文件\阶段B2\扫描工作树_a714c61\docs\V3D_TRAINING_ORDER_20260926.md:1 | C:\Users\35884\Documents\Spacecraft\过程文件\阶段B2\扫描工作树_a714c61\docs\V3D_TRAINING_ORDER_20260926.md:6 | C:\Users\35884\Documents\Spacecraft\过程文件\阶段B2\扫描工作树_a714c61\docs\V3D_TRAINING_ORDER_20260926.md:10 | C:\Users\35884\Documents\Spacecraft\过程文件\阶段B2\扫描工作树_a714c61\docs\V3D_TRAINING_ORDER_20260926.md:12 | C:\Users\35884\Documents\Spacecraft\过程文件\阶段B2\扫描工作树_a714c61\docs\V3D_TRAINING_ORDER_20260926.md:44 | C:\Users\35884\Documents\Spacecraft\过程文件\阶段B2\扫描工作树_a714c61\docs\V3D_TRAINING_ORDER_20260926.md:50 | C:\Users\35884\Documents\Spacecraft\过程文件\阶段B2\扫描工作树_a714c61\docs\V3D_TRAINING_ORDER_20260926.md:83 | C:\Users\35884\Documents\Spacecraft\过程文件\阶段B2\扫描工作树_a714c61\docs\V3D_TRAINING_ORDER_20260926.md:84,see literal evidence; no root cause inferred,historical statement; proposed/tested ambiguity retained for upper review
HISTORICAL_EVIDENCE_FAMILY: fallback,see source document,UNRESOLVED,E03_B2lite,UNRESOLVED: see evidence references; no authority inferred,"report family index, not a single verified trial",,"> other ~40 inert (after one gate fallback, 15 sampled actions give 1 reference:",C:\Users\35884\Documents\Spacecraft\过程文件\阶段B2\扫描工作树_a714c61\CLAUDE.md:110 | C:\Users\35884\Documents\Spacecraft\过程文件\阶段B2\扫描工作树_a714c61\CLAUDE.md:304 | C:\Users\35884\Documents\Spacecraft\过程文件\阶段B2\扫描工作树_a714c61\CLAUDE.md:368 | C:\Users\35884\Documents\Spacecraft\过程文件\阶段B2\扫描工作树_a714c61\CLAUDE.md:480 | C:\Users\35884\Documents\Spacecraft\过程文件\阶段B2\扫描工作树_a714c61\docs\A2_GUIDANCE_FREE_RESULTS.md:13 | C:\Users\35884\Documents\Spacecraft\过程文件\阶段B2\扫描工作树_a714c61\docs\ADAPTIVE_ROUND1_CLOSEOUT_20260921.md:46 | C:\Users\35884\Documents\Spacecraft\过程文件\阶段B2\扫描工作树_a714c61\docs\BIDIRECTIONAL_SACMPC_EXECUTION.md:31 | C:\Users\35884\Documents\Spacecraft\过程文件\阶段B2\扫描工作树_a714c61\docs\BIDIRECTIONAL_SACMPC_EXECUTION.md:33 | C:\Users\35884\Documents\Spacecraft\过程文件\阶段B2\扫描工作树_a714c61\docs\COUPLING_DEFECT_DIAGNOSIS_LOG_20260921.md:74 | C:\Users\35884\Documents\Spacecraft\过程文件\阶段B2\扫描工作树_a714c61\docs\COUPLING_DEFECT_DIAGNOSIS_LOG_20260921.md:75 | C:\Users\35884\Documents\Spacecraft\过程文件\阶段B2\扫描工作树_a714c61\docs\COUPLING_DEFECT_DIAGNOSIS_LOG_20260921.md:76 | C:\Users\35884\Documents\Spacecraft\过程文件\阶段B2\扫描工作树_a714c61\docs\COUPLING_DEFECT_DIAGNOSIS_LOG_20260921.md:81 | C:\Users\35884\Documents\Spacecraft\过程文件\阶段B2\扫描工作树_a714c61\docs\COUPLING_DEFECT_DIAGNOSIS_LOG_20260921.md:89 | C:\Users\35884\Documents\Spacecraft\过程文件\阶段B2\扫描工作树_a714c61\docs\COUPLING_DEFECT_DIAGNOSIS_ORDER_20260921.md:309 | C:\Users\35884\Documents\Spacecraft\过程文件\阶段B2\扫描工作树_a714c61\docs\COUPLING_DEFECT_DIAGNOSIS_ORDER_20260921.md:311 | C:\Users\35884\Documents\Spacecraft\过程文件\阶段B2\扫描工作树_a714c61\docs\D0_HYBRID_INFEASIBILITY_DIAGNOSIS_20260909.md:42 | C:\Users\35884\Documents\Spacecraft\过程文件\阶段B2\扫描工作树_a714c61\docs\D0_HYBRID_INFEASIBILITY_DIAGNOSIS_20260909.md:48 | C:\Users\35884\Documents\Spacecraft\过程文件\阶段B2\扫描工作树_a714c61\docs\OPPORTUNITY_MAINLINE_RUNSHEET.md:80 | C:\Users\35884\Documents\Spacecraft\过程文件\阶段B2\扫描工作树_a714c61\docs\P1_B_APPROACH_RATE_SCAN.md:7 | C:\Users\35884\Documents\Spacecraft\过程文件\阶段B2\扫描工作树_a714c61\docs\P2_FEEDBACK_SEPARABILITY.md:7 | C:\Users\35884\Documents\Spacecraft\过程文件\阶段B2\扫描工作树_a714c61\docs\P2_FEEDBACK_SEPARABILITY.md:9 | C:\Users\35884\Documents\Spacecraft\过程文件\阶段B2\扫描工作树_a714c61\docs\P2_FEEDBACK_SEPARABILITY.md:39 | C:\Users\35884\Documents\Spacecraft\过程文件\阶段B2\扫描工作树_a714c61\docs\PRECAPTURE_ENTRY_WINDOW_GAP_WITH_F1.md:83 | C:\Users\35884\Documents\Spacecraft\过程文件\阶段B2\扫描工作树_a714c61\docs\PRECAPTURE_ENTRY_WINDOW_GAP_WITH_F1.md:184 | C:\Users\35884\Documents\Spacecraft\过程文件\阶段B2\扫描工作树_a714c61\docs\PRECAPTURE_ENTRY_WINDOW_GAP_WITH_F1.md:254,see literal evidence; no root cause inferred,historical statement; proposed/tested ambiguity retained for upper review
HISTORICAL_EVIDENCE_FAMILY: T12,see source document,UNRESOLVED,E03_B2lite,UNRESOLVED: see evidence references; no authority inferred,"report family index, not a single verified trial",,"- **T12 (learned scheduling vs fixed MPC, full truth).** `arrival_condition` is",C:\Users\35884\Documents\Spacecraft\过程文件\阶段B2\扫描工作树_a714c61\CLAUDE.md:146 | C:\Users\35884\Documents\Spacecraft\过程文件\阶段B2\扫描工作树_a714c61\CLAUDE.md:162 | C:\Users\35884\Documents\Spacecraft\过程文件\阶段B2\扫描工作树_a714c61\CLAUDE.md:184 | C:\Users\35884\Documents\Spacecraft\过程文件\阶段B2\扫描工作树_a714c61\docs\ADAPTIVE_ROUND1_CLOSEOUT_20260921.md:146 | C:\Users\35884\Documents\Spacecraft\过程文件\阶段B2\扫描工作树_a714c61\docs\ADAPTIVE_ROUND1_CLOSEOUT_20260921.md:163 | C:\Users\35884\Documents\Spacecraft\过程文件\阶段B2\扫描工作树_a714c61\docs\ADAPTIVE_ROUND1_CLOSEOUT_20260921.md:218 | C:\Users\35884\Documents\Spacecraft\过程文件\阶段B2\扫描工作树_a714c61\docs\BIDIRECTIONAL_SACMPC_EXECUTION.md:3 | C:\Users\35884\Documents\Spacecraft\过程文件\阶段B2\扫描工作树_a714c61\docs\BIDIRECTIONAL_SACMPC_EXECUTION.md:40 | C:\Users\35884\Documents\Spacecraft\过程文件\阶段B2\扫描工作树_a714c61\docs\BIDIRECTIONAL_SACMPC_EXECUTION.md:54 | C:\Users\35884\Documents\Spacecraft\过程文件\阶段B2\扫描工作树_a714c61\docs\BIDIRECTIONAL_SACMPC_EXECUTION.md:90 | C:\Users\35884\Documents\Spacecraft\过程文件\阶段B2\扫描工作树_a714c61\docs\EVIDENCE_INDEX.md:41 | C:\Users\35884\Documents\Spacecraft\过程文件\阶段B2\扫描工作树_a714c61\docs\INDEX.md:90 | C:\Users\35884\Documents\Spacecraft\过程文件\阶段B2\扫描工作树_a714c61\docs\INDEX.md:110 | C:\Users\35884\Documents\Spacecraft\过程文件\阶段B2\扫描工作树_a714c61\docs\INDEX.md:111 | C:\Users\35884\Documents\Spacecraft\过程文件\阶段B2\扫描工作树_a714c61\docs\INDEX.md:112 | C:\Users\35884\Documents\Spacecraft\过程文件\阶段B2\扫描工作树_a714c61\docs\INDEX.md:113 | C:\Users\35884\Documents\Spacecraft\过程文件\阶段B2\扫描工作树_a714c61\docs\INDEX.md:114 | C:\Users\35884\Documents\Spacecraft\过程文件\阶段B2\扫描工作树_a714c61\docs\MAINLINE_TRAIN_EVAL_RUNSHEET.md:23 | C:\Users\35884\Documents\Spacecraft\过程文件\阶段B2\扫描工作树_a714c61\docs\MAINLINE_TRAIN_EVAL_RUNSHEET.md:26 | C:\Users\35884\Documents\Spacecraft\过程文件\阶段B2\扫描工作树_a714c61\docs\MAINLINE_TRAIN_EVAL_RUNSHEET.md:53 | C:\Users\35884\Documents\Spacecraft\过程文件\阶段B2\扫描工作树_a714c61\docs\MAINLINE_TRAIN_EVAL_RUNSHEET.md:89 | C:\Users\35884\Documents\Spacecraft\过程文件\阶段B2\扫描工作树_a714c61\docs\OPPORTUNITY_MAINLINE_RUNSHEET.md:19 | C:\Users\35884\Documents\Spacecraft\过程文件\阶段B2\扫描工作树_a714c61\docs\PERCEPTION_PRECAPTURE_INTEGRATION.md:4 | C:\Users\35884\Documents\Spacecraft\过程文件\阶段B2\扫描工作树_a714c61\docs\PERCEPTION_PRECAPTURE_INTEGRATION.md:80 | C:\Users\35884\Documents\Spacecraft\过程文件\阶段B2\扫描工作树_a714c61\docs\PERCEPTION_PRECAPTURE_INTEGRATION.md:96 | C:\Users\35884\Documents\Spacecraft\过程文件\阶段B2\扫描工作树_a714c61\docs\PRECAPTURE_NONCOOP_S1_AND_PROBES.md:97 | C:\Users\35884\Documents\Spacecraft\过程文件\阶段B2\扫描工作树_a714c61\docs\PRECAPTURE_NONCOOP_S1_AND_PROBES.md:99,see literal evidence; no root cause inferred,historical statement; proposed/tested ambiguity retained for upper review
HISTORICAL_EVIDENCE_FAMILY: T7,see source document,UNRESOLVED,E03_B2lite,UNRESOLVED: see evidence references; no authority inferred,"report family index, not a single verified trial",,(T7 showed telemetry-in-observation does not help).,C:\Users\35884\Documents\Spacecraft\过程文件\阶段B2\扫描工作树_a714c61\CLAUDE.md:180 | C:\Users\35884\Documents\Spacecraft\过程文件\阶段B2\扫描工作树_a714c61\CLAUDE.md:381 | C:\Users\35884\Documents\Spacecraft\过程文件\阶段B2\扫描工作树_a714c61\CLAUDE.md:588 | C:\Users\35884\Documents\Spacecraft\过程文件\阶段B2\扫描工作树_a714c61\docs\ATTITUDE_REFERENCE_PROBE.md:79 | C:\Users\35884\Documents\Spacecraft\过程文件\阶段B2\扫描工作树_a714c61\docs\DECK_CLEARING_ORDER_20260922.md:86 | C:\Users\35884\Documents\Spacecraft\过程文件\阶段B2\扫描工作树_a714c61\docs\INDEX.md:97 | C:\Users\35884\Documents\Spacecraft\过程文件\阶段B2\扫描工作树_a714c61\docs\INDEX.md:98 | C:\Users\35884\Documents\Spacecraft\过程文件\阶段B2\扫描工作树_a714c61\docs\INDEX.md:99 | C:\Users\35884\Documents\Spacecraft\过程文件\阶段B2\扫描工作树_a714c61\docs\LOWER_EXECUTION_PLAN_20260910.md:4 | C:\Users\35884\Documents\Spacecraft\过程文件\阶段B2\扫描工作树_a714c61\docs\LOWER_EXECUTION_PLAN_20260910.md:36 | C:\Users\35884\Documents\Spacecraft\过程文件\阶段B2\扫描工作树_a714c61\docs\LOWER_EXECUTION_PLAN_20260910.md:276 | C:\Users\35884\Documents\Spacecraft\过程文件\阶段B2\扫描工作树_a714c61\docs\LOWER_EXECUTION_PLAN_20260910.md:298 | C:\Users\35884\Documents\Spacecraft\过程文件\阶段B2\扫描工作树_a714c61\docs\LOWER_EXECUTION_PLAN_20260910.md:325 | C:\Users\35884\Documents\Spacecraft\过程文件\阶段B2\扫描工作树_a714c61\docs\MAINLINE_TRAIN_EVAL_RUNSHEET.md:98 | C:\Users\35884\Documents\Spacecraft\过程文件\阶段B2\扫描工作树_a714c61\docs\P0_HORIZON_PERSISTENT_FAILURES.md:69 | C:\Users\35884\Documents\Spacecraft\过程文件\阶段B2\扫描工作树_a714c61\docs\P2_FEEDBACK_SEPARABILITY.md:54 | C:\Users\35884\Documents\Spacecraft\过程文件\阶段B2\扫描工作树_a714c61\docs\T10_EXECUTION_ORDER.md:188 | C:\Users\35884\Documents\Spacecraft\过程文件\阶段B2\扫描工作树_a714c61\docs\T10_EXECUTION_ORDER.md:202 | C:\Users\35884\Documents\Spacecraft\过程文件\阶段B2\扫描工作树_a714c61\docs\T10_EXECUTION_ORDER.md:223 | C:\Users\35884\Documents\Spacecraft\过程文件\阶段B2\扫描工作树_a714c61\docs\T11_EXECUTION_ORDER.md:119 | C:\Users\35884\Documents\Spacecraft\过程文件\阶段B2\扫描工作树_a714c61\docs\T11_EXECUTION_ORDER.md:165 | C:\Users\35884\Documents\Spacecraft\过程文件\阶段B2\扫描工作树_a714c61\docs\T12_EXECUTION_ORDER.md:83 | C:\Users\35884\Documents\Spacecraft\过程文件\阶段B2\扫描工作树_a714c61\docs\T12_EXECUTION_ORDER.md:177 | C:\Users\35884\Documents\Spacecraft\过程文件\阶段B2\扫描工作树_a714c61\docs\T7_RESULTS_AND_VERDICT.md:1 | C:\Users\35884\Documents\Spacecraft\过程文件\阶段B2\扫描工作树_a714c61\docs\T7_T9_REVIEW_20260912.md:1 | C:\Users\35884\Documents\Spacecraft\过程文件\阶段B2\扫描工作树_a714c61\docs\T7_T9_REVIEW_20260912.md:17 | C:\Users\35884\Documents\Spacecraft\过程文件\阶段B2\扫描工作树_a714c61\docs\T7_T9_REVIEW_20260912.md:19,see literal evidence; no root cause inferred,historical statement; proposed/tested ambiguity retained for upper review
HISTORICAL_EVIDENCE_FAMILY: horizon,see source document,UNRESOLVED,E03_B2lite,UNRESOLVED: see evidence references; no authority inferred,"report family index, not a single verified trial",,"the short-horizon 6-DoF tracking, constraint satisfaction and execution. **RL",C:\Users\35884\Documents\Spacecraft\过程文件\阶段B2\扫描工作树_a714c61\CLAUDE.md:199 | C:\Users\35884\Documents\Spacecraft\过程文件\阶段B2\扫描工作树_a714c61\CLAUDE.md:495 | C:\Users\35884\Documents\Spacecraft\过程文件\阶段B2\扫描工作树_a714c61\CLAUDE.md:531 | C:\Users\35884\Documents\Spacecraft\过程文件\阶段B2\扫描工作树_a714c61\docs\A2_GUIDANCE_FREE_RESULTS.md:7 | C:\Users\35884\Documents\Spacecraft\过程文件\阶段B2\扫描工作树_a714c61\docs\A3_DEPLOYABLE_PLANNING_P1_MANIFEST.md:16 | C:\Users\35884\Documents\Spacecraft\过程文件\阶段B2\扫描工作树_a714c61\docs\A3_DEPLOYABLE_PLANNING_P1_MANIFEST.md:27 | C:\Users\35884\Documents\Spacecraft\过程文件\阶段B2\扫描工作树_a714c61\docs\A3_DEPLOYABLE_PLANNING_P1_RESULTS.md:9 | C:\Users\35884\Documents\Spacecraft\过程文件\阶段B2\扫描工作树_a714c61\docs\ADAPTIVE_MAINLINE_RUNSHEET.md:31 | C:\Users\35884\Documents\Spacecraft\过程文件\阶段B2\扫描工作树_a714c61\docs\ADAPTIVE_MAINLINE_RUNSHEET.md:57 | C:\Users\35884\Documents\Spacecraft\过程文件\阶段B2\扫描工作树_a714c61\docs\ADAPTIVE_MAINLINE_RUNSHEET.md:95 | C:\Users\35884\Documents\Spacecraft\过程文件\阶段B2\扫描工作树_a714c61\docs\ATTITUDE_REFERENCE_PROBE.md:88 | C:\Users\35884\Documents\Spacecraft\过程文件\阶段B2\扫描工作树_a714c61\docs\COUPLING_DEFECT_DIAGNOSIS_ORDER_20260921.md:120 | C:\Users\35884\Documents\Spacecraft\过程文件\阶段B2\扫描工作树_a714c61\docs\COUPLING_DEFECT_DIAGNOSIS_ORDER_20260921.md:143 | C:\Users\35884\Documents\Spacecraft\过程文件\阶段B2\扫描工作树_a714c61\docs\COUPLING_DEFECT_DIAGNOSIS_ORDER_20260921.md:199 | C:\Users\35884\Documents\Spacecraft\过程文件\阶段B2\扫描工作树_a714c61\docs\COUPLING_DEFECT_DIAGNOSIS_ORDER_20260921.md:230 | C:\Users\35884\Documents\Spacecraft\过程文件\阶段B2\扫描工作树_a714c61\docs\D0_HYBRID_INFEASIBILITY_DIAGNOSIS_20260909.md:5 | C:\Users\35884\Documents\Spacecraft\过程文件\阶段B2\扫描工作树_a714c61\docs\FAST_TUMBLING_CAPTURE_MOTIVATION.md:29 | C:\Users\35884\Documents\Spacecraft\过程文件\阶段B2\扫描工作树_a714c61\docs\G0_PERCEPTION_CLOSED_LOOP_MANIFEST.md:23 | C:\Users\35884\Documents\Spacecraft\过程文件\阶段B2\扫描工作树_a714c61\docs\G0_PERCEPTION_CLOSED_LOOP_MANIFEST.md:90 | C:\Users\35884\Documents\Spacecraft\过程文件\阶段B2\扫描工作树_a714c61\docs\INDEX.md:71 | C:\Users\35884\Documents\Spacecraft\过程文件\阶段B2\扫描工作树_a714c61\docs\MAINLINE_TRAIN_EVAL_RUNSHEET.md:30 | C:\Users\35884\Documents\Spacecraft\过程文件\阶段B2\扫描工作树_a714c61\docs\MAINLINE_TRAIN_EVAL_RUNSHEET.md:38 | C:\Users\35884\Documents\Spacecraft\过程文件\阶段B2\扫描工作树_a714c61\docs\MAINLINE_TRAIN_EVAL_RUNSHEET.md:43 | C:\Users\35884\Documents\Spacecraft\过程文件\阶段B2\扫描工作树_a714c61\docs\MAINLINE_TRAIN_EVAL_RUNSHEET.md:49 | C:\Users\35884\Documents\Spacecraft\过程文件\阶段B2\扫描工作树_a714c61\docs\MAINLINE_TRAIN_EVAL_RUNSHEET.md:96,see literal evidence; no root cause inferred,historical statement; proposed/tested ambiguity retained for upper review
HISTORICAL_EVIDENCE_FAMILY: T6,see source document,UNRESOLVED,E03_B2lite,UNRESOLVED: see evidence references; no authority inferred,"report family index, not a single verified trial",,"### The coupling interface (T6, frozen)",C:\Users\35884\Documents\Spacecraft\过程文件\阶段B2\扫描工作树_a714c61\CLAUDE.md:359 | C:\Users\35884\Documents\Spacecraft\过程文件\阶段B2\扫描工作树_a714c61\docs\INDEX.md:96 | C:\Users\35884\Documents\Spacecraft\过程文件\阶段B2\扫描工作树_a714c61\docs\LOWER_EXECUTION_PLAN_20260910.md:4 | C:\Users\35884\Documents\Spacecraft\过程文件\阶段B2\扫描工作树_a714c61\docs\LOWER_EXECUTION_PLAN_20260910.md:35 | C:\Users\35884\Documents\Spacecraft\过程文件\阶段B2\扫描工作树_a714c61\docs\LOWER_EXECUTION_PLAN_20260910.md:197 | C:\Users\35884\Documents\Spacecraft\过程文件\阶段B2\扫描工作树_a714c61\docs\LOWER_EXECUTION_PLAN_20260910.md:283 | C:\Users\35884\Documents\Spacecraft\过程文件\阶段B2\扫描工作树_a714c61\docs\LOWER_EXECUTION_PLAN_20260910.md:337 | C:\Users\35884\Documents\Spacecraft\过程文件\阶段B2\扫描工作树_a714c61\docs\P0_HORIZON_PERSISTENT_FAILURES.md:69 | C:\Users\35884\Documents\Spacecraft\过程文件\阶段B2\扫描工作树_a714c61\docs\P2_FEEDBACK_SEPARABILITY.md:54 | C:\Users\35884\Documents\Spacecraft\过程文件\阶段B2\扫描工作树_a714c61\docs\PERCEPTION_PRECAPTURE_INTEGRATION.md:15 | C:\Users\35884\Documents\Spacecraft\过程文件\阶段B2\扫描工作树_a714c61\docs\PERCEPTION_PRECAPTURE_INTEGRATION.md:65 | C:\Users\35884\Documents\Spacecraft\过程文件\阶段B2\扫描工作树_a714c61\docs\PERCEPTION_PRECAPTURE_INTEGRATION.md:66 | C:\Users\35884\Documents\Spacecraft\过程文件\阶段B2\扫描工作树_a714c61\docs\PERCEPTION_PRECAPTURE_INTEGRATION.md:70 | C:\Users\35884\Documents\Spacecraft\过程文件\阶段B2\扫描工作树_a714c61\docs\PERCEPTION_PRECAPTURE_INTEGRATION.md:72 | C:\Users\35884\Documents\Spacecraft\过程文件\阶段B2\扫描工作树_a714c61\docs\PERCEPTION_PRECAPTURE_INTEGRATION.md:80 | C:\Users\35884\Documents\Spacecraft\过程文件\阶段B2\扫描工作树_a714c61\docs\PRECAPTURE_NONCOOP_S1_AND_PROBES.md:106 | C:\Users\35884\Documents\Spacecraft\过程文件\阶段B2\扫描工作树_a714c61\docs\REPO_TIDY_ORDER_20260922.md:78 | C:\Users\35884\Documents\Spacecraft\过程文件\阶段B2\扫描工作树_a714c61\docs\T0_AMENDMENT_20260910.md:146 | C:\Users\35884\Documents\Spacecraft\过程文件\阶段B2\扫描工作树_a714c61\docs\T10_EXECUTION_ORDER.md:176 | C:\Users\35884\Documents\Spacecraft\过程文件\阶段B2\扫描工作树_a714c61\docs\T12_S10_REVIEW_DOSSIER_20260915.md:34 | C:\Users\35884\Documents\Spacecraft\过程文件\阶段B2\扫描工作树_a714c61\docs\T6_COUPLING_INTERFACE.md:1 | C:\Users\35884\Documents\Spacecraft\过程文件\阶段B2\扫描工作树_a714c61\docs\T7_RESULTS_AND_VERDICT.md:20 | C:\Users\35884\Documents\Spacecraft\过程文件\阶段B2\扫描工作树_a714c61\docs\T7_RESULTS_AND_VERDICT.md:184 | C:\Users\35884\Documents\Spacecraft\过程文件\阶段B2\扫描工作树_a714c61\docs\T7_T9_REVIEW_20260912.md:107 | C:\Users\35884\Documents\Spacecraft\过程文件\阶段B2\扫描工作树_a714c61\docs\T7_T9_REVIEW_20260912.md:195 | C:\Users\35884\Documents\Spacecraft\过程文件\阶段B2\扫描工作树_a714c61\docs\T7_T9_REVIEW_20260912.md:222,see literal evidence; no root cause inferred,historical statement; proposed/tested ambiguity retained for upper review
HISTORICAL_EVIDENCE_FAMILY: D1,see source document,UNRESOLVED,E03_B2lite,UNRESOLVED: see evidence references; no authority inferred,"report family index, not a single verified trial",,D1 的 8 种子子块上恰好为 0。有效性**未知**。,C:\Users\35884\Documents\Spacecraft\过程文件\阶段B2\扫描工作树_a714c61\docs\ADAPTIVE_ROUND1_CLOSEOUT_20260921.md:38 | C:\Users\35884\Documents\Spacecraft\过程文件\阶段B2\扫描工作树_a714c61\docs\ADAPTIVE_ROUND1_CLOSEOUT_20260921.md:46 | C:\Users\35884\Documents\Spacecraft\过程文件\阶段B2\扫描工作树_a714c61\docs\ADAPTIVE_ROUND1_CLOSEOUT_20260921.md:114 | C:\Users\35884\Documents\Spacecraft\过程文件\阶段B2\扫描工作树_a714c61\docs\ADAPTIVE_ROUND1_CLOSEOUT_20260921.md:250 | C:\Users\35884\Documents\Spacecraft\过程文件\阶段B2\扫描工作树_a714c61\docs\ADAPTIVE_ROUND1_CLOSEOUT_20260921.md:261 | C:\Users\35884\Documents\Spacecraft\过程文件\阶段B2\扫描工作树_a714c61\docs\ADAPTIVE_ROUND1_CLOSEOUT_20260921.md:300 | C:\Users\35884\Documents\Spacecraft\过程文件\阶段B2\扫描工作树_a714c61\docs\COUPLING_DEFECT_DIAGNOSIS_LOG_20260921.md:11 | C:\Users\35884\Documents\Spacecraft\过程文件\阶段B2\扫描工作树_a714c61\docs\COUPLING_DEFECT_DIAGNOSIS_LOG_20260921.md:65 | C:\Users\35884\Documents\Spacecraft\过程文件\阶段B2\扫描工作树_a714c61\docs\COUPLING_DEFECT_DIAGNOSIS_LOG_20260921.md:78 | C:\Users\35884\Documents\Spacecraft\过程文件\阶段B2\扫描工作树_a714c61\docs\COUPLING_DEFECT_DIAGNOSIS_LOG_20260921.md:90 | C:\Users\35884\Documents\Spacecraft\过程文件\阶段B2\扫描工作树_a714c61\docs\COUPLING_DEFECT_DIAGNOSIS_LOG_20260921.md:105 | C:\Users\35884\Documents\Spacecraft\过程文件\阶段B2\扫描工作树_a714c61\docs\COUPLING_DEFECT_DIAGNOSIS_ORDER_20260921.md:51 | C:\Users\35884\Documents\Spacecraft\过程文件\阶段B2\扫描工作树_a714c61\docs\COUPLING_DEFECT_DIAGNOSIS_ORDER_20260921.md:54 | C:\Users\35884\Documents\Spacecraft\过程文件\阶段B2\扫描工作树_a714c61\docs\COUPLING_DEFECT_DIAGNOSIS_ORDER_20260921.md:94 | C:\Users\35884\Documents\Spacecraft\过程文件\阶段B2\扫描工作树_a714c61\docs\COUPLING_DEFECT_DIAGNOSIS_ORDER_20260921.md:112 | C:\Users\35884\Documents\Spacecraft\过程文件\阶段B2\扫描工作树_a714c61\docs\COUPLING_DEFECT_DIAGNOSIS_ORDER_20260921.md:139 | C:\Users\35884\Documents\Spacecraft\过程文件\阶段B2\扫描工作树_a714c61\docs\COUPLING_DEFECT_DIAGNOSIS_ORDER_20260921.md:190 | C:\Users\35884\Documents\Spacecraft\过程文件\阶段B2\扫描工作树_a714c61\docs\COUPLING_DEFECT_DIAGNOSIS_ORDER_20260921.md:253 | C:\Users\35884\Documents\Spacecraft\过程文件\阶段B2\扫描工作树_a714c61\docs\COUPLING_DEFECT_DIAGNOSIS_ORDER_20260921.md:259 | C:\Users\35884\Documents\Spacecraft\过程文件\阶段B2\扫描工作树_a714c61\docs\COUPLING_DEFECT_DIAGNOSIS_ORDER_20260921.md:323 | C:\Users\35884\Documents\Spacecraft\过程文件\阶段B2\扫描工作树_a714c61\docs\D0_HYBRID_INFEASIBILITY_DIAGNOSIS_20260909.md:48 | C:\Users\35884\Documents\Spacecraft\过程文件\阶段B2\扫描工作树_a714c61\docs\DECK_CLEARING_ORDER_20260922.md:50 | C:\Users\35884\Documents\Spacecraft\过程文件\阶段B2\扫描工作树_a714c61\docs\DECK_CLEARING_ORDER_20260922.md:69,see literal evidence; no root cause inferred,historical statement; proposed/tested ambiguity retained for upper review
HISTORICAL_EVIDENCE_FAMILY: D0,see source document,UNRESOLVED,E03_B2lite,UNRESOLVED: see evidence references; no authority inferred,"report family index, not a single verified trial",,| **R2** | 暂存分支在探索中近乎不可达 | **证伪** | D0 在最终策略上读到 0/973，但 **D0b 在 5k/10k checkpoint 上读到 2–15% 的有效介入**：暂存早期可达且被大量使用。真正发生的是训练把策略推入死半边后能力崩塌到 0。见第 7 节 |,C:\Users\35884\Documents\Spacecraft\过程文件\阶段B2\扫描工作树_a714c61\docs\ADAPTIVE_ROUND1_CLOSEOUT_20260921.md:47 | C:\Users\35884\Documents\Spacecraft\过程文件\阶段B2\扫描工作树_a714c61\docs\ADAPTIVE_ROUND1_CLOSEOUT_20260921.md:167 | C:\Users\35884\Documents\Spacecraft\过程文件\阶段B2\扫描工作树_a714c61\docs\ADAPTIVE_ROUND1_CLOSEOUT_20260921.md:300 | C:\Users\35884\Documents\Spacecraft\过程文件\阶段B2\扫描工作树_a714c61\docs\CLEANUP_20260909.md:15 | C:\Users\35884\Documents\Spacecraft\过程文件\阶段B2\扫描工作树_a714c61\docs\CLEANUP_20260909.md:26 | C:\Users\35884\Documents\Spacecraft\过程文件\阶段B2\扫描工作树_a714c61\docs\COUPLING_DEFECT_DIAGNOSIS_LOG_20260921.md:32 | C:\Users\35884\Documents\Spacecraft\过程文件\阶段B2\扫描工作树_a714c61\docs\COUPLING_DEFECT_DIAGNOSIS_LOG_20260921.md:36 | C:\Users\35884\Documents\Spacecraft\过程文件\阶段B2\扫描工作树_a714c61\docs\COUPLING_DEFECT_DIAGNOSIS_LOG_20260921.md:50 | C:\Users\35884\Documents\Spacecraft\过程文件\阶段B2\扫描工作树_a714c61\docs\COUPLING_DEFECT_DIAGNOSIS_LOG_20260921.md:86 | C:\Users\35884\Documents\Spacecraft\过程文件\阶段B2\扫描工作树_a714c61\docs\COUPLING_DEFECT_DIAGNOSIS_ORDER_20260921.md:8 | C:\Users\35884\Documents\Spacecraft\过程文件\阶段B2\扫描工作树_a714c61\docs\COUPLING_DEFECT_DIAGNOSIS_ORDER_20260921.md:78 | C:\Users\35884\Documents\Spacecraft\过程文件\阶段B2\扫描工作树_a714c61\docs\COUPLING_DEFECT_DIAGNOSIS_ORDER_20260921.md:81 | C:\Users\35884\Documents\Spacecraft\过程文件\阶段B2\扫描工作树_a714c61\docs\COUPLING_DEFECT_DIAGNOSIS_ORDER_20260921.md:94 | C:\Users\35884\Documents\Spacecraft\过程文件\阶段B2\扫描工作树_a714c61\docs\COUPLING_DEFECT_DIAGNOSIS_ORDER_20260921.md:112 | C:\Users\35884\Documents\Spacecraft\过程文件\阶段B2\扫描工作树_a714c61\docs\COUPLING_DEFECT_DIAGNOSIS_ORDER_20260921.md:114 | C:\Users\35884\Documents\Spacecraft\过程文件\阶段B2\扫描工作树_a714c61\docs\COUPLING_DEFECT_DIAGNOSIS_ORDER_20260921.md:190 | C:\Users\35884\Documents\Spacecraft\过程文件\阶段B2\扫描工作树_a714c61\docs\COUPLING_DEFECT_DIAGNOSIS_ORDER_20260921.md:207 | C:\Users\35884\Documents\Spacecraft\过程文件\阶段B2\扫描工作树_a714c61\docs\COUPLING_DEFECT_DIAGNOSIS_ORDER_20260921.md:209 | C:\Users\35884\Documents\Spacecraft\过程文件\阶段B2\扫描工作树_a714c61\docs\COUPLING_DEFECT_DIAGNOSIS_ORDER_20260921.md:215 | C:\Users\35884\Documents\Spacecraft\过程文件\阶段B2\扫描工作树_a714c61\docs\COUPLING_DEFECT_DIAGNOSIS_ORDER_20260921.md:216 | C:\Users\35884\Documents\Spacecraft\过程文件\阶段B2\扫描工作树_a714c61\docs\COUPLING_DEFECT_DIAGNOSIS_ORDER_20260921.md:254 | C:\Users\35884\Documents\Spacecraft\过程文件\阶段B2\扫描工作树_a714c61\docs\COUPLING_DEFECT_DIAGNOSIS_ORDER_20260921.md:259 | C:\Users\35884\Documents\Spacecraft\过程文件\阶段B2\扫描工作树_a714c61\docs\COUPLING_DEFECT_DIAGNOSIS_ORDER_20260921.md:317,see literal evidence; no root cause inferred,historical statement; proposed/tested ambiguity retained for upper review
HISTORICAL_EVIDENCE_FAMILY: D0b,see source document,UNRESOLVED,E03_B2lite,UNRESOLVED: see evidence references; no authority inferred,"report family index, not a single verified trial",,| **R2** | 暂存分支在探索中近乎不可达 | **证伪** | D0 在最终策略上读到 0/973，但 **D0b 在 5k/10k checkpoint 上读到 2–15% 的有效介入**：暂存早期可达且被大量使用。真正发生的是训练把策略推入死半边后能力崩塌到 0。见第 7 节 |,C:\Users\35884\Documents\Spacecraft\过程文件\阶段B2\扫描工作树_a714c61\docs\ADAPTIVE_ROUND1_CLOSEOUT_20260921.md:47 | C:\Users\35884\Documents\Spacecraft\过程文件\阶段B2\扫描工作树_a714c61\docs\ADAPTIVE_ROUND1_CLOSEOUT_20260921.md:127 | C:\Users\35884\Documents\Spacecraft\过程文件\阶段B2\扫描工作树_a714c61\docs\ADAPTIVE_ROUND1_CLOSEOUT_20260921.md:165 | C:\Users\35884\Documents\Spacecraft\过程文件\阶段B2\扫描工作树_a714c61\docs\ADAPTIVE_ROUND1_CLOSEOUT_20260921.md:251 | C:\Users\35884\Documents\Spacecraft\过程文件\阶段B2\扫描工作树_a714c61\docs\ADAPTIVE_ROUND1_CLOSEOUT_20260921.md:302 | C:\Users\35884\Documents\Spacecraft\过程文件\阶段B2\扫描工作树_a714c61\docs\ROUND1_EXTERNAL_REVIEW_20260922.md:23 | C:\Users\35884\Documents\Spacecraft\过程文件\阶段B2\扫描工作树_a714c61\docs\ROUND1_EXTERNAL_REVIEW_20260922.md:26 | C:\Users\35884\Documents\Spacecraft\过程文件\阶段B2\扫描工作树_a714c61\docs\ROUND1_EXTERNAL_REVIEW_20260922.md:60 | C:\Users\35884\Documents\Spacecraft\过程文件\阶段B2\扫描工作树_a714c61\docs\ROUND1_EXTERNAL_REVIEW_20260922.md:131 | C:\Users\35884\Documents\Spacecraft\过程文件\阶段B2\扫描工作树_a714c61\docs\V2_EXECUTION_ORDER_20260922.md:48,see literal evidence; no root cause inferred,historical statement; proposed/tested ambiguity retained for upper review
HISTORICAL_EVIDENCE_FAMILY: P0,see source document,UNRESOLVED,E03_B2lite,UNRESOLVED: see evidence references; no authority inferred,"report family index, not a single verified trial",,| R1 门语义 | **次要，约 23–25%**（D1 6/24；P0 回退 16/8/9 of 48） |,C:\Users\35884\Documents\Spacecraft\过程文件\阶段B2\扫描工作树_a714c61\docs\ADAPTIVE_ROUND1_CLOSEOUT_20260921.md:250 | C:\Users\35884\Documents\Spacecraft\过程文件\阶段B2\扫描工作树_a714c61\docs\INDEX.md:71 | C:\Users\35884\Documents\Spacecraft\过程文件\阶段B2\扫描工作树_a714c61\docs\P0_HORIZON_PERSISTENT_FAILURES.md:1 | C:\Users\35884\Documents\Spacecraft\过程文件\阶段B2\扫描工作树_a714c61\docs\ROUND1_EXTERNAL_REVIEW_20260922.md:23 | C:\Users\35884\Documents\Spacecraft\过程文件\阶段B2\扫描工作树_a714c61\docs\ROUND1_EXTERNAL_REVIEW_20260922.md:26 | C:\Users\35884\Documents\Spacecraft\过程文件\阶段B2\扫描工作树_a714c61\docs\V2_EXECUTION_ORDER_20260922.md:23 | C:\Users\35884\Documents\Spacecraft\过程文件\阶段B2\扫描工作树_a714c61\docs\handoffs\archive_202609\WINDOW_HANDOFF_20260924.md:101 | C:\Users\35884\Documents\Spacecraft\过程文件\阶段B2\扫描工作树_a714c61\logs\INDEX.md:10,see literal evidence; no root cause inferred,historical statement; proposed/tested ambiguity retained for upper review
HISTORICAL_EVIDENCE_FAMILY: D2,see source document,UNRESOLVED,E03_B2lite,UNRESOLVED: see evidence references; no authority inferred,"report family index, not a single verified trial",,**D2（关门 48 种子）已无必要**：D1 测出有效介入恰好为 0，且 75% 的锁存由策略自身造成，,C:\Users\35884\Documents\Spacecraft\过程文件\阶段B2\扫描工作树_a714c61\docs\ADAPTIVE_ROUND1_CLOSEOUT_20260921.md:261 | C:\Users\35884\Documents\Spacecraft\过程文件\阶段B2\扫描工作树_a714c61\docs\CLEANUP_20260909.md:26 | C:\Users\35884\Documents\Spacecraft\过程文件\阶段B2\扫描工作树_a714c61\docs\COUPLING_DEFECT_DIAGNOSIS_ORDER_20260921.md:8 | C:\Users\35884\Documents\Spacecraft\过程文件\阶段B2\扫描工作树_a714c61\docs\COUPLING_DEFECT_DIAGNOSIS_ORDER_20260921.md:94 | C:\Users\35884\Documents\Spacecraft\过程文件\阶段B2\扫描工作树_a714c61\docs\COUPLING_DEFECT_DIAGNOSIS_ORDER_20260921.md:112 | C:\Users\35884\Documents\Spacecraft\过程文件\阶段B2\扫描工作树_a714c61\docs\COUPLING_DEFECT_DIAGNOSIS_ORDER_20260921.md:190 | C:\Users\35884\Documents\Spacecraft\过程文件\阶段B2\扫描工作树_a714c61\docs\COUPLING_DEFECT_DIAGNOSIS_ORDER_20260921.md:253 | C:\Users\35884\Documents\Spacecraft\过程文件\阶段B2\扫描工作树_a714c61\docs\COUPLING_DEFECT_DIAGNOSIS_ORDER_20260921.md:254 | C:\Users\35884\Documents\Spacecraft\过程文件\阶段B2\扫描工作树_a714c61\docs\COUPLING_DEFECT_DIAGNOSIS_ORDER_20260921.md:255 | C:\Users\35884\Documents\Spacecraft\过程文件\阶段B2\扫描工作树_a714c61\docs\DECK_CLEARING_ORDER_20260922.md:69 | C:\Users\35884\Documents\Spacecraft\过程文件\阶段B2\扫描工作树_a714c61\docs\ROUND1_EXTERNAL_REVIEW_20260922.md:156 | C:\Users\35884\Documents\Spacecraft\过程文件\阶段B2\扫描工作树_a714c61\docs\V2_EXECUTION_ORDER_20260922.md:6 | C:\Users\35884\Documents\Spacecraft\过程文件\阶段B2\扫描工作树_a714c61\docs\V2_EXECUTION_ORDER_20260922.md:147 | C:\Users\35884\Documents\Spacecraft\过程文件\阶段B2\扫描工作树_a714c61\docs\handoffs\archive_202609\HANDOFF_UPPER_RULING_20260908.md:171 | C:\Users\35884\Documents\Spacecraft\过程文件\阶段B2\扫描工作树_a714c61\docs\handoffs\archive_202609\WINDOW_HANDOFF_20260924.md:356 | C:\Users\35884\Documents\Spacecraft\过程文件\阶段B2\扫描工作树_a714c61\docs\handoffs\archive_202609\WINDOW_HANDOFF_20260924.md:380,see literal evidence; no root cause inferred,historical statement; proposed/tested ambiguity retained for upper review
HISTORICAL_EVIDENCE_FAMILY: D4,see source document,UNRESOLVED,E03_B2lite,UNRESOLVED: see evidence references; no authority inferred,"report family index, not a single verified trial",,| D4 / D4c / D0b / D3（本轮新增） | `eval/adp/d4_staged_n*.json`、`d4c_retained_n*.json`、`d0b_stochastic_*.json`、`eval/cal2/*.json` |,C:\Users\35884\Documents\Spacecraft\过程文件\阶段B2\扫描工作树_a714c61\docs\ADAPTIVE_ROUND1_CLOSEOUT_20260921.md:302 | C:\Users\35884\Documents\Spacecraft\过程文件\阶段B2\扫描工作树_a714c61\docs\COUPLING_DEFECT_DIAGNOSIS_ORDER_20260921.md:8 | C:\Users\35884\Documents\Spacecraft\过程文件\阶段B2\扫描工作树_a714c61\docs\COUPLING_DEFECT_DIAGNOSIS_ORDER_20260921.md:78 | C:\Users\35884\Documents\Spacecraft\过程文件\阶段B2\扫描工作树_a714c61\docs\COUPLING_DEFECT_DIAGNOSIS_ORDER_20260921.md:94 | C:\Users\35884\Documents\Spacecraft\过程文件\阶段B2\扫描工作树_a714c61\docs\COUPLING_DEFECT_DIAGNOSIS_ORDER_20260921.md:112 | C:\Users\35884\Documents\Spacecraft\过程文件\阶段B2\扫描工作树_a714c61\docs\COUPLING_DEFECT_DIAGNOSIS_ORDER_20260921.md:190 | C:\Users\35884\Documents\Spacecraft\过程文件\阶段B2\扫描工作树_a714c61\docs\COUPLING_DEFECT_DIAGNOSIS_ORDER_20260921.md:216 | C:\Users\35884\Documents\Spacecraft\过程文件\阶段B2\扫描工作树_a714c61\docs\COUPLING_DEFECT_DIAGNOSIS_ORDER_20260921.md:255 | C:\Users\35884\Documents\Spacecraft\过程文件\阶段B2\扫描工作树_a714c61\docs\COUPLING_DEFECT_DIAGNOSIS_ORDER_20260921.md:256 | C:\Users\35884\Documents\Spacecraft\过程文件\阶段B2\扫描工作树_a714c61\docs\COUPLING_DEFECT_DIAGNOSIS_ORDER_20260921.md:259 | C:\Users\35884\Documents\Spacecraft\过程文件\阶段B2\扫描工作树_a714c61\docs\EVIDENCE_INDEX.md:20 | C:\Users\35884\Documents\Spacecraft\过程文件\阶段B2\扫描工作树_a714c61\docs\INDEX.md:30 | C:\Users\35884\Documents\Spacecraft\过程文件\阶段B2\扫描工作树_a714c61\docs\ROUND1_EXTERNAL_REVIEW_20260922.md:23 | C:\Users\35884\Documents\Spacecraft\过程文件\阶段B2\扫描工作树_a714c61\docs\ROUND1_EXTERNAL_REVIEW_20260922.md:26 | C:\Users\35884\Documents\Spacecraft\过程文件\阶段B2\扫描工作树_a714c61\docs\handoffs\archive_202609\WINDOW_HANDOFF_20260924.md:356,see literal evidence; no root cause inferred,historical statement; proposed/tested ambiguity retained for upper review
HISTORICAL_EVIDENCE_FAMILY: D4c,see source document,UNRESOLVED,E03_B2lite,UNRESOLVED: see evidence references; no authority inferred,"report family index, not a single verified trial",,| D4 / D4c / D0b / D3（本轮新增） | `eval/adp/d4_staged_n*.json`、`d4c_retained_n*.json`、`d0b_stochastic_*.json`、`eval/cal2/*.json` |,C:\Users\35884\Documents\Spacecraft\过程文件\阶段B2\扫描工作树_a714c61\docs\ADAPTIVE_ROUND1_CLOSEOUT_20260921.md:302 | C:\Users\35884\Documents\Spacecraft\过程文件\阶段B2\扫描工作树_a714c61\docs\ROUND1_EXTERNAL_REVIEW_20260922.md:23 | C:\Users\35884\Documents\Spacecraft\过程文件\阶段B2\扫描工作树_a714c61\docs\ROUND1_EXTERNAL_REVIEW_20260922.md:26,see literal evidence; no root cause inferred,historical statement; proposed/tested ambiguity retained for upper review
HISTORICAL_EVIDENCE_FAMILY: D3,see source document,UNRESOLVED,E03_B2lite,UNRESOLVED: see evidence references; no authority inferred,"report family index, not a single verified trial",,| D4 / D4c / D0b / D3（本轮新增） | `eval/adp/d4_staged_n*.json`、`d4c_retained_n*.json`、`d0b_stochastic_*.json`、`eval/cal2/*.json` |,C:\Users\35884\Documents\Spacecraft\过程文件\阶段B2\扫描工作树_a714c61\docs\ADAPTIVE_ROUND1_CLOSEOUT_20260921.md:302 | C:\Users\35884\Documents\Spacecraft\过程文件\阶段B2\扫描工作树_a714c61\docs\CLEANUP_20260909.md:26 | C:\Users\35884\Documents\Spacecraft\过程文件\阶段B2\扫描工作树_a714c61\docs\COUPLING_DEFECT_DIAGNOSIS_ORDER_20260921.md:112 | C:\Users\35884\Documents\Spacecraft\过程文件\阶段B2\扫描工作树_a714c61\docs\COUPLING_DEFECT_DIAGNOSIS_ORDER_20260921.md:216 | C:\Users\35884\Documents\Spacecraft\过程文件\阶段B2\扫描工作树_a714c61\docs\COUPLING_DEFECT_DIAGNOSIS_ORDER_20260921.md:256 | C:\Users\35884\Documents\Spacecraft\过程文件\阶段B2\扫描工作树_a714c61\docs\ROUND1_EXTERNAL_REVIEW_20260922.md:23 | C:\Users\35884\Documents\Spacecraft\过程文件\阶段B2\扫描工作树_a714c61\docs\ROUND1_EXTERNAL_REVIEW_20260922.md:26,see literal evidence; no root cause inferred,historical statement; proposed/tested ambiguity retained for upper review
HISTORICAL_EVIDENCE_FAMILY: T1,see source document,UNRESOLVED,E03_B2lite,UNRESOLVED: see evidence references; no authority inferred,"report family index, not a single verified trial",,- **不动** T1–T7，**不清理** T-A/T-B/T-C。,C:\Users\35884\Documents\Spacecraft\过程文件\阶段B2\扫描工作树_a714c61\docs\DECK_CLEARING_ORDER_20260922.md:86 | C:\Users\35884\Documents\Spacecraft\过程文件\阶段B2\扫描工作树_a714c61\docs\PREFLIGHT_DELIVERY_20260911.md:12 | C:\Users\35884\Documents\Spacecraft\过程文件\阶段B2\扫描工作树_a714c61\docs\T0_AMENDMENT_20260910.md:73 | C:\Users\35884\Documents\Spacecraft\过程文件\阶段B2\扫描工作树_a714c61\docs\V2_EXECUTION_ORDER_20260922.md:410 | C:\Users\35884\Documents\Spacecraft\过程文件\阶段B2\扫描工作树_a714c61\docs\V2_FIX_ORDER_RATE_LIMIT_20260922.md:89 | C:\Users\35884\Documents\Spacecraft\过程文件\阶段B2\扫描工作树_a714c61\docs\V2_FIX_ORDER_RATE_LIMIT_20260922.md:99 | C:\Users\35884\Documents\Spacecraft\过程文件\阶段B2\扫描工作树_a714c61\docs\V2_FIX_ORDER_RATE_LIMIT_20260922.md:112 | C:\Users\35884\Documents\Spacecraft\过程文件\阶段B2\扫描工作树_a714c61\docs\V2_INTERFACE_IMPLEMENTATION_20260922.md:5 | C:\Users\35884\Documents\Spacecraft\过程文件\阶段B2\扫描工作树_a714c61\docs\V2_INTERFACE_IMPLEMENTATION_20260922.md:43 | C:\Users\35884\Documents\Spacecraft\过程文件\阶段B2\扫描工作树_a714c61\docs\V2_INTERFACE_IMPLEMENTATION_20260922.md:56 | C:\Users\35884\Documents\Spacecraft\过程文件\阶段B2\扫描工作树_a714c61\docs\V2_RATE_LIMIT_SWEEP_STOP_20260922.md:47 | C:\Users\35884\Documents\Spacecraft\过程文件\阶段B2\扫描工作树_a714c61\docs\V2_REVIEW_RATE_LIMIT_20260922.md:102,see literal evidence; no root cause inferred,historical statement; proposed/tested ambiguity retained for upper review
HISTORICAL_EVIDENCE_FAMILY: gamma,see source document,UNRESOLVED,E03_B2lite,UNRESOLVED: see evidence references; no authority inferred,"report family index, not a single verified trial",,工程加入走廊、FOV、速度包络和 MPC 约束，尝试 V2.0/V2.1、bounded observation、MPC actor initialization、dense cost、dt reward、gamma 与 warmup。多项因素混杂且 Gate 为零，促使后续改为严格单因素。,C:\Users\35884\Documents\Spacecraft\过程文件\阶段B2\扫描工作树_a714c61\docs\HISTORY.md:7 | C:\Users\35884\Documents\Spacecraft\过程文件\阶段B2\扫描工作树_a714c61\docs\INTERFACE_SINGLE_FACTOR.md:15 | C:\Users\35884\Documents\Spacecraft\过程文件\阶段B2\扫描工作树_a714c61\docs\SAC_MPC_COUPLING_DESIGN.md:49 | C:\Users\35884\Documents\Spacecraft\过程文件\阶段B2\扫描工作树_a714c61\docs\SAC_MPC_COUPLING_DESIGN.md:54 | C:\Users\35884\Documents\Spacecraft\过程文件\阶段B2\扫描工作树_a714c61\docs\SAC_MPC_COUPLING_DESIGN.md:330 | C:\Users\35884\Documents\Spacecraft\过程文件\阶段B2\扫描工作树_a714c61\docs\SAC_MPC_COUPLING_DESIGN.md:338 | C:\Users\35884\Documents\Spacecraft\过程文件\阶段B2\扫描工作树_a714c61\docs\SAC_MPC_COUPLING_DESIGN.md:345 | C:\Users\35884\Documents\Spacecraft\过程文件\阶段B2\扫描工作树_a714c61\docs\TRAINING_PREFLIGHT_AUDIT_20260919.md:13 | C:\Users\35884\Documents\Spacecraft\过程文件\阶段B2\扫描工作树_a714c61\docs\handoffs\archive_202609\HANDOFF_UPPER_RULING_20260908.md:39,see literal evidence; no root cause inferred,historical statement; proposed/tested ambiguity retained for upper review
HISTORICAL_EVIDENCE_FAMILY: T0,see source document,UNRESOLVED,E03_B2lite,UNRESOLVED: see evidence references; no authority inferred,"report family index, not a single verified trial",,### T0–T12 训练、闸门与评估线,C:\Users\35884\Documents\Spacecraft\过程文件\阶段B2\扫描工作树_a714c61\docs\INDEX.md:90 | C:\Users\35884\Documents\Spacecraft\过程文件\阶段B2\扫描工作树_a714c61\docs\LOWER_EXECUTION_PLAN_20260910.md:4 | C:\Users\35884\Documents\Spacecraft\过程文件\阶段B2\扫描工作树_a714c61\docs\LOWER_EXECUTION_PLAN_20260910.md:325 | C:\Users\35884\Documents\Spacecraft\过程文件\阶段B2\扫描工作树_a714c61\docs\P0_HORIZON_PERSISTENT_FAILURES.md:3 | C:\Users\35884\Documents\Spacecraft\过程文件\阶段B2\扫描工作树_a714c61\docs\REPO_TIDY_ORDER_20260922.md:52 | C:\Users\35884\Documents\Spacecraft\过程文件\阶段B2\扫描工作树_a714c61\docs\T0_AMENDMENT_20260910.md:73 | C:\Users\35884\Documents\Spacecraft\过程文件\阶段B2\扫描工作树_a714c61\docs\T0_AMENDMENT_20260910.md:119 | C:\Users\35884\Documents\Spacecraft\过程文件\阶段B2\扫描工作树_a714c61\docs\V3_METHOD_EXECUTION_ORDER_20260924.md:49 | C:\Users\35884\Documents\Spacecraft\过程文件\阶段B2\扫描工作树_a714c61\docs\V3_WORK_SUMMARY_AND_PLAN_20260924.md:26 | C:\Users\35884\Documents\Spacecraft\过程文件\阶段B2\扫描工作树_a714c61\logs\INDEX.md:11,see literal evidence; no root cause inferred,historical statement; proposed/tested ambiguity retained for upper review
HISTORICAL_EVIDENCE_FAMILY: T9,see source document,UNRESOLVED,E03_B2lite,UNRESOLVED: see evidence references; no authority inferred,"report family index, not a single verified trial",,| `T7_T9_REVIEW_20260912.md` | T7–T9 第三方审查说明。 |,C:\Users\35884\Documents\Spacecraft\过程文件\阶段B2\扫描工作树_a714c61\docs\INDEX.md:98 | C:\Users\35884\Documents\Spacecraft\过程文件\阶段B2\扫描工作树_a714c61\docs\T10_EXECUTION_ORDER.md:223 | C:\Users\35884\Documents\Spacecraft\过程文件\阶段B2\扫描工作树_a714c61\docs\T7_T9_REVIEW_20260912.md:1 | C:\Users\35884\Documents\Spacecraft\过程文件\阶段B2\扫描工作树_a714c61\docs\T7_T9_REVIEW_20260912.md:113 | C:\Users\35884\Documents\Spacecraft\过程文件\阶段B2\扫描工作树_a714c61\docs\T7_T9_REVIEW_20260912.md:263 | C:\Users\35884\Documents\Spacecraft\过程文件\阶段B2\扫描工作树_a714c61\docs\T7_T9_REVIEW_20260912.md:268,see literal evidence; no root cause inferred,historical statement; proposed/tested ambiguity retained for upper review
HISTORICAL_EVIDENCE_FAMILY: T8,see source document,UNRESOLVED,E03_B2lite,UNRESOLVED: see evidence references; no authority inferred,"report family index, not a single verified trial",,| `T8_EXECUTION_ORDER.md` | T8 评估与诊断单。 |,C:\Users\35884\Documents\Spacecraft\过程文件\阶段B2\扫描工作树_a714c61\docs\INDEX.md:100 | C:\Users\35884\Documents\Spacecraft\过程文件\阶段B2\扫描工作树_a714c61\docs\INDEX.md:101 | C:\Users\35884\Documents\Spacecraft\过程文件\阶段B2\扫描工作树_a714c61\docs\T10_EXECUTION_ORDER.md:202 | C:\Users\35884\Documents\Spacecraft\过程文件\阶段B2\扫描工作树_a714c61\docs\T10_EXECUTION_ORDER.md:209 | C:\Users\35884\Documents\Spacecraft\过程文件\阶段B2\扫描工作树_a714c61\docs\T11_EXECUTION_ORDER.md:145 | C:\Users\35884\Documents\Spacecraft\过程文件\阶段B2\扫描工作树_a714c61\docs\T11_EXECUTION_ORDER.md:165 | C:\Users\35884\Documents\Spacecraft\过程文件\阶段B2\扫描工作树_a714c61\docs\T12_EXECUTION_ORDER.md:154 | C:\Users\35884\Documents\Spacecraft\过程文件\阶段B2\扫描工作树_a714c61\docs\T12_EXECUTION_ORDER.md:177 | C:\Users\35884\Documents\Spacecraft\过程文件\阶段B2\扫描工作树_a714c61\docs\T12_S10_EVAL_EXECUTION_ORDER.md:66 | C:\Users\35884\Documents\Spacecraft\过程文件\阶段B2\扫描工作树_a714c61\docs\T12_S10_REVIEW_DOSSIER_20260915.md:20 | C:\Users\35884\Documents\Spacecraft\过程文件\阶段B2\扫描工作树_a714c61\docs\T7_T9_REVIEW_20260912.md:17 | C:\Users\35884\Documents\Spacecraft\过程文件\阶段B2\扫描工作树_a714c61\docs\T7_T9_REVIEW_20260912.md:57 | C:\Users\35884\Documents\Spacecraft\过程文件\阶段B2\扫描工作树_a714c61\docs\T7_T9_REVIEW_20260912.md:187 | C:\Users\35884\Documents\Spacecraft\过程文件\阶段B2\扫描工作树_a714c61\docs\T7_T9_REVIEW_20260912.md:212 | C:\Users\35884\Documents\Spacecraft\过程文件\阶段B2\扫描工作树_a714c61\docs\T7_T9_REVIEW_20260912.md:220 | C:\Users\35884\Documents\Spacecraft\过程文件\阶段B2\扫描工作树_a714c61\docs\T7_T9_REVIEW_20260912.md:261 | C:\Users\35884\Documents\Spacecraft\过程文件\阶段B2\扫描工作树_a714c61\docs\T7_T9_REVIEW_20260912.md:262 | C:\Users\35884\Documents\Spacecraft\过程文件\阶段B2\扫描工作树_a714c61\docs\T8_EXECUTION_ORDER.md:1 | C:\Users\35884\Documents\Spacecraft\过程文件\阶段B2\扫描工作树_a714c61\docs\T8_GATE1_REPORT_20260912.md:1 | C:\Users\35884\Documents\Spacecraft\过程文件\阶段B2\扫描工作树_a714c61\docs\TERMINAL_GATE_DEFECT.md:196 | C:\Users\35884\Documents\Spacecraft\过程文件\阶段B2\扫描工作树_a714c61\docs\TERMINAL_GATE_DEFECT.md:221 | C:\Users\35884\Documents\Spacecraft\过程文件\阶段B2\扫描工作树_a714c61\docs\handoffs\archive_202609\WINDOW_HANDOFF_20260913.md:145 | C:\Users\35884\Documents\Spacecraft\过程文件\阶段B2\扫描工作树_a714c61\local_artifacts\patches\README.md:5 | C:\Users\35884\Documents\Spacecraft\过程文件\阶段B2\扫描工作树_a714c61\logs\INDEX.md:12,see literal evidence; no root cause inferred,historical statement; proposed/tested ambiguity retained for upper review
HISTORICAL_EVIDENCE_FAMILY: T10,see source document,UNRESOLVED,E03_B2lite,UNRESOLVED: see evidence references; no authority inferred,"report family index, not a single verified trial",,| `T10_EXECUTION_ORDER.md` | T10 执行单。 |,C:\Users\35884\Documents\Spacecraft\过程文件\阶段B2\扫描工作树_a714c61\docs\INDEX.md:102 | C:\Users\35884\Documents\Spacecraft\过程文件\阶段B2\扫描工作树_a714c61\docs\INDEX.md:103 | C:\Users\35884\Documents\Spacecraft\过程文件\阶段B2\扫描工作树_a714c61\docs\INDEX.md:104 | C:\Users\35884\Documents\Spacecraft\过程文件\阶段B2\扫描工作树_a714c61\docs\INDEX.md:105 | C:\Users\35884\Documents\Spacecraft\过程文件\阶段B2\扫描工作树_a714c61\docs\T10_EXECUTION_ORDER.md:1 | C:\Users\35884\Documents\Spacecraft\过程文件\阶段B2\扫描工作树_a714c61\docs\T10_EXECUTION_ORDER.md:73 | C:\Users\35884\Documents\Spacecraft\过程文件\阶段B2\扫描工作树_a714c61\docs\T10_EXECUTION_ORDER.md:115 | C:\Users\35884\Documents\Spacecraft\过程文件\阶段B2\扫描工作树_a714c61\docs\T10_EXECUTION_ORDER.md:138 | C:\Users\35884\Documents\Spacecraft\过程文件\阶段B2\扫描工作树_a714c61\docs\T10_EXECUTION_ORDER.md:224 | C:\Users\35884\Documents\Spacecraft\过程文件\阶段B2\扫描工作树_a714c61\docs\T10_GATE_A_REPORT_20260913.md:1 | C:\Users\35884\Documents\Spacecraft\过程文件\阶段B2\扫描工作树_a714c61\docs\T11_EXECUTION_ORDER.md:63 | C:\Users\35884\Documents\Spacecraft\过程文件\阶段B2\扫描工作树_a714c61\docs\T11_EXECUTION_ORDER.md:64 | C:\Users\35884\Documents\Spacecraft\过程文件\阶段B2\扫描工作树_a714c61\docs\T12_EXECUTION_ORDER.md:35 | C:\Users\35884\Documents\Spacecraft\过程文件\阶段B2\扫描工作树_a714c61\docs\T12_EXECUTION_ORDER.md:44 | C:\Users\35884\Documents\Spacecraft\过程文件\阶段B2\扫描工作树_a714c61\docs\T12_S10_FORMAL_EVALUATION_REPORT_20260915.md:53 | C:\Users\35884\Documents\Spacecraft\过程文件\阶段B2\扫描工作树_a714c61\docs\T12_S10_REVIEW_DOSSIER_20260915.md:148 | C:\Users\35884\Documents\Spacecraft\过程文件\阶段B2\扫描工作树_a714c61\local_artifacts\patches\README.md:5 | C:\Users\35884\Documents\Spacecraft\过程文件\阶段B2\扫描工作树_a714c61\logs\INDEX.md:13,see literal evidence; no root cause inferred,historical statement; proposed/tested ambiguity retained for upper review
HISTORICAL_EVIDENCE_FAMILY: T11,see source document,UNRESOLVED,E03_B2lite,UNRESOLVED: see evidence references; no authority inferred,"report family index, not a single verified trial",,| `T11_EXECUTION_ORDER.md` | T11 执行单。 |,C:\Users\35884\Documents\Spacecraft\过程文件\阶段B2\扫描工作树_a714c61\docs\INDEX.md:106 | C:\Users\35884\Documents\Spacecraft\过程文件\阶段B2\扫描工作树_a714c61\docs\INDEX.md:107 | C:\Users\35884\Documents\Spacecraft\过程文件\阶段B2\扫描工作树_a714c61\docs\INDEX.md:108 | C:\Users\35884\Documents\Spacecraft\过程文件\阶段B2\扫描工作树_a714c61\docs\INDEX.md:109 | C:\Users\35884\Documents\Spacecraft\过程文件\阶段B2\扫描工作树_a714c61\docs\T11_EXECUTION_ORDER.md:1 | C:\Users\35884\Documents\Spacecraft\过程文件\阶段B2\扫描工作树_a714c61\docs\T11_EXECUTION_ORDER.md:50 | C:\Users\35884\Documents\Spacecraft\过程文件\阶段B2\扫描工作树_a714c61\docs\T11_EXECUTION_ORDER.md:64 | C:\Users\35884\Documents\Spacecraft\过程文件\阶段B2\扫描工作树_a714c61\docs\T11_EXECUTION_ORDER.md:65 | C:\Users\35884\Documents\Spacecraft\过程文件\阶段B2\扫描工作树_a714c61\docs\T11_GATE_B_REPORT_20260913.md:1 | C:\Users\35884\Documents\Spacecraft\过程文件\阶段B2\扫描工作树_a714c61\docs\T11_GATE_B_RULING.md:23 | C:\Users\35884\Documents\Spacecraft\过程文件\阶段B2\扫描工作树_a714c61\docs\T12_EXECUTION_ORDER.md:35 | C:\Users\35884\Documents\Spacecraft\过程文件\阶段B2\扫描工作树_a714c61\docs\T12_EXECUTION_ORDER.md:44 | C:\Users\35884\Documents\Spacecraft\过程文件\阶段B2\扫描工作树_a714c61\docs\T12_EXECUTION_ORDER.md:91 | C:\Users\35884\Documents\Spacecraft\过程文件\阶段B2\扫描工作树_a714c61\local_artifacts\patches\README.md:5 | C:\Users\35884\Documents\Spacecraft\过程文件\阶段B2\扫描工作树_a714c61\logs\INDEX.md:13,see literal evidence; no root cause inferred,historical statement; proposed/tested ambiguity retained for upper review
HISTORICAL_EVIDENCE_FAMILY: T5,see source document,UNRESOLVED,E03_B2lite,UNRESOLVED: see evidence references; no authority inferred,"report family index, not a single verified trial",,> **当前授权范围：T0 → T5。T6、T7 未授权，必须等用户单独拍板。**,C:\Users\35884\Documents\Spacecraft\过程文件\阶段B2\扫描工作树_a714c61\docs\LOWER_EXECUTION_PLAN_20260910.md:4 | C:\Users\35884\Documents\Spacecraft\过程文件\阶段B2\扫描工作树_a714c61\docs\LOWER_EXECUTION_PLAN_20260910.md:337 | C:\Users\35884\Documents\Spacecraft\过程文件\阶段B2\扫描工作树_a714c61\docs\PREFLIGHT_DELIVERY_20260911.md:34 | C:\Users\35884\Documents\Spacecraft\过程文件\阶段B2\扫描工作树_a714c61\docs\T0_AMENDMENT_20260910.md:146,see literal evidence; no root cause inferred,historical statement; proposed/tested ambiguity retained for upper review
HISTORICAL_EVIDENCE_FAMILY: P1,see source document,UNRESOLVED,E03_B2lite,UNRESOLVED: see evidence references; no authority inferred,"report family index, not a single verified trial",,"Only the seed(s) not rescued by P1-A are evaluated. The fixed grid is radial steps {0.1,0.2,0.4,0.8,1.6} m per 2 s decision × starts {0,60,120} s × horizons {20,35}. Full-state, no training, no MPC/task/reward changes.",C:\Users\35884\Documents\Spacecraft\过程文件\阶段B2\扫描工作树_a714c61\docs\P1_B_APPROACH_RATE_SCAN.md:3 | C:\Users\35884\Documents\Spacecraft\过程文件\阶段B2\扫描工作树_a714c61\docs\P1_B_APPROACH_RATE_SCAN.md:7 | C:\Users\35884\Documents\Spacecraft\过程文件\阶段B2\扫描工作树_a714c61\docs\PERCEPTION_PRECAPTURE_INTEGRATION.md:96,see literal evidence; no root cause inferred,historical statement; proposed/tested ambiguity retained for upper review
HISTORICAL_EVIDENCE_FAMILY: P3,see source document,UNRESOLVED,E03_B2lite,UNRESOLVED: see evidence references; no authority inferred,"report family index, not a single verified trial",,"层有稳定正贡献,则一路做到 P3;若 T12 未显出稳定正贡献,则**先不做 P3**,只补 P1/P2",C:\Users\35884\Documents\Spacecraft\过程文件\阶段B2\扫描工作树_a714c61\docs\PERCEPTION_PRECAPTURE_INTEGRATION.md:96,see literal evidence; no root cause inferred,historical statement; proposed/tested ambiguity retained for upper review
HISTORICAL_EVIDENCE_FAMILY: P2,see source document,UNRESOLVED,E03_B2lite,UNRESOLVED: see evidence references; no authority inferred,"report family index, not a single verified trial",,"层有稳定正贡献,则一路做到 P3;若 T12 未显出稳定正贡献,则**先不做 P3**,只补 P1/P2",C:\Users\35884\Documents\Spacecraft\过程文件\阶段B2\扫描工作树_a714c61\docs\PERCEPTION_PRECAPTURE_INTEGRATION.md:96 | C:\Users\35884\Documents\Spacecraft\过程文件\阶段B2\扫描工作树_a714c61\docs\V3_METHOD_EXECUTION_ORDER_20260924.md:67 | C:\Users\35884\Documents\Spacecraft\过程文件\阶段B2\扫描工作树_a714c61\docs\V3_T0_INTERFACE_FIX_ORDER_20260924.md:110 | C:\Users\35884\Documents\Spacecraft\过程文件\阶段B2\扫描工作树_a714c61\logs\INDEX.md:10,see literal evidence; no root cause inferred,historical statement; proposed/tested ambiguity retained for upper review
HISTORICAL_EVIDENCE_FAMILY: T2,see source document,UNRESOLVED,E03_B2lite,UNRESOLVED: see evidence references; no authority inferred,"report family index, not a single verified trial",,所有阶段都有独立提交及 manifest。T2 中途进程不再存在时，保留了 98 个已完成产物；剩余 6 格根据更早切入前已终止的同一保持轨迹做精确复用，来源逐格记录。T3/T4/T5 使用已经过等价验证的事后诊断关闭与目标按需传播开关加速；这不改变 RK45 参数或任务。,C:\Users\35884\Documents\Spacecraft\过程文件\阶段B2\扫描工作树_a714c61\docs\PREFLIGHT_DELIVERY_20260911.md:34,see literal evidence; no root cause inferred,historical statement; proposed/tested ambiguity retained for upper review
HISTORICAL_EVIDENCE_FAMILY: T3,see source document,UNRESOLVED,E03_B2lite,UNRESOLVED: see evidence references; no authority inferred,"report family index, not a single verified trial",,所有阶段都有独立提交及 manifest。T2 中途进程不再存在时，保留了 98 个已完成产物；剩余 6 格根据更早切入前已终止的同一保持轨迹做精确复用，来源逐格记录。T3/T4/T5 使用已经过等价验证的事后诊断关闭与目标按需传播开关加速；这不改变 RK45 参数或任务。,C:\Users\35884\Documents\Spacecraft\过程文件\阶段B2\扫描工作树_a714c61\docs\PREFLIGHT_DELIVERY_20260911.md:34,see literal evidence; no root cause inferred,historical statement; proposed/tested ambiguity retained for upper review
HISTORICAL_EVIDENCE_FAMILY: T4,see source document,UNRESOLVED,E03_B2lite,UNRESOLVED: see evidence references; no authority inferred,"report family index, not a single verified trial",,所有阶段都有独立提交及 manifest。T2 中途进程不再存在时，保留了 98 个已完成产物；剩余 6 格根据更早切入前已终止的同一保持轨迹做精确复用，来源逐格记录。T3/T4/T5 使用已经过等价验证的事后诊断关闭与目标按需传播开关加速；这不改变 RK45 参数或任务。,C:\Users\35884\Documents\Spacecraft\过程文件\阶段B2\扫描工作树_a714c61\docs\PREFLIGHT_DELIVERY_20260911.md:34,see literal evidence; no root cause inferred,historical statement; proposed/tested ambiguity retained for upper review
HISTORICAL_EVIDENCE_FAMILY: T60,see source document,UNRESOLVED,E03_B2lite,UNRESOLVED: see evidence references; no authority inferred,"report family index, not a single verified trial",,新增残留：262028 / T60，在122.7秒出现1个QP不可行步，最长连续零推力1步，最终300秒超时。新增192局仅此1局有不可行；保留事实，不自行诊断或修改下层。,C:\Users\35884\Documents\Spacecraft\过程文件\阶段B2\扫描工作树_a714c61\docs\T11_GATE_B_REPORT_20260913.md:24,see literal evidence; no root cause inferred,historical statement; proposed/tested ambiguity retained for upper review
HISTORICAL_EVIDENCE_FAMILY: D5,see source document,UNRESOLVED,E03_B2lite,UNRESOLVED: see evidence references; no authority inferred,"report family index, not a single verified trial",,"| `docs/DECK_CLEARING_ORDER_20260922.md` 里的收尾段 | **仍未做**：要在 `docs/COUPLING_DEFECT_DIAGNOSIS_LOG_20260921.md` 追加一段，写明 D2 是**取消**（不是待办）、D5 是用户叫停、诊断以 R5 单一根因关闭，且其中""预注册率未成立""是**上层预注册不精确**，不是下层判断错；并报一次它自己机器上的全套结果 |",C:\Users\35884\Documents\Spacecraft\过程文件\阶段B2\扫描工作树_a714c61\docs\handoffs\archive_202609\WINDOW_HANDOFF_20260924.md:380,see literal evidence; no root cause inferred,historical statement; proposed/tested ambiguity retained for upper review
HISTORICAL_EVIDENCE_FAMILY: gamma,see source document,UNRESOLVED,E01_V3e_60k_valueR2,UNRESOLVED: see evidence references; no authority inferred,"report family index, not a single verified trial",,"> suffix return (31D policy-independent features); Q_C target r + gamma V(s'),",D:\py\DRL2_v3e\CLAUDE.md:80 | D:\py\DRL2_v3e\CLAUDE.md:81 | D:\py\DRL2_v3e\docs\HISTORY.md:7 | D:\py\DRL2_v3e\docs\INTERFACE_SINGLE_FACTOR.md:15 | D:\py\DRL2_v3e\docs\SAC_MPC_COUPLING_DESIGN.md:49 | D:\py\DRL2_v3e\docs\SAC_MPC_COUPLING_DESIGN.md:54 | D:\py\DRL2_v3e\docs\SAC_MPC_COUPLING_DESIGN.md:330 | D:\py\DRL2_v3e\docs\SAC_MPC_COUPLING_DESIGN.md:338 | D:\py\DRL2_v3e\docs\SAC_MPC_COUPLING_DESIGN.md:345 | D:\py\DRL2_v3e\docs\TRAINING_PREFLIGHT_AUDIT_20260919.md:13 | D:\py\DRL2_v3e\docs\handoffs\archive_202609\HANDOFF_UPPER_RULING_20260908.md:39 | D:\py\legacy\DRL2_v3e_验证快照_20260930\docs\HISTORY.md:7 | D:\py\legacy\DRL2_v3e_验证快照_20260930\docs\INTERFACE_SINGLE_FACTOR.md:15 | D:\py\legacy\DRL2_v3e_验证快照_20260930\docs\SAC_MPC_COUPLING_DESIGN.md:49 | D:\py\legacy\DRL2_v3e_验证快照_20260930\docs\SAC_MPC_COUPLING_DESIGN.md:54 | D:\py\legacy\DRL2_v3e_验证快照_20260930\docs\SAC_MPC_COUPLING_DESIGN.md:330 | D:\py\legacy\DRL2_v3e_验证快照_20260930\docs\SAC_MPC_COUPLING_DESIGN.md:338 | D:\py\legacy\DRL2_v3e_验证快照_20260930\docs\SAC_MPC_COUPLING_DESIGN.md:345 | D:\py\legacy\DRL2_v3e_验证快照_20260930\docs\TRAINING_PREFLIGHT_AUDIT_20260919.md:13 | D:\py\legacy\DRL2_v3e_验证快照_20260930\docs\handoffs\archive_202609\HANDOFF_UPPER_RULING_20260908.md:39,see literal evidence; no root cause inferred,historical statement; proposed/tested ambiguity retained for upper review
HISTORICAL_EVIDENCE_FAMILY: alpha,see source document,UNRESOLVED,E01_V3e_60k_valueR2,UNRESOLVED: see evidence references; no authority inferred,"report family index, not a single verified trial",,> V = beta Q_H + (1-beta) V_C + alpha H(beta); gamma 0.999 everywhere;,D:\py\DRL2_v3e\CLAUDE.md:81,see literal evidence; no root cause inferred,historical statement; proposed/tested ambiguity retained for upper review
HISTORICAL_EVIDENCE_FAMILY: D1,see source document,UNRESOLVED,E01_V3e_60k_valueR2,UNRESOLVED: see evidence references; no authority inferred,"report family index, not a single verified trial",,> 262450-262452 x 60k on the selected regime with the structural check D1-D4 at,D:\py\DRL2_v3e\CLAUDE.md:115 | D:\py\DRL2_v3e\docs\ADAPTIVE_ROUND1_CLOSEOUT_20260921.md:38 | D:\py\DRL2_v3e\docs\ADAPTIVE_ROUND1_CLOSEOUT_20260921.md:46 | D:\py\DRL2_v3e\docs\ADAPTIVE_ROUND1_CLOSEOUT_20260921.md:114 | D:\py\DRL2_v3e\docs\ADAPTIVE_ROUND1_CLOSEOUT_20260921.md:250 | D:\py\DRL2_v3e\docs\ADAPTIVE_ROUND1_CLOSEOUT_20260921.md:261 | D:\py\DRL2_v3e\docs\ADAPTIVE_ROUND1_CLOSEOUT_20260921.md:300 | D:\py\DRL2_v3e\docs\COUPLING_DEFECT_DIAGNOSIS_LOG_20260921.md:11 | D:\py\DRL2_v3e\docs\COUPLING_DEFECT_DIAGNOSIS_LOG_20260921.md:65 | D:\py\DRL2_v3e\docs\COUPLING_DEFECT_DIAGNOSIS_LOG_20260921.md:78 | D:\py\DRL2_v3e\docs\COUPLING_DEFECT_DIAGNOSIS_LOG_20260921.md:90 | D:\py\DRL2_v3e\docs\COUPLING_DEFECT_DIAGNOSIS_LOG_20260921.md:105 | D:\py\DRL2_v3e\docs\COUPLING_DEFECT_DIAGNOSIS_ORDER_20260921.md:51 | D:\py\DRL2_v3e\docs\COUPLING_DEFECT_DIAGNOSIS_ORDER_20260921.md:54 | D:\py\DRL2_v3e\docs\COUPLING_DEFECT_DIAGNOSIS_ORDER_20260921.md:94 | D:\py\DRL2_v3e\docs\COUPLING_DEFECT_DIAGNOSIS_ORDER_20260921.md:112 | D:\py\DRL2_v3e\docs\COUPLING_DEFECT_DIAGNOSIS_ORDER_20260921.md:139 | D:\py\DRL2_v3e\docs\COUPLING_DEFECT_DIAGNOSIS_ORDER_20260921.md:190 | D:\py\DRL2_v3e\docs\COUPLING_DEFECT_DIAGNOSIS_ORDER_20260921.md:253 | D:\py\DRL2_v3e\docs\COUPLING_DEFECT_DIAGNOSIS_ORDER_20260921.md:259 | D:\py\DRL2_v3e\docs\COUPLING_DEFECT_DIAGNOSIS_ORDER_20260921.md:323 | D:\py\DRL2_v3e\docs\D0_HYBRID_INFEASIBILITY_DIAGNOSIS_20260909.md:48 | D:\py\DRL2_v3e\docs\DECK_CLEARING_ORDER_20260922.md:50 | D:\py\DRL2_v3e\docs\DECK_CLEARING_ORDER_20260922.md:69 | D:\py\DRL2_v3e\docs\FINAL_MAINLINE_RUN_ORDER_20261006.md:75 | D:\py\DRL2_v3e\docs\FINAL_MAINLINE_RUN_ORDER_20261006.md:80 | D:\py\DRL2_v3e\docs\FINAL_MAINLINE_RUN_ORDER_20261006.md:185 | D:\py\DRL2_v3e\docs\ROUND1_EXTERNAL_REVIEW_20260922.md:22 | D:\py\DRL2_v3e\docs\ROUND1_EXTERNAL_REVIEW_20260922.md:23 | D:\py\DRL2_v3e\docs\ROUND1_EXTERNAL_REVIEW_20260922.md:26 | D:\py\DRL2_v3e\docs\ROUND1_EXTERNAL_REVIEW_20260922.md:56 | D:\py\DRL2_v3e\docs\ROUND1_EXTERNAL_REVIEW_20260922.md:141 | D:\py\DRL2_v3e\docs\ROUND1_EXTERNAL_REVIEW_20260922.md:156 | D:\py\DRL2_v3e\docs\STOPPING_METHOD_PREREGISTRATION_20261002.md:70 | D:\py\DRL2_v3e\docs\STOPPING_METHOD_PREREGISTRATION_20261002.md:78 | D:\py\DRL2_v3e\docs\STOPPING_RUN_ORDER_LOWER_20261002.md:71 | D:\py\DRL2_v3e\docs\V2_EXECUTION_ORDER_20260922.md:5 | D:\py\DRL2_v3e\docs\V2_EXECUTION_ORDER_20260922.md:36 | D:\py\DRL2_v3e\docs\V2_EXECUTION_ORDER_20260922.md:147 | D:\py\DRL2_v3e\docs\V2_EXECUTION_ORDER_20260922.md:384,see literal evidence; no root cause inferred,historical statement; proposed/tested ambiguity retained for upper review
HISTORICAL_EVIDENCE_FAMILY: D4,see source document,UNRESOLVED,E01_V3e_60k_valueR2,UNRESOLVED: see evidence references; no authority inferred,"report family index, not a single verified trial",,> 262450-262452 x 60k on the selected regime with the structural check D1-D4 at,D:\py\DRL2_v3e\CLAUDE.md:115 | D:\py\DRL2_v3e\docs\ADAPTIVE_ROUND1_CLOSEOUT_20260921.md:302 | D:\py\DRL2_v3e\docs\COUPLING_DEFECT_DIAGNOSIS_ORDER_20260921.md:8 | D:\py\DRL2_v3e\docs\COUPLING_DEFECT_DIAGNOSIS_ORDER_20260921.md:78 | D:\py\DRL2_v3e\docs\COUPLING_DEFECT_DIAGNOSIS_ORDER_20260921.md:94 | D:\py\DRL2_v3e\docs\COUPLING_DEFECT_DIAGNOSIS_ORDER_20260921.md:112 | D:\py\DRL2_v3e\docs\COUPLING_DEFECT_DIAGNOSIS_ORDER_20260921.md:190 | D:\py\DRL2_v3e\docs\COUPLING_DEFECT_DIAGNOSIS_ORDER_20260921.md:216 | D:\py\DRL2_v3e\docs\COUPLING_DEFECT_DIAGNOSIS_ORDER_20260921.md:255 | D:\py\DRL2_v3e\docs\COUPLING_DEFECT_DIAGNOSIS_ORDER_20260921.md:256 | D:\py\DRL2_v3e\docs\COUPLING_DEFECT_DIAGNOSIS_ORDER_20260921.md:259 | D:\py\DRL2_v3e\docs\EVIDENCE_INDEX.md:20 | D:\py\DRL2_v3e\docs\FINAL_MAINLINE_RUN_ORDER_20261006.md:80 | D:\py\DRL2_v3e\docs\FINAL_MAINLINE_RUN_ORDER_20261006.md:185 | D:\py\DRL2_v3e\docs\INDEX.md:30 | D:\py\DRL2_v3e\docs\ROUND1_EXTERNAL_REVIEW_20260922.md:23 | D:\py\DRL2_v3e\docs\ROUND1_EXTERNAL_REVIEW_20260922.md:26 | D:\py\DRL2_v3e\docs\handoffs\archive_202609\WINDOW_HANDOFF_20260924.md:356 | D:\py\legacy\DRL2_v3e_验证快照_20260930\docs\ADAPTIVE_ROUND1_CLOSEOUT_20260921.md:302 | D:\py\legacy\DRL2_v3e_验证快照_20260930\docs\COUPLING_DEFECT_DIAGNOSIS_ORDER_20260921.md:8 | D:\py\legacy\DRL2_v3e_验证快照_20260930\docs\COUPLING_DEFECT_DIAGNOSIS_ORDER_20260921.md:78 | D:\py\legacy\DRL2_v3e_验证快照_20260930\docs\COUPLING_DEFECT_DIAGNOSIS_ORDER_20260921.md:94 | D:\py\legacy\DRL2_v3e_验证快照_20260930\docs\COUPLING_DEFECT_DIAGNOSIS_ORDER_20260921.md:112 | D:\py\legacy\DRL2_v3e_验证快照_20260930\docs\COUPLING_DEFECT_DIAGNOSIS_ORDER_20260921.md:190 | D:\py\legacy\DRL2_v3e_验证快照_20260930\docs\COUPLING_DEFECT_DIAGNOSIS_ORDER_20260921.md:216 | D:\py\legacy\DRL2_v3e_验证快照_20260930\docs\COUPLING_DEFECT_DIAGNOSIS_ORDER_20260921.md:255 | D:\py\legacy\DRL2_v3e_验证快照_20260930\docs\COUPLING_DEFECT_DIAGNOSIS_ORDER_20260921.md:256 | D:\py\legacy\DRL2_v3e_验证快照_20260930\docs\COUPLING_DEFECT_DIAGNOSIS_ORDER_20260921.md:259 | D:\py\legacy\DRL2_v3e_验证快照_20260930\docs\EVIDENCE_INDEX.md:20 | D:\py\legacy\DRL2_v3e_验证快照_20260930\docs\INDEX.md:30 | D:\py\legacy\DRL2_v3e_验证快照_20260930\docs\ROUND1_EXTERNAL_REVIEW_20260922.md:23 | D:\py\legacy\DRL2_v3e_验证快照_20260930\docs\ROUND1_EXTERNAL_REVIEW_20260922.md:26 | D:\py\legacy\DRL2_v3e_验证快照_20260930\docs\handoffs\WINDOW_HANDOFF_20260924.md:356,see literal evidence; no root cause inferred,historical statement; proposed/tested ambiguity retained for upper review
HISTORICAL_EVIDENCE_FAMILY: v3b,see source document,UNRESOLVED,E01_V3e_60k_valueR2,UNRESOLVED: see evidence references; no authority inferred,"report family index, not a single verified trial",,> method. v3b and v3c were stopped by the preregistered QP health gate; the,D:\py\DRL2_v3e\CLAUDE.md:162 | D:\py\DRL2_v3e\docs\V3C_TRAINING_ORDER_20260925.md:1 | D:\py\DRL2_v3e\docs\V3C_TRAINING_ORDER_20260925.md:9 | D:\py\DRL2_v3e\docs\V3C_TRAINING_ORDER_20260925.md:11 | D:\py\DRL2_v3e\docs\V3C_TRAINING_ORDER_20260925.md:32 | D:\py\DRL2_v3e\docs\V3D_REVIEW_20260926.md:11 | D:\py\DRL2_v3e\docs\V3_PROGRESS_SINCE_20260924.md:26 | D:\py\DRL2_v3e\docs\V3_PROGRESS_SINCE_20260924.md:37 | D:\py\DRL2_v3e\docs\V3_T0B_BLEND_FIX_ORDER_20260925.md:64 | D:\py\legacy\DRL2_v3e_验证快照_20260930\CLAUDE.md:25 | D:\py\legacy\DRL2_v3e_验证快照_20260930\docs\V3C_TRAINING_ORDER_20260925.md:1 | D:\py\legacy\DRL2_v3e_验证快照_20260930\docs\V3C_TRAINING_ORDER_20260925.md:9 | D:\py\legacy\DRL2_v3e_验证快照_20260930\docs\V3C_TRAINING_ORDER_20260925.md:11 | D:\py\legacy\DRL2_v3e_验证快照_20260930\docs\V3C_TRAINING_ORDER_20260925.md:32 | D:\py\legacy\DRL2_v3e_验证快照_20260930\docs\V3D_REVIEW_20260926.md:11 | D:\py\legacy\DRL2_v3e_验证快照_20260930\docs\V3_PROGRESS_SINCE_20260924.md:26 | D:\py\legacy\DRL2_v3e_验证快照_20260930\docs\V3_PROGRESS_SINCE_20260924.md:37 | D:\py\legacy\DRL2_v3e_验证快照_20260930\docs\V3_T0B_BLEND_FIX_ORDER_20260925.md:64 | C:\Users\35884\Documents\Spacecraft\过程文件\历史过程\V3b至V3e50k\V3B_10K_HEALTH_GATE_FEEDBACK_20260925.md:1 | C:\Users\35884\Documents\Spacecraft\过程文件\历史过程\V3b至V3e50k\V3B_STOPPED_QP_GATE_20260925.md:1,see literal evidence; no root cause inferred,historical statement; proposed/tested ambiguity retained for upper review
HISTORICAL_EVIDENCE_FAMILY: v3c,see source document,UNRESOLVED,E01_V3e_60k_valueR2,UNRESOLVED: see evidence references; no authority inferred,"report family index, not a single verified trial",,> method. v3b and v3c were stopped by the preregistered QP health gate; the,D:\py\DRL2_v3e\CLAUDE.md:162 | D:\py\DRL2_v3e\docs\V3C_TRAINING_ORDER_20260925.md:1 | D:\py\DRL2_v3e\docs\V3C_TRAINING_ORDER_20260925.md:3 | D:\py\DRL2_v3e\docs\V3D_EXECUTION_ORDER_20260926.md:9 | D:\py\DRL2_v3e\docs\V3D_EXECUTION_ORDER_20260926.md:13 | D:\py\DRL2_v3e\docs\V3D_EXECUTION_ORDER_20260926.md:117 | D:\py\DRL2_v3e\docs\V3D_REVIEW_20260926.md:3 | D:\py\DRL2_v3e\docs\V3D_REVIEW_20260926.md:11 | D:\py\DRL2_v3e\docs\V3D_REVIEW_20260926.md:14 | D:\py\DRL2_v3e\docs\V3D_REVIEW_20260926.md:33 | D:\py\DRL2_v3e\docs\V3D_REVIEW_20260926.md:86 | D:\py\DRL2_v3e\docs\V3D_REVIEW_20260926.md:94 | D:\py\DRL2_v3e\docs\V3D_REVIEW_20260926.md:138 | D:\py\DRL2_v3e\docs\V3D_REVIEW_20260926.md:149 | D:\py\DRL2_v3e\docs\V3D_REVIEW_20260926.md:150 | D:\py\DRL2_v3e\docs\V3D_REVIEW_20260926.md:157 | D:\py\DRL2_v3e\docs\V3D_REVIEW_20260926.md:164 | D:\py\DRL2_v3e\docs\V3D_REVIEW_20260926.md:165 | D:\py\DRL2_v3e\docs\V3D_TRAINING_ORDER_20260926.md:1 | D:\py\DRL2_v3e\docs\V3D_TRAINING_ORDER_20260926.md:6 | D:\py\DRL2_v3e\docs\V3D_TRAINING_ORDER_20260926.md:10 | D:\py\DRL2_v3e\docs\V3D_TRAINING_ORDER_20260926.md:12 | D:\py\DRL2_v3e\docs\V3D_TRAINING_ORDER_20260926.md:44 | D:\py\DRL2_v3e\docs\V3D_TRAINING_ORDER_20260926.md:50 | D:\py\DRL2_v3e\docs\V3D_TRAINING_ORDER_20260926.md:83 | D:\py\DRL2_v3e\docs\V3D_TRAINING_ORDER_20260926.md:84 | D:\py\DRL2_v3e\docs\V3D_TRAINING_ORDER_20260926.md:105 | D:\py\DRL2_v3e\docs\V3D_TRAINING_ORDER_20260926.md:129 | D:\py\DRL2_v3e\docs\V3_PROGRESS_SINCE_20260924.md:27 | D:\py\DRL2_v3e\docs\V3_PROGRESS_SINCE_20260924.md:37 | D:\py\DRL2_v3e\docs\V3_PROGRESS_SINCE_20260924.md:43 | D:\py\legacy\DRL2_v3e_验证快照_20260930\CLAUDE.md:25 | D:\py\legacy\DRL2_v3e_验证快照_20260930\docs\V3C_TRAINING_ORDER_20260925.md:1 | D:\py\legacy\DRL2_v3e_验证快照_20260930\docs\V3C_TRAINING_ORDER_20260925.md:3 | D:\py\legacy\DRL2_v3e_验证快照_20260930\docs\V3D_EXECUTION_ORDER_20260926.md:9 | D:\py\legacy\DRL2_v3e_验证快照_20260930\docs\V3D_EXECUTION_ORDER_20260926.md:13 | D:\py\legacy\DRL2_v3e_验证快照_20260930\docs\V3D_EXECUTION_ORDER_20260926.md:117 | D:\py\legacy\DRL2_v3e_验证快照_20260930\docs\V3D_REVIEW_20260926.md:3 | D:\py\legacy\DRL2_v3e_验证快照_20260930\docs\V3D_REVIEW_20260926.md:11 | D:\py\legacy\DRL2_v3e_验证快照_20260930\docs\V3D_REVIEW_20260926.md:14 | D:\py\legacy\DRL2_v3e_验证快照_20260930\docs\V3D_REVIEW_20260926.md:33 | D:\py\legacy\DRL2_v3e_验证快照_20260930\docs\V3D_REVIEW_20260926.md:86 | D:\py\legacy\DRL2_v3e_验证快照_20260930\docs\V3D_REVIEW_20260926.md:94 | D:\py\legacy\DRL2_v3e_验证快照_20260930\docs\V3D_REVIEW_20260926.md:138,see literal evidence; no root cause inferred,historical statement; proposed/tested ambiguity retained for upper review
HISTORICAL_EVIDENCE_FAMILY: fallback,see source document,UNRESOLVED,E01_V3e_60k_valueR2,UNRESOLVED: see evidence references; no authority inferred,"report family index, not a single verified trial",,"> other ~40 inert (after one gate fallback, 15 sampled actions give 1 reference:",D:\py\DRL2_v3e\CLAUDE.md:209 | D:\py\DRL2_v3e\CLAUDE.md:403 | D:\py\DRL2_v3e\CLAUDE.md:467 | D:\py\DRL2_v3e\CLAUDE.md:579 | D:\py\DRL2_v3e\docs\A2_GUIDANCE_FREE_RESULTS.md:13 | D:\py\DRL2_v3e\docs\ADAPTIVE_ROUND1_CLOSEOUT_20260921.md:46 | D:\py\DRL2_v3e\docs\BIDIRECTIONAL_SACMPC_EXECUTION.md:31 | D:\py\DRL2_v3e\docs\BIDIRECTIONAL_SACMPC_EXECUTION.md:33 | D:\py\DRL2_v3e\docs\COUPLING_DEFECT_DIAGNOSIS_LOG_20260921.md:74 | D:\py\DRL2_v3e\docs\COUPLING_DEFECT_DIAGNOSIS_LOG_20260921.md:75 | D:\py\DRL2_v3e\docs\COUPLING_DEFECT_DIAGNOSIS_LOG_20260921.md:76 | D:\py\DRL2_v3e\docs\COUPLING_DEFECT_DIAGNOSIS_LOG_20260921.md:81 | D:\py\DRL2_v3e\docs\COUPLING_DEFECT_DIAGNOSIS_LOG_20260921.md:89 | D:\py\DRL2_v3e\docs\COUPLING_DEFECT_DIAGNOSIS_ORDER_20260921.md:309 | D:\py\DRL2_v3e\docs\COUPLING_DEFECT_DIAGNOSIS_ORDER_20260921.md:311 | D:\py\DRL2_v3e\docs\D0_HYBRID_INFEASIBILITY_DIAGNOSIS_20260909.md:42 | D:\py\DRL2_v3e\docs\D0_HYBRID_INFEASIBILITY_DIAGNOSIS_20260909.md:48 | D:\py\DRL2_v3e\docs\OPPORTUNITY_MAINLINE_RUNSHEET.md:80 | D:\py\DRL2_v3e\docs\P1_B_APPROACH_RATE_SCAN.md:7 | D:\py\DRL2_v3e\docs\P2_FEEDBACK_SEPARABILITY.md:7 | D:\py\DRL2_v3e\docs\P2_FEEDBACK_SEPARABILITY.md:9 | D:\py\DRL2_v3e\docs\P2_FEEDBACK_SEPARABILITY.md:39 | D:\py\DRL2_v3e\docs\PRECAPTURE_ENTRY_WINDOW_GAP_WITH_F1.md:83 | D:\py\DRL2_v3e\docs\PRECAPTURE_ENTRY_WINDOW_GAP_WITH_F1.md:184 | D:\py\DRL2_v3e\docs\PRECAPTURE_ENTRY_WINDOW_GAP_WITH_F1.md:254 | D:\py\DRL2_v3e\docs\PRECAPTURE_ENTRY_WINDOW_GAP_WITH_F1.md:274 | D:\py\DRL2_v3e\docs\PRECAPTURE_ENTRY_WINDOW_GAP_WITH_F1.md:307 | D:\py\DRL2_v3e\docs\PRECAPTURE_ENTRY_WINDOW_GAP_WITH_F1.md:353 | D:\py\DRL2_v3e\docs\ROUND1_EXTERNAL_REVIEW_20260922.md:56 | D:\py\DRL2_v3e\docs\ROUND1_EXTERNAL_REVIEW_20260922.md:158 | D:\py\DRL2_v3e\docs\V2_EVALUATION_PLAN_20260923.md:417 | D:\py\DRL2_v3e\docs\V2_EXECUTION_ORDER_20260922.md:6 | D:\py\DRL2_v3e\docs\V2_EXECUTION_ORDER_20260922.md:150 | D:\py\DRL2_v3e\docs\V2_EXECUTION_ORDER_20260922.md:260 | D:\py\DRL2_v3e\docs\V2_INTERFACE_IMPLEMENTATION_20260922.md:49 | D:\py\DRL2_v3e\docs\V2_INTERFACE_IMPLEMENTATION_20260922.md:50 | D:\py\DRL2_v3e\docs\handoffs\archive_202609\WINDOW_HANDOFF_20260919.md:101 | D:\py\legacy\DRL2_v3e_验证快照_20260930\CLAUDE.md:71 | D:\py\legacy\DRL2_v3e_验证快照_20260930\CLAUDE.md:265 | D:\py\legacy\DRL2_v3e_验证快照_20260930\CLAUDE.md:329 | D:\py\legacy\DRL2_v3e_验证快照_20260930\CLAUDE.md:441 | D:\py\legacy\DRL2_v3e_验证快照_20260930\docs\A2_GUIDANCE_FREE_RESULTS.md:13 | D:\py\legacy\DRL2_v3e_验证快照_20260930\docs\ADAPTIVE_ROUND1_CLOSEOUT_20260921.md:46,see literal evidence; no root cause inferred,historical statement; proposed/tested ambiguity retained for upper review
HISTORICAL_EVIDENCE_FAMILY: T7,see source document,UNRESOLVED,E01_V3e_60k_valueR2,UNRESOLVED: see evidence references; no authority inferred,"report family index, not a single verified trial",,(T7 showed telemetry-in-observation does not help).,D:\py\DRL2_v3e\CLAUDE.md:279 | D:\py\DRL2_v3e\CLAUDE.md:480 | D:\py\DRL2_v3e\CLAUDE.md:687 | D:\py\DRL2_v3e\docs\ATTITUDE_REFERENCE_PROBE.md:79 | D:\py\DRL2_v3e\docs\DECK_CLEARING_ORDER_20260922.md:86 | D:\py\DRL2_v3e\docs\INDEX.md:97 | D:\py\DRL2_v3e\docs\INDEX.md:98 | D:\py\DRL2_v3e\docs\INDEX.md:99 | D:\py\DRL2_v3e\docs\LOWER_EXECUTION_PLAN_20260910.md:4 | D:\py\DRL2_v3e\docs\LOWER_EXECUTION_PLAN_20260910.md:36 | D:\py\DRL2_v3e\docs\LOWER_EXECUTION_PLAN_20260910.md:276 | D:\py\DRL2_v3e\docs\LOWER_EXECUTION_PLAN_20260910.md:298 | D:\py\DRL2_v3e\docs\LOWER_EXECUTION_PLAN_20260910.md:325 | D:\py\DRL2_v3e\docs\MAINLINE_TRAIN_EVAL_RUNSHEET.md:98 | D:\py\DRL2_v3e\docs\P0_HORIZON_PERSISTENT_FAILURES.md:69 | D:\py\DRL2_v3e\docs\P2_FEEDBACK_SEPARABILITY.md:54 | D:\py\DRL2_v3e\docs\T10_EXECUTION_ORDER.md:188 | D:\py\DRL2_v3e\docs\T10_EXECUTION_ORDER.md:202 | D:\py\DRL2_v3e\docs\T10_EXECUTION_ORDER.md:223 | D:\py\DRL2_v3e\docs\T11_EXECUTION_ORDER.md:119 | D:\py\DRL2_v3e\docs\T11_EXECUTION_ORDER.md:165 | D:\py\DRL2_v3e\docs\T12_EXECUTION_ORDER.md:83 | D:\py\DRL2_v3e\docs\T12_EXECUTION_ORDER.md:177 | D:\py\DRL2_v3e\docs\T7_RESULTS_AND_VERDICT.md:1 | D:\py\DRL2_v3e\docs\T7_T9_REVIEW_20260912.md:1 | D:\py\DRL2_v3e\docs\T7_T9_REVIEW_20260912.md:17 | D:\py\DRL2_v3e\docs\T7_T9_REVIEW_20260912.md:19 | D:\py\DRL2_v3e\docs\T7_T9_REVIEW_20260912.md:36 | D:\py\DRL2_v3e\docs\T7_T9_REVIEW_20260912.md:188 | D:\py\DRL2_v3e\docs\T7_T9_REVIEW_20260912.md:212 | D:\py\DRL2_v3e\docs\T7_T9_REVIEW_20260912.md:220 | D:\py\DRL2_v3e\docs\T7_T9_REVIEW_20260912.md:259 | D:\py\DRL2_v3e\docs\T7_TRAINING_ORDER.md:1 | D:\py\DRL2_v3e\docs\T8_EXECUTION_ORDER.md:11 | D:\py\DRL2_v3e\docs\T8_EXECUTION_ORDER.md:37 | D:\py\DRL2_v3e\docs\T8_EXECUTION_ORDER.md:113 | D:\py\DRL2_v3e\docs\T8_EXECUTION_ORDER.md:154 | D:\py\DRL2_v3e\docs\T8_EXECUTION_ORDER.md:192 | D:\py\DRL2_v3e\docs\TERMINAL_GATE_DEFECT.md:221 | D:\py\DRL2_v3e\docs\V2_FIX_ORDER_RATE_LIMIT_20260922.md:80 | D:\py\DRL2_v3e\docs\V2_FIX_ORDER_RATE_LIMIT_20260922.md:82 | D:\py\DRL2_v3e\docs\V2_FIX_ORDER_RATE_LIMIT_20260922.md:90 | D:\py\DRL2_v3e\docs\V2_FIX_ORDER_RATE_LIMIT_20260922.md:98 | D:\py\DRL2_v3e\docs\V2_FIX_ORDER_RATE_LIMIT_20260922.md:99 | D:\py\DRL2_v3e\docs\V2_FIX_ORDER_RATE_LIMIT_20260922.md:121 | D:\py\DRL2_v3e\docs\V2_INTERFACE_IMPLEMENTATION_20260922.md:60 | D:\py\DRL2_v3e\docs\V2_RATE_LIMIT_DECISION_20260922.md:52 | D:\py\DRL2_v3e\docs\V2_RATE_LIMIT_SWEEP_STOP_20260922.md:46 | D:\py\DRL2_v3e\docs\V2_RATE_LIMIT_SWEEP_STOP_20260922.md:47,see literal evidence; no root cause inferred,historical statement; proposed/tested ambiguity retained for upper review
HISTORICAL_EVIDENCE_FAMILY: T6,see source document,UNRESOLVED,E01_V3e_60k_valueR2,UNRESOLVED: see evidence references; no authority inferred,"report family index, not a single verified trial",,"### The coupling interface (T6, frozen)",D:\py\DRL2_v3e\CLAUDE.md:458 | D:\py\DRL2_v3e\docs\INDEX.md:96 | D:\py\DRL2_v3e\docs\LOWER_EXECUTION_PLAN_20260910.md:4 | D:\py\DRL2_v3e\docs\LOWER_EXECUTION_PLAN_20260910.md:35 | D:\py\DRL2_v3e\docs\LOWER_EXECUTION_PLAN_20260910.md:197 | D:\py\DRL2_v3e\docs\LOWER_EXECUTION_PLAN_20260910.md:283 | D:\py\DRL2_v3e\docs\LOWER_EXECUTION_PLAN_20260910.md:337 | D:\py\DRL2_v3e\docs\P0_HORIZON_PERSISTENT_FAILURES.md:69 | D:\py\DRL2_v3e\docs\P2_FEEDBACK_SEPARABILITY.md:54 | D:\py\DRL2_v3e\docs\PERCEPTION_PRECAPTURE_INTEGRATION.md:15 | D:\py\DRL2_v3e\docs\PERCEPTION_PRECAPTURE_INTEGRATION.md:65 | D:\py\DRL2_v3e\docs\PERCEPTION_PRECAPTURE_INTEGRATION.md:66 | D:\py\DRL2_v3e\docs\PERCEPTION_PRECAPTURE_INTEGRATION.md:70 | D:\py\DRL2_v3e\docs\PERCEPTION_PRECAPTURE_INTEGRATION.md:72 | D:\py\DRL2_v3e\docs\PERCEPTION_PRECAPTURE_INTEGRATION.md:80 | D:\py\DRL2_v3e\docs\PRECAPTURE_NONCOOP_S1_AND_PROBES.md:106 | D:\py\DRL2_v3e\docs\REPO_TIDY_ORDER_20260922.md:78 | D:\py\DRL2_v3e\docs\T0_AMENDMENT_20260910.md:146 | D:\py\DRL2_v3e\docs\T10_EXECUTION_ORDER.md:176 | D:\py\DRL2_v3e\docs\T12_S10_REVIEW_DOSSIER_20260915.md:34 | D:\py\DRL2_v3e\docs\T6_COUPLING_INTERFACE.md:1 | D:\py\DRL2_v3e\docs\T7_RESULTS_AND_VERDICT.md:20 | D:\py\DRL2_v3e\docs\T7_RESULTS_AND_VERDICT.md:184 | D:\py\DRL2_v3e\docs\T7_T9_REVIEW_20260912.md:107 | D:\py\DRL2_v3e\docs\T7_T9_REVIEW_20260912.md:195 | D:\py\DRL2_v3e\docs\T7_T9_REVIEW_20260912.md:222 | D:\py\DRL2_v3e\docs\T7_TRAINING_ORDER.md:11 | D:\py\DRL2_v3e\docs\T7_TRAINING_ORDER.md:46 | D:\py\DRL2_v3e\docs\T7_TRAINING_ORDER.md:49 | D:\py\DRL2_v3e\docs\T7_TRAINING_ORDER.md:53 | D:\py\DRL2_v3e\docs\TERMINAL_GATE_DEFECT.md:215 | D:\py\DRL2_v3e\docs\V2_EXECUTION_ORDER_20260922.md:303 | D:\py\DRL2_v3e\docs\V2_EXECUTION_ORDER_20260922.md:305 | D:\py\DRL2_v3e\docs\V2_EXECUTION_ORDER_20260922.md:410 | D:\py\DRL2_v3e\docs\V2_FIX_ORDER_RATE_LIMIT_20260922.md:89 | D:\py\DRL2_v3e\docs\V2_FIX_ORDER_RATE_LIMIT_20260922.md:99 | D:\py\DRL2_v3e\docs\V2_FIX_ORDER_RATE_LIMIT_20260922.md:112 | D:\py\DRL2_v3e\docs\V2_INTERFACE_IMPLEMENTATION_20260922.md:5 | D:\py\DRL2_v3e\docs\V2_INTERFACE_IMPLEMENTATION_20260922.md:43 | D:\py\DRL2_v3e\docs\V2_INTERFACE_IMPLEMENTATION_20260922.md:56 | D:\py\DRL2_v3e\docs\V2_REVIEW_RATE_LIMIT_20260922.md:102 | D:\py\DRL2_v3e\docs\handoffs\archive_202609\WINDOW_HANDOFF_20260913.md:144 | D:\py\legacy\DRL2_v3e_验证快照_20260930\CLAUDE.md:320 | D:\py\legacy\DRL2_v3e_验证快照_20260930\docs\INDEX.md:96 | D:\py\legacy\DRL2_v3e_验证快照_20260930\docs\LOWER_EXECUTION_PLAN_20260910.md:4,see literal evidence; no root cause inferred,historical statement; proposed/tested ambiguity retained for upper review
HISTORICAL_EVIDENCE_FAMILY: D0,see source document,UNRESOLVED,E01_V3e_60k_valueR2,UNRESOLVED: see evidence references; no authority inferred,"report family index, not a single verified trial",,| **R2** | 暂存分支在探索中近乎不可达 | **证伪** | D0 在最终策略上读到 0/973，但 **D0b 在 5k/10k checkpoint 上读到 2–15% 的有效介入**：暂存早期可达且被大量使用。真正发生的是训练把策略推入死半边后能力崩塌到 0。见第 7 节 |,D:\py\DRL2_v3e\docs\ADAPTIVE_ROUND1_CLOSEOUT_20260921.md:47 | D:\py\DRL2_v3e\docs\ADAPTIVE_ROUND1_CLOSEOUT_20260921.md:167 | D:\py\DRL2_v3e\docs\ADAPTIVE_ROUND1_CLOSEOUT_20260921.md:300 | D:\py\DRL2_v3e\docs\CLEANUP_20260909.md:15 | D:\py\DRL2_v3e\docs\CLEANUP_20260909.md:26 | D:\py\DRL2_v3e\docs\COUPLING_DEFECT_DIAGNOSIS_LOG_20260921.md:32 | D:\py\DRL2_v3e\docs\COUPLING_DEFECT_DIAGNOSIS_LOG_20260921.md:36 | D:\py\DRL2_v3e\docs\COUPLING_DEFECT_DIAGNOSIS_LOG_20260921.md:50 | D:\py\DRL2_v3e\docs\COUPLING_DEFECT_DIAGNOSIS_LOG_20260921.md:86 | D:\py\DRL2_v3e\docs\COUPLING_DEFECT_DIAGNOSIS_ORDER_20260921.md:8 | D:\py\DRL2_v3e\docs\COUPLING_DEFECT_DIAGNOSIS_ORDER_20260921.md:78 | D:\py\DRL2_v3e\docs\COUPLING_DEFECT_DIAGNOSIS_ORDER_20260921.md:81 | D:\py\DRL2_v3e\docs\COUPLING_DEFECT_DIAGNOSIS_ORDER_20260921.md:94 | D:\py\DRL2_v3e\docs\COUPLING_DEFECT_DIAGNOSIS_ORDER_20260921.md:112 | D:\py\DRL2_v3e\docs\COUPLING_DEFECT_DIAGNOSIS_ORDER_20260921.md:114 | D:\py\DRL2_v3e\docs\COUPLING_DEFECT_DIAGNOSIS_ORDER_20260921.md:190 | D:\py\DRL2_v3e\docs\COUPLING_DEFECT_DIAGNOSIS_ORDER_20260921.md:207 | D:\py\DRL2_v3e\docs\COUPLING_DEFECT_DIAGNOSIS_ORDER_20260921.md:209 | D:\py\DRL2_v3e\docs\COUPLING_DEFECT_DIAGNOSIS_ORDER_20260921.md:215 | D:\py\DRL2_v3e\docs\COUPLING_DEFECT_DIAGNOSIS_ORDER_20260921.md:216 | D:\py\DRL2_v3e\docs\COUPLING_DEFECT_DIAGNOSIS_ORDER_20260921.md:254 | D:\py\DRL2_v3e\docs\COUPLING_DEFECT_DIAGNOSIS_ORDER_20260921.md:259 | D:\py\DRL2_v3e\docs\COUPLING_DEFECT_DIAGNOSIS_ORDER_20260921.md:317 | D:\py\DRL2_v3e\docs\COUPLING_DEFECT_DIAGNOSIS_ORDER_20260921.md:322 | D:\py\DRL2_v3e\docs\D0_HYBRID_INFEASIBILITY_DIAGNOSIS_20260909.md:1 | D:\py\DRL2_v3e\docs\D0_HYBRID_INFEASIBILITY_DIAGNOSIS_20260909.md:44 | D:\py\DRL2_v3e\docs\D0_HYBRID_INFEASIBILITY_DIAGNOSIS_20260909.md:61 | D:\py\DRL2_v3e\docs\DECK_CLEARING_ORDER_20260922.md:50 | D:\py\DRL2_v3e\docs\EVIDENCE_INDEX.md:20 | D:\py\DRL2_v3e\docs\INDEX.md:30 | D:\py\DRL2_v3e\docs\ROUND1_EXTERNAL_REVIEW_20260922.md:23 | D:\py\DRL2_v3e\docs\ROUND1_EXTERNAL_REVIEW_20260922.md:26 | D:\py\DRL2_v3e\docs\V2_EXECUTION_ORDER_20260922.md:50 | D:\py\DRL2_v3e\docs\V2_EXECUTION_ORDER_20260922.md:384 | D:\py\DRL2_v3e\docs\handoffs\archive_202609\HANDOFF_UPPER_RULING_20260908.md:163 | D:\py\DRL2_v3e\docs\handoffs\archive_202609\HANDOFF_UPPER_RULING_20260908.md:167 | D:\py\DRL2_v3e\docs\handoffs\archive_202609\HANDOFF_UPPER_RULING_20260908.md:171 | D:\py\DRL2_v3e\docs\handoffs\archive_202609\HANDOFF_UPPER_RULING_20260908.md:269 | D:\py\DRL2_v3e\docs\handoffs\archive_202609\HANDOFF_UPPER_RULING_20260908.md:364,see literal evidence; no root cause inferred,historical statement; proposed/tested ambiguity retained for upper review
HISTORICAL_EVIDENCE_FAMILY: D0b,see source document,UNRESOLVED,E01_V3e_60k_valueR2,UNRESOLVED: see evidence references; no authority inferred,"report family index, not a single verified trial",,| **R2** | 暂存分支在探索中近乎不可达 | **证伪** | D0 在最终策略上读到 0/973，但 **D0b 在 5k/10k checkpoint 上读到 2–15% 的有效介入**：暂存早期可达且被大量使用。真正发生的是训练把策略推入死半边后能力崩塌到 0。见第 7 节 |,D:\py\DRL2_v3e\docs\ADAPTIVE_ROUND1_CLOSEOUT_20260921.md:47 | D:\py\DRL2_v3e\docs\ADAPTIVE_ROUND1_CLOSEOUT_20260921.md:127 | D:\py\DRL2_v3e\docs\ADAPTIVE_ROUND1_CLOSEOUT_20260921.md:165 | D:\py\DRL2_v3e\docs\ADAPTIVE_ROUND1_CLOSEOUT_20260921.md:251 | D:\py\DRL2_v3e\docs\ADAPTIVE_ROUND1_CLOSEOUT_20260921.md:302 | D:\py\DRL2_v3e\docs\ROUND1_EXTERNAL_REVIEW_20260922.md:23 | D:\py\DRL2_v3e\docs\ROUND1_EXTERNAL_REVIEW_20260922.md:26 | D:\py\DRL2_v3e\docs\ROUND1_EXTERNAL_REVIEW_20260922.md:60 | D:\py\DRL2_v3e\docs\ROUND1_EXTERNAL_REVIEW_20260922.md:131 | D:\py\DRL2_v3e\docs\V2_EXECUTION_ORDER_20260922.md:48 | D:\py\legacy\DRL2_v3e_验证快照_20260930\docs\ADAPTIVE_ROUND1_CLOSEOUT_20260921.md:47 | D:\py\legacy\DRL2_v3e_验证快照_20260930\docs\ADAPTIVE_ROUND1_CLOSEOUT_20260921.md:127 | D:\py\legacy\DRL2_v3e_验证快照_20260930\docs\ADAPTIVE_ROUND1_CLOSEOUT_20260921.md:165 | D:\py\legacy\DRL2_v3e_验证快照_20260930\docs\ADAPTIVE_ROUND1_CLOSEOUT_20260921.md:251 | D:\py\legacy\DRL2_v3e_验证快照_20260930\docs\ADAPTIVE_ROUND1_CLOSEOUT_20260921.md:302 | D:\py\legacy\DRL2_v3e_验证快照_20260930\docs\ROUND1_EXTERNAL_REVIEW_20260922.md:23 | D:\py\legacy\DRL2_v3e_验证快照_20260930\docs\ROUND1_EXTERNAL_REVIEW_20260922.md:26 | D:\py\legacy\DRL2_v3e_验证快照_20260930\docs\ROUND1_EXTERNAL_REVIEW_20260922.md:60 | D:\py\legacy\DRL2_v3e_验证快照_20260930\docs\ROUND1_EXTERNAL_REVIEW_20260922.md:131 | D:\py\legacy\DRL2_v3e_验证快照_20260930\docs\V2_EXECUTION_ORDER_20260922.md:48,see literal evidence; no root cause inferred,historical statement; proposed/tested ambiguity retained for upper review
HISTORICAL_EVIDENCE_FAMILY: P0,see source document,UNRESOLVED,E01_V3e_60k_valueR2,UNRESOLVED: see evidence references; no authority inferred,"report family index, not a single verified trial",,| R1 门语义 | **次要，约 23–25%**（D1 6/24；P0 回退 16/8/9 of 48） |,D:\py\DRL2_v3e\docs\ADAPTIVE_ROUND1_CLOSEOUT_20260921.md:250 | D:\py\DRL2_v3e\docs\INDEX.md:71 | D:\py\DRL2_v3e\docs\P0_HORIZON_PERSISTENT_FAILURES.md:1 | D:\py\DRL2_v3e\docs\ROUND1_EXTERNAL_REVIEW_20260922.md:23 | D:\py\DRL2_v3e\docs\ROUND1_EXTERNAL_REVIEW_20260922.md:26 | D:\py\DRL2_v3e\docs\V2_EXECUTION_ORDER_20260922.md:23 | D:\py\DRL2_v3e\docs\handoffs\archive_202609\WINDOW_HANDOFF_20260924.md:101 | D:\py\legacy\DRL2_v3e_验证快照_20260930\docs\ADAPTIVE_ROUND1_CLOSEOUT_20260921.md:250 | D:\py\legacy\DRL2_v3e_验证快照_20260930\docs\INDEX.md:71 | D:\py\legacy\DRL2_v3e_验证快照_20260930\docs\P0_HORIZON_PERSISTENT_FAILURES.md:1 | D:\py\legacy\DRL2_v3e_验证快照_20260930\docs\ROUND1_EXTERNAL_REVIEW_20260922.md:23 | D:\py\legacy\DRL2_v3e_验证快照_20260930\docs\ROUND1_EXTERNAL_REVIEW_20260922.md:26 | D:\py\legacy\DRL2_v3e_验证快照_20260930\docs\V2_EXECUTION_ORDER_20260922.md:23 | D:\py\legacy\DRL2_v3e_验证快照_20260930\docs\handoffs\WINDOW_HANDOFF_20260924.md:101,see literal evidence; no root cause inferred,historical statement; proposed/tested ambiguity retained for upper review
HISTORICAL_EVIDENCE_FAMILY: D2,see source document,UNRESOLVED,E01_V3e_60k_valueR2,UNRESOLVED: see evidence references; no authority inferred,"report family index, not a single verified trial",,**D2（关门 48 种子）已无必要**：D1 测出有效介入恰好为 0，且 75% 的锁存由策略自身造成，,D:\py\DRL2_v3e\docs\ADAPTIVE_ROUND1_CLOSEOUT_20260921.md:261 | D:\py\DRL2_v3e\docs\CLEANUP_20260909.md:26 | D:\py\DRL2_v3e\docs\COUPLING_DEFECT_DIAGNOSIS_ORDER_20260921.md:8 | D:\py\DRL2_v3e\docs\COUPLING_DEFECT_DIAGNOSIS_ORDER_20260921.md:94 | D:\py\DRL2_v3e\docs\COUPLING_DEFECT_DIAGNOSIS_ORDER_20260921.md:112 | D:\py\DRL2_v3e\docs\COUPLING_DEFECT_DIAGNOSIS_ORDER_20260921.md:190 | D:\py\DRL2_v3e\docs\COUPLING_DEFECT_DIAGNOSIS_ORDER_20260921.md:253 | D:\py\DRL2_v3e\docs\COUPLING_DEFECT_DIAGNOSIS_ORDER_20260921.md:254 | D:\py\DRL2_v3e\docs\COUPLING_DEFECT_DIAGNOSIS_ORDER_20260921.md:255 | D:\py\DRL2_v3e\docs\DECK_CLEARING_ORDER_20260922.md:69 | D:\py\DRL2_v3e\docs\ROUND1_EXTERNAL_REVIEW_20260922.md:156 | D:\py\DRL2_v3e\docs\STOPPING_RUN_ORDER_LOWER_20261002.md:71 | D:\py\DRL2_v3e\docs\V2_EXECUTION_ORDER_20260922.md:6 | D:\py\DRL2_v3e\docs\V2_EXECUTION_ORDER_20260922.md:147 | D:\py\DRL2_v3e\docs\handoffs\archive_202609\HANDOFF_UPPER_RULING_20260908.md:171 | D:\py\DRL2_v3e\docs\handoffs\archive_202609\WINDOW_HANDOFF_20260924.md:356 | D:\py\DRL2_v3e\docs\handoffs\archive_202609\WINDOW_HANDOFF_20260924.md:380 | D:\py\legacy\DRL2_v3e_验证快照_20260930\docs\ADAPTIVE_ROUND1_CLOSEOUT_20260921.md:261 | D:\py\legacy\DRL2_v3e_验证快照_20260930\docs\CLEANUP_20260909.md:26 | D:\py\legacy\DRL2_v3e_验证快照_20260930\docs\COUPLING_DEFECT_DIAGNOSIS_ORDER_20260921.md:8 | D:\py\legacy\DRL2_v3e_验证快照_20260930\docs\COUPLING_DEFECT_DIAGNOSIS_ORDER_20260921.md:94 | D:\py\legacy\DRL2_v3e_验证快照_20260930\docs\COUPLING_DEFECT_DIAGNOSIS_ORDER_20260921.md:112 | D:\py\legacy\DRL2_v3e_验证快照_20260930\docs\COUPLING_DEFECT_DIAGNOSIS_ORDER_20260921.md:190 | D:\py\legacy\DRL2_v3e_验证快照_20260930\docs\COUPLING_DEFECT_DIAGNOSIS_ORDER_20260921.md:253 | D:\py\legacy\DRL2_v3e_验证快照_20260930\docs\COUPLING_DEFECT_DIAGNOSIS_ORDER_20260921.md:254 | D:\py\legacy\DRL2_v3e_验证快照_20260930\docs\COUPLING_DEFECT_DIAGNOSIS_ORDER_20260921.md:255 | D:\py\legacy\DRL2_v3e_验证快照_20260930\docs\DECK_CLEARING_ORDER_20260922.md:69 | D:\py\legacy\DRL2_v3e_验证快照_20260930\docs\ROUND1_EXTERNAL_REVIEW_20260922.md:156 | D:\py\legacy\DRL2_v3e_验证快照_20260930\docs\V2_EXECUTION_ORDER_20260922.md:6 | D:\py\legacy\DRL2_v3e_验证快照_20260930\docs\V2_EXECUTION_ORDER_20260922.md:147 | D:\py\legacy\DRL2_v3e_验证快照_20260930\docs\handoffs\WINDOW_HANDOFF_20260924.md:356 | D:\py\legacy\DRL2_v3e_验证快照_20260930\docs\handoffs\WINDOW_HANDOFF_20260924.md:380 | D:\py\legacy\DRL2_v3e_验证快照_20260930\docs\handoffs\archive_202609\HANDOFF_UPPER_RULING_20260908.md:171,see literal evidence; no root cause inferred,historical statement; proposed/tested ambiguity retained for upper review
HISTORICAL_EVIDENCE_FAMILY: D4c,see source document,UNRESOLVED,E01_V3e_60k_valueR2,UNRESOLVED: see evidence references; no authority inferred,"report family index, not a single verified trial",,| D4 / D4c / D0b / D3（本轮新增） | `eval/adp/d4_staged_n*.json`、`d4c_retained_n*.json`、`d0b_stochastic_*.json`、`eval/cal2/*.json` |,D:\py\DRL2_v3e\docs\ADAPTIVE_ROUND1_CLOSEOUT_20260921.md:302 | D:\py\DRL2_v3e\docs\ROUND1_EXTERNAL_REVIEW_20260922.md:23 | D:\py\DRL2_v3e\docs\ROUND1_EXTERNAL_REVIEW_20260922.md:26 | D:\py\legacy\DRL2_v3e_验证快照_20260930\docs\ADAPTIVE_ROUND1_CLOSEOUT_20260921.md:302 | D:\py\legacy\DRL2_v3e_验证快照_20260930\docs\ROUND1_EXTERNAL_REVIEW_20260922.md:23 | D:\py\legacy\DRL2_v3e_验证快照_20260930\docs\ROUND1_EXTERNAL_REVIEW_20260922.md:26,see literal evidence; no root cause inferred,historical statement; proposed/tested ambiguity retained for upper review
HISTORICAL_EVIDENCE_FAMILY: D3,see source document,UNRESOLVED,E01_V3e_60k_valueR2,UNRESOLVED: see evidence references; no authority inferred,"report family index, not a single verified trial",,| D4 / D4c / D0b / D3（本轮新增） | `eval/adp/d4_staged_n*.json`、`d4c_retained_n*.json`、`d0b_stochastic_*.json`、`eval/cal2/*.json` |,D:\py\DRL2_v3e\docs\ADAPTIVE_ROUND1_CLOSEOUT_20260921.md:302 | D:\py\DRL2_v3e\docs\CLEANUP_20260909.md:26 | D:\py\DRL2_v3e\docs\COUPLING_DEFECT_DIAGNOSIS_ORDER_20260921.md:112 | D:\py\DRL2_v3e\docs\COUPLING_DEFECT_DIAGNOSIS_ORDER_20260921.md:216 | D:\py\DRL2_v3e\docs\COUPLING_DEFECT_DIAGNOSIS_ORDER_20260921.md:256 | D:\py\DRL2_v3e\docs\FINAL_MAINLINE_RUN_ORDER_20261006.md:80 | D:\py\DRL2_v3e\docs\FINAL_MAINLINE_RUN_ORDER_20261006.md:185 | D:\py\DRL2_v3e\docs\ROUND1_EXTERNAL_REVIEW_20260922.md:23 | D:\py\DRL2_v3e\docs\ROUND1_EXTERNAL_REVIEW_20260922.md:26 | D:\py\DRL2_v3e\docs\STOPPING_RUN_ORDER_LOWER_20261002.md:71 | D:\py\legacy\DRL2_v3e_验证快照_20260930\docs\ADAPTIVE_ROUND1_CLOSEOUT_20260921.md:302 | D:\py\legacy\DRL2_v3e_验证快照_20260930\docs\CLEANUP_20260909.md:26 | D:\py\legacy\DRL2_v3e_验证快照_20260930\docs\COUPLING_DEFECT_DIAGNOSIS_ORDER_20260921.md:112 | D:\py\legacy\DRL2_v3e_验证快照_20260930\docs\COUPLING_DEFECT_DIAGNOSIS_ORDER_20260921.md:216 | D:\py\legacy\DRL2_v3e_验证快照_20260930\docs\COUPLING_DEFECT_DIAGNOSIS_ORDER_20260921.md:256 | D:\py\legacy\DRL2_v3e_验证快照_20260930\docs\ROUND1_EXTERNAL_REVIEW_20260922.md:23 | D:\py\legacy\DRL2_v3e_验证快照_20260930\docs\ROUND1_EXTERNAL_REVIEW_20260922.md:26,see literal evidence; no root cause inferred,historical statement; proposed/tested ambiguity retained for upper review
HISTORICAL_EVIDENCE_FAMILY: T1,see source document,UNRESOLVED,E01_V3e_60k_valueR2,UNRESOLVED: see evidence references; no authority inferred,"report family index, not a single verified trial",,- **不动** T1–T7，**不清理** T-A/T-B/T-C。,D:\py\DRL2_v3e\docs\DECK_CLEARING_ORDER_20260922.md:86 | D:\py\DRL2_v3e\docs\PREFLIGHT_DELIVERY_20260911.md:12 | D:\py\DRL2_v3e\docs\T0_AMENDMENT_20260910.md:73 | D:\py\DRL2_v3e\docs\V2_EXECUTION_ORDER_20260922.md:410 | D:\py\DRL2_v3e\docs\V2_FIX_ORDER_RATE_LIMIT_20260922.md:89 | D:\py\DRL2_v3e\docs\V2_FIX_ORDER_RATE_LIMIT_20260922.md:99 | D:\py\DRL2_v3e\docs\V2_FIX_ORDER_RATE_LIMIT_20260922.md:112 | D:\py\DRL2_v3e\docs\V2_INTERFACE_IMPLEMENTATION_20260922.md:5 | D:\py\DRL2_v3e\docs\V2_INTERFACE_IMPLEMENTATION_20260922.md:43 | D:\py\DRL2_v3e\docs\V2_INTERFACE_IMPLEMENTATION_20260922.md:56 | D:\py\DRL2_v3e\docs\V2_RATE_LIMIT_SWEEP_STOP_20260922.md:47 | D:\py\DRL2_v3e\docs\V2_REVIEW_RATE_LIMIT_20260922.md:102 | D:\py\legacy\DRL2_v3e_验证快照_20260930\docs\DECK_CLEARING_ORDER_20260922.md:86 | D:\py\legacy\DRL2_v3e_验证快照_20260930\docs\PREFLIGHT_DELIVERY_20260911.md:12 | D:\py\legacy\DRL2_v3e_验证快照_20260930\docs\T0_AMENDMENT_20260910.md:73 | D:\py\legacy\DRL2_v3e_验证快照_20260930\docs\V2_EXECUTION_ORDER_20260922.md:410 | D:\py\legacy\DRL2_v3e_验证快照_20260930\docs\V2_FIX_ORDER_RATE_LIMIT_20260922.md:89 | D:\py\legacy\DRL2_v3e_验证快照_20260930\docs\V2_FIX_ORDER_RATE_LIMIT_20260922.md:99 | D:\py\legacy\DRL2_v3e_验证快照_20260930\docs\V2_FIX_ORDER_RATE_LIMIT_20260922.md:112 | D:\py\legacy\DRL2_v3e_验证快照_20260930\docs\V2_INTERFACE_IMPLEMENTATION_20260922.md:5 | D:\py\legacy\DRL2_v3e_验证快照_20260930\docs\V2_INTERFACE_IMPLEMENTATION_20260922.md:43 | D:\py\legacy\DRL2_v3e_验证快照_20260930\docs\V2_INTERFACE_IMPLEMENTATION_20260922.md:56 | D:\py\legacy\DRL2_v3e_验证快照_20260930\docs\V2_RATE_LIMIT_SWEEP_STOP_20260922.md:47 | D:\py\legacy\DRL2_v3e_验证快照_20260930\docs\V2_REVIEW_RATE_LIMIT_20260922.md:102,see literal evidence; no root cause inferred,historical statement; proposed/tested ambiguity retained for upper review
HISTORICAL_EVIDENCE_FAMILY: T0,see source document,UNRESOLVED,E01_V3e_60k_valueR2,UNRESOLVED: see evidence references; no authority inferred,"report family index, not a single verified trial",,### T0–T12 训练、闸门与评估线,D:\py\DRL2_v3e\docs\INDEX.md:90 | D:\py\DRL2_v3e\docs\LOWER_EXECUTION_PLAN_20260910.md:4 | D:\py\DRL2_v3e\docs\LOWER_EXECUTION_PLAN_20260910.md:325 | D:\py\DRL2_v3e\docs\P0_HORIZON_PERSISTENT_FAILURES.md:3 | D:\py\DRL2_v3e\docs\REPO_TIDY_ORDER_20260922.md:52 | D:\py\DRL2_v3e\docs\T0_AMENDMENT_20260910.md:73 | D:\py\DRL2_v3e\docs\T0_AMENDMENT_20260910.md:119 | D:\py\DRL2_v3e\docs\V3_METHOD_EXECUTION_ORDER_20260924.md:49 | D:\py\DRL2_v3e\docs\V3_WORK_SUMMARY_AND_PLAN_20260924.md:26 | D:\py\legacy\DRL2_v3e_验证快照_20260930\docs\INDEX.md:90 | D:\py\legacy\DRL2_v3e_验证快照_20260930\docs\LOWER_EXECUTION_PLAN_20260910.md:4 | D:\py\legacy\DRL2_v3e_验证快照_20260930\docs\LOWER_EXECUTION_PLAN_20260910.md:325 | D:\py\legacy\DRL2_v3e_验证快照_20260930\docs\P0_HORIZON_PERSISTENT_FAILURES.md:3 | D:\py\legacy\DRL2_v3e_验证快照_20260930\docs\REPO_TIDY_ORDER_20260922.md:52 | D:\py\legacy\DRL2_v3e_验证快照_20260930\docs\T0_AMENDMENT_20260910.md:73 | D:\py\legacy\DRL2_v3e_验证快照_20260930\docs\T0_AMENDMENT_20260910.md:119 | D:\py\legacy\DRL2_v3e_验证快照_20260930\docs\V3_METHOD_EXECUTION_ORDER_20260924.md:49 | D:\py\legacy\DRL2_v3e_验证快照_20260930\docs\V3_WORK_SUMMARY_AND_PLAN_20260924.md:26,see literal evidence; no root cause inferred,historical statement; proposed/tested ambiguity retained for upper review
HISTORICAL_EVIDENCE_FAMILY: T9,see source document,UNRESOLVED,E01_V3e_60k_valueR2,UNRESOLVED: see evidence references; no authority inferred,"report family index, not a single verified trial",,| `T7_T9_REVIEW_20260912.md` | T7–T9 第三方审查说明。 |,D:\py\DRL2_v3e\docs\INDEX.md:98 | D:\py\DRL2_v3e\docs\T10_EXECUTION_ORDER.md:223 | D:\py\DRL2_v3e\docs\T7_T9_REVIEW_20260912.md:1 | D:\py\DRL2_v3e\docs\T7_T9_REVIEW_20260912.md:113 | D:\py\DRL2_v3e\docs\T7_T9_REVIEW_20260912.md:263 | D:\py\DRL2_v3e\docs\T7_T9_REVIEW_20260912.md:268 | D:\py\legacy\DRL2_v3e_验证快照_20260930\docs\INDEX.md:98 | D:\py\legacy\DRL2_v3e_验证快照_20260930\docs\T10_EXECUTION_ORDER.md:223 | D:\py\legacy\DRL2_v3e_验证快照_20260930\docs\T7_T9_REVIEW_20260912.md:1 | D:\py\legacy\DRL2_v3e_验证快照_20260930\docs\T7_T9_REVIEW_20260912.md:113 | D:\py\legacy\DRL2_v3e_验证快照_20260930\docs\T7_T9_REVIEW_20260912.md:263 | D:\py\legacy\DRL2_v3e_验证快照_20260930\docs\T7_T9_REVIEW_20260912.md:268,see literal evidence; no root cause inferred,historical statement; proposed/tested ambiguity retained for upper review
HISTORICAL_EVIDENCE_FAMILY: T8,see source document,UNRESOLVED,E01_V3e_60k_valueR2,UNRESOLVED: see evidence references; no authority inferred,"report family index, not a single verified trial",,| `T8_EXECUTION_ORDER.md` | T8 评估与诊断单。 |,D:\py\DRL2_v3e\docs\INDEX.md:100 | D:\py\DRL2_v3e\docs\INDEX.md:101 | D:\py\DRL2_v3e\docs\T10_EXECUTION_ORDER.md:202 | D:\py\DRL2_v3e\docs\T10_EXECUTION_ORDER.md:209 | D:\py\DRL2_v3e\docs\T11_EXECUTION_ORDER.md:145 | D:\py\DRL2_v3e\docs\T11_EXECUTION_ORDER.md:165 | D:\py\DRL2_v3e\docs\T12_EXECUTION_ORDER.md:154 | D:\py\DRL2_v3e\docs\T12_EXECUTION_ORDER.md:177 | D:\py\DRL2_v3e\docs\T12_S10_EVAL_EXECUTION_ORDER.md:66 | D:\py\DRL2_v3e\docs\T12_S10_REVIEW_DOSSIER_20260915.md:20 | D:\py\DRL2_v3e\docs\T7_T9_REVIEW_20260912.md:17 | D:\py\DRL2_v3e\docs\T7_T9_REVIEW_20260912.md:57 | D:\py\DRL2_v3e\docs\T7_T9_REVIEW_20260912.md:187 | D:\py\DRL2_v3e\docs\T7_T9_REVIEW_20260912.md:212 | D:\py\DRL2_v3e\docs\T7_T9_REVIEW_20260912.md:220 | D:\py\DRL2_v3e\docs\T7_T9_REVIEW_20260912.md:261 | D:\py\DRL2_v3e\docs\T7_T9_REVIEW_20260912.md:262 | D:\py\DRL2_v3e\docs\T8_EXECUTION_ORDER.md:1 | D:\py\DRL2_v3e\docs\T8_GATE1_REPORT_20260912.md:1 | D:\py\DRL2_v3e\docs\TERMINAL_GATE_DEFECT.md:196 | D:\py\DRL2_v3e\docs\TERMINAL_GATE_DEFECT.md:221 | D:\py\DRL2_v3e\docs\handoffs\archive_202609\WINDOW_HANDOFF_20260913.md:145 | D:\py\legacy\DRL2_v3e_验证快照_20260930\docs\INDEX.md:100 | D:\py\legacy\DRL2_v3e_验证快照_20260930\docs\INDEX.md:101 | D:\py\legacy\DRL2_v3e_验证快照_20260930\docs\T10_EXECUTION_ORDER.md:202 | D:\py\legacy\DRL2_v3e_验证快照_20260930\docs\T10_EXECUTION_ORDER.md:209 | D:\py\legacy\DRL2_v3e_验证快照_20260930\docs\T11_EXECUTION_ORDER.md:145 | D:\py\legacy\DRL2_v3e_验证快照_20260930\docs\T11_EXECUTION_ORDER.md:165 | D:\py\legacy\DRL2_v3e_验证快照_20260930\docs\T12_EXECUTION_ORDER.md:154 | D:\py\legacy\DRL2_v3e_验证快照_20260930\docs\T12_EXECUTION_ORDER.md:177 | D:\py\legacy\DRL2_v3e_验证快照_20260930\docs\T12_S10_EVAL_EXECUTION_ORDER.md:66 | D:\py\legacy\DRL2_v3e_验证快照_20260930\docs\T12_S10_REVIEW_DOSSIER_20260915.md:20 | D:\py\legacy\DRL2_v3e_验证快照_20260930\docs\T7_T9_REVIEW_20260912.md:17 | D:\py\legacy\DRL2_v3e_验证快照_20260930\docs\T7_T9_REVIEW_20260912.md:57 | D:\py\legacy\DRL2_v3e_验证快照_20260930\docs\T7_T9_REVIEW_20260912.md:187 | D:\py\legacy\DRL2_v3e_验证快照_20260930\docs\T7_T9_REVIEW_20260912.md:212 | D:\py\legacy\DRL2_v3e_验证快照_20260930\docs\T7_T9_REVIEW_20260912.md:220 | D:\py\legacy\DRL2_v3e_验证快照_20260930\docs\T7_T9_REVIEW_20260912.md:261 | D:\py\legacy\DRL2_v3e_验证快照_20260930\docs\T7_T9_REVIEW_20260912.md:262 | D:\py\legacy\DRL2_v3e_验证快照_20260930\docs\T8_EXECUTION_ORDER.md:1 | D:\py\legacy\DRL2_v3e_验证快照_20260930\docs\T8_GATE1_REPORT_20260912.md:1 | D:\py\legacy\DRL2_v3e_验证快照_20260930\docs\TERMINAL_GATE_DEFECT.md:196,see literal evidence; no root cause inferred,historical statement; proposed/tested ambiguity retained for upper review
HISTORICAL_EVIDENCE_FAMILY: T10,see source document,UNRESOLVED,E01_V3e_60k_valueR2,UNRESOLVED: see evidence references; no authority inferred,"report family index, not a single verified trial",,| `T10_EXECUTION_ORDER.md` | T10 执行单。 |,D:\py\DRL2_v3e\docs\INDEX.md:102 | D:\py\DRL2_v3e\docs\INDEX.md:103 | D:\py\DRL2_v3e\docs\INDEX.md:104 | D:\py\DRL2_v3e\docs\INDEX.md:105 | D:\py\DRL2_v3e\docs\T10_EXECUTION_ORDER.md:1 | D:\py\DRL2_v3e\docs\T10_EXECUTION_ORDER.md:73 | D:\py\DRL2_v3e\docs\T10_EXECUTION_ORDER.md:115 | D:\py\DRL2_v3e\docs\T10_EXECUTION_ORDER.md:138 | D:\py\DRL2_v3e\docs\T10_EXECUTION_ORDER.md:224 | D:\py\DRL2_v3e\docs\T10_GATE_A_REPORT_20260913.md:1 | D:\py\DRL2_v3e\docs\T11_EXECUTION_ORDER.md:63 | D:\py\DRL2_v3e\docs\T11_EXECUTION_ORDER.md:64 | D:\py\DRL2_v3e\docs\T12_EXECUTION_ORDER.md:35 | D:\py\DRL2_v3e\docs\T12_EXECUTION_ORDER.md:44 | D:\py\DRL2_v3e\docs\T12_S10_FORMAL_EVALUATION_REPORT_20260915.md:53 | D:\py\DRL2_v3e\docs\T12_S10_REVIEW_DOSSIER_20260915.md:148 | D:\py\legacy\DRL2_v3e_验证快照_20260930\docs\INDEX.md:102 | D:\py\legacy\DRL2_v3e_验证快照_20260930\docs\INDEX.md:103 | D:\py\legacy\DRL2_v3e_验证快照_20260930\docs\INDEX.md:104 | D:\py\legacy\DRL2_v3e_验证快照_20260930\docs\INDEX.md:105 | D:\py\legacy\DRL2_v3e_验证快照_20260930\docs\T10_EXECUTION_ORDER.md:1 | D:\py\legacy\DRL2_v3e_验证快照_20260930\docs\T10_EXECUTION_ORDER.md:73 | D:\py\legacy\DRL2_v3e_验证快照_20260930\docs\T10_EXECUTION_ORDER.md:115 | D:\py\legacy\DRL2_v3e_验证快照_20260930\docs\T10_EXECUTION_ORDER.md:138 | D:\py\legacy\DRL2_v3e_验证快照_20260930\docs\T10_EXECUTION_ORDER.md:224 | D:\py\legacy\DRL2_v3e_验证快照_20260930\docs\T10_GATE_A_REPORT_20260913.md:1 | D:\py\legacy\DRL2_v3e_验证快照_20260930\docs\T11_EXECUTION_ORDER.md:63 | D:\py\legacy\DRL2_v3e_验证快照_20260930\docs\T11_EXECUTION_ORDER.md:64 | D:\py\legacy\DRL2_v3e_验证快照_20260930\docs\T12_EXECUTION_ORDER.md:35 | D:\py\legacy\DRL2_v3e_验证快照_20260930\docs\T12_EXECUTION_ORDER.md:44 | D:\py\legacy\DRL2_v3e_验证快照_20260930\docs\T12_S10_FORMAL_EVALUATION_REPORT_20260915.md:53 | D:\py\legacy\DRL2_v3e_验证快照_20260930\docs\T12_S10_REVIEW_DOSSIER_20260915.md:148,see literal evidence; no root cause inferred,historical statement; proposed/tested ambiguity retained for upper review
HISTORICAL_EVIDENCE_FAMILY: T11,see source document,UNRESOLVED,E01_V3e_60k_valueR2,UNRESOLVED: see evidence references; no authority inferred,"report family index, not a single verified trial",,| `T11_EXECUTION_ORDER.md` | T11 执行单。 |,D:\py\DRL2_v3e\docs\INDEX.md:106 | D:\py\DRL2_v3e\docs\INDEX.md:107 | D:\py\DRL2_v3e\docs\INDEX.md:108 | D:\py\DRL2_v3e\docs\INDEX.md:109 | D:\py\DRL2_v3e\docs\T11_EXECUTION_ORDER.md:1 | D:\py\DRL2_v3e\docs\T11_EXECUTION_ORDER.md:50 | D:\py\DRL2_v3e\docs\T11_EXECUTION_ORDER.md:64 | D:\py\DRL2_v3e\docs\T11_EXECUTION_ORDER.md:65 | D:\py\DRL2_v3e\docs\T11_GATE_B_REPORT_20260913.md:1 | D:\py\DRL2_v3e\docs\T11_GATE_B_RULING.md:23 | D:\py\DRL2_v3e\docs\T12_EXECUTION_ORDER.md:35 | D:\py\DRL2_v3e\docs\T12_EXECUTION_ORDER.md:44 | D:\py\DRL2_v3e\docs\T12_EXECUTION_ORDER.md:91 | D:\py\legacy\DRL2_v3e_验证快照_20260930\docs\INDEX.md:106 | D:\py\legacy\DRL2_v3e_验证快照_20260930\docs\INDEX.md:107 | D:\py\legacy\DRL2_v3e_验证快照_20260930\docs\INDEX.md:108 | D:\py\legacy\DRL2_v3e_验证快照_20260930\docs\INDEX.md:109 | D:\py\legacy\DRL2_v3e_验证快照_20260930\docs\T11_EXECUTION_ORDER.md:1 | D:\py\legacy\DRL2_v3e_验证快照_20260930\docs\T11_EXECUTION_ORDER.md:50 | D:\py\legacy\DRL2_v3e_验证快照_20260930\docs\T11_EXECUTION_ORDER.md:64 | D:\py\legacy\DRL2_v3e_验证快照_20260930\docs\T11_EXECUTION_ORDER.md:65 | D:\py\legacy\DRL2_v3e_验证快照_20260930\docs\T11_GATE_B_REPORT_20260913.md:1 | D:\py\legacy\DRL2_v3e_验证快照_20260930\docs\T11_GATE_B_RULING.md:23 | D:\py\legacy\DRL2_v3e_验证快照_20260930\docs\T12_EXECUTION_ORDER.md:35 | D:\py\legacy\DRL2_v3e_验证快照_20260930\docs\T12_EXECUTION_ORDER.md:44 | D:\py\legacy\DRL2_v3e_验证快照_20260930\docs\T12_EXECUTION_ORDER.md:91,see literal evidence; no root cause inferred,historical statement; proposed/tested ambiguity retained for upper review
HISTORICAL_EVIDENCE_FAMILY: T5,see source document,UNRESOLVED,E01_V3e_60k_valueR2,UNRESOLVED: see evidence references; no authority inferred,"report family index, not a single verified trial",,> **当前授权范围：T0 → T5。T6、T7 未授权，必须等用户单独拍板。**,D:\py\DRL2_v3e\docs\LOWER_EXECUTION_PLAN_20260910.md:4 | D:\py\DRL2_v3e\docs\LOWER_EXECUTION_PLAN_20260910.md:337 | D:\py\DRL2_v3e\docs\PREFLIGHT_DELIVERY_20260911.md:34 | D:\py\DRL2_v3e\docs\T0_AMENDMENT_20260910.md:146 | D:\py\legacy\DRL2_v3e_验证快照_20260930\docs\LOWER_EXECUTION_PLAN_20260910.md:4 | D:\py\legacy\DRL2_v3e_验证快照_20260930\docs\LOWER_EXECUTION_PLAN_20260910.md:337 | D:\py\legacy\DRL2_v3e_验证快照_20260930\docs\PREFLIGHT_DELIVERY_20260911.md:34 | D:\py\legacy\DRL2_v3e_验证快照_20260930\docs\T0_AMENDMENT_20260910.md:146,see literal evidence; no root cause inferred,historical statement; proposed/tested ambiguity retained for upper review
HISTORICAL_EVIDENCE_FAMILY: P1,see source document,UNRESOLVED,E01_V3e_60k_valueR2,UNRESOLVED: see evidence references; no authority inferred,"report family index, not a single verified trial",,"Only the seed(s) not rescued by P1-A are evaluated. The fixed grid is radial steps {0.1,0.2,0.4,0.8,1.6} m per 2 s decision × starts {0,60,120} s × horizons {20,35}. Full-state, no training, no MPC/task/reward changes.",D:\py\DRL2_v3e\docs\P1_B_APPROACH_RATE_SCAN.md:3 | D:\py\DRL2_v3e\docs\P1_B_APPROACH_RATE_SCAN.md:7 | D:\py\DRL2_v3e\docs\PERCEPTION_PRECAPTURE_INTEGRATION.md:96 | D:\py\legacy\DRL2_v3e_验证快照_20260930\docs\P1_B_APPROACH_RATE_SCAN.md:3 | D:\py\legacy\DRL2_v3e_验证快照_20260930\docs\P1_B_APPROACH_RATE_SCAN.md:7 | D:\py\legacy\DRL2_v3e_验证快照_20260930\docs\PERCEPTION_PRECAPTURE_INTEGRATION.md:96,see literal evidence; no root cause inferred,historical statement; proposed/tested ambiguity retained for upper review
HISTORICAL_EVIDENCE_FAMILY: P3,see source document,UNRESOLVED,E01_V3e_60k_valueR2,UNRESOLVED: see evidence references; no authority inferred,"report family index, not a single verified trial",,"层有稳定正贡献,则一路做到 P3;若 T12 未显出稳定正贡献,则**先不做 P3**,只补 P1/P2",D:\py\DRL2_v3e\docs\PERCEPTION_PRECAPTURE_INTEGRATION.md:96 | D:\py\legacy\DRL2_v3e_验证快照_20260930\docs\PERCEPTION_PRECAPTURE_INTEGRATION.md:96,see literal evidence; no root cause inferred,historical statement; proposed/tested ambiguity retained for upper review
HISTORICAL_EVIDENCE_FAMILY: P2,see source document,UNRESOLVED,E01_V3e_60k_valueR2,UNRESOLVED: see evidence references; no authority inferred,"report family index, not a single verified trial",,"层有稳定正贡献,则一路做到 P3;若 T12 未显出稳定正贡献,则**先不做 P3**,只补 P1/P2",D:\py\DRL2_v3e\docs\PERCEPTION_PRECAPTURE_INTEGRATION.md:96 | D:\py\DRL2_v3e\docs\V3_METHOD_EXECUTION_ORDER_20260924.md:67 | D:\py\DRL2_v3e\docs\V3_T0_INTERFACE_FIX_ORDER_20260924.md:110 | D:\py\legacy\DRL2_v3e_验证快照_20260930\docs\PERCEPTION_PRECAPTURE_INTEGRATION.md:96 | D:\py\legacy\DRL2_v3e_验证快照_20260930\docs\V3_METHOD_EXECUTION_ORDER_20260924.md:67 | D:\py\legacy\DRL2_v3e_验证快照_20260930\docs\V3_T0_INTERFACE_FIX_ORDER_20260924.md:110,see literal evidence; no root cause inferred,historical statement; proposed/tested ambiguity retained for upper review
HISTORICAL_EVIDENCE_FAMILY: T2,see source document,UNRESOLVED,E01_V3e_60k_valueR2,UNRESOLVED: see evidence references; no authority inferred,"report family index, not a single verified trial",,所有阶段都有独立提交及 manifest。T2 中途进程不再存在时，保留了 98 个已完成产物；剩余 6 格根据更早切入前已终止的同一保持轨迹做精确复用，来源逐格记录。T3/T4/T5 使用已经过等价验证的事后诊断关闭与目标按需传播开关加速；这不改变 RK45 参数或任务。,D:\py\DRL2_v3e\docs\PREFLIGHT_DELIVERY_20260911.md:34 | D:\py\legacy\DRL2_v3e_验证快照_20260930\docs\PREFLIGHT_DELIVERY_20260911.md:34,see literal evidence; no root cause inferred,historical statement; proposed/tested ambiguity retained for upper review
HISTORICAL_EVIDENCE_FAMILY: T3,see source document,UNRESOLVED,E01_V3e_60k_valueR2,UNRESOLVED: see evidence references; no authority inferred,"report family index, not a single verified trial",,所有阶段都有独立提交及 manifest。T2 中途进程不再存在时，保留了 98 个已完成产物；剩余 6 格根据更早切入前已终止的同一保持轨迹做精确复用，来源逐格记录。T3/T4/T5 使用已经过等价验证的事后诊断关闭与目标按需传播开关加速；这不改变 RK45 参数或任务。,D:\py\DRL2_v3e\docs\PREFLIGHT_DELIVERY_20260911.md:34 | D:\py\legacy\DRL2_v3e_验证快照_20260930\docs\PREFLIGHT_DELIVERY_20260911.md:34,see literal evidence; no root cause inferred,historical statement; proposed/tested ambiguity retained for upper review
HISTORICAL_EVIDENCE_FAMILY: T4,see source document,UNRESOLVED,E01_V3e_60k_valueR2,UNRESOLVED: see evidence references; no authority inferred,"report family index, not a single verified trial",,所有阶段都有独立提交及 manifest。T2 中途进程不再存在时，保留了 98 个已完成产物；剩余 6 格根据更早切入前已终止的同一保持轨迹做精确复用，来源逐格记录。T3/T4/T5 使用已经过等价验证的事后诊断关闭与目标按需传播开关加速；这不改变 RK45 参数或任务。,D:\py\DRL2_v3e\docs\PREFLIGHT_DELIVERY_20260911.md:34 | D:\py\legacy\DRL2_v3e_验证快照_20260930\docs\PREFLIGHT_DELIVERY_20260911.md:34,see literal evidence; no root cause inferred,historical statement; proposed/tested ambiguity retained for upper review
HISTORICAL_EVIDENCE_FAMILY: T60,see source document,UNRESOLVED,E01_V3e_60k_valueR2,UNRESOLVED: see evidence references; no authority inferred,"report family index, not a single verified trial",,新增残留：262028 / T60，在122.7秒出现1个QP不可行步，最长连续零推力1步，最终300秒超时。新增192局仅此1局有不可行；保留事实，不自行诊断或修改下层。,D:\py\DRL2_v3e\docs\T11_GATE_B_REPORT_20260913.md:24 | D:\py\legacy\DRL2_v3e_验证快照_20260930\docs\T11_GATE_B_REPORT_20260913.md:24,see literal evidence; no root cause inferred,historical statement; proposed/tested ambiguity retained for upper review
HISTORICAL_EVIDENCE_FAMILY: D5,see source document,UNRESOLVED,E01_V3e_60k_valueR2,UNRESOLVED: see evidence references; no authority inferred,"report family index, not a single verified trial",,"| `docs/DECK_CLEARING_ORDER_20260922.md` 里的收尾段 | **仍未做**：要在 `docs/COUPLING_DEFECT_DIAGNOSIS_LOG_20260921.md` 追加一段，写明 D2 是**取消**（不是待办）、D5 是用户叫停、诊断以 R5 单一根因关闭，且其中""预注册率未成立""是**上层预注册不精确**，不是下层判断错；并报一次它自己机器上的全套结果 |",D:\py\DRL2_v3e\docs\handoffs\archive_202609\WINDOW_HANDOFF_20260924.md:380 | D:\py\legacy\DRL2_v3e_验证快照_20260930\docs\handoffs\WINDOW_HANDOFF_20260924.md:380,see literal evidence; no root cause inferred,historical statement; proposed/tested ambiguity retained for upper review
HISTORICAL_EVIDENCE_FAMILY: gamma,see source document,UNRESOLVED,E06_stopping_formal,docs/STOPPING_RUN_ORDER_LOWER_20261002.md (historical),"report family index, not a single verified trial",,"方法冻结为原V3e二维任务策略加伯努利停止头；Q_H是Pure MPC后段真实回报，gamma=0.999，训练期交接概率[0.002,0.01]，部署第一次beta>=0.5单向交接。预算是外层决策点，MPC后段仅供标签并单列算量。",C:\Users\35884\Documents\Spacecraft\过程文件\停止头\交付展开\STOPPING_FORMAL_20261006\REPORT.md:5 | C:\Users\35884\Documents\Spacecraft\过程文件\停止头\审查材料_20261006\当前情况整理_20261006.md:7 | C:\Users\35884\Documents\Spacecraft\过程文件\停止头\接续\开发训练启动与冻结边界_20261002.md:15,see literal evidence; no root cause inferred,historical statement; proposed/tested ambiguity retained for upper review
HISTORICAL_EVIDENCE_FAMILY: D1,see source document,UNRESOLVED,E06_stopping_formal,docs/STOPPING_RUN_ORDER_LOWER_20261002.md (historical),"report family index, not a single verified trial",,开发结构检查：`all_pass=True`；D1=True，D2=True，D3=True。,C:\Users\35884\Documents\Spacecraft\过程文件\停止头\交付展开\STOPPING_FORMAL_20261006\REPORT.md:7 | C:\Users\35884\Documents\Spacecraft\过程文件\停止头\交付展开\STOPPING_FORMAL_20261006\frozen\STOPPING_METHOD_PREREGISTRATION_20261002.md:70 | C:\Users\35884\Documents\Spacecraft\过程文件\停止头\交付展开\STOPPING_FORMAL_20261006\frozen\STOPPING_METHOD_PREREGISTRATION_20261002.md:78 | C:\Users\35884\Documents\Spacecraft\过程文件\停止头\交付展开\STOPPING_FORMAL_20261006\frozen\STOPPING_RUN_ORDER_LOWER_20261002.md:71 | C:\Users\35884\Documents\Spacecraft\过程文件\停止头\审查材料_20261006\当前情况整理_20261006.md:9 | C:\Users\35884\Documents\Spacecraft\过程文件\停止头\接续\开发训练启动与冻结边界_20261002.md:27 | C:\Users\35884\Documents\Spacecraft\过程文件\停止头\接续\开发训练启动与冻结边界_20261002.md:31,see literal evidence; no root cause inferred,historical statement; proposed/tested ambiguity retained for upper review
HISTORICAL_EVIDENCE_FAMILY: D2,see source document,UNRESOLVED,E06_stopping_formal,docs/STOPPING_RUN_ORDER_LOWER_20261002.md (historical),"report family index, not a single verified trial",,开发结构检查：`all_pass=True`；D1=True，D2=True，D3=True。,C:\Users\35884\Documents\Spacecraft\过程文件\停止头\交付展开\STOPPING_FORMAL_20261006\REPORT.md:7 | C:\Users\35884\Documents\Spacecraft\过程文件\停止头\交付展开\STOPPING_FORMAL_20261006\frozen\STOPPING_RUN_ORDER_LOWER_20261002.md:71 | C:\Users\35884\Documents\Spacecraft\过程文件\停止头\审查材料_20261006\README.md:3 | C:\Users\35884\Documents\Spacecraft\过程文件\停止头\审查材料_20261006\当前情况整理_20261006.md:9 | C:\Users\35884\Documents\Spacecraft\过程文件\停止头\接续\开发训练启动与冻结边界_20261002.md:27 | C:\Users\35884\Documents\Spacecraft\过程文件\停止头\接续\开发训练启动与冻结边界_20261002.md:31,see literal evidence; no root cause inferred,historical statement; proposed/tested ambiguity retained for upper review
HISTORICAL_EVIDENCE_FAMILY: D3,see source document,UNRESOLVED,E06_stopping_formal,docs/STOPPING_RUN_ORDER_LOWER_20261002.md (historical),"report family index, not a single verified trial",,开发结构检查：`all_pass=True`；D1=True，D2=True，D3=True。,C:\Users\35884\Documents\Spacecraft\过程文件\停止头\交付展开\STOPPING_FORMAL_20261006\REPORT.md:7 | C:\Users\35884\Documents\Spacecraft\过程文件\停止头\交付展开\STOPPING_FORMAL_20261006\frozen\STOPPING_RUN_ORDER_LOWER_20261002.md:71 | C:\Users\35884\Documents\Spacecraft\过程文件\停止头\接续\开发训练启动与冻结边界_20261002.md:31,see literal evidence; no root cause inferred,historical statement; proposed/tested ambiguity retained for upper review
HISTORICAL_EVIDENCE_FAMILY: V3e,see source document,UNRESOLVED,E06_stopping_formal,docs/STOPPING_RUN_ORDER_LOWER_20261002.md (historical),"report family index, not a single verified trial",,**不变**：任务、约束、时间上限、奖励各项（时间 0.01/s、完成 +20、失败 −20、势函数权重 0.05）、V3e 接口（`task_state_v3`、0.40 m 参考步长上限、近场下限）、Pure MPC、观测（42 维）、SAC 的网络和其余超参数。,C:\Users\35884\Documents\Spacecraft\过程文件\停止头\交付展开\STOPPING_FORMAL_20261006\frozen\STOPPING_METHOD_PREREGISTRATION_20261002.md:13,see literal evidence; no root cause inferred,historical statement; proposed/tested ambiguity retained for upper review
